non_true_tail_warrant_mass,rank_after_tail_bias,rank_before_tail_bias,rank_gain_from_tail_path,sample_id,true_tail_attention_mass,true_tail_bias,true_tail_copy_mass,true_tail_in_history,true_tail_warrant_mass
1.0,7138.0,7138.0,0.0,6553,0.0,0.0,0.0,False,0.0
0.9647188782691956,1.0,1.0,0.0,6554,0.035281140357255936,0.0,0.0,True,0.035281140357255936
1.0,3616.0,3616.0,0.0,6555,0.0,0.0,0.0,False,0.0
0.9999999403953552,3032.0,3032.0,0.0,6556,0.0,0.0,0.0,False,0.0
1.0,1834.0,1834.0,0.0,6557,0.0,0.0,0.0,False,0.0
1.0,3068.0,3068.0,0.0,6558,0.0,0.0,0.0,False,0.0
0.9801402688026428,2.0,2.0,0.0,6559,0.019859706982970238,0.0,0.0,True,0.019859706982970238
0.9999998807907104,427.0,427.0,0.0,6560,0.0,0.0,0.0,False,0.0
1.0,1472.0,1472.0,0.0,6561,0.0,0.0,0.0,False,0.0
0.9750670194625854,6.0,6.0,0.0,6562,0.02493296191096306,0.0,0.0,True,0.02493296191096306
1.0,5969.0,5969.0,0.0,6563,0.0,0.0,0.0,False,0.0
0.9838540554046631,4155.0,4155.0,0.0,6564,0.01614588126540184,0.0,0.0,True,0.01614588126540184
1.0,194.0,194.0,0.0,6565,0.0,0.0,0.0,False,0.0
1.0000001192092896,2850.0,2850.0,0.0,6566,0.0,0.0,0.0,False,0.0
1.0,3140.0,3140.0,0.0,6567,0.0,0.0,0.0,False,0.0
0.9837453365325928,3.0,3.0,0.0,6568,0.016254600137472153,0.0,0.0,True,0.016254600137472153
1.0,281.0,281.0,0.0,6569,0.0,0.0,0.0,False,0.0
1.0,1928.0,1928.0,0.0,6570,0.0,0.0,0.0,False,0.0
0.9656772613525391,1082.0,1082.0,0.0,6571,0.03432273864746094,0.0,0.0,True,0.03432273864746094
0.9773781895637512,1.0,1.0,0.0,6572,0.022621814161539078,0.0,0.0,True,0.022621814161539078
1.0,1708.0,1708.0,0.0,6573,0.0,0.0,0.0,False,0.0
0.9999998807907104,2174.0,2174.0,0.0,6574,0.0,0.0,0.0,False,0.0
1.0,1693.0,1693.0,0.0,6575,0.0,0.0,0.0,False,0.0
0.9576750993728638,5945.0,5945.0,0.0,6576,0.04232495650649071,0.0,0.0,True,0.04232495650649071
1.0,2391.0,2391.0,0.0,6577,0.0,0.0,0.0,False,0.0
1.0,2424.0,2424.0,0.0,6578,0.0,0.0,0.0,False,0.0
0.9682406783103943,1.0,1.0,0.0,6579,0.0317593477666378,0.0,0.0,True,0.0317593477666378
0.9601702690124512,1.0,1.0,0.0,6580,0.03982973471283913,0.0,0.0,True,0.03982973471283913
1.0,4964.0,4964.0,0.0,6581,0.0,0.0,0.0,False,0.0
1.0000001192092896,2853.0,2853.0,0.0,6582,0.0,0.0,0.0,False,0.0
1.0,3221.0,3221.0,0.0,6583,0.0,0.0,0.0,False,0.0
1.0,4049.0,4049.0,0.0,6584,0.0,0.0,0.0,False,0.0
1.0,1028.0,1028.0,0.0,6585,0.0,0.0,0.0,False,0.0
0.9999998807907104,5736.0,5736.0,0.0,6586,0.0,0.0,0.0,False,0.0
0.9586856365203857,1575.0,1575.0,0.0,6587,0.04131432622671127,0.0,0.0,True,0.04131432622671127
1.0,629.0,629.0,0.0,6588,0.0,0.0,0.0,False,0.0
0.9806807041168213,1735.0,1735.0,0.0,6589,0.019319280982017517,0.0,0.0,True,0.019319280982017517
0.9226385354995728,589.0,589.0,0.0,6590,0.07736150920391083,0.0,0.0,True,0.07736150920391083
1.0,5389.0,5389.0,0.0,6591,0.0,0.0,0.0,False,0.0
1.0,5635.0,5635.0,0.0,6592,0.0,0.0,0.0,False,0.0
1.0,6385.0,6385.0,0.0,6593,0.0,0.0,0.0,False,0.0
1.0,317.0,317.0,0.0,6594,0.0,0.0,0.0,False,0.0
0.9441593885421753,1.0,1.0,0.0,6595,0.05584070831537247,0.0,0.0,True,0.05584070831537247
1.0,4644.0,4644.0,0.0,6596,0.0,0.0,0.0,False,0.0
0.9264238476753235,2318.0,2318.0,0.0,6597,0.07357610762119293,0.0,0.0,True,0.07357610762119293
0.9296621084213257,1.0,1.0,0.0,6598,0.07033786177635193,0.0,0.0,True,0.07033786177635193
1.0,1463.0,1463.0,0.0,6599,0.0,0.0,0.0,False,0.0
1.0,5774.0,5774.0,0.0,6600,0.0,0.0,0.0,False,0.0
0.911392867565155,12.0,12.0,0.0,6601,0.08860720694065094,0.0,0.0,True,0.08860720694065094
1.0,4123.0,4123.0,0.0,6602,0.0,0.0,0.0,False,0.0
0.9822428226470947,49.0,49.0,0.0,6603,0.01775718480348587,0.0,0.0,True,0.01775718480348587
1.0,370.0,370.0,0.0,6604,0.0,0.0,0.0,False,0.0
1.0,3364.0,3364.0,0.0,6605,0.0,0.0,0.0,False,0.0
1.0,375.0,375.0,0.0,6606,0.0,0.0,0.0,False,0.0
1.0000001192092896,2097.0,2097.0,0.0,6607,0.0,0.0,0.0,False,0.0
0.9878592491149902,6490.0,6490.0,0.0,6608,0.012140695936977863,0.0,0.0,True,0.012140695936977863
0.9999999403953552,50.0,50.0,0.0,6609,0.0,0.0,0.0,False,0.0
0.9837218523025513,436.0,436.0,0.0,6610,0.016278114169836044,0.0,0.0,True,0.016278114169836044
0.9745404720306396,1825.0,1825.0,0.0,6611,0.025459561496973038,0.0,0.0,True,0.025459561496973038
1.0,1817.0,1817.0,0.0,6612,0.0,0.0,0.0,False,0.0
0.9836960434913635,2305.0,2305.0,0.0,6613,0.016303960233926773,0.0,0.0,True,0.016303960233926773
0.9596360921859741,291.0,291.0,0.0,6614,0.04036384075880051,0.0,0.0,True,0.04036384075880051
0.9921284914016724,177.0,177.0,0.0,6615,0.007871534675359726,0.0,0.0,True,0.007871534675359726
1.0,4960.0,4960.0,0.0,6616,0.0,0.0,0.0,False,0.0
1.0,4051.0,4051.0,0.0,6617,0.0,0.0,0.0,False,0.0
1.0,1413.0,1413.0,0.0,6618,0.0,0.0,0.0,False,0.0
1.0,5078.0,5078.0,0.0,6619,0.0,0.0,0.0,False,0.0
0.9753805994987488,7435.0,7435.0,0.0,6620,0.02461945079267025,0.0,0.0,True,0.02461945079267025
0.9999999403953552,3783.0,3783.0,0.0,6621,0.0,0.0,0.0,False,0.0
1.0,6570.0,6570.0,0.0,6622,0.0,0.0,0.0,False,0.0
1.0,3141.0,3141.0,0.0,6623,0.0,0.0,0.0,False,0.0
0.9691370129585266,5537.0,5537.0,0.0,6624,0.03086293302476406,0.0,0.0,True,0.03086293302476406
1.0,5573.0,5573.0,0.0,6625,0.0,0.0,0.0,False,0.0
0.939281702041626,246.0,246.0,0.0,6626,0.06071822717785835,0.0,0.0,True,0.06071822717785835
1.0,2279.0,2279.0,0.0,6627,0.0,0.0,0.0,False,0.0
0.9835617542266846,349.0,349.0,0.0,6628,0.016438191756606102,0.0,0.0,True,0.016438191756606102
1.0,50.0,50.0,0.0,6629,0.0,0.0,0.0,False,0.0
1.0,4616.0,4616.0,0.0,6630,0.0,0.0,0.0,False,0.0
1.0,176.0,176.0,0.0,6631,0.0,0.0,0.0,False,0.0
1.0,2470.0,2470.0,0.0,6632,0.0,0.0,0.0,False,0.0
1.0000001192092896,4456.0,4456.0,0.0,6633,0.0,0.0,0.0,False,0.0
1.0000001192092896,833.0,833.0,0.0,6634,0.0,0.0,0.0,False,0.0
0.9921058416366577,309.0,309.0,0.0,6635,0.007894141599535942,0.0,0.0,True,0.007894141599535942
0.9999998807907104,1079.0,1079.0,0.0,6636,0.0,0.0,0.0,False,0.0
0.9999999403953552,4262.0,4262.0,0.0,6637,0.0,0.0,0.0,False,0.0
0.9617021083831787,1.0,1.0,0.0,6638,0.038297995924949646,0.0,0.0,True,0.038297995924949646
1.0000001192092896,6145.0,6145.0,0.0,6639,0.0,0.0,0.0,False,0.0
1.0,1227.0,1227.0,0.0,6640,0.0,0.0,0.0,False,0.0
0.9522393941879272,1.0,1.0,0.0,6641,0.047760654240846634,0.0,0.0,True,0.047760654240846634
0.9999999403953552,749.0,749.0,0.0,6642,0.0,0.0,0.0,False,0.0
1.0000001192092896,5642.0,5642.0,0.0,6643,0.0,0.0,0.0,False,0.0
1.0,5305.0,5305.0,0.0,6644,0.0,0.0,0.0,False,0.0
0.9686389565467834,584.0,584.0,0.0,6645,0.031360968947410583,0.0,0.0,True,0.031360968947410583
1.0000001192092896,184.0,184.0,0.0,6646,0.0,0.0,0.0,False,0.0
1.0,2314.0,2314.0,0.0,6647,0.0,0.0,0.0,False,0.0
1.0,1654.0,1654.0,0.0,6648,0.0,0.0,0.0,False,0.0
1.0,2187.0,2187.0,0.0,6649,0.0,0.0,0.0,False,0.0
1.0,799.0,799.0,0.0,6650,0.0,0.0,0.0,False,0.0
1.0,2135.0,2135.0,0.0,6651,0.0,0.0,0.0,False,0.0
0.9935535192489624,7072.0,7072.0,0.0,6652,0.0064464835450053215,0.0,0.0,True,0.0064464835450053215
1.0,519.0,519.0,0.0,6653,0.0,0.0,0.0,False,0.0
1.0,5628.0,5628.0,0.0,6654,0.0,0.0,0.0,False,0.0
1.0,1296.0,1296.0,0.0,6655,0.0,0.0,0.0,False,0.0
1.0,1322.0,1322.0,0.0,6656,0.0,0.0,0.0,False,0.0
1.0,1127.0,1127.0,0.0,6657,0.0,0.0,0.0,False,0.0
0.9871178865432739,3257.0,3257.0,0.0,6658,0.012882128357887268,0.0,0.0,True,0.012882128357887268
0.9907643795013428,4090.0,4090.0,0.0,6659,0.009235655888915062,0.0,0.0,True,0.009235655888915062
1.0,5583.0,5583.0,0.0,6660,0.0,0.0,0.0,False,0.0
0.9853360652923584,7069.0,7069.0,0.0,6661,0.014663955196738243,0.0,0.0,True,0.014663955196738243
0.9961870908737183,5141.0,5141.0,0.0,6662,0.0038129317108541727,0.0,0.0,True,0.0038129317108541727
1.0,6810.0,6810.0,0.0,6663,0.0,0.0,0.0,False,0.0
0.9920795559883118,2752.0,2752.0,0.0,6664,0.007920381613075733,0.0,0.0,True,0.007920381613075733
0.9592320322990417,624.0,624.0,0.0,6665,0.04076794162392616,0.0,0.0,True,0.04076794162392616
1.0,7386.0,7386.0,0.0,6666,0.0,0.0,0.0,False,0.0
0.9999998807907104,6719.0,6719.0,0.0,6667,0.0,0.0,0.0,False,0.0
0.9678343534469604,5107.0,5107.0,0.0,6668,0.03216562047600746,0.0,0.0,True,0.03216562047600746
0.9999999403953552,4612.0,4612.0,0.0,6669,0.0,0.0,0.0,False,0.0
1.0,1735.0,1735.0,0.0,6670,0.0,0.0,0.0,False,0.0
0.987649142742157,1.0,1.0,0.0,6671,0.012350853532552719,0.0,0.0,True,0.012350853532552719
0.9999999403953552,3499.0,3499.0,0.0,6672,0.0,0.0,0.0,False,0.0
0.9617945551872253,1.0,1.0,0.0,6673,0.03820538520812988,0.0,0.0,True,0.03820538520812988
1.0,4530.0,4530.0,0.0,6674,0.0,0.0,0.0,False,0.0
1.0,1295.0,1295.0,0.0,6675,0.0,0.0,0.0,False,0.0
1.0,4204.0,4204.0,0.0,6676,0.0,0.0,0.0,False,0.0
0.9812034368515015,7460.0,7460.0,0.0,6677,0.018796579912304878,0.0,0.0,True,0.018796579912304878
0.9672889709472656,3049.0,3049.0,0.0,6678,0.03271105885505676,0.0,0.0,True,0.03271105885505676
0.9518774151802063,60.0,60.0,0.0,6679,0.048122622072696686,0.0,0.0,True,0.048122622072696686
1.0,1556.0,1556.0,0.0,6680,0.0,0.0,0.0,False,0.0
0.9541173577308655,1.0,1.0,0.0,6681,0.045882727950811386,0.0,0.0,True,0.045882727950811386
1.0,1805.0,1805.0,0.0,6682,0.0,0.0,0.0,False,0.0
0.9769799709320068,970.0,970.0,0.0,6683,0.02302016317844391,0.0,0.0,True,0.02302016317844391
0.9327907562255859,716.0,716.0,0.0,6684,0.06720922887325287,0.0,0.0,True,0.06720922887325287
1.0,6795.0,6795.0,0.0,6685,0.0,0.0,0.0,False,0.0
1.0,174.0,174.0,0.0,6686,0.0,0.0,0.0,False,0.0
1.0,3472.0,3472.0,0.0,6687,0.0,0.0,0.0,False,0.0
1.0,44.0,44.0,0.0,6688,0.0,0.0,0.0,False,0.0
1.0,3069.0,3069.0,0.0,6689,0.0,0.0,0.0,False,0.0
1.0,6686.0,6686.0,0.0,6690,0.0,0.0,0.0,False,0.0
1.0,4229.0,4229.0,0.0,6691,0.0,0.0,0.0,False,0.0
0.9999998807907104,5912.0,5912.0,0.0,6692,0.0,0.0,0.0,False,0.0
0.9999999403953552,1124.0,1124.0,0.0,6693,0.0,0.0,0.0,False,0.0
1.0,787.0,787.0,0.0,6694,0.0,0.0,0.0,False,0.0
1.0,4327.0,4327.0,0.0,6695,0.0,0.0,0.0,False,0.0
0.9999999403953552,1830.0,1830.0,0.0,6696,0.0,0.0,0.0,False,0.0
0.9999999403953552,679.0,679.0,0.0,6697,0.0,0.0,0.0,False,0.0
0.9468762874603271,4203.0,4203.0,0.0,6698,0.05312373489141464,0.0,0.0,True,0.05312373489141464
1.0,3758.0,3758.0,0.0,6699,0.0,0.0,0.0,False,0.0
0.9885718822479248,155.0,155.0,0.0,6700,0.011428182944655418,0.0,0.0,True,0.011428182944655418
1.0,5688.0,5688.0,0.0,6701,0.0,0.0,0.0,False,0.0
0.9511260986328125,7375.0,7375.0,0.0,6702,0.048873916268348694,0.0,0.0,True,0.048873916268348694
1.0,2732.0,2732.0,0.0,6703,0.0,0.0,0.0,False,0.0
0.9999999403953552,3576.0,3576.0,0.0,6704,0.0,0.0,0.0,False,0.0
1.0,2859.0,2859.0,0.0,6705,0.0,0.0,0.0,False,0.0
1.0,3430.0,3430.0,0.0,6706,0.0,0.0,0.0,False,0.0
1.0,2318.0,2318.0,0.0,6707,0.0,0.0,0.0,False,0.0
0.9999999403953552,257.0,257.0,0.0,6708,0.0,0.0,0.0,False,0.0
1.0,6526.0,6526.0,0.0,6709,0.0,0.0,0.0,False,0.0
0.9792940020561218,795.0,795.0,0.0,6710,0.020706016570329666,0.0,0.0,True,0.020706016570329666
1.0,2737.0,2737.0,0.0,6711,0.0,0.0,0.0,False,0.0
0.9855873584747314,7642.0,7642.0,0.0,6712,0.014412665739655495,0.0,0.0,True,0.014412665739655495
0.9825307130813599,889.0,889.0,0.0,6713,0.017469342797994614,0.0,0.0,True,0.017469342797994614
0.9680250883102417,1.0,1.0,0.0,6714,0.031974852085113525,0.0,0.0,True,0.031974852085113525
1.0,3943.0,3943.0,0.0,6715,0.0,0.0,0.0,False,0.0
0.9665229320526123,3427.0,3427.0,0.0,6716,0.03347716107964516,0.0,0.0,True,0.03347716107964516
0.971219003200531,472.0,472.0,0.0,6717,0.028780920431017876,0.0,0.0,True,0.028780920431017876
0.9868853092193604,589.0,589.0,0.0,6718,0.013114765286445618,0.0,0.0,True,0.013114765286445618
0.9999998807907104,6938.0,6938.0,0.0,6719,0.0,0.0,0.0,False,0.0
1.0,182.0,182.0,0.0,6720,0.0,0.0,0.0,False,0.0
1.0,4796.0,4796.0,0.0,6721,0.0,0.0,0.0,False,0.0
0.9827451109886169,1.0,1.0,0.0,6722,0.017254937440156937,0.0,0.0,True,0.017254937440156937
1.0,32.0,32.0,0.0,6723,0.0,0.0,0.0,False,0.0
1.0000001192092896,5151.0,5151.0,0.0,6724,0.0,0.0,0.0,False,0.0
0.9914773106575012,778.0,778.0,0.0,6725,0.00852268747985363,0.0,0.0,True,0.00852268747985363
0.9556663036346436,35.0,35.0,0.0,6726,0.04433372616767883,0.0,0.0,True,0.04433372616767883
0.896059513092041,4255.0,4255.0,0.0,6727,0.103940449655056,0.0,0.0,True,0.103940449655056
0.9709064960479736,2492.0,2492.0,0.0,6728,0.029093515127897263,0.0,0.0,True,0.029093515127897263
1.0,1615.0,1615.0,0.0,6729,0.0,0.0,0.0,False,0.0
0.9783881902694702,4268.0,4268.0,0.0,6730,0.021611692383885384,0.0,0.0,True,0.021611692383885384
1.0,306.0,306.0,0.0,6731,0.0,0.0,0.0,False,0.0
1.0,9.0,9.0,0.0,6732,0.0,0.0,0.0,False,0.0
1.0,733.0,733.0,0.0,6733,0.0,0.0,0.0,False,0.0
1.0,220.0,220.0,0.0,6734,0.0,0.0,0.0,False,0.0
1.0,1153.0,1153.0,0.0,6735,0.0,0.0,0.0,False,0.0
1.0,5491.0,5491.0,0.0,6736,0.0,0.0,0.0,False,0.0
1.0,3697.0,3697.0,0.0,6737,0.0,0.0,0.0,False,0.0
1.0,3582.0,3582.0,0.0,6738,0.0,0.0,0.0,False,0.0
0.9999999403953552,1978.0,1978.0,0.0,6739,0.0,0.0,0.0,False,0.0
0.9881231188774109,95.0,95.0,0.0,6740,0.01187686063349247,0.0,0.0,True,0.01187686063349247
0.9744676351547241,1.0,1.0,0.0,6741,0.025532308965921402,0.0,0.0,True,0.025532308965921402
1.0,940.0,940.0,0.0,6742,0.0,0.0,0.0,False,0.0
0.9400091171264648,29.0,29.0,0.0,6743,0.05999084934592247,0.0,0.0,True,0.05999084934592247
0.9926992654800415,962.0,962.0,0.0,6744,0.007300670258700848,0.0,0.0,True,0.007300670258700848
0.9731473326683044,7213.0,7213.0,0.0,6745,0.02685265801846981,0.0,0.0,True,0.02685265801846981
0.9827713370323181,4614.0,4614.0,0.0,6746,0.017228614538908005,0.0,0.0,True,0.017228614538908005
0.9425540566444397,1154.0,1154.0,0.0,6747,0.057445961982011795,0.0,0.0,True,0.057445961982011795
1.0,7529.0,7529.0,0.0,6748,0.0,0.0,0.0,False,0.0
0.9361898899078369,1392.0,1392.0,0.0,6749,0.06381012499332428,0.0,0.0,True,0.06381012499332428
0.9999999403953552,1816.0,1816.0,0.0,6750,0.0,0.0,0.0,False,0.0
0.9855198860168457,366.0,366.0,0.0,6751,0.014480140060186386,0.0,0.0,True,0.014480140060186386
0.9812024831771851,2099.0,2099.0,0.0,6752,0.01879752054810524,0.0,0.0,True,0.01879752054810524
1.0,1882.0,1882.0,0.0,6753,0.0,0.0,0.0,False,0.0
0.9774250388145447,3496.0,3496.0,0.0,6754,0.02257504127919674,0.0,0.0,True,0.02257504127919674
0.9999999403953552,4785.0,4785.0,0.0,6755,0.0,0.0,0.0,False,0.0
1.0,2872.0,2872.0,0.0,6756,0.0,0.0,0.0,False,0.0
1.0,397.0,397.0,0.0,6757,0.0,0.0,0.0,False,0.0
1.0,5160.0,5160.0,0.0,6758,0.0,0.0,0.0,False,0.0
0.9634146690368652,1.0,1.0,0.0,6759,0.03658534213900566,0.0,0.0,True,0.03658534213900566
0.9535702466964722,423.0,423.0,0.0,6760,0.0464298240840435,0.0,0.0,True,0.0464298240840435
0.9999999403953552,219.0,219.0,0.0,6761,0.0,0.0,0.0,False,0.0
1.0,6967.0,6967.0,0.0,6762,0.0,0.0,0.0,False,0.0
1.0,3996.0,3996.0,0.0,6763,0.0,0.0,0.0,False,0.0
0.9807544946670532,6089.0,6089.0,0.0,6764,0.01924538053572178,0.0,0.0,True,0.01924538053572178
1.0,2043.0,2043.0,0.0,6765,0.0,0.0,0.0,False,0.0
1.0,282.0,282.0,0.0,6766,0.0,0.0,0.0,False,0.0
0.9480300545692444,2067.0,2067.0,0.0,6767,0.05196993052959442,0.0,0.0,True,0.05196993052959442
1.0,5539.0,5539.0,0.0,6768,0.0,0.0,0.0,False,0.0
1.0,109.0,109.0,0.0,6769,0.0,0.0,0.0,False,0.0
0.9825200438499451,141.0,141.0,0.0,6770,0.017479900270700455,0.0,0.0,True,0.017479900270700455
1.0,64.0,64.0,0.0,6771,0.0,0.0,0.0,False,0.0
1.0,6981.0,6981.0,0.0,6772,0.0,0.0,0.0,False,0.0
1.0,1003.0,1003.0,0.0,6773,0.0,0.0,0.0,False,0.0
0.9753806591033936,949.0,949.0,0.0,6774,0.02461939863860607,0.0,0.0,True,0.02461939863860607
1.0,1392.0,1392.0,0.0,6775,0.0,0.0,0.0,False,0.0
0.9615039229393005,1.0,1.0,0.0,6776,0.03849603235721588,0.0,0.0,True,0.03849603235721588
0.9999999403953552,4368.0,4368.0,0.0,6777,0.0,0.0,0.0,False,0.0
0.9501254558563232,1.0,1.0,0.0,6778,0.049874577671289444,0.0,0.0,True,0.049874577671289444
0.9999998807907104,1217.0,1217.0,0.0,6779,0.0,0.0,0.0,False,0.0
1.0,3024.0,3024.0,0.0,6780,0.0,0.0,0.0,False,0.0
0.9886783361434937,5376.0,5376.0,0.0,6781,0.011321690864861012,0.0,0.0,True,0.011321690864861012
1.0,5155.0,5155.0,0.0,6782,0.0,0.0,0.0,False,0.0
1.0,26.0,26.0,0.0,6783,0.0,0.0,0.0,False,0.0
1.0,7486.0,7486.0,0.0,6784,0.0,0.0,0.0,False,0.0
1.0,6270.0,6270.0,0.0,6785,0.0,0.0,0.0,False,0.0
1.0,6853.0,6853.0,0.0,6786,0.0,0.0,0.0,False,0.0
0.9817495346069336,1964.0,1964.0,0.0,6787,0.0182504802942276,0.0,0.0,True,0.0182504802942276
1.0,370.0,370.0,0.0,6788,0.0,0.0,0.0,False,0.0
1.0,216.0,216.0,0.0,6789,0.0,0.0,0.0,False,0.0
1.0,5016.0,5016.0,0.0,6790,0.0,0.0,0.0,False,0.0
1.0,756.0,756.0,0.0,6791,0.0,0.0,0.0,False,0.0
1.0,2886.0,2886.0,0.0,6792,0.0,0.0,0.0,False,0.0
0.9893190264701843,3158.0,3158.0,0.0,6793,0.010681046172976494,0.0,0.0,True,0.010681046172976494
1.0,7073.0,7073.0,0.0,6794,0.0,0.0,0.0,False,0.0
0.9194561243057251,2894.0,2894.0,0.0,6795,0.08054393529891968,0.0,0.0,True,0.08054393529891968
0.9740462303161621,6775.0,6775.0,0.0,6796,0.025953734293580055,0.0,0.0,True,0.025953734293580055
1.0,6942.0,6942.0,0.0,6797,0.0,0.0,0.0,False,0.0
0.9594780802726746,815.0,815.0,0.0,6798,0.04052191600203514,0.0,0.0,True,0.04052191600203514
0.9858208894729614,4353.0,4353.0,0.0,6799,0.014179122634232044,0.0,0.0,True,0.014179122634232044
1.0,4915.0,4915.0,0.0,6800,0.0,0.0,0.0,False,0.0
0.9297181367874146,2609.0,2609.0,0.0,6801,0.07028190791606903,0.0,0.0,True,0.07028190791606903
0.9576998949050903,1.0,1.0,0.0,6802,0.04230012372136116,0.0,0.0,True,0.04230012372136116
1.0,4895.0,4895.0,0.0,6803,0.0,0.0,0.0,False,0.0
0.9043551087379456,505.0,505.0,0.0,6804,0.09564489871263504,0.0,0.0,True,0.09564489871263504
0.9999998807907104,3122.0,3122.0,0.0,6805,0.0,0.0,0.0,False,0.0
1.0,206.0,206.0,0.0,6806,0.0,0.0,0.0,False,0.0
1.0,2640.0,2640.0,0.0,6807,0.0,0.0,0.0,False,0.0
1.0,4685.0,4685.0,0.0,6808,0.0,0.0,0.0,False,0.0
0.9875922799110413,943.0,943.0,0.0,6809,0.012407716363668442,0.0,0.0,True,0.012407716363668442
0.9564929008483887,1387.0,1387.0,0.0,6810,0.043507084250450134,0.0,0.0,True,0.043507084250450134
1.0,117.0,117.0,0.0,6811,0.0,0.0,0.0,False,0.0
0.9686497449874878,1.0,1.0,0.0,6812,0.03135020285844803,0.0,0.0,True,0.03135020285844803
1.0,2856.0,2856.0,0.0,6813,0.0,0.0,0.0,False,0.0
1.0,1573.0,1573.0,0.0,6814,0.0,0.0,0.0,False,0.0
0.9807762503623962,1318.0,1318.0,0.0,6815,0.0192237738519907,0.0,0.0,True,0.0192237738519907
1.0,2279.0,2279.0,0.0,6816,0.0,0.0,0.0,False,0.0
0.9486857652664185,2554.0,2554.0,0.0,6817,0.05131428316235542,0.0,0.0,True,0.05131428316235542
0.9672738313674927,1.0,1.0,0.0,6818,0.03272610902786255,0.0,0.0,True,0.03272610902786255
1.0000001192092896,2810.0,2810.0,0.0,6819,0.0,0.0,0.0,False,0.0
0.9726177453994751,29.0,29.0,0.0,6820,0.027382295578718185,0.0,0.0,True,0.027382295578718185
1.0,5860.0,5860.0,0.0,6821,0.0,0.0,0.0,False,0.0
1.0,3036.0,3036.0,0.0,6822,0.0,0.0,0.0,False,0.0
1.0000001192092896,887.0,887.0,0.0,6823,0.0,0.0,0.0,False,0.0
1.0,1814.0,1814.0,0.0,6824,0.0,0.0,0.0,False,0.0
1.0,7143.0,7143.0,0.0,6825,0.0,0.0,0.0,False,0.0
1.0,6169.0,6169.0,0.0,6826,0.0,0.0,0.0,False,0.0
1.0,6050.0,6050.0,0.0,6827,0.0,0.0,0.0,False,0.0
0.969916045665741,2100.0,2100.0,0.0,6828,0.030083874240517616,0.0,0.0,True,0.030083874240517616
0.9308267831802368,2240.0,2240.0,0.0,6829,0.06917323172092438,0.0,0.0,True,0.06917323172092438
0.9999998807907104,722.0,722.0,0.0,6830,0.0,0.0,0.0,False,0.0
1.0,241.0,241.0,0.0,6831,0.0,0.0,0.0,False,0.0
1.0,296.0,296.0,0.0,6832,0.0,0.0,0.0,False,0.0
0.886676549911499,2670.0,2670.0,0.0,6833,0.11332352459430695,0.0,0.0,True,0.11332352459430695
0.8306998014450073,1203.0,1203.0,0.0,6834,0.16930025815963745,0.0,0.0,True,0.16930025815963745
1.0,306.0,306.0,0.0,6835,0.0,0.0,0.0,False,0.0
1.0,5375.0,5375.0,0.0,6836,0.0,0.0,0.0,False,0.0
0.9696254134178162,2533.0,2533.0,0.0,6837,0.03037453256547451,0.0,0.0,True,0.03037453256547451
0.9999999403953552,3523.0,3523.0,0.0,6838,0.0,0.0,0.0,False,0.0
1.0,43.0,43.0,0.0,6839,0.0,0.0,0.0,False,0.0
0.9999999403953552,89.0,89.0,0.0,6840,0.0,0.0,0.0,False,0.0
1.0000001192092896,3061.0,3061.0,0.0,6841,0.0,0.0,0.0,False,0.0
1.0,195.0,195.0,0.0,6842,0.0,0.0,0.0,False,0.0
0.9887338280677795,2541.0,2541.0,0.0,6843,0.011266212910413742,0.0,0.0,True,0.011266212910413742
1.0,2174.0,2174.0,0.0,6844,0.0,0.0,0.0,False,0.0
1.0,293.0,293.0,0.0,6845,0.0,0.0,0.0,False,0.0
0.9174507856369019,1563.0,1563.0,0.0,6846,0.08254923671483994,0.0,0.0,True,0.08254923671483994
0.9015994071960449,1308.0,1308.0,0.0,6847,0.09840059280395508,0.0,0.0,True,0.09840059280395508
1.0,120.0,120.0,0.0,6848,0.0,0.0,0.0,False,0.0
1.0,5913.0,5913.0,0.0,6849,0.0,0.0,0.0,False,0.0
1.0000001192092896,4129.0,4129.0,0.0,6850,0.0,0.0,0.0,False,0.0
0.9999999403953552,1492.0,1492.0,0.0,6851,0.0,0.0,0.0,False,0.0
1.0,3921.0,3921.0,0.0,6852,0.0,0.0,0.0,False,0.0
0.9999999403953552,2337.0,2337.0,0.0,6853,0.0,0.0,0.0,False,0.0
1.0,2650.0,2650.0,0.0,6854,0.0,0.0,0.0,False,0.0
1.0,3870.0,3870.0,0.0,6855,0.0,0.0,0.0,False,0.0
1.0,4569.0,4569.0,0.0,6856,0.0,0.0,0.0,False,0.0
1.0,4447.0,4447.0,0.0,6857,0.0,0.0,0.0,False,0.0
1.0,1867.0,1867.0,0.0,6858,0.0,0.0,0.0,False,0.0
0.9813973903656006,2.0,2.0,0.0,6859,0.01860259659588337,0.0,0.0,True,0.01860259659588337
1.0,2086.0,2086.0,0.0,6860,0.0,0.0,0.0,False,0.0
1.0,5005.0,5005.0,0.0,6861,0.0,0.0,0.0,False,0.0
1.0,1030.0,1030.0,0.0,6862,0.0,0.0,0.0,False,0.0
0.9846413731575012,1.0,1.0,0.0,6863,0.015358522534370422,0.0,0.0,True,0.015358522534370422
0.9766911268234253,1.0,1.0,0.0,6864,0.02330879122018814,0.0,0.0,True,0.02330879122018814
1.0,6408.0,6408.0,0.0,6865,0.0,0.0,0.0,False,0.0
1.0,1151.0,1151.0,0.0,6866,0.0,0.0,0.0,False,0.0
1.0,6489.0,6489.0,0.0,6867,0.0,0.0,0.0,False,0.0
1.0,5273.0,5273.0,0.0,6868,0.0,0.0,0.0,False,0.0
0.9823696613311768,1.0,1.0,0.0,6869,0.017630329355597496,0.0,0.0,True,0.017630329355597496
0.9733735918998718,1843.0,1843.0,0.0,6870,0.026626478880643845,0.0,0.0,True,0.026626478880643845
0.9999999403953552,725.0,725.0,0.0,6871,0.0,0.0,0.0,False,0.0
0.9730404615402222,2692.0,2692.0,0.0,6872,0.02695954404771328,0.0,0.0,True,0.02695954404771328
0.8823527693748474,2978.0,2978.0,0.0,6873,0.1176472157239914,0.0,0.0,True,0.1176472157239914
0.956749439239502,1.0,1.0,0.0,6874,0.04325058311223984,0.0,0.0,True,0.04325058311223984
1.0000001192092896,5053.0,5053.0,0.0,6875,0.0,0.0,0.0,False,0.0
1.0,5953.0,5953.0,0.0,6876,0.0,0.0,0.0,False,0.0
1.0,3520.0,3520.0,0.0,6877,0.0,0.0,0.0,False,0.0
0.9482933282852173,54.0,54.0,0.0,6878,0.05170665681362152,0.0,0.0,True,0.05170665681362152
0.9761795997619629,5649.0,5649.0,0.0,6879,0.023820335045456886,0.0,0.0,True,0.023820335045456886
1.0000001192092896,871.0,871.0,0.0,6880,0.0,0.0,0.0,False,0.0
0.9422738552093506,1.0,1.0,0.0,6881,0.05772612243890762,0.0,0.0,True,0.05772612243890762
0.9999999403953552,1710.0,1710.0,0.0,6882,0.0,0.0,0.0,False,0.0
0.8333487510681152,5291.0,5291.0,0.0,6883,0.16665127873420715,0.0,0.0,True,0.16665127873420715
0.848622739315033,597.0,597.0,0.0,6884,0.15137729048728943,0.0,0.0,True,0.15137729048728943
0.7774760723114014,6234.0,6234.0,0.0,6885,0.22252383828163147,0.0,0.0,True,0.22252383828163147
0.9999999403953552,193.0,193.0,0.0,6886,0.0,0.0,0.0,False,0.0
1.0,3855.0,3855.0,0.0,6887,0.0,0.0,0.0,False,0.0
0.9999999403953552,5361.0,5361.0,0.0,6888,0.0,0.0,0.0,False,0.0
1.0,3406.0,3406.0,0.0,6889,0.0,0.0,0.0,False,0.0
0.9696496725082397,5215.0,5215.0,0.0,6890,0.030350390821695328,0.0,0.0,True,0.030350390821695328
0.9954702854156494,4157.0,4157.0,0.0,6891,0.004529723431915045,0.0,0.0,True,0.004529723431915045
1.0,3923.0,3923.0,0.0,6892,0.0,0.0,0.0,False,0.0
0.9807784557342529,4646.0,4646.0,0.0,6893,0.019221611320972443,0.0,0.0,True,0.019221611320972443
0.9355176687240601,1.0,1.0,0.0,6894,0.06448230147361755,0.0,0.0,True,0.06448230147361755
1.0,4613.0,4613.0,0.0,6895,0.0,0.0,0.0,False,0.0
1.0,3684.0,3684.0,0.0,6896,0.0,0.0,0.0,False,0.0
1.0,1784.0,1784.0,0.0,6897,0.0,0.0,0.0,False,0.0
1.0,672.0,672.0,0.0,6898,0.0,0.0,0.0,False,0.0
1.0,207.0,207.0,0.0,6899,0.0,0.0,0.0,False,0.0
1.0,2844.0,2844.0,0.0,6900,0.0,0.0,0.0,False,0.0
1.0,3102.0,3102.0,0.0,6901,0.0,0.0,0.0,False,0.0
1.0,1125.0,1125.0,0.0,6902,0.0,0.0,0.0,False,0.0
0.9297757744789124,1.0,1.0,0.0,6903,0.07022419571876526,0.0,0.0,True,0.07022419571876526
1.0,4504.0,4504.0,0.0,6904,0.0,0.0,0.0,False,0.0
0.9896378517150879,5688.0,5688.0,0.0,6905,0.010362212546169758,0.0,0.0,True,0.010362212546169758
1.0000001192092896,5834.0,5834.0,0.0,6906,0.0,0.0,0.0,False,0.0
0.9788631796836853,4539.0,4539.0,0.0,6907,0.021136773750185966,0.0,0.0,True,0.021136773750185966
1.0,7262.0,7262.0,0.0,6908,0.0,0.0,0.0,False,0.0
0.9999999403953552,7060.0,7060.0,0.0,6909,0.0,0.0,0.0,False,0.0
1.0,4892.0,4892.0,0.0,6910,0.0,0.0,0.0,False,0.0
1.0,493.0,493.0,0.0,6911,0.0,0.0,0.0,False,0.0
0.7742360234260559,1105.0,1105.0,0.0,6912,0.22576400637626648,0.0,0.0,True,0.22576400637626648
1.0,2833.0,2833.0,0.0,6913,0.0,0.0,0.0,False,0.0
1.0000001192092896,319.0,319.0,0.0,6914,0.0,0.0,0.0,False,0.0
0.9754303097724915,3965.0,3965.0,0.0,6915,0.024569664150476456,0.0,0.0,True,0.024569664150476456
1.0,3988.0,3988.0,0.0,6916,0.0,0.0,0.0,False,0.0
1.0000001192092896,5253.0,5253.0,0.0,6917,0.0,0.0,0.0,False,0.0
0.9999999403953552,2937.0,2937.0,0.0,6918,0.0,0.0,0.0,False,0.0
1.0,7542.0,7542.0,0.0,6919,0.0,0.0,0.0,False,0.0
0.9999998807907104,18.0,18.0,0.0,6920,0.0,0.0,0.0,False,0.0
0.9483262896537781,2126.0,2126.0,0.0,6921,0.051673773676157,0.0,0.0,True,0.051673773676157
0.9286851286888123,1219.0,1219.0,0.0,6922,0.07131487876176834,0.0,0.0,True,0.07131487876176834
0.9609557390213013,6340.0,6340.0,0.0,6923,0.03904425725340843,0.0,0.0,True,0.03904425725340843
0.9999999403953552,848.0,848.0,0.0,6924,0.0,0.0,0.0,False,0.0
0.9999998807907104,2967.0,2967.0,0.0,6925,0.0,0.0,0.0,False,0.0
1.0,6387.0,6387.0,0.0,6926,0.0,0.0,0.0,False,0.0
0.8456518054008484,1612.0,1612.0,0.0,6927,0.154348224401474,0.0,0.0,True,0.154348224401474
1.0,6894.0,6894.0,0.0,6928,0.0,0.0,0.0,False,0.0
0.979449987411499,6476.0,6476.0,0.0,6929,0.020549917593598366,0.0,0.0,True,0.020549917593598366
0.9712164402008057,1344.0,1344.0,0.0,6930,0.028783578425645828,0.0,0.0,True,0.028783578425645828
1.0,2232.0,2232.0,0.0,6931,0.0,0.0,0.0,False,0.0
1.0,138.0,138.0,0.0,6932,0.0,0.0,0.0,False,0.0
0.8158097863197327,1084.0,1084.0,0.0,6933,0.18419021368026733,0.0,0.0,True,0.18419021368026733
0.986240029335022,3281.0,3281.0,0.0,6934,0.013760071247816086,0.0,0.0,True,0.013760071247816086
1.0,22.0,22.0,0.0,6935,0.0,0.0,0.0,False,0.0
0.9345899820327759,1754.0,1754.0,0.0,6936,0.06541004031896591,0.0,0.0,True,0.06541004031896591
1.0,2669.0,2669.0,0.0,6937,0.0,0.0,0.0,False,0.0
0.9871044158935547,303.0,303.0,0.0,6938,0.01289569865912199,0.0,0.0,True,0.01289569865912199
0.9667506217956543,5530.0,5530.0,0.0,6939,0.03324943780899048,0.0,0.0,True,0.03324943780899048
1.0000001192092896,5270.0,5270.0,0.0,6940,0.0,0.0,0.0,False,0.0
0.9999999403953552,2077.0,2077.0,0.0,6941,0.0,0.0,0.0,False,0.0
1.0,868.0,868.0,0.0,6942,0.0,0.0,0.0,False,0.0
0.9999999403953552,5390.0,5390.0,0.0,6943,0.0,0.0,0.0,False,0.0
1.0,931.0,931.0,0.0,6944,0.0,0.0,0.0,False,0.0
0.9183932542800903,3155.0,3155.0,0.0,6945,0.08160677552223206,0.0,0.0,True,0.08160677552223206
0.9522620439529419,3299.0,3299.0,0.0,6946,0.04773794114589691,0.0,0.0,True,0.04773794114589691
0.9576998949050903,1053.0,1053.0,0.0,6947,0.04230007529258728,0.0,0.0,True,0.04230007529258728
1.0,1773.0,1773.0,0.0,6948,0.0,0.0,0.0,False,0.0
1.0,2858.0,2858.0,0.0,6949,0.0,0.0,0.0,False,0.0
1.0,47.0,47.0,0.0,6950,0.0,0.0,0.0,False,0.0
0.9877545833587646,5332.0,5332.0,0.0,6951,0.012245328165590763,0.0,0.0,True,0.012245328165590763
1.0,6143.0,6143.0,0.0,6952,0.0,0.0,0.0,False,0.0
1.0,1468.0,1468.0,0.0,6953,0.0,0.0,0.0,False,0.0
1.0,6133.0,6133.0,0.0,6954,0.0,0.0,0.0,False,0.0
1.0000001192092896,2742.0,2742.0,0.0,6955,0.0,0.0,0.0,False,0.0
1.0000001192092896,1640.0,1640.0,0.0,6956,0.0,0.0,0.0,False,0.0
0.9873575568199158,1682.0,1682.0,0.0,6957,0.012642495334148407,0.0,0.0,True,0.012642495334148407
0.9684425592422485,3332.0,3332.0,0.0,6958,0.031557388603687286,0.0,0.0,True,0.031557388603687286
1.0,6930.0,6930.0,0.0,6959,0.0,0.0,0.0,False,0.0
0.9999999403953552,3078.0,3078.0,0.0,6960,0.0,0.0,0.0,False,0.0
0.9776885509490967,3766.0,3766.0,0.0,6961,0.022311491891741753,0.0,0.0,True,0.022311491891741753
0.9738622307777405,7597.0,7597.0,0.0,6962,0.02613786607980728,0.0,0.0,True,0.02613786607980728
0.9819698333740234,1.0,1.0,0.0,6963,0.01803012378513813,0.0,0.0,True,0.01803012378513813
0.9070580005645752,959.0,959.0,0.0,6964,0.09294190257787704,0.0,0.0,True,0.09294190257787704
0.9936674237251282,216.0,216.0,0.0,6965,0.00633252551779151,0.0,0.0,True,0.00633252551779151
0.9999999403953552,5306.0,5306.0,0.0,6966,0.0,0.0,0.0,False,0.0
1.000000238418579,6800.0,6800.0,0.0,6967,0.0,0.0,0.0,False,0.0
0.9999999403953552,5121.0,5121.0,0.0,6968,0.0,0.0,0.0,False,0.0
0.9707859754562378,1.0,1.0,0.0,6969,0.02921406924724579,0.0,0.0,True,0.02921406924724579
0.9999998807907104,785.0,785.0,0.0,6970,0.0,0.0,0.0,False,0.0
0.9721503257751465,532.0,532.0,0.0,6971,0.02784961834549904,0.0,0.0,True,0.02784961834549904
1.0,1328.0,1328.0,0.0,6972,0.0,0.0,0.0,False,0.0
0.9791350364685059,1688.0,1688.0,0.0,6973,0.020864950492978096,0.0,0.0,True,0.020864950492978096
1.0,5006.0,5006.0,0.0,6974,0.0,0.0,0.0,False,0.0
1.0,4046.0,4046.0,0.0,6975,0.0,0.0,0.0,False,0.0
0.9999999403953552,210.0,210.0,0.0,6976,0.0,0.0,0.0,False,0.0
1.0,6526.0,6526.0,0.0,6977,0.0,0.0,0.0,False,0.0
1.0,892.0,892.0,0.0,6978,0.0,0.0,0.0,False,0.0
0.9781999588012695,1577.0,1577.0,0.0,6979,0.021800115704536438,0.0,0.0,True,0.021800115704536438
0.977893054485321,1044.0,1044.0,0.0,6980,0.02210698090493679,0.0,0.0,True,0.02210698090493679
1.0,5067.0,5067.0,0.0,6981,0.0,0.0,0.0,False,0.0
1.0,3799.0,3799.0,0.0,6982,0.0,0.0,0.0,False,0.0
1.0,6540.0,6540.0,0.0,6983,0.0,0.0,0.0,False,0.0
0.9999999403953552,6464.0,6464.0,0.0,6984,0.0,0.0,0.0,False,0.0
0.9999998807907104,684.0,684.0,0.0,6985,0.0,0.0,0.0,False,0.0
1.0,6597.0,6597.0,0.0,6986,0.0,0.0,0.0,False,0.0
1.0,2431.0,2431.0,0.0,6987,0.0,0.0,0.0,False,0.0
0.9999998807907104,1289.0,1289.0,0.0,6988,0.0,0.0,0.0,False,0.0
1.0,5744.0,5744.0,0.0,6989,0.0,0.0,0.0,False,0.0
0.9619125723838806,2146.0,2146.0,0.0,6990,0.03808743506669998,0.0,0.0,True,0.03808743506669998
0.9999999403953552,2778.0,2778.0,0.0,6991,0.0,0.0,0.0,False,0.0
1.0000001192092896,4187.0,4187.0,0.0,6992,0.0,0.0,0.0,False,0.0
1.0,5530.0,5530.0,0.0,6993,0.0,0.0,0.0,False,0.0
0.9560461044311523,2421.0,2421.0,0.0,6994,0.04395393282175064,0.0,0.0,True,0.04395393282175064
1.0,4227.0,4227.0,0.0,6995,0.0,0.0,0.0,False,0.0
0.9839512705802917,5247.0,5247.0,0.0,6996,0.016048680990934372,0.0,0.0,True,0.016048680990934372
1.0,2782.0,2782.0,0.0,6997,0.0,0.0,0.0,False,0.0
1.0,545.0,545.0,0.0,6998,0.0,0.0,0.0,False,0.0
1.0,2415.0,2415.0,0.0,6999,0.0,0.0,0.0,False,0.0
0.9999998807907104,2.0,2.0,0.0,7000,0.0,0.0,0.0,False,0.0
1.0,2633.0,2633.0,0.0,7001,0.0,0.0,0.0,False,0.0
0.9835004806518555,1882.0,1882.0,0.0,7002,0.01649947464466095,0.0,0.0,True,0.01649947464466095
0.9910045266151428,1110.0,1110.0,0.0,7003,0.00899544544517994,0.0,0.0,True,0.00899544544517994
0.9796002507209778,1.0,1.0,0.0,7004,0.020399700850248337,0.0,0.0,True,0.020399700850248337
0.9195097088813782,1487.0,1487.0,0.0,7005,0.08049029111862183,0.0,0.0,True,0.08049029111862183
1.0,1453.0,1453.0,0.0,7006,0.0,0.0,0.0,False,0.0
1.0,760.0,760.0,0.0,7007,0.0,0.0,0.0,False,0.0
1.0,3748.0,3748.0,0.0,7008,0.0,0.0,0.0,False,0.0
0.9782765507698059,4851.0,4851.0,0.0,7009,0.021723458543419838,0.0,0.0,True,0.021723458543419838
0.9999999403953552,5883.0,5883.0,0.0,7010,0.0,0.0,0.0,False,0.0
1.0,7136.0,7136.0,0.0,7011,0.0,0.0,0.0,False,0.0
0.9669665098190308,1.0,1.0,0.0,7012,0.03303343057632446,0.0,0.0,True,0.03303343057632446
0.9855706691741943,6399.0,6399.0,0.0,7013,0.014429292641580105,0.0,0.0,True,0.014429292641580105
0.9999999403953552,1100.0,1100.0,0.0,7014,0.0,0.0,0.0,False,0.0
1.0000001192092896,1325.0,1325.0,0.0,7015,0.0,0.0,0.0,False,0.0
1.0,7015.0,7015.0,0.0,7016,0.0,0.0,0.0,False,0.0
1.0,3397.0,3397.0,0.0,7017,0.0,0.0,0.0,False,0.0
1.0,5871.0,5871.0,0.0,7018,0.0,0.0,0.0,False,0.0
1.0,3189.0,3189.0,0.0,7019,0.0,0.0,0.0,False,0.0
1.0,281.0,281.0,0.0,7020,0.0,0.0,0.0,False,0.0
1.0,1613.0,1613.0,0.0,7021,0.0,0.0,0.0,False,0.0
1.0,6714.0,6714.0,0.0,7022,0.0,0.0,0.0,False,0.0
1.0000001192092896,3023.0,3023.0,0.0,7023,0.0,0.0,0.0,False,0.0
1.0,4764.0,4764.0,0.0,7024,0.0,0.0,0.0,False,0.0
1.0,479.0,479.0,0.0,7025,0.0,0.0,0.0,False,0.0
1.0,202.0,202.0,0.0,7026,0.0,0.0,0.0,False,0.0
1.0,695.0,695.0,0.0,7027,0.0,0.0,0.0,False,0.0
1.0,7108.0,7108.0,0.0,7028,0.0,0.0,0.0,False,0.0
0.9816044569015503,7253.0,7253.0,0.0,7029,0.01839550770819187,0.0,0.0,True,0.01839550770819187
1.0,5206.0,5206.0,0.0,7030,0.0,0.0,0.0,False,0.0
0.979823887348175,784.0,784.0,0.0,7031,0.02017597295343876,0.0,0.0,True,0.02017597295343876
1.0,2237.0,2237.0,0.0,7032,0.0,0.0,0.0,False,0.0
0.9999999403953552,5315.0,5315.0,0.0,7033,0.0,0.0,0.0,False,0.0
1.0,1461.0,1461.0,0.0,7034,0.0,0.0,0.0,False,0.0
1.0,234.0,234.0,0.0,7035,0.0,0.0,0.0,False,0.0
0.9797786474227905,1.0,1.0,0.0,7036,0.020221341401338577,0.0,0.0,True,0.020221341401338577
1.0,7423.0,7423.0,0.0,7037,0.0,0.0,0.0,False,0.0
1.0,4273.0,4273.0,0.0,7038,0.0,0.0,0.0,False,0.0
1.0,1341.0,1341.0,0.0,7039,0.0,0.0,0.0,False,0.0
1.0,3713.0,3713.0,0.0,7040,0.0,0.0,0.0,False,0.0
0.9630798101425171,24.0,24.0,0.0,7041,0.03692024201154709,0.0,0.0,True,0.03692024201154709
1.0,5853.0,5853.0,0.0,7042,0.0,0.0,0.0,False,0.0
0.9661442041397095,53.0,53.0,0.0,7043,0.03385573998093605,0.0,0.0,True,0.03385573998093605
0.9564672708511353,1.0,1.0,0.0,7044,0.043532662093639374,0.0,0.0,True,0.043532662093639374
0.9827941060066223,1665.0,1665.0,0.0,7045,0.017205825075507164,0.0,0.0,True,0.017205825075507164
0.9413471817970276,1.0,1.0,0.0,7046,0.0586528480052948,0.0,0.0,True,0.0586528480052948
0.9421610832214355,1877.0,1877.0,0.0,7047,0.05783893167972565,0.0,0.0,True,0.05783893167972565
1.0,355.0,355.0,0.0,7048,0.0,0.0,0.0,False,0.0
0.9379851818084717,1.0,1.0,0.0,7049,0.06201477348804474,0.0,0.0,True,0.06201477348804474
1.0,1995.0,1995.0,0.0,7050,0.0,0.0,0.0,False,0.0
1.0,870.0,870.0,0.0,7051,0.0,0.0,0.0,False,0.0
1.0,1316.0,1316.0,0.0,7052,0.0,0.0,0.0,False,0.0
1.0,5955.0,5955.0,0.0,7053,0.0,0.0,0.0,False,0.0
0.9791255593299866,631.0,631.0,0.0,7054,0.02087440714240074,0.0,0.0,True,0.02087440714240074
1.0,4330.0,4330.0,0.0,7055,0.0,0.0,0.0,False,0.0
1.0,2754.0,2754.0,0.0,7056,0.0,0.0,0.0,False,0.0
1.0,5891.0,5891.0,0.0,7057,0.0,0.0,0.0,False,0.0
1.0,1253.0,1253.0,0.0,7058,0.0,0.0,0.0,False,0.0
1.0,828.0,828.0,0.0,7059,0.0,0.0,0.0,False,0.0
1.0,612.0,612.0,0.0,7060,0.0,0.0,0.0,False,0.0
0.9433531761169434,24.0,24.0,0.0,7061,0.05664684623479843,0.0,0.0,True,0.05664684623479843
1.0,3083.0,3083.0,0.0,7062,0.0,0.0,0.0,False,0.0
0.9851644039154053,2391.0,2391.0,0.0,7063,0.014835584908723831,0.0,0.0,True,0.014835584908723831
0.9456994533538818,1.0,1.0,0.0,7064,0.054300617426633835,0.0,0.0,True,0.054300617426633835
0.9999999403953552,2566.0,2566.0,0.0,7065,0.0,0.0,0.0,False,0.0
0.9999999403953552,2321.0,2321.0,0.0,7066,0.0,0.0,0.0,False,0.0
0.9999999403953552,4628.0,4628.0,0.0,7067,0.0,0.0,0.0,False,0.0
0.9840928316116333,5290.0,5290.0,0.0,7068,0.015907159075140953,0.0,0.0,True,0.015907159075140953
1.0,3412.0,3412.0,0.0,7069,0.0,0.0,0.0,False,0.0
1.0,3454.0,3454.0,0.0,7070,0.0,0.0,0.0,False,0.0
1.0,1099.0,1099.0,0.0,7071,0.0,0.0,0.0,False,0.0
0.9181456565856934,1.0,1.0,0.0,7072,0.08185434341430664,0.0,0.0,True,0.08185434341430664
1.0,1789.0,1789.0,0.0,7073,0.0,0.0,0.0,False,0.0
1.0,7026.0,7026.0,0.0,7074,0.0,0.0,0.0,False,0.0
0.9236352443695068,1.0,1.0,0.0,7075,0.07636477053165436,0.0,0.0,True,0.07636477053165436
0.9909562468528748,949.0,949.0,0.0,7076,0.009043775498867035,0.0,0.0,True,0.009043775498867035
1.0,5029.0,5029.0,0.0,7077,0.0,0.0,0.0,False,0.0
1.0,5117.0,5117.0,0.0,7078,0.0,0.0,0.0,False,0.0
1.0,1.0,1.0,0.0,7079,0.0,0.0,0.0,False,0.0
0.9701170921325684,123.0,123.0,0.0,7080,0.029882926493883133,0.0,0.0,True,0.029882926493883133
1.0,3376.0,3376.0,0.0,7081,0.0,0.0,0.0,False,0.0
1.0,3247.0,3247.0,0.0,7082,0.0,0.0,0.0,False,0.0
0.9143456220626831,2156.0,2156.0,0.0,7083,0.08565440773963928,0.0,0.0,True,0.08565440773963928
0.9729523658752441,7166.0,7166.0,0.0,7084,0.027047613635659218,0.0,0.0,True,0.027047613635659218
0.9999999403953552,2237.0,2237.0,0.0,7085,0.0,0.0,0.0,False,0.0
0.9999999403953552,5069.0,5069.0,0.0,7086,0.0,0.0,0.0,False,0.0
0.9128119945526123,1.0,1.0,0.0,7087,0.08718794584274292,0.0,0.0,True,0.08718794584274292
1.0,1601.0,1601.0,0.0,7088,0.0,0.0,0.0,False,0.0
0.9716610908508301,2053.0,2053.0,0.0,7089,0.02833893522620201,0.0,0.0,True,0.02833893522620201
0.9999998807907104,3520.0,3520.0,0.0,7090,0.0,0.0,0.0,False,0.0
1.0,239.0,239.0,0.0,7091,0.0,0.0,0.0,False,0.0
1.0,6654.0,6654.0,0.0,7092,0.0,0.0,0.0,False,0.0
1.0,2970.0,2970.0,0.0,7093,0.0,0.0,0.0,False,0.0
0.9919815063476562,2338.0,2338.0,0.0,7094,0.008018538355827332,0.0,0.0,True,0.008018538355827332
0.9809477925300598,322.0,322.0,0.0,7095,0.019052235409617424,0.0,0.0,True,0.019052235409617424
0.9999998807907104,2516.0,2516.0,0.0,7096,0.0,0.0,0.0,False,0.0
1.0,1646.0,1646.0,0.0,7097,0.0,0.0,0.0,False,0.0
1.0,4587.0,4587.0,0.0,7098,0.0,0.0,0.0,False,0.0
0.9490992426872253,4.0,4.0,0.0,7099,0.05090061575174332,0.0,0.0,True,0.05090061575174332
1.0,2159.0,2159.0,0.0,7100,0.0,0.0,0.0,False,0.0
0.9592516422271729,489.0,489.0,0.0,7101,0.040748171508312225,0.0,0.0,True,0.040748171508312225
1.0000001192092896,98.0,98.0,0.0,7102,0.0,0.0,0.0,False,0.0
1.0,1714.0,1714.0,0.0,7103,0.0,0.0,0.0,False,0.0
0.9556436538696289,5654.0,5654.0,0.0,7104,0.04435626417398453,0.0,0.0,True,0.04435626417398453
1.0,7335.0,7335.0,0.0,7105,0.0,0.0,0.0,False,0.0
1.0,5934.0,5934.0,0.0,7106,0.0,0.0,0.0,False,0.0
1.0000001192092896,1160.0,1160.0,0.0,7107,0.0,0.0,0.0,False,0.0
0.9715836048126221,295.0,295.0,0.0,7108,0.028416413813829422,0.0,0.0,True,0.028416413813829422
1.0,6278.0,6278.0,0.0,7109,0.0,0.0,0.0,False,0.0
0.9999999403953552,4917.0,4917.0,0.0,7110,0.0,0.0,0.0,False,0.0
1.0000001192092896,6706.0,6706.0,0.0,7111,0.0,0.0,0.0,False,0.0
0.9418872594833374,1.0,1.0,0.0,7112,0.05811293423175812,0.0,0.0,True,0.05811293423175812
0.9505035877227783,155.0,155.0,0.0,7113,0.04949640482664108,0.0,0.0,True,0.04949640482664108
1.0,1342.0,1342.0,0.0,7114,0.0,0.0,0.0,False,0.0
1.0,702.0,702.0,0.0,7115,0.0,0.0,0.0,False,0.0
1.0,6593.0,6593.0,0.0,7116,0.0,0.0,0.0,False,0.0
0.9850645661354065,3601.0,3601.0,0.0,7117,0.014935481362044811,0.0,0.0,True,0.014935481362044811
1.0,5164.0,5164.0,0.0,7118,0.0,0.0,0.0,False,0.0
0.9921215772628784,3711.0,3711.0,0.0,7119,0.007878517732024193,0.0,0.0,True,0.007878517732024193
1.0,5097.0,5097.0,0.0,7120,0.0,0.0,0.0,False,0.0
0.9868951439857483,5090.0,5090.0,0.0,7121,0.013104867190122604,0.0,0.0,True,0.013104867190122604
1.0,5546.0,5546.0,0.0,7122,0.0,0.0,0.0,False,0.0
1.0,2304.0,2304.0,0.0,7123,0.0,0.0,0.0,False,0.0
0.9785263538360596,1702.0,1702.0,0.0,7124,0.021473614498972893,0.0,0.0,True,0.021473614498972893
1.0,1310.0,1310.0,0.0,7125,0.0,0.0,0.0,False,0.0
1.0,12.0,12.0,0.0,7126,0.0,0.0,0.0,False,0.0
1.0,665.0,665.0,0.0,7127,0.0,0.0,0.0,False,0.0
0.9719575643539429,3398.0,3398.0,0.0,7128,0.028042485937476158,0.0,0.0,True,0.028042485937476158
0.9536914825439453,4628.0,4628.0,0.0,7129,0.04630851000547409,0.0,0.0,True,0.04630851000547409
0.9340747594833374,2926.0,2926.0,0.0,7130,0.06592527031898499,0.0,0.0,True,0.06592527031898499
1.0,2920.0,2920.0,0.0,7131,0.0,0.0,0.0,False,0.0
1.0,1486.0,1486.0,0.0,7132,0.0,0.0,0.0,False,0.0
0.9688512682914734,3452.0,3452.0,0.0,7133,0.031148720532655716,0.0,0.0,True,0.031148720532655716
1.0,7521.0,7521.0,0.0,7134,0.0,0.0,0.0,False,0.0
1.0,6685.0,6685.0,0.0,7135,0.0,0.0,0.0,False,0.0
1.0,4649.0,4649.0,0.0,7136,0.0,0.0,0.0,False,0.0
0.9883678555488586,437.0,437.0,0.0,7137,0.011632115580141544,0.0,0.0,True,0.011632115580141544
0.9374198913574219,425.0,425.0,0.0,7138,0.06258007884025574,0.0,0.0,True,0.06258007884025574
1.0000001192092896,4657.0,4657.0,0.0,7139,0.0,0.0,0.0,False,0.0
0.9999999403953552,5686.0,5686.0,0.0,7140,0.0,0.0,0.0,False,0.0
0.9999999403953552,2663.0,2663.0,0.0,7141,0.0,0.0,0.0,False,0.0
0.9732590913772583,1.0,1.0,0.0,7142,0.026740986853837967,0.0,0.0,True,0.026740986853837967
1.0,459.0,459.0,0.0,7143,0.0,0.0,0.0,False,0.0
0.9873065948486328,6915.0,6915.0,0.0,7144,0.01269343588501215,0.0,0.0,True,0.01269343588501215
0.962142825126648,5068.0,5068.0,0.0,7145,0.03785718232393265,0.0,0.0,True,0.03785718232393265
1.0,1572.0,1572.0,0.0,7146,0.0,0.0,0.0,False,0.0
1.0,25.0,25.0,0.0,7147,0.0,0.0,0.0,False,0.0
0.9037431478500366,5583.0,5583.0,0.0,7148,0.09625691175460815,0.0,0.0,True,0.09625691175460815
1.0,4237.0,4237.0,0.0,7149,0.0,0.0,0.0,False,0.0
1.0,1339.0,1339.0,0.0,7150,0.0,0.0,0.0,False,0.0
1.0,4185.0,4185.0,0.0,7151,0.0,0.0,0.0,False,0.0
1.0,1417.0,1417.0,0.0,7152,0.0,0.0,0.0,False,0.0
1.0,4763.0,4763.0,0.0,7153,0.0,0.0,0.0,False,0.0
1.0,1925.0,1925.0,0.0,7154,0.0,0.0,0.0,False,0.0
1.0,409.0,409.0,0.0,7155,0.0,0.0,0.0,False,0.0
1.0,4424.0,4424.0,0.0,7156,0.0,0.0,0.0,False,0.0
1.0,1669.0,1669.0,0.0,7157,0.0,0.0,0.0,False,0.0
1.0,5521.0,5521.0,0.0,7158,0.0,0.0,0.0,False,0.0
1.0,1137.0,1137.0,0.0,7159,0.0,0.0,0.0,False,0.0
1.0,120.0,120.0,0.0,7160,0.0,0.0,0.0,False,0.0
0.960651159286499,3590.0,3590.0,0.0,7161,0.03934873268008232,0.0,0.0,True,0.03934873268008232
0.9871407151222229,804.0,804.0,0.0,7162,0.012859185226261616,0.0,0.0,True,0.012859185226261616
1.0,3158.0,3158.0,0.0,7163,0.0,0.0,0.0,False,0.0
0.9775124788284302,5644.0,5644.0,0.0,7164,0.022487368434667587,0.0,0.0,True,0.022487368434667587
0.9543406367301941,1142.0,1142.0,0.0,7165,0.04565935209393501,0.0,0.0,True,0.04565935209393501
0.9509456157684326,5625.0,5625.0,0.0,7166,0.049054376780986786,0.0,0.0,True,0.049054376780986786
1.0,1371.0,1371.0,0.0,7167,0.0,0.0,0.0,False,0.0
0.9935545921325684,150.0,150.0,0.0,7168,0.006445339415222406,0.0,0.0,True,0.006445339415222406
0.9783897399902344,1130.0,1130.0,0.0,7169,0.021610170602798462,0.0,0.0,True,0.021610170602798462
0.9607499241828918,64.0,64.0,0.0,7170,0.03925004228949547,0.0,0.0,True,0.03925004228949547
0.9456840753555298,939.0,939.0,0.0,7171,0.054315946996212006,0.0,0.0,True,0.054315946996212006
0.9775967597961426,3015.0,3015.0,0.0,7172,0.022403303533792496,0.0,0.0,True,0.022403303533792496
1.0,1180.0,1180.0,0.0,7173,0.0,0.0,0.0,False,0.0
0.9948558211326599,7565.0,7565.0,0.0,7174,0.005144205875694752,0.0,0.0,True,0.005144205875694752
1.0,1432.0,1432.0,0.0,7175,0.0,0.0,0.0,False,0.0
1.0,1363.0,1363.0,0.0,7176,0.0,0.0,0.0,False,0.0
0.9855167269706726,1.0,1.0,0.0,7177,0.014483178034424782,0.0,0.0,True,0.014483178034424782
0.964559018611908,1916.0,1916.0,0.0,7178,0.03544094040989876,0.0,0.0,True,0.03544094040989876
1.0,917.0,917.0,0.0,7179,0.0,0.0,0.0,False,0.0
1.0,1662.0,1662.0,0.0,7180,0.0,0.0,0.0,False,0.0
1.0,3712.0,3712.0,0.0,7181,0.0,0.0,0.0,False,0.0
0.9838814735412598,6778.0,6778.0,0.0,7182,0.016118474304676056,0.0,0.0,True,0.016118474304676056
0.9906219244003296,1666.0,1666.0,0.0,7183,0.009378068149089813,0.0,0.0,True,0.009378068149089813
0.9843026399612427,168.0,168.0,0.0,7184,0.015697423368692398,0.0,0.0,True,0.015697423368692398
0.9863739013671875,2851.0,2851.0,0.0,7185,0.013625998981297016,0.0,0.0,True,0.013625998981297016
1.0000001192092896,256.0,256.0,0.0,7186,0.0,0.0,0.0,False,0.0
1.0000001192092896,6692.0,6692.0,0.0,7187,0.0,0.0,0.0,False,0.0
1.0,424.0,424.0,0.0,7188,0.0,0.0,0.0,False,0.0
0.9999999403953552,36.0,36.0,0.0,7189,0.0,0.0,0.0,False,0.0
0.9999999403953552,1829.0,1829.0,0.0,7190,0.0,0.0,0.0,False,0.0
0.9663631916046143,332.0,332.0,0.0,7191,0.03363681212067604,0.0,0.0,True,0.03363681212067604
1.0000001192092896,1121.0,1121.0,0.0,7192,0.0,0.0,0.0,False,0.0
1.0,6503.0,6503.0,0.0,7193,0.0,0.0,0.0,False,0.0
1.0,3780.0,3780.0,0.0,7194,0.0,0.0,0.0,False,0.0
1.0,6983.0,6983.0,0.0,7195,0.0,0.0,0.0,False,0.0
0.9709670543670654,1838.0,1838.0,0.0,7196,0.02903292141854763,0.0,0.0,True,0.02903292141854763
1.0,7137.0,7137.0,0.0,7197,0.0,0.0,0.0,False,0.0
1.0,3873.0,3873.0,0.0,7198,0.0,0.0,0.0,False,0.0
1.0,1221.0,1221.0,0.0,7199,0.0,0.0,0.0,False,0.0
0.9847492575645447,57.0,57.0,0.0,7200,0.015250727534294128,0.0,0.0,True,0.015250727534294128
1.0,2918.0,2918.0,0.0,7201,0.0,0.0,0.0,False,0.0
0.959858238697052,2410.0,2410.0,0.0,7202,0.04014178365468979,0.0,0.0,True,0.04014178365468979
1.0,1828.0,1828.0,0.0,7203,0.0,0.0,0.0,False,0.0
1.0,1885.0,1885.0,0.0,7204,0.0,0.0,0.0,False,0.0
1.0,1316.0,1316.0,0.0,7205,0.0,0.0,0.0,False,0.0
1.0,5310.0,5310.0,0.0,7206,0.0,0.0,0.0,False,0.0
0.9586695432662964,312.0,312.0,0.0,7207,0.04133047163486481,0.0,0.0,True,0.04133047163486481
1.0,808.0,808.0,0.0,7208,0.0,0.0,0.0,False,0.0
0.9999999403953552,2006.0,2006.0,0.0,7209,0.0,0.0,0.0,False,0.0
1.0,1763.0,1763.0,0.0,7210,0.0,0.0,0.0,False,0.0
1.0,2916.0,2916.0,0.0,7211,0.0,0.0,0.0,False,0.0
1.0,5964.0,5964.0,0.0,7212,0.0,0.0,0.0,False,0.0
0.9788325428962708,7.0,7.0,0.0,7213,0.021167363971471786,0.0,0.0,True,0.021167363971471786
1.0,4206.0,4206.0,0.0,7214,0.0,0.0,0.0,False,0.0
1.0,7353.0,7353.0,0.0,7215,0.0,0.0,0.0,False,0.0
1.0,6303.0,6303.0,0.0,7216,0.0,0.0,0.0,False,0.0
0.9453856945037842,3374.0,3374.0,0.0,7217,0.05461424961686134,0.0,0.0,True,0.05461424961686134
1.0,546.0,546.0,0.0,7218,0.0,0.0,0.0,False,0.0
1.0000001192092896,1217.0,1217.0,0.0,7219,0.0,0.0,0.0,False,0.0
0.9803655743598938,2178.0,2178.0,0.0,7220,0.019634438678622246,0.0,0.0,True,0.019634438678622246
0.99628746509552,5490.0,5490.0,0.0,7221,0.0037123938091099262,0.0,0.0,True,0.0037123938091099262
0.984135091304779,1930.0,1930.0,0.0,7222,0.015864988788962364,0.0,0.0,True,0.015864988788962364
1.0000001192092896,7443.0,7443.0,0.0,7223,0.0,0.0,0.0,False,0.0
0.9803680181503296,1.0,1.0,0.0,7224,0.019632022827863693,0.0,0.0,True,0.019632022827863693
1.0,6682.0,6682.0,0.0,7225,0.0,0.0,0.0,False,0.0
0.975577712059021,1.0,1.0,0.0,7226,0.024422241374850273,0.0,0.0,True,0.024422241374850273
1.0,664.0,664.0,0.0,7227,0.0,0.0,0.0,False,0.0
0.9849688410758972,2.0,2.0,0.0,7228,0.015031169168651104,0.0,0.0,True,0.015031169168651104
0.9671148061752319,638.0,638.0,0.0,7229,0.03288521617650986,0.0,0.0,True,0.03288521617650986
0.9339118599891663,4020.0,4020.0,0.0,7230,0.06608814746141434,0.0,0.0,True,0.06608814746141434
0.9687632918357849,22.0,22.0,0.0,7231,0.031236667186021805,0.0,0.0,True,0.031236667186021805
0.9899225234985352,3284.0,3284.0,0.0,7232,0.010077514685690403,0.0,0.0,True,0.010077514685690403
1.0,7301.0,7301.0,0.0,7233,0.0,0.0,0.0,False,0.0
0.9844854474067688,4352.0,4352.0,0.0,7234,0.015514524653553963,0.0,0.0,True,0.015514524653553963
0.965898871421814,538.0,538.0,0.0,7235,0.03410117328166962,0.0,0.0,True,0.03410117328166962
0.9386062026023865,5369.0,5369.0,0.0,7236,0.06139376387000084,0.0,0.0,True,0.06139376387000084
1.0,3676.0,3676.0,0.0,7237,0.0,0.0,0.0,False,0.0
1.0,4715.0,4715.0,0.0,7238,0.0,0.0,0.0,False,0.0
1.0,588.0,588.0,0.0,7239,0.0,0.0,0.0,False,0.0
1.0,6856.0,6856.0,0.0,7240,0.0,0.0,0.0,False,0.0
1.0,3138.0,3138.0,0.0,7241,0.0,0.0,0.0,False,0.0
1.0,3476.0,3476.0,0.0,7242,0.0,0.0,0.0,False,0.0
1.0,3617.0,3617.0,0.0,7243,0.0,0.0,0.0,False,0.0
1.0,1747.0,1747.0,0.0,7244,0.0,0.0,0.0,False,0.0
0.995419979095459,6471.0,6471.0,0.0,7245,0.0045799934305250645,0.0,0.0,True,0.0045799934305250645
0.9735228419303894,1.0,1.0,0.0,7246,0.02647714875638485,0.0,0.0,True,0.02647714875638485
1.0,1842.0,1842.0,0.0,7247,0.0,0.0,0.0,False,0.0
1.0,1432.0,1432.0,0.0,7248,0.0,0.0,0.0,False,0.0
0.9443248510360718,6614.0,6614.0,0.0,7249,0.055675119161605835,0.0,0.0,True,0.055675119161605835
1.0,6790.0,6790.0,0.0,7250,0.0,0.0,0.0,False,0.0
1.0,196.0,196.0,0.0,7251,0.0,0.0,0.0,False,0.0
1.0,288.0,288.0,0.0,7252,0.0,0.0,0.0,False,0.0
0.9783499836921692,1.0,1.0,0.0,7253,0.021650005131959915,0.0,0.0,True,0.021650005131959915
1.0,2450.0,2450.0,0.0,7254,0.0,0.0,0.0,False,0.0
1.0,1090.0,1090.0,0.0,7255,0.0,0.0,0.0,False,0.0
1.0,1474.0,1474.0,0.0,7256,0.0,0.0,0.0,False,0.0
1.0,968.0,968.0,0.0,7257,0.0,0.0,0.0,False,0.0
0.9999999403953552,3044.0,3044.0,0.0,7258,0.0,0.0,0.0,False,0.0
1.0,76.0,76.0,0.0,7259,0.0,0.0,0.0,False,0.0
1.0,3201.0,3201.0,0.0,7260,0.0,0.0,0.0,False,0.0
0.9626691937446594,3526.0,3526.0,0.0,7261,0.037330809980630875,0.0,0.0,True,0.037330809980630875
1.0,2610.0,2610.0,0.0,7262,0.0,0.0,0.0,False,0.0
0.9999999403953552,3371.0,3371.0,0.0,7263,0.0,0.0,0.0,False,0.0
0.9999999403953552,3123.0,3123.0,0.0,7264,0.0,0.0,0.0,False,0.0
0.9735450148582458,1.0,1.0,0.0,7265,0.026454932987689972,0.0,0.0,True,0.026454932987689972
1.0,2865.0,2865.0,0.0,7266,0.0,0.0,0.0,False,0.0
1.0,9.0,9.0,0.0,7267,0.0,0.0,0.0,False,0.0
0.9572505354881287,2106.0,2106.0,0.0,7268,0.04274948313832283,0.0,0.0,True,0.04274948313832283
0.9342248439788818,868.0,868.0,0.0,7269,0.06577520817518234,0.0,0.0,True,0.06577520817518234
0.9395829439163208,1.0,1.0,0.0,7270,0.0604170486330986,0.0,0.0,True,0.0604170486330986
0.9141330718994141,1.0,1.0,0.0,7271,0.0858670324087143,0.0,0.0,True,0.0858670324087143
1.0,1385.0,1385.0,0.0,7272,0.0,0.0,0.0,False,0.0
1.0,1541.0,1541.0,0.0,7273,0.0,0.0,0.0,False,0.0
0.9848268032073975,1579.0,1579.0,0.0,7274,0.015173235908150673,0.0,0.0,True,0.015173235908150673
0.9777796864509583,3450.0,3450.0,0.0,7275,0.0222203116863966,0.0,0.0,True,0.0222203116863966
1.0000001192092896,442.0,442.0,0.0,7276,0.0,0.0,0.0,False,0.0
1.0,5986.0,5986.0,0.0,7277,0.0,0.0,0.0,False,0.0
0.9999999403953552,4181.0,4181.0,0.0,7278,0.0,0.0,0.0,False,0.0
1.0,1391.0,1391.0,0.0,7279,0.0,0.0,0.0,False,0.0
0.9999998807907104,552.0,552.0,0.0,7280,0.0,0.0,0.0,False,0.0
0.9841086864471436,290.0,290.0,0.0,7281,0.015891309827566147,0.0,0.0,True,0.015891309827566147
1.0,4811.0,4811.0,0.0,7282,0.0,0.0,0.0,False,0.0
1.0,3821.0,3821.0,0.0,7283,0.0,0.0,0.0,False,0.0
1.0,154.0,154.0,0.0,7284,0.0,0.0,0.0,False,0.0
1.0,6710.0,6710.0,0.0,7285,0.0,0.0,0.0,False,0.0
0.9577040672302246,2.0,2.0,0.0,7286,0.04229603707790375,0.0,0.0,True,0.04229603707790375
1.0,3096.0,3096.0,0.0,7287,0.0,0.0,0.0,False,0.0
0.9880238175392151,1573.0,1573.0,0.0,7288,0.011976086534559727,0.0,0.0,True,0.011976086534559727
1.0,6896.0,6896.0,0.0,7289,0.0,0.0,0.0,False,0.0
1.0,5438.0,5438.0,0.0,7290,0.0,0.0,0.0,False,0.0
1.0,1410.0,1410.0,0.0,7291,0.0,0.0,0.0,False,0.0
0.9999999403953552,4289.0,4289.0,0.0,7292,0.0,0.0,0.0,False,0.0
0.9457539319992065,1.0,1.0,0.0,7293,0.05424599349498749,0.0,0.0,True,0.05424599349498749
1.0,3057.0,3057.0,0.0,7294,0.0,0.0,0.0,False,0.0
0.9791667461395264,2818.0,2818.0,0.0,7295,0.02083335816860199,0.0,0.0,True,0.02083335816860199
1.0,4310.0,4310.0,0.0,7296,0.0,0.0,0.0,False,0.0
0.9365935325622559,167.0,167.0,0.0,7297,0.06340643763542175,0.0,0.0,True,0.06340643763542175
1.0,5670.0,5670.0,0.0,7298,0.0,0.0,0.0,False,0.0
1.0000001192092896,2825.0,2825.0,0.0,7299,0.0,0.0,0.0,False,0.0
1.0,5243.0,5243.0,0.0,7300,0.0,0.0,0.0,False,0.0
0.975175142288208,3055.0,3055.0,0.0,7301,0.024824876338243484,0.0,0.0,True,0.024824876338243484
0.9999999403953552,6566.0,6566.0,0.0,7302,0.0,0.0,0.0,False,0.0
0.9102944731712341,4.0,4.0,0.0,7303,0.08970565348863602,0.0,0.0,True,0.08970565348863602
1.0000001192092896,1750.0,1750.0,0.0,7304,0.0,0.0,0.0,False,0.0
1.0,1277.0,1277.0,0.0,7305,0.0,0.0,0.0,False,0.0
0.97637540102005,4811.0,4811.0,0.0,7306,0.023624589666724205,0.0,0.0,True,0.023624589666724205
1.0,2553.0,2553.0,0.0,7307,0.0,0.0,0.0,False,0.0
1.0000001192092896,3328.0,3328.0,0.0,7308,0.0,0.0,0.0,False,0.0
0.9208418130874634,1.0,1.0,0.0,7309,0.07915814220905304,0.0,0.0,True,0.07915814220905304
0.9476171731948853,6840.0,6840.0,0.0,7310,0.05238276347517967,0.0,0.0,True,0.05238276347517967
0.9314528107643127,155.0,155.0,0.0,7311,0.06854715943336487,0.0,0.0,True,0.06854715943336487
1.0,455.0,455.0,0.0,7312,0.0,0.0,0.0,False,0.0
1.0,1140.0,1140.0,0.0,7313,0.0,0.0,0.0,False,0.0
1.0,8.0,8.0,0.0,7314,0.0,0.0,0.0,False,0.0
1.0,2991.0,2991.0,0.0,7315,0.0,0.0,0.0,False,0.0
0.9352114796638489,1.0,1.0,0.0,7316,0.06478843837976456,0.0,0.0,True,0.06478843837976456
1.0,344.0,344.0,0.0,7317,0.0,0.0,0.0,False,0.0
1.0,2015.0,2015.0,0.0,7318,0.0,0.0,0.0,False,0.0
1.0,1056.0,1056.0,0.0,7319,0.0,0.0,0.0,False,0.0
0.9325181841850281,489.0,489.0,0.0,7320,0.06748177856206894,0.0,0.0,True,0.06748177856206894
1.0,6027.0,6027.0,0.0,7321,0.0,0.0,0.0,False,0.0
0.9999999403953552,4602.0,4602.0,0.0,7322,0.0,0.0,0.0,False,0.0
1.0,4233.0,4233.0,0.0,7323,0.0,0.0,0.0,False,0.0
0.9658031463623047,1.0,1.0,0.0,7324,0.03419679030776024,0.0,0.0,True,0.03419679030776024
0.8974360227584839,5707.0,5707.0,0.0,7325,0.10256408154964447,0.0,0.0,True,0.10256408154964447
0.9620343446731567,981.0,981.0,0.0,7326,0.03796565532684326,0.0,0.0,True,0.03796565532684326
1.0,5893.0,5893.0,0.0,7327,0.0,0.0,0.0,False,0.0
1.0,4984.0,4984.0,0.0,7328,0.0,0.0,0.0,False,0.0
0.930884599685669,4766.0,4766.0,0.0,7329,0.0691152811050415,0.0,0.0,True,0.0691152811050415
1.0,3398.0,3398.0,0.0,7330,0.0,0.0,0.0,False,0.0
0.9999998807907104,3047.0,3047.0,0.0,7331,0.0,0.0,0.0,False,0.0
1.0,4945.0,4945.0,0.0,7332,0.0,0.0,0.0,False,0.0
1.0,3716.0,3716.0,0.0,7333,0.0,0.0,0.0,False,0.0
1.0,4112.0,4112.0,0.0,7334,0.0,0.0,0.0,False,0.0
0.9999999403953552,6822.0,6822.0,0.0,7335,0.0,0.0,0.0,False,0.0
0.9807180762290955,826.0,826.0,0.0,7336,0.01928185299038887,0.0,0.0,True,0.01928185299038887
0.9999998807907104,5109.0,5109.0,0.0,7337,0.0,0.0,0.0,False,0.0
1.0,3270.0,3270.0,0.0,7338,0.0,0.0,0.0,False,0.0
0.8795819878578186,677.0,677.0,0.0,7339,0.1204180121421814,0.0,0.0,True,0.1204180121421814
0.9999999403953552,4776.0,4776.0,0.0,7340,0.0,0.0,0.0,False,0.0
0.9999999403953552,732.0,732.0,0.0,7341,0.0,0.0,0.0,False,0.0
1.0000001192092896,6454.0,6454.0,0.0,7342,0.0,0.0,0.0,False,0.0
0.9476510286331177,1.0,1.0,0.0,7343,0.052348919212818146,0.0,0.0,True,0.052348919212818146
0.9807485342025757,6076.0,6076.0,0.0,7344,0.019251517951488495,0.0,0.0,True,0.019251517951488495
0.9796033501625061,2455.0,2455.0,0.0,7345,0.020396698266267776,0.0,0.0,True,0.020396698266267776
0.9504721164703369,1548.0,1548.0,0.0,7346,0.04952792450785637,0.0,0.0,True,0.04952792450785637
1.0,6961.0,6961.0,0.0,7347,0.0,0.0,0.0,False,0.0
1.0,1970.0,1970.0,0.0,7348,0.0,0.0,0.0,False,0.0
0.9680823683738708,1.0,1.0,0.0,7349,0.03191763907670975,0.0,0.0,True,0.03191763907670975
1.0,7679.0,7679.0,0.0,7350,0.0,0.0,0.0,False,0.0
1.0,5889.0,5889.0,0.0,7351,0.0,0.0,0.0,False,0.0
0.9890077114105225,1392.0,1392.0,0.0,7352,0.010992208495736122,0.0,0.0,True,0.010992208495736122
0.9594707489013672,1.0,1.0,0.0,7353,0.04052920639514923,0.0,0.0,True,0.04052920639514923
1.0,3133.0,3133.0,0.0,7354,0.0,0.0,0.0,False,0.0
0.956904947757721,2803.0,2803.0,0.0,7355,0.04309503734111786,0.0,0.0,True,0.04309503734111786
0.9542018175125122,1.0,1.0,0.0,7356,0.04579809308052063,0.0,0.0,True,0.04579809308052063
1.0,1987.0,1987.0,0.0,7357,0.0,0.0,0.0,False,0.0
0.9999998807907104,2366.0,2366.0,0.0,7358,0.0,0.0,0.0,False,0.0
1.0,2417.0,2417.0,0.0,7359,0.0,0.0,0.0,False,0.0
1.0,4356.0,4356.0,0.0,7360,0.0,0.0,0.0,False,0.0
0.9941120147705078,2198.0,2198.0,0.0,7361,0.005887958686798811,0.0,0.0,True,0.005887958686798811
1.0,2031.0,2031.0,0.0,7362,0.0,0.0,0.0,False,0.0
0.9999999403953552,3948.0,3948.0,0.0,7363,0.0,0.0,0.0,False,0.0
1.0,3274.0,3274.0,0.0,7364,0.0,0.0,0.0,False,0.0
0.9304609298706055,3094.0,3094.0,0.0,7365,0.06953907012939453,0.0,0.0,True,0.06953907012939453
0.9851047992706299,1948.0,1948.0,0.0,7366,0.01489522960036993,0.0,0.0,True,0.01489522960036993
1.0,733.0,733.0,0.0,7367,0.0,0.0,0.0,False,0.0
1.0,1717.0,1717.0,0.0,7368,0.0,0.0,0.0,False,0.0
0.9508674144744873,2000.0,2000.0,0.0,7369,0.04913261532783508,0.0,0.0,True,0.04913261532783508
1.0,4030.0,4030.0,0.0,7370,0.0,0.0,0.0,False,0.0
1.0,1416.0,1416.0,0.0,7371,0.0,0.0,0.0,False,0.0
0.9887084364891052,5647.0,5647.0,0.0,7372,0.011291579343378544,0.0,0.0,True,0.011291579343378544
1.0,2788.0,2788.0,0.0,7373,0.0,0.0,0.0,False,0.0
1.0,7456.0,7456.0,0.0,7374,0.0,0.0,0.0,False,0.0
1.0000001192092896,1784.0,1784.0,0.0,7375,0.0,0.0,0.0,False,0.0
0.9552144408226013,3164.0,3164.0,0.0,7376,0.044785644859075546,0.0,0.0,True,0.044785644859075546
1.0,1586.0,1586.0,0.0,7377,0.0,0.0,0.0,False,0.0
0.9773998260498047,2121.0,2121.0,0.0,7378,0.02260023169219494,0.0,0.0,True,0.02260023169219494
0.953659176826477,3414.0,3414.0,0.0,7379,0.046340759843587875,0.0,0.0,True,0.046340759843587875
1.0,856.0,856.0,0.0,7380,0.0,0.0,0.0,False,0.0
1.0,2472.0,2472.0,0.0,7381,0.0,0.0,0.0,False,0.0
0.9723008871078491,9.0,9.0,0.0,7382,0.02769903466105461,0.0,0.0,True,0.02769903466105461
1.0,56.0,56.0,0.0,7383,0.0,0.0,0.0,False,0.0
0.9731106758117676,1.0,1.0,0.0,7384,0.0268892552703619,0.0,0.0,True,0.0268892552703619
0.9999998807907104,5375.0,5375.0,0.0,7385,0.0,0.0,0.0,False,0.0
0.9999999403953552,2689.0,2689.0,0.0,7386,0.0,0.0,0.0,False,0.0
0.9999999403953552,1880.0,1880.0,0.0,7387,0.0,0.0,0.0,False,0.0
1.0,3287.0,3287.0,0.0,7388,0.0,0.0,0.0,False,0.0
0.9999999403953552,4201.0,4201.0,0.0,7389,0.0,0.0,0.0,False,0.0
0.9999999403953552,7454.0,7454.0,0.0,7390,0.0,0.0,0.0,False,0.0
1.0000001192092896,948.0,948.0,0.0,7391,0.0,0.0,0.0,False,0.0
0.9999998807907104,2300.0,2300.0,0.0,7392,0.0,0.0,0.0,False,0.0
1.0,5551.0,5551.0,0.0,7393,0.0,0.0,0.0,False,0.0
1.0,193.0,193.0,0.0,7394,0.0,0.0,0.0,False,0.0
0.9999999403953552,3262.0,3262.0,0.0,7395,0.0,0.0,0.0,False,0.0
0.9110879898071289,1438.0,1438.0,0.0,7396,0.0889119952917099,0.0,0.0,True,0.0889119952917099
1.0000001192092896,2228.0,2228.0,0.0,7397,0.0,0.0,0.0,False,0.0
1.0,5992.0,5992.0,0.0,7398,0.0,0.0,0.0,False,0.0
1.0,541.0,541.0,0.0,7399,0.0,0.0,0.0,False,0.0
0.9956473112106323,3602.0,3602.0,0.0,7400,0.004352658987045288,0.0,0.0,True,0.004352658987045288
1.0,636.0,636.0,0.0,7401,0.0,0.0,0.0,False,0.0
0.9579301476478577,1.0,1.0,0.0,7402,0.04206981509923935,0.0,0.0,True,0.04206981509923935
0.9639145135879517,3559.0,3559.0,0.0,7403,0.03608556091785431,0.0,0.0,True,0.03608556091785431
0.9517877101898193,1641.0,1641.0,0.0,7404,0.04821234941482544,0.0,0.0,True,0.04821234941482544
0.9560941457748413,5478.0,5478.0,0.0,7405,0.043905943632125854,0.0,0.0,True,0.043905943632125854
1.0,309.0,309.0,0.0,7406,0.0,0.0,0.0,False,0.0
1.0,1151.0,1151.0,0.0,7407,0.0,0.0,0.0,False,0.0
1.0,2808.0,2808.0,0.0,7408,0.0,0.0,0.0,False,0.0
1.0,4991.0,4991.0,0.0,7409,0.0,0.0,0.0,False,0.0
1.0,323.0,323.0,0.0,7410,0.0,0.0,0.0,False,0.0
0.9999999403953552,4771.0,4771.0,0.0,7411,0.0,0.0,0.0,False,0.0
0.9778859615325928,6.0,6.0,0.0,7412,0.022113999351859093,0.0,0.0,True,0.022113999351859093
1.0,5019.0,5019.0,0.0,7413,0.0,0.0,0.0,False,0.0
1.0,455.0,455.0,0.0,7414,0.0,0.0,0.0,False,0.0
0.9610126614570618,5756.0,5756.0,0.0,7415,0.03898731246590614,0.0,0.0,True,0.03898731246590614
0.97197425365448,4761.0,4761.0,0.0,7416,0.0280257910490036,0.0,0.0,True,0.0280257910490036
0.9545878171920776,1.0,1.0,0.0,7417,0.045412056148052216,0.0,0.0,True,0.045412056148052216
0.9562013745307922,3669.0,3669.0,0.0,7418,0.043798670172691345,0.0,0.0,True,0.043798670172691345
0.9362359046936035,749.0,749.0,0.0,7419,0.0637640655040741,0.0,0.0,True,0.0637640655040741
1.0,1753.0,1753.0,0.0,7420,0.0,0.0,0.0,False,0.0
1.0,1284.0,1284.0,0.0,7421,0.0,0.0,0.0,False,0.0
1.0,2840.0,2840.0,0.0,7422,0.0,0.0,0.0,False,0.0
1.0000001192092896,3529.0,3529.0,0.0,7423,0.0,0.0,0.0,False,0.0
1.0000001192092896,3718.0,3718.0,0.0,7424,0.0,0.0,0.0,False,0.0
1.0,216.0,216.0,0.0,7425,0.0,0.0,0.0,False,0.0
1.0,3216.0,3216.0,0.0,7426,0.0,0.0,0.0,False,0.0
1.0,5005.0,5005.0,0.0,7427,0.0,0.0,0.0,False,0.0
1.0,3107.0,3107.0,0.0,7428,0.0,0.0,0.0,False,0.0
1.0,6073.0,6073.0,0.0,7429,0.0,0.0,0.0,False,0.0
0.9999999403953552,69.0,69.0,0.0,7430,0.0,0.0,0.0,False,0.0
1.0,6177.0,6177.0,0.0,7431,0.0,0.0,0.0,False,0.0
0.9800887703895569,570.0,570.0,0.0,7432,0.019911276176571846,0.0,0.0,True,0.019911276176571846
0.9999999403953552,3617.0,3617.0,0.0,7433,0.0,0.0,0.0,False,0.0
1.0,1237.0,1237.0,0.0,7434,0.0,0.0,0.0,False,0.0
0.9635301232337952,833.0,833.0,0.0,7435,0.03646989166736603,0.0,0.0,True,0.03646989166736603
1.0,1978.0,1978.0,0.0,7436,0.0,0.0,0.0,False,0.0
0.9605690240859985,5197.0,5197.0,0.0,7437,0.039430972188711166,0.0,0.0,True,0.039430972188711166
0.9525668621063232,1.0,1.0,0.0,7438,0.047433171421289444,0.0,0.0,True,0.047433171421289444
0.943760097026825,1175.0,1175.0,0.0,7439,0.056239839643239975,0.0,0.0,True,0.056239839643239975
1.0,882.0,882.0,0.0,7440,0.0,0.0,0.0,False,0.0
1.0,2465.0,2465.0,0.0,7441,0.0,0.0,0.0,False,0.0
0.9635749459266663,2028.0,2028.0,0.0,7442,0.03642507269978523,0.0,0.0,True,0.03642507269978523
0.9567652344703674,10.0,10.0,0.0,7443,0.043234750628471375,0.0,0.0,True,0.043234750628471375
0.9682843089103699,341.0,341.0,0.0,7444,0.031715698540210724,0.0,0.0,True,0.031715698540210724
1.0,7012.0,7012.0,0.0,7445,0.0,0.0,0.0,False,0.0
0.9858587980270386,250.0,250.0,0.0,7446,0.014141229912638664,0.0,0.0,True,0.014141229912638664
0.9999999403953552,5327.0,5327.0,0.0,7447,0.0,0.0,0.0,False,0.0
0.9782185554504395,46.0,46.0,0.0,7448,0.02178138494491577,0.0,0.0,True,0.02178138494491577
1.0,4905.0,4905.0,0.0,7449,0.0,0.0,0.0,False,0.0
1.0,1783.0,1783.0,0.0,7450,0.0,0.0,0.0,False,0.0
1.0,1217.0,1217.0,0.0,7451,0.0,0.0,0.0,False,0.0
0.9840822219848633,930.0,930.0,0.0,7452,0.01591784693300724,0.0,0.0,True,0.01591784693300724
0.935366153717041,1.0,1.0,0.0,7453,0.0646338164806366,0.0,0.0,True,0.0646338164806366
1.0,549.0,549.0,0.0,7454,0.0,0.0,0.0,False,0.0
0.9866121411323547,601.0,601.0,0.0,7455,0.013387857005000114,0.0,0.0,True,0.013387857005000114
1.0,2928.0,2928.0,0.0,7456,0.0,0.0,0.0,False,0.0
0.9766772389411926,4872.0,4872.0,0.0,7457,0.023322846740484238,0.0,0.0,True,0.023322846740484238
1.0,2918.0,2918.0,0.0,7458,0.0,0.0,0.0,False,0.0
0.9555381536483765,730.0,730.0,0.0,7459,0.044461846351623535,0.0,0.0,True,0.044461846351623535
1.0,4253.0,4253.0,0.0,7460,0.0,0.0,0.0,False,0.0
0.9653862118721008,2521.0,2521.0,0.0,7461,0.03461391478776932,0.0,0.0,True,0.03461391478776932
1.0,865.0,865.0,0.0,7462,0.0,0.0,0.0,False,0.0
1.0,6418.0,6418.0,0.0,7463,0.0,0.0,0.0,False,0.0
0.9467543363571167,4246.0,4246.0,0.0,7464,0.05324556678533554,0.0,0.0,True,0.05324556678533554
1.0,4336.0,4336.0,0.0,7465,0.0,0.0,0.0,False,0.0
1.0,4822.0,4822.0,0.0,7466,0.0,0.0,0.0,False,0.0
1.0,6732.0,6732.0,0.0,7467,0.0,0.0,0.0,False,0.0
1.0,1252.0,1252.0,0.0,7468,0.0,0.0,0.0,False,0.0
1.0,5645.0,5645.0,0.0,7469,0.0,0.0,0.0,False,0.0
1.0,2933.0,2933.0,0.0,7470,0.0,0.0,0.0,False,0.0
1.0,106.0,106.0,0.0,7471,0.0,0.0,0.0,False,0.0
0.9999998807907104,2971.0,2971.0,0.0,7472,0.0,0.0,0.0,False,0.0
0.9999999403953552,1362.0,1362.0,0.0,7473,0.0,0.0,0.0,False,0.0
0.9849327802658081,811.0,811.0,0.0,7474,0.015067262575030327,0.0,0.0,True,0.015067262575030327
1.0,4159.0,4159.0,0.0,7475,0.0,0.0,0.0,False,0.0
0.9999999403953552,3964.0,3964.0,0.0,7476,0.0,0.0,0.0,False,0.0
1.0,52.0,52.0,0.0,7477,0.0,0.0,0.0,False,0.0
0.9603480100631714,4053.0,4053.0,0.0,7478,0.03965200483798981,0.0,0.0,True,0.03965200483798981
1.0,3125.0,3125.0,0.0,7479,0.0,0.0,0.0,False,0.0
1.0000001192092896,4872.0,4872.0,0.0,7480,0.0,0.0,0.0,False,0.0
0.9892584085464478,5937.0,5937.0,0.0,7481,0.010741524398326874,0.0,0.0,True,0.010741524398326874
1.0,1941.0,1941.0,0.0,7482,0.0,0.0,0.0,False,0.0
1.0,7581.0,7581.0,0.0,7483,0.0,0.0,0.0,False,0.0
1.0,393.0,393.0,0.0,7484,0.0,0.0,0.0,False,0.0
0.967414379119873,205.0,205.0,0.0,7485,0.032585613429546356,0.0,0.0,True,0.032585613429546356
0.9999999403953552,78.0,78.0,0.0,7486,0.0,0.0,0.0,False,0.0
0.9999999403953552,6453.0,6453.0,0.0,7487,0.0,0.0,0.0,False,0.0
1.0,3351.0,3351.0,0.0,7488,0.0,0.0,0.0,False,0.0
0.9790122509002686,5923.0,5923.0,0.0,7489,0.02098768949508667,0.0,0.0,True,0.02098768949508667
0.9059730768203735,2317.0,2317.0,0.0,7490,0.09402704238891602,0.0,0.0,True,0.09402704238891602
1.0,5502.0,5502.0,0.0,7491,0.0,0.0,0.0,False,0.0
0.9999998807907104,5054.0,5054.0,0.0,7492,0.0,0.0,0.0,False,0.0
1.0,3719.0,3719.0,0.0,7493,0.0,0.0,0.0,False,0.0
1.0,3824.0,3824.0,0.0,7494,0.0,0.0,0.0,False,0.0
0.9902634620666504,1.0,1.0,0.0,7495,0.009736556559801102,0.0,0.0,True,0.009736556559801102
1.0,5806.0,5806.0,0.0,7496,0.0,0.0,0.0,False,0.0
0.9363410472869873,356.0,356.0,0.0,7497,0.0636589378118515,0.0,0.0,True,0.0636589378118515
0.9999999403953552,1427.0,1427.0,0.0,7498,0.0,0.0,0.0,False,0.0
0.9999998807907104,2836.0,2836.0,0.0,7499,0.0,0.0,0.0,False,0.0
1.0,5408.0,5408.0,0.0,7500,0.0,0.0,0.0,False,0.0
1.0,690.0,690.0,0.0,7501,0.0,0.0,0.0,False,0.0
0.9999999403953552,881.0,881.0,0.0,7502,0.0,0.0,0.0,False,0.0
0.9868850111961365,5455.0,5455.0,0.0,7503,0.01311497762799263,0.0,0.0,True,0.01311497762799263
1.0,3459.0,3459.0,0.0,7504,0.0,0.0,0.0,False,0.0
1.0,4338.0,4338.0,0.0,7505,0.0,0.0,0.0,False,0.0
1.0,813.0,813.0,0.0,7506,0.0,0.0,0.0,False,0.0
1.0,274.0,274.0,0.0,7507,0.0,0.0,0.0,False,0.0
1.0,4149.0,4149.0,0.0,7508,0.0,0.0,0.0,False,0.0
1.0,6286.0,6286.0,0.0,7509,0.0,0.0,0.0,False,0.0
1.0,5068.0,5068.0,0.0,7510,0.0,0.0,0.0,False,0.0
1.0,393.0,393.0,0.0,7511,0.0,0.0,0.0,False,0.0
0.9668750166893005,943.0,943.0,0.0,7512,0.033124957233667374,0.0,0.0,True,0.033124957233667374
0.9914494752883911,2483.0,2483.0,0.0,7513,0.008550476282835007,0.0,0.0,True,0.008550476282835007
1.0,545.0,545.0,0.0,7514,0.0,0.0,0.0,False,0.0
1.0,2932.0,2932.0,0.0,7515,0.0,0.0,0.0,False,0.0
1.0,752.0,752.0,0.0,7516,0.0,0.0,0.0,False,0.0
0.9646884799003601,5323.0,5323.0,0.0,7517,0.03531141206622124,0.0,0.0,True,0.03531141206622124
1.0,3716.0,3716.0,0.0,7518,0.0,0.0,0.0,False,0.0
1.0,4377.0,4377.0,0.0,7519,0.0,0.0,0.0,False,0.0
0.9999999403953552,6770.0,6770.0,0.0,7520,0.0,0.0,0.0,False,0.0
0.9999999403953552,615.0,615.0,0.0,7521,0.0,0.0,0.0,False,0.0
1.0,6662.0,6662.0,0.0,7522,0.0,0.0,0.0,False,0.0
0.9999998807907104,131.0,131.0,0.0,7523,0.0,0.0,0.0,False,0.0
1.0,4738.0,4738.0,0.0,7524,0.0,0.0,0.0,False,0.0
0.9957617521286011,1.0,1.0,0.0,7525,0.004238182678818703,0.0,0.0,True,0.004238182678818703
1.0,7301.0,7301.0,0.0,7526,0.0,0.0,0.0,False,0.0
1.0,1402.0,1402.0,0.0,7527,0.0,0.0,0.0,False,0.0
0.9897631406784058,42.0,42.0,0.0,7528,0.010236835107207298,0.0,0.0,True,0.010236835107207298
1.0,4562.0,4562.0,0.0,7529,0.0,0.0,0.0,False,0.0
1.0,2176.0,2176.0,0.0,7530,0.0,0.0,0.0,False,0.0
1.0000001192092896,4102.0,4102.0,0.0,7531,0.0,0.0,0.0,False,0.0
0.9999998807907104,1841.0,1841.0,0.0,7532,0.0,0.0,0.0,False,0.0
0.9999999403953552,1690.0,1690.0,0.0,7533,0.0,0.0,0.0,False,0.0
1.0,3790.0,3790.0,0.0,7534,0.0,0.0,0.0,False,0.0
0.944319486618042,6863.0,6863.0,0.0,7535,0.05568043887615204,0.0,0.0,True,0.05568043887615204
1.0,4142.0,4142.0,0.0,7536,0.0,0.0,0.0,False,0.0
0.9723283052444458,5634.0,5634.0,0.0,7537,0.0276715699583292,0.0,0.0,True,0.0276715699583292
1.0,1362.0,1362.0,0.0,7538,0.0,0.0,0.0,False,0.0
0.9745517373085022,1.0,1.0,0.0,7539,0.02544816955924034,0.0,0.0,True,0.02544816955924034
0.9642349481582642,1.0,1.0,0.0,7540,0.03576502203941345,0.0,0.0,True,0.03576502203941345
0.9999999403953552,1301.0,1301.0,0.0,7541,0.0,0.0,0.0,False,0.0
0.9867618083953857,5050.0,5050.0,0.0,7542,0.013238172046840191,0.0,0.0,True,0.013238172046840191
1.0,3826.0,3826.0,0.0,7543,0.0,0.0,0.0,False,0.0
0.9285510778427124,2273.0,2273.0,0.0,7544,0.0714489221572876,0.0,0.0,True,0.0714489221572876
1.0,4120.0,4120.0,0.0,7545,0.0,0.0,0.0,False,0.0
1.0,5237.0,5237.0,0.0,7546,0.0,0.0,0.0,False,0.0
1.0000001192092896,3568.0,3568.0,0.0,7547,0.0,0.0,0.0,False,0.0
1.0,3022.0,3022.0,0.0,7548,0.0,0.0,0.0,False,0.0
1.0,3163.0,3163.0,0.0,7549,0.0,0.0,0.0,False,0.0
1.0,725.0,725.0,0.0,7550,0.0,0.0,0.0,False,0.0
0.9845704436302185,614.0,614.0,0.0,7551,0.015429502353072166,0.0,0.0,True,0.015429502353072166
0.966230034828186,5354.0,5354.0,0.0,7552,0.033769939094781876,0.0,0.0,True,0.033769939094781876
1.0,432.0,432.0,0.0,7553,0.0,0.0,0.0,False,0.0
1.0,27.0,27.0,0.0,7554,0.0,0.0,0.0,False,0.0
0.9838489890098572,341.0,341.0,0.0,7555,0.016150852665305138,0.0,0.0,True,0.016150852665305138
1.0,4087.0,4087.0,0.0,7556,0.0,0.0,0.0,False,0.0
1.0,3977.0,3977.0,0.0,7557,0.0,0.0,0.0,False,0.0
1.0,7156.0,7156.0,0.0,7558,0.0,0.0,0.0,False,0.0
1.0000001192092896,3540.0,3540.0,0.0,7559,0.0,0.0,0.0,False,0.0
0.9629138708114624,32.0,32.0,0.0,7560,0.03708614036440849,0.0,0.0,True,0.03708614036440849
1.0,309.0,309.0,0.0,7561,0.0,0.0,0.0,False,0.0
1.0,945.0,945.0,0.0,7562,0.0,0.0,0.0,False,0.0
1.0000001192092896,5737.0,5737.0,0.0,7563,0.0,0.0,0.0,False,0.0
1.0,2563.0,2563.0,0.0,7564,0.0,0.0,0.0,False,0.0
0.9503947496414185,1.0,1.0,0.0,7565,0.04960520192980766,0.0,0.0,True,0.04960520192980766
1.0,2544.0,2544.0,0.0,7566,0.0,0.0,0.0,False,0.0
0.9449731111526489,40.0,40.0,0.0,7567,0.055026862770318985,0.0,0.0,True,0.055026862770318985
0.9396802186965942,240.0,240.0,0.0,7568,0.0603196956217289,0.0,0.0,True,0.0603196956217289
0.945999264717102,1.0,1.0,0.0,7569,0.054000772535800934,0.0,0.0,True,0.054000772535800934
1.0,4086.0,4086.0,0.0,7570,0.0,0.0,0.0,False,0.0
0.9674687385559082,732.0,732.0,0.0,7571,0.03253132104873657,0.0,0.0,True,0.03253132104873657
1.0000001192092896,1031.0,1031.0,0.0,7572,0.0,0.0,0.0,False,0.0
1.0,815.0,815.0,0.0,7573,0.0,0.0,0.0,False,0.0
1.0,1088.0,1088.0,0.0,7574,0.0,0.0,0.0,False,0.0
1.0,22.0,22.0,0.0,7575,0.0,0.0,0.0,False,0.0
1.0,4443.0,4443.0,0.0,7576,0.0,0.0,0.0,False,0.0
0.9599523544311523,4003.0,4003.0,0.0,7577,0.04004772752523422,0.0,0.0,True,0.04004772752523422
0.9999999403953552,1159.0,1159.0,0.0,7578,0.0,0.0,0.0,False,0.0
0.9489459991455078,37.0,37.0,0.0,7579,0.051053985953330994,0.0,0.0,True,0.051053985953330994
1.0,1921.0,1921.0,0.0,7580,0.0,0.0,0.0,False,0.0
0.9837085008621216,42.0,42.0,0.0,7581,0.016291501000523567,0.0,0.0,True,0.016291501000523567
1.0,316.0,316.0,0.0,7582,0.0,0.0,0.0,False,0.0
0.979576826095581,5404.0,5404.0,0.0,7583,0.020423240959644318,0.0,0.0,True,0.020423240959644318
1.0,769.0,769.0,0.0,7584,0.0,0.0,0.0,False,0.0
0.9725519418716431,7135.0,7135.0,0.0,7585,0.027448026463389397,0.0,0.0,True,0.027448026463389397
1.0,350.0,350.0,0.0,7586,0.0,0.0,0.0,False,0.0
1.0,674.0,674.0,0.0,7587,0.0,0.0,0.0,False,0.0
1.0,210.0,210.0,0.0,7588,0.0,0.0,0.0,False,0.0
1.0,4478.0,4478.0,0.0,7589,0.0,0.0,0.0,False,0.0
1.0,7474.0,7474.0,0.0,7590,0.0,0.0,0.0,False,0.0
0.9999999403953552,1408.0,1408.0,0.0,7591,0.0,0.0,0.0,False,0.0
1.0,3376.0,3376.0,0.0,7592,0.0,0.0,0.0,False,0.0
0.9914906620979309,5872.0,5872.0,0.0,7593,0.008509312756359577,0.0,0.0,True,0.008509312756359577
1.0,1821.0,1821.0,0.0,7594,0.0,0.0,0.0,False,0.0
0.9387831687927246,1.0,1.0,0.0,7595,0.06121685728430748,0.0,0.0,True,0.06121685728430748
0.9470473527908325,1.0,1.0,0.0,7596,0.052952565252780914,0.0,0.0,True,0.052952565252780914
0.9824709892272949,1994.0,1994.0,0.0,7597,0.017529023811221123,0.0,0.0,True,0.017529023811221123
0.9581173062324524,2593.0,2593.0,0.0,7598,0.04188273102045059,0.0,0.0,True,0.04188273102045059
1.0,2.0,2.0,0.0,7599,0.0,0.0,0.0,False,0.0
1.0,4421.0,4421.0,0.0,7600,0.0,0.0,0.0,False,0.0
1.0,577.0,577.0,0.0,7601,0.0,0.0,0.0,False,0.0
0.9922301173210144,724.0,724.0,0.0,7602,0.007770008873194456,0.0,0.0,True,0.007770008873194456
0.9430248737335205,3870.0,3870.0,0.0,7603,0.0569751039147377,0.0,0.0,True,0.0569751039147377
1.0,78.0,78.0,0.0,7604,0.0,0.0,0.0,False,0.0
1.0,621.0,621.0,0.0,7605,0.0,0.0,0.0,False,0.0
1.0000001192092896,3402.0,3402.0,0.0,7606,0.0,0.0,0.0,False,0.0
1.0,2773.0,2773.0,0.0,7607,0.0,0.0,0.0,False,0.0
0.9789137840270996,1629.0,1629.0,0.0,7608,0.021086230874061584,0.0,0.0,True,0.021086230874061584
0.985933780670166,2814.0,2814.0,0.0,7609,0.014066174626350403,0.0,0.0,True,0.014066174626350403
1.0,1034.0,1034.0,0.0,7610,0.0,0.0,0.0,False,0.0
0.9999999403953552,5491.0,5491.0,0.0,7611,0.0,0.0,0.0,False,0.0
1.0000001192092896,4974.0,4974.0,0.0,7612,0.0,0.0,0.0,False,0.0
1.0,2409.0,2409.0,0.0,7613,0.0,0.0,0.0,False,0.0
0.9999998807907104,2651.0,2651.0,0.0,7614,0.0,0.0,0.0,False,0.0
1.0,4095.0,4095.0,0.0,7615,0.0,0.0,0.0,False,0.0
1.0,6692.0,6692.0,0.0,7616,0.0,0.0,0.0,False,0.0
0.994328498840332,6208.0,6208.0,0.0,7617,0.005671525374054909,0.0,0.0,True,0.005671525374054909
0.9534327983856201,1781.0,1781.0,0.0,7618,0.046567171812057495,0.0,0.0,True,0.046567171812057495
0.9549106359481812,1.0,1.0,0.0,7619,0.04508940875530243,0.0,0.0,True,0.04508940875530243
0.9999999403953552,815.0,815.0,0.0,7620,0.0,0.0,0.0,False,0.0
1.0,1046.0,1046.0,0.0,7621,0.0,0.0,0.0,False,0.0
0.9891512393951416,1444.0,1444.0,0.0,7622,0.01084884349256754,0.0,0.0,True,0.01084884349256754
0.9768171906471252,484.0,484.0,0.0,7623,0.023182831704616547,0.0,0.0,True,0.023182831704616547
1.0,1489.0,1489.0,0.0,7624,0.0,0.0,0.0,False,0.0
0.9515586495399475,2.0,2.0,0.0,7625,0.0484413281083107,0.0,0.0,True,0.0484413281083107
0.9350230693817139,44.0,44.0,0.0,7626,0.06497685611248016,0.0,0.0,True,0.06497685611248016
0.9726485013961792,4705.0,4705.0,0.0,7627,0.02735152468085289,0.0,0.0,True,0.02735152468085289
0.9358042478561401,1656.0,1656.0,0.0,7628,0.0641956478357315,0.0,0.0,True,0.0641956478357315
0.9082992076873779,1.0,1.0,0.0,7629,0.09170062839984894,0.0,0.0,True,0.09170062839984894
1.0,5756.0,5756.0,0.0,7630,0.0,0.0,0.0,False,0.0
0.9057676792144775,1.0,1.0,0.0,7631,0.09423240274190903,0.0,0.0,True,0.09423240274190903
0.9677209258079529,6575.0,6575.0,0.0,7632,0.03227909654378891,0.0,0.0,True,0.03227909654378891
1.0,5794.0,5794.0,0.0,7633,0.0,0.0,0.0,False,0.0
0.9885283708572388,1144.0,1144.0,0.0,7634,0.011471536010503769,0.0,0.0,True,0.011471536010503769
0.9557738900184631,572.0,572.0,0.0,7635,0.04422609135508537,0.0,0.0,True,0.04422609135508537
1.0,358.0,358.0,0.0,7636,0.0,0.0,0.0,False,0.0
0.8885587453842163,7.0,7.0,0.0,7637,0.11144125461578369,0.0,0.0,True,0.11144125461578369
0.9086213707923889,140.0,140.0,0.0,7638,0.09137863665819168,0.0,0.0,True,0.09137863665819168
1.0,1304.0,1304.0,0.0,7639,0.0,0.0,0.0,False,0.0
1.0,4801.0,4801.0,0.0,7640,0.0,0.0,0.0,False,0.0
0.9999999403953552,1144.0,1144.0,0.0,7641,0.0,0.0,0.0,False,0.0
1.0000001192092896,881.0,881.0,0.0,7642,0.0,0.0,0.0,False,0.0
0.9120532274246216,1.0,1.0,0.0,7643,0.087946817278862,0.0,0.0,True,0.087946817278862
1.0,1987.0,1987.0,0.0,7644,0.0,0.0,0.0,False,0.0
1.0,4616.0,4616.0,0.0,7645,0.0,0.0,0.0,False,0.0
1.0,919.0,919.0,0.0,7646,0.0,0.0,0.0,False,0.0
0.8779780864715576,1.0,1.0,0.0,7647,0.12202188372612,0.0,0.0,True,0.12202188372612
1.0,1556.0,1556.0,0.0,7648,0.0,0.0,0.0,False,0.0
0.9840585589408875,6349.0,6349.0,0.0,7649,0.015941502526402473,0.0,0.0,True,0.015941502526402473
1.0,57.0,57.0,0.0,7650,0.0,0.0,0.0,False,0.0
0.9999998807907104,7180.0,7180.0,0.0,7651,0.0,0.0,0.0,False,0.0
0.9859042167663574,7536.0,7536.0,0.0,7652,0.014095840975642204,0.0,0.0,True,0.014095840975642204
0.9693344831466675,5362.0,5362.0,0.0,7653,0.03066551312804222,0.0,0.0,True,0.03066551312804222
1.0,185.0,185.0,0.0,7654,0.0,0.0,0.0,False,0.0
1.0,2487.0,2487.0,0.0,7655,0.0,0.0,0.0,False,0.0
1.0,2467.0,2467.0,0.0,7656,0.0,0.0,0.0,False,0.0
1.0,1818.0,1818.0,0.0,7657,0.0,0.0,0.0,False,0.0
1.0,1370.0,1370.0,0.0,7658,0.0,0.0,0.0,False,0.0
0.9772876501083374,4269.0,4269.0,0.0,7659,0.022712314501404762,0.0,0.0,True,0.022712314501404762
1.0,3569.0,3569.0,0.0,7660,0.0,0.0,0.0,False,0.0
1.0,5598.0,5598.0,0.0,7661,0.0,0.0,0.0,False,0.0
1.0,4457.0,4457.0,0.0,7662,0.0,0.0,0.0,False,0.0
0.9999999403953552,2154.0,2154.0,0.0,7663,0.0,0.0,0.0,False,0.0
1.0,5161.0,5161.0,0.0,7664,0.0,0.0,0.0,False,0.0
0.9999999403953552,230.0,230.0,0.0,7665,0.0,0.0,0.0,False,0.0
1.0,3235.0,3235.0,0.0,7666,0.0,0.0,0.0,False,0.0
1.0,4959.0,4959.0,0.0,7667,0.0,0.0,0.0,False,0.0
0.9922010898590088,107.0,107.0,0.0,7668,0.0077989050187170506,0.0,0.0,True,0.0077989050187170506
1.0,6640.0,6640.0,0.0,7669,0.0,0.0,0.0,False,0.0
1.0,126.0,126.0,0.0,7670,0.0,0.0,0.0,False,0.0
0.9556461572647095,1022.0,1022.0,0.0,7671,0.04435386508703232,0.0,0.0,True,0.04435386508703232
1.0,4202.0,4202.0,0.0,7672,0.0,0.0,0.0,False,0.0
1.0,1242.0,1242.0,0.0,7673,0.0,0.0,0.0,False,0.0
1.0,1031.0,1031.0,0.0,7674,0.0,0.0,0.0,False,0.0
1.0,1156.0,1156.0,0.0,7675,0.0,0.0,0.0,False,0.0
1.0,6668.0,6668.0,0.0,7676,0.0,0.0,0.0,False,0.0
0.9720813632011414,7642.0,7642.0,0.0,7677,0.027918722480535507,0.0,0.0,True,0.027918722480535507
0.9456418752670288,1.0,1.0,0.0,7678,0.05435817316174507,0.0,0.0,True,0.05435817316174507
1.0,210.0,210.0,0.0,7679,0.0,0.0,0.0,False,0.0
0.9999999403953552,896.0,896.0,0.0,7680,0.0,0.0,0.0,False,0.0
0.9489943981170654,3140.0,3140.0,0.0,7681,0.0510055311024189,0.0,0.0,True,0.0510055311024189
1.0,2024.0,2024.0,0.0,7682,0.0,0.0,0.0,False,0.0
1.0,593.0,593.0,0.0,7683,0.0,0.0,0.0,False,0.0
0.9907047152519226,13.0,13.0,0.0,7684,0.00929526798427105,0.0,0.0,True,0.00929526798427105
0.9999998807907104,6087.0,6087.0,0.0,7685,0.0,0.0,0.0,False,0.0
1.0,5743.0,5743.0,0.0,7686,0.0,0.0,0.0,False,0.0
0.9415873289108276,4.0,4.0,0.0,7687,0.058412667363882065,0.0,0.0,True,0.058412667363882065
0.9748033285140991,14.0,14.0,0.0,7688,0.025196773931384087,0.0,0.0,True,0.025196773931384087
0.9999999403953552,1940.0,1940.0,0.0,7689,0.0,0.0,0.0,False,0.0
1.0,5514.0,5514.0,0.0,7690,0.0,0.0,0.0,False,0.0
1.0,2117.0,2117.0,0.0,7691,0.0,0.0,0.0,False,0.0
0.9678652286529541,7168.0,7168.0,0.0,7692,0.03213492035865784,0.0,0.0,True,0.03213492035865784
0.9802794456481934,15.0,15.0,0.0,7693,0.01972060091793537,0.0,0.0,True,0.01972060091793537
1.0,837.0,837.0,0.0,7694,0.0,0.0,0.0,False,0.0
1.0,1511.0,1511.0,0.0,7695,0.0,0.0,0.0,False,0.0
0.9903783798217773,2965.0,2965.0,0.0,7696,0.009621643461287022,0.0,0.0,True,0.009621643461287022
1.0,1839.0,1839.0,0.0,7697,0.0,0.0,0.0,False,0.0
0.9894322156906128,1.0,1.0,0.0,7698,0.010567809455096722,0.0,0.0,True,0.010567809455096722
0.9464308023452759,9.0,9.0,0.0,7699,0.05356916785240173,0.0,0.0,True,0.05356916785240173
1.0000001192092896,587.0,587.0,0.0,7700,0.0,0.0,0.0,False,0.0
0.9842480421066284,69.0,69.0,0.0,7701,0.015751944854855537,0.0,0.0,True,0.015751944854855537
0.9886959791183472,3462.0,3462.0,0.0,7702,0.011304098181426525,0.0,0.0,True,0.011304098181426525
1.0,111.0,111.0,0.0,7703,0.0,0.0,0.0,False,0.0
0.968571662902832,1.0,1.0,0.0,7704,0.031428366899490356,0.0,0.0,True,0.031428366899490356
0.9791651964187622,6282.0,6282.0,0.0,7705,0.020834850147366524,0.0,0.0,True,0.020834850147366524
1.0,1144.0,1144.0,0.0,7706,0.0,0.0,0.0,False,0.0
0.9999999403953552,74.0,74.0,0.0,7707,0.0,0.0,0.0,False,0.0
0.9999999403953552,7385.0,7385.0,0.0,7708,0.0,0.0,0.0,False,0.0
1.0,7361.0,7361.0,0.0,7709,0.0,0.0,0.0,False,0.0
1.0,2855.0,2855.0,0.0,7710,0.0,0.0,0.0,False,0.0
1.0,1314.0,1314.0,0.0,7711,0.0,0.0,0.0,False,0.0
1.0,3983.0,3983.0,0.0,7712,0.0,0.0,0.0,False,0.0
0.9639675617218018,3.0,3.0,0.0,7713,0.03603237867355347,0.0,0.0,True,0.03603237867355347
0.953131914138794,1.0,1.0,0.0,7714,0.04686809331178665,0.0,0.0,True,0.04686809331178665
1.0,2461.0,2461.0,0.0,7715,0.0,0.0,0.0,False,0.0
0.9458066821098328,1.0,1.0,0.0,7716,0.05419328436255455,0.0,0.0,True,0.05419328436255455
0.9393452405929565,4529.0,4529.0,0.0,7717,0.06065477803349495,0.0,0.0,True,0.06065477803349495
1.0,1647.0,1647.0,0.0,7718,0.0,0.0,0.0,False,0.0
1.0,2851.0,2851.0,0.0,7719,0.0,0.0,0.0,False,0.0
1.0,737.0,737.0,0.0,7720,0.0,0.0,0.0,False,0.0
0.9999998807907104,1458.0,1458.0,0.0,7721,0.0,0.0,0.0,False,0.0
1.0,6417.0,6417.0,0.0,7722,0.0,0.0,0.0,False,0.0
1.0,85.0,85.0,0.0,7723,0.0,0.0,0.0,False,0.0
1.0,1112.0,1112.0,0.0,7724,0.0,0.0,0.0,False,0.0
1.0,6456.0,6456.0,0.0,7725,0.0,0.0,0.0,False,0.0
0.9999999403953552,969.0,969.0,0.0,7726,0.0,0.0,0.0,False,0.0
1.0000001192092896,3910.0,3910.0,0.0,7727,0.0,0.0,0.0,False,0.0
1.0,818.0,818.0,0.0,7728,0.0,0.0,0.0,False,0.0
0.9933715462684631,1023.0,1023.0,0.0,7729,0.006628398783504963,0.0,0.0,True,0.006628398783504963
1.0000001192092896,585.0,585.0,0.0,7730,0.0,0.0,0.0,False,0.0
1.0,31.0,31.0,0.0,7731,0.0,0.0,0.0,False,0.0
1.0,1611.0,1611.0,0.0,7732,0.0,0.0,0.0,False,0.0
1.0,1130.0,1130.0,0.0,7733,0.0,0.0,0.0,False,0.0
1.0,2235.0,2235.0,0.0,7734,0.0,0.0,0.0,False,0.0
1.0,3459.0,3459.0,0.0,7735,0.0,0.0,0.0,False,0.0
1.0,7135.0,7135.0,0.0,7736,0.0,0.0,0.0,False,0.0
1.0,7359.0,7359.0,0.0,7737,0.0,0.0,0.0,False,0.0
1.0,327.0,327.0,0.0,7738,0.0,0.0,0.0,False,0.0
0.9473556280136108,1.0,1.0,0.0,7739,0.052644386887550354,0.0,0.0,True,0.052644386887550354
1.0,1387.0,1387.0,0.0,7740,0.0,0.0,0.0,False,0.0
0.9241310358047485,1.0,1.0,0.0,7741,0.07586891204118729,0.0,0.0,True,0.07586891204118729
1.0,1838.0,1838.0,0.0,7742,0.0,0.0,0.0,False,0.0
1.0,390.0,390.0,0.0,7743,0.0,0.0,0.0,False,0.0
1.0,7456.0,7456.0,0.0,7744,0.0,0.0,0.0,False,0.0
0.9269531965255737,1.0,1.0,0.0,7745,0.07304679602384567,0.0,0.0,True,0.07304679602384567
0.9733937978744507,246.0,246.0,0.0,7746,0.026606308296322823,0.0,0.0,True,0.026606308296322823
0.9893954992294312,5976.0,5976.0,0.0,7747,0.010604476556181908,0.0,0.0,True,0.010604476556181908
1.0000001192092896,4948.0,4948.0,0.0,7748,0.0,0.0,0.0,False,0.0
1.0000001192092896,312.0,312.0,0.0,7749,0.0,0.0,0.0,False,0.0
1.0,283.0,283.0,0.0,7750,0.0,0.0,0.0,False,0.0
0.9583951234817505,209.0,209.0,0.0,7751,0.041604869067668915,0.0,0.0,True,0.041604869067668915
1.0,1122.0,1122.0,0.0,7752,0.0,0.0,0.0,False,0.0
1.0,4257.0,4257.0,0.0,7753,0.0,0.0,0.0,False,0.0
1.0,2599.0,2599.0,0.0,7754,0.0,0.0,0.0,False,0.0
0.9999999403953552,4836.0,4836.0,0.0,7755,0.0,0.0,0.0,False,0.0
0.9919681549072266,137.0,137.0,0.0,7756,0.00803182553499937,0.0,0.0,True,0.00803182553499937
0.9999999403953552,2616.0,2616.0,0.0,7757,0.0,0.0,0.0,False,0.0
0.9915084838867188,5658.0,5658.0,0.0,7758,0.008491471409797668,0.0,0.0,True,0.008491471409797668
0.9744035005569458,4385.0,4385.0,0.0,7759,0.025596553459763527,0.0,0.0,True,0.025596553459763527
0.9999999403953552,1470.0,1470.0,0.0,7760,0.0,0.0,0.0,False,0.0
0.938291609287262,1.0,1.0,0.0,7761,0.061708368360996246,0.0,0.0,True,0.061708368360996246
1.0,2316.0,2316.0,0.0,7762,0.0,0.0,0.0,False,0.0
1.0,4727.0,4727.0,0.0,7763,0.0,0.0,0.0,False,0.0
1.0,2358.0,2358.0,0.0,7764,0.0,0.0,0.0,False,0.0
0.9528205990791321,1.0,1.0,0.0,7765,0.04717938229441643,0.0,0.0,True,0.04717938229441643
1.0,1902.0,1902.0,0.0,7766,0.0,0.0,0.0,False,0.0
1.0,2230.0,2230.0,0.0,7767,0.0,0.0,0.0,False,0.0
1.0,173.0,173.0,0.0,7768,0.0,0.0,0.0,False,0.0
1.0,1959.0,1959.0,0.0,7769,0.0,0.0,0.0,False,0.0
0.9496718645095825,1.0,1.0,0.0,7770,0.050328101962804794,0.0,0.0,True,0.050328101962804794
0.9194342494010925,1.0,1.0,0.0,7771,0.08056578785181046,0.0,0.0,True,0.08056578785181046
1.0,3768.0,3768.0,0.0,7772,0.0,0.0,0.0,False,0.0
0.8984603881835938,1.0,1.0,0.0,7773,0.10153964906930923,0.0,0.0,True,0.10153964906930923
0.9670575857162476,910.0,910.0,0.0,7774,0.032942403107881546,0.0,0.0,True,0.032942403107881546
1.0,5426.0,5426.0,0.0,7775,0.0,0.0,0.0,False,0.0
1.0,2878.0,2878.0,0.0,7776,0.0,0.0,0.0,False,0.0
1.0,1124.0,1124.0,0.0,7777,0.0,0.0,0.0,False,0.0
0.9999999403953552,4623.0,4623.0,0.0,7778,0.0,0.0,0.0,False,0.0
0.9999999403953552,5591.0,5591.0,0.0,7779,0.0,0.0,0.0,False,0.0
0.9721294641494751,7107.0,7107.0,0.0,7780,0.027870431542396545,0.0,0.0,True,0.027870431542396545
0.9785798192024231,2105.0,2105.0,0.0,7781,0.021420171484351158,0.0,0.0,True,0.021420171484351158
1.0,5624.0,5624.0,0.0,7782,0.0,0.0,0.0,False,0.0
1.0,4691.0,4691.0,0.0,7783,0.0,0.0,0.0,False,0.0
1.0,1856.0,1856.0,0.0,7784,0.0,0.0,0.0,False,0.0
1.0,4768.0,4768.0,0.0,7785,0.0,0.0,0.0,False,0.0
1.0,69.0,69.0,0.0,7786,0.0,0.0,0.0,False,0.0
1.0,3432.0,3432.0,0.0,7787,0.0,0.0,0.0,False,0.0
1.0,8.0,8.0,0.0,7788,0.0,0.0,0.0,False,0.0
1.0,4686.0,4686.0,0.0,7789,0.0,0.0,0.0,False,0.0
0.955324649810791,156.0,156.0,0.0,7790,0.044675327837467194,0.0,0.0,True,0.044675327837467194
0.9648424983024597,1038.0,1038.0,0.0,7791,0.03515744209289551,0.0,0.0,True,0.03515744209289551
0.9999998807907104,5152.0,5152.0,0.0,7792,0.0,0.0,0.0,False,0.0
1.0,7371.0,7371.0,0.0,7793,0.0,0.0,0.0,False,0.0
0.9999999403953552,7036.0,7036.0,0.0,7794,0.0,0.0,0.0,False,0.0
1.0,4709.0,4709.0,0.0,7795,0.0,0.0,0.0,False,0.0
1.0,148.0,148.0,0.0,7796,0.0,0.0,0.0,False,0.0
1.0,5336.0,5336.0,0.0,7797,0.0,0.0,0.0,False,0.0
1.0,182.0,182.0,0.0,7798,0.0,0.0,0.0,False,0.0
1.0,6066.0,6066.0,0.0,7799,0.0,0.0,0.0,False,0.0
1.0,5884.0,5884.0,0.0,7800,0.0,0.0,0.0,False,0.0
0.9999999403953552,3937.0,3937.0,0.0,7801,0.0,0.0,0.0,False,0.0
1.0,1297.0,1297.0,0.0,7802,0.0,0.0,0.0,False,0.0
1.0,196.0,196.0,0.0,7803,0.0,0.0,0.0,False,0.0
0.9814424514770508,2764.0,2764.0,0.0,7804,0.018557559698820114,0.0,0.0,True,0.018557559698820114
1.0,2465.0,2465.0,0.0,7805,0.0,0.0,0.0,False,0.0
1.0,369.0,369.0,0.0,7806,0.0,0.0,0.0,False,0.0
0.9999999403953552,3533.0,3533.0,0.0,7807,0.0,0.0,0.0,False,0.0
1.0000001192092896,562.0,562.0,0.0,7808,0.0,0.0,0.0,False,0.0
0.9555336833000183,1.0,1.0,0.0,7809,0.044466421008110046,0.0,0.0,True,0.044466421008110046
0.9859476685523987,5426.0,5426.0,0.0,7810,0.014052373357117176,0.0,0.0,True,0.014052373357117176
1.0,1108.0,1108.0,0.0,7811,0.0,0.0,0.0,False,0.0
1.0,827.0,827.0,0.0,7812,0.0,0.0,0.0,False,0.0
0.9432640671730042,1857.0,1857.0,0.0,7813,0.05673595145344734,0.0,0.0,True,0.05673595145344734
1.0,1352.0,1352.0,0.0,7814,0.0,0.0,0.0,False,0.0
1.0,7135.0,7135.0,0.0,7815,0.0,0.0,0.0,False,0.0
1.0,1327.0,1327.0,0.0,7816,0.0,0.0,0.0,False,0.0
1.0,7289.0,7289.0,0.0,7817,0.0,0.0,0.0,False,0.0
0.9999999403953552,7161.0,7161.0,0.0,7818,0.0,0.0,0.0,False,0.0
0.9853534698486328,2548.0,2548.0,0.0,7819,0.014646447263658047,0.0,0.0,True,0.014646447263658047
1.0,4344.0,4344.0,0.0,7820,0.0,0.0,0.0,False,0.0
1.0,3391.0,3391.0,0.0,7821,0.0,0.0,0.0,False,0.0
0.9786401391029358,4281.0,4281.0,0.0,7822,0.021359873935580254,0.0,0.0,True,0.021359873935580254
0.9099553823471069,937.0,937.0,0.0,7823,0.09004460275173187,0.0,0.0,True,0.09004460275173187
0.9711204767227173,1.0,1.0,0.0,7824,0.02887946180999279,0.0,0.0,True,0.02887946180999279
0.9788652658462524,40.0,40.0,0.0,7825,0.021134698763489723,0.0,0.0,True,0.021134698763489723
0.9575144052505493,58.0,58.0,0.0,7826,0.04248557239770889,0.0,0.0,True,0.04248557239770889
0.9877728223800659,7229.0,7229.0,0.0,7827,0.012227200902998447,0.0,0.0,True,0.012227200902998447
1.0,3644.0,3644.0,0.0,7828,0.0,0.0,0.0,False,0.0
0.8805699944496155,1074.0,1074.0,0.0,7829,0.11943008005619049,0.0,0.0,True,0.11943008005619049
1.0,1958.0,1958.0,0.0,7830,0.0,0.0,0.0,False,0.0
0.9999999403953552,501.0,501.0,0.0,7831,0.0,0.0,0.0,False,0.0
0.9710211157798767,1998.0,1998.0,0.0,7832,0.028978921473026276,0.0,0.0,True,0.028978921473026276
1.0,3159.0,3159.0,0.0,7833,0.0,0.0,0.0,False,0.0
1.0,1367.0,1367.0,0.0,7834,0.0,0.0,0.0,False,0.0
0.9999999403953552,3638.0,3638.0,0.0,7835,0.0,0.0,0.0,False,0.0
0.9768778085708618,2051.0,2051.0,0.0,7836,0.023122193291783333,0.0,0.0,True,0.023122193291783333
1.0,4267.0,4267.0,0.0,7837,0.0,0.0,0.0,False,0.0
1.0,3637.0,3637.0,0.0,7838,0.0,0.0,0.0,False,0.0
1.0,1811.0,1811.0,0.0,7839,0.0,0.0,0.0,False,0.0
0.9879404902458191,592.0,592.0,0.0,7840,0.012059557251632214,0.0,0.0,True,0.012059557251632214
1.0,285.0,285.0,0.0,7841,0.0,0.0,0.0,False,0.0
1.0,2134.0,2134.0,0.0,7842,0.0,0.0,0.0,False,0.0
0.9999999403953552,5263.0,5263.0,0.0,7843,0.0,0.0,0.0,False,0.0
0.9999999403953552,638.0,638.0,0.0,7844,0.0,0.0,0.0,False,0.0
1.0,2058.0,2058.0,0.0,7845,0.0,0.0,0.0,False,0.0
0.9964425563812256,4434.0,4434.0,0.0,7846,0.003557455725967884,0.0,0.0,True,0.003557455725967884
0.9634017944335938,3443.0,3443.0,0.0,7847,0.03659825026988983,0.0,0.0,True,0.03659825026988983
1.0,1637.0,1637.0,0.0,7848,0.0,0.0,0.0,False,0.0
0.9999998807907104,2766.0,2766.0,0.0,7849,0.0,0.0,0.0,False,0.0
0.9957120418548584,5677.0,5677.0,0.0,7850,0.00428794464096427,0.0,0.0,True,0.00428794464096427
1.0,2527.0,2527.0,0.0,7851,0.0,0.0,0.0,False,0.0
1.0,6943.0,6943.0,0.0,7852,0.0,0.0,0.0,False,0.0
1.0,6219.0,6219.0,0.0,7853,0.0,0.0,0.0,False,0.0
0.9788261651992798,4442.0,4442.0,0.0,7854,0.021173778921365738,0.0,0.0,True,0.021173778921365738
1.0,1080.0,1080.0,0.0,7855,0.0,0.0,0.0,False,0.0
1.0,1527.0,1527.0,0.0,7856,0.0,0.0,0.0,False,0.0
0.9829422831535339,1848.0,1848.0,0.0,7857,0.01705770194530487,0.0,0.0,True,0.01705770194530487
1.0000001192092896,7022.0,7022.0,0.0,7858,0.0,0.0,0.0,False,0.0
0.9838352203369141,4342.0,4342.0,0.0,7859,0.016164829954504967,0.0,0.0,True,0.016164829954504967
0.9883458614349365,2089.0,2089.0,0.0,7860,0.01165415532886982,0.0,0.0,True,0.01165415532886982
0.955528974533081,743.0,743.0,0.0,7861,0.044470928609371185,0.0,0.0,True,0.044470928609371185
1.0,2202.0,2202.0,0.0,7862,0.0,0.0,0.0,False,0.0
1.0000001192092896,626.0,626.0,0.0,7863,0.0,0.0,0.0,False,0.0
0.9598483443260193,4540.0,4540.0,0.0,7864,0.040151648223400116,0.0,0.0,True,0.040151648223400116
1.0,2157.0,2157.0,0.0,7865,0.0,0.0,0.0,False,0.0
0.9813356995582581,1.0,1.0,0.0,7866,0.018664289265871048,0.0,0.0,True,0.018664289265871048
0.9738408327102661,1917.0,1917.0,0.0,7867,0.026159057393670082,0.0,0.0,True,0.026159057393670082
1.0,956.0,956.0,0.0,7868,0.0,0.0,0.0,False,0.0
0.9999999403953552,2428.0,2428.0,0.0,7869,0.0,0.0,0.0,False,0.0
1.0,132.0,132.0,0.0,7870,0.0,0.0,0.0,False,0.0
0.9760528802871704,175.0,175.0,0.0,7871,0.02394716814160347,0.0,0.0,True,0.02394716814160347
1.0000001192092896,761.0,761.0,0.0,7872,0.0,0.0,0.0,False,0.0
1.0,4364.0,4364.0,0.0,7873,0.0,0.0,0.0,False,0.0
0.9559992551803589,1056.0,1056.0,0.0,7874,0.044000715017318726,0.0,0.0,True,0.044000715017318726
0.9999999403953552,6093.0,6093.0,0.0,7875,0.0,0.0,0.0,False,0.0
0.9201348423957825,256.0,256.0,0.0,7876,0.0798652172088623,0.0,0.0,True,0.0798652172088623
1.0,919.0,919.0,0.0,7877,0.0,0.0,0.0,False,0.0
0.9999999403953552,6633.0,6633.0,0.0,7878,0.0,0.0,0.0,False,0.0
0.9672460556030273,206.0,206.0,0.0,7879,0.03275388851761818,0.0,0.0,True,0.03275388851761818
1.0,3092.0,3092.0,0.0,7880,0.0,0.0,0.0,False,0.0
1.0,112.0,112.0,0.0,7881,0.0,0.0,0.0,False,0.0
0.9734144806861877,1054.0,1054.0,0.0,7882,0.02658551186323166,0.0,0.0,True,0.02658551186323166
0.9833942651748657,6444.0,6444.0,0.0,7883,0.01660577394068241,0.0,0.0,True,0.01660577394068241
0.9849746227264404,1.0,1.0,0.0,7884,0.01502539124339819,0.0,0.0,True,0.01502539124339819
0.9601482152938843,3075.0,3075.0,0.0,7885,0.03985181823372841,0.0,0.0,True,0.03985181823372841
0.9507629871368408,3482.0,3482.0,0.0,7886,0.04923705384135246,0.0,0.0,True,0.04923705384135246
1.0,6309.0,6309.0,0.0,7887,0.0,0.0,0.0,False,0.0
1.0,3640.0,3640.0,0.0,7888,0.0,0.0,0.0,False,0.0
1.0,1723.0,1723.0,0.0,7889,0.0,0.0,0.0,False,0.0
1.0,1080.0,1080.0,0.0,7890,0.0,0.0,0.0,False,0.0
1.0,2000.0,2000.0,0.0,7891,0.0,0.0,0.0,False,0.0
1.0,6720.0,6720.0,0.0,7892,0.0,0.0,0.0,False,0.0
0.9999999403953552,2433.0,2433.0,0.0,7893,0.0,0.0,0.0,False,0.0
0.974524974822998,246.0,246.0,0.0,7894,0.025475049391388893,0.0,0.0,True,0.025475049391388893
1.0,3998.0,3998.0,0.0,7895,0.0,0.0,0.0,False,0.0
1.0,7676.0,7676.0,0.0,7896,0.0,0.0,0.0,False,0.0
0.9999998807907104,159.0,159.0,0.0,7897,0.0,0.0,0.0,False,0.0
0.9999999403953552,1162.0,1162.0,0.0,7898,0.0,0.0,0.0,False,0.0
0.9732049107551575,6275.0,6275.0,0.0,7899,0.026795055717229843,0.0,0.0,True,0.026795055717229843
1.0,7204.0,7204.0,0.0,7900,0.0,0.0,0.0,False,0.0
1.0,5483.0,5483.0,0.0,7901,0.0,0.0,0.0,False,0.0
1.0,3492.0,3492.0,0.0,7902,0.0,0.0,0.0,False,0.0
0.9716054201126099,845.0,845.0,0.0,7903,0.02839450165629387,0.0,0.0,True,0.02839450165629387
1.0,7257.0,7257.0,0.0,7904,0.0,0.0,0.0,False,0.0
1.0,5698.0,5698.0,0.0,7905,0.0,0.0,0.0,False,0.0
0.9999999403953552,47.0,47.0,0.0,7906,0.0,0.0,0.0,False,0.0
1.0,2767.0,2767.0,0.0,7907,0.0,0.0,0.0,False,0.0
0.9617620706558228,5059.0,5059.0,0.0,7908,0.038237906992435455,0.0,0.0,True,0.038237906992435455
1.0,5374.0,5374.0,0.0,7909,0.0,0.0,0.0,False,0.0
1.0,39.0,39.0,0.0,7910,0.0,0.0,0.0,False,0.0
0.9716233611106873,5426.0,5426.0,0.0,7911,0.028376707807183266,0.0,0.0,True,0.028376707807183266
1.0,6784.0,6784.0,0.0,7912,0.0,0.0,0.0,False,0.0
0.9916604161262512,1259.0,1259.0,0.0,7913,0.00833958387374878,0.0,0.0,True,0.00833958387374878
0.981414794921875,1156.0,1156.0,0.0,7914,0.01858522556722164,0.0,0.0,True,0.01858522556722164
1.0,4756.0,4756.0,0.0,7915,0.0,0.0,0.0,False,0.0
0.940109133720398,1668.0,1668.0,0.0,7916,0.05989088490605354,0.0,0.0,True,0.05989088490605354
0.9932371973991394,2952.0,2952.0,0.0,7917,0.00676287105306983,0.0,0.0,True,0.00676287105306983
1.0,1518.0,1518.0,0.0,7918,0.0,0.0,0.0,False,0.0
1.0,2605.0,2605.0,0.0,7919,0.0,0.0,0.0,False,0.0
1.0,7592.0,7592.0,0.0,7920,0.0,0.0,0.0,False,0.0
1.0,2.0,2.0,0.0,7921,0.0,0.0,0.0,False,0.0
1.0,5206.0,5206.0,0.0,7922,0.0,0.0,0.0,False,0.0
0.9999999403953552,3753.0,3753.0,0.0,7923,0.0,0.0,0.0,False,0.0
1.0,6092.0,6092.0,0.0,7924,0.0,0.0,0.0,False,0.0
1.0,5764.0,5764.0,0.0,7925,0.0,0.0,0.0,False,0.0
1.0,686.0,686.0,0.0,7926,0.0,0.0,0.0,False,0.0
1.0,6463.0,6463.0,0.0,7927,0.0,0.0,0.0,False,0.0
1.0,456.0,456.0,0.0,7928,0.0,0.0,0.0,False,0.0
1.0,1544.0,1544.0,0.0,7929,0.0,0.0,0.0,False,0.0
1.0,4172.0,4172.0,0.0,7930,0.0,0.0,0.0,False,0.0
0.969067394733429,1665.0,1665.0,0.0,7931,0.030932575464248657,0.0,0.0,True,0.030932575464248657
1.0,7679.0,7679.0,0.0,7932,0.0,0.0,0.0,False,0.0
0.916254997253418,2015.0,2015.0,0.0,7933,0.0837450623512268,0.0,0.0,True,0.0837450623512268
1.0000001192092896,1015.0,1015.0,0.0,7934,0.0,0.0,0.0,False,0.0
0.9999999403953552,1.0,1.0,0.0,7935,0.0,0.0,0.0,False,0.0
0.9866794943809509,4939.0,4939.0,0.0,7936,0.013320501893758774,0.0,0.0,True,0.013320501893758774
0.9481955170631409,5489.0,5489.0,0.0,7937,0.05180453509092331,0.0,0.0,True,0.05180453509092331
0.9192622303962708,1985.0,1985.0,0.0,7938,0.08073778450489044,0.0,0.0,True,0.08073778450489044
1.0,970.0,970.0,0.0,7939,0.0,0.0,0.0,False,0.0
1.0,1926.0,1926.0,0.0,7940,0.0,0.0,0.0,False,0.0
0.9999999403953552,1925.0,1925.0,0.0,7941,0.0,0.0,0.0,False,0.0
1.0,30.0,30.0,0.0,7942,0.0,0.0,0.0,False,0.0
1.0,4940.0,4940.0,0.0,7943,0.0,0.0,0.0,False,0.0
1.0,3531.0,3531.0,0.0,7944,0.0,0.0,0.0,False,0.0
0.9869699478149414,1665.0,1665.0,0.0,7945,0.013030126690864563,0.0,0.0,True,0.013030126690864563
1.0,1226.0,1226.0,0.0,7946,0.0,0.0,0.0,False,0.0
1.0,5048.0,5048.0,0.0,7947,0.0,0.0,0.0,False,0.0
1.0,5103.0,5103.0,0.0,7948,0.0,0.0,0.0,False,0.0
0.9855474233627319,1.0,1.0,0.0,7949,0.014452598057687283,0.0,0.0,True,0.014452598057687283
0.9882338047027588,1878.0,1878.0,0.0,7950,0.011766293086111546,0.0,0.0,True,0.011766293086111546
1.0000001192092896,360.0,360.0,0.0,7951,0.0,0.0,0.0,False,0.0
1.0,991.0,991.0,0.0,7952,0.0,0.0,0.0,False,0.0
0.9669263362884521,1.0,1.0,0.0,7953,0.033073633909225464,0.0,0.0,True,0.033073633909225464
1.0,6329.0,6329.0,0.0,7954,0.0,0.0,0.0,False,0.0
0.9999998807907104,1563.0,1563.0,0.0,7955,0.0,0.0,0.0,False,0.0
0.9820849895477295,22.0,22.0,0.0,7956,0.017915012314915657,0.0,0.0,True,0.017915012314915657
0.955453634262085,975.0,975.0,0.0,7957,0.04454644024372101,0.0,0.0,True,0.04454644024372101
1.0,7404.0,7404.0,0.0,7958,0.0,0.0,0.0,False,0.0
0.9313815832138062,5.0,5.0,0.0,7959,0.06861834228038788,0.0,0.0,True,0.06861834228038788
0.9979326128959656,5131.0,5131.0,0.0,7960,0.0020673226099461317,0.0,0.0,True,0.0020673226099461317
0.9916852712631226,572.0,572.0,0.0,7961,0.008314713835716248,0.0,0.0,True,0.008314713835716248
1.0,4232.0,4232.0,0.0,7962,0.0,0.0,0.0,False,0.0
0.9999999403953552,3073.0,3073.0,0.0,7963,0.0,0.0,0.0,False,0.0
1.0000001192092896,5776.0,5776.0,0.0,7964,0.0,0.0,0.0,False,0.0
0.965665340423584,1.0,1.0,0.0,7965,0.03433464840054512,0.0,0.0,True,0.03433464840054512
1.0,4027.0,4027.0,0.0,7966,0.0,0.0,0.0,False,0.0
1.0,3597.0,3597.0,0.0,7967,0.0,0.0,0.0,False,0.0
0.990767240524292,18.0,18.0,0.0,7968,0.009232733398675919,0.0,0.0,True,0.009232733398675919
0.9999998807907104,4823.0,4823.0,0.0,7969,0.0,0.0,0.0,False,0.0
0.9838413000106812,7404.0,7404.0,0.0,7970,0.01615866646170616,0.0,0.0,True,0.01615866646170616
0.9288896322250366,1.0,1.0,0.0,7971,0.0711103305220604,0.0,0.0,True,0.0711103305220604
1.0,6519.0,6519.0,0.0,7972,0.0,0.0,0.0,False,0.0
1.0,1078.0,1078.0,0.0,7973,0.0,0.0,0.0,False,0.0
0.9999999403953552,4231.0,4231.0,0.0,7974,0.0,0.0,0.0,False,0.0
1.0000001192092896,754.0,754.0,0.0,7975,0.0,0.0,0.0,False,0.0
0.9040533304214478,763.0,763.0,0.0,7976,0.09594663977622986,0.0,0.0,True,0.09594663977622986
0.9737895131111145,6456.0,6456.0,0.0,7977,0.026210526004433632,0.0,0.0,True,0.026210526004433632
1.0,657.0,657.0,0.0,7978,0.0,0.0,0.0,False,0.0
1.0,609.0,609.0,0.0,7979,0.0,0.0,0.0,False,0.0
0.9999999403953552,3957.0,3957.0,0.0,7980,0.0,0.0,0.0,False,0.0
1.0,6090.0,6090.0,0.0,7981,0.0,0.0,0.0,False,0.0
0.9999999403953552,5946.0,5946.0,0.0,7982,0.0,0.0,0.0,False,0.0
1.0,3450.0,3450.0,0.0,7983,0.0,0.0,0.0,False,0.0
0.9163058996200562,1.0,1.0,0.0,7984,0.08369405567646027,0.0,0.0,True,0.08369405567646027
1.0,1013.0,1013.0,0.0,7985,0.0,0.0,0.0,False,0.0
1.0,479.0,479.0,0.0,7986,0.0,0.0,0.0,False,0.0
1.0,4915.0,4915.0,0.0,7987,0.0,0.0,0.0,False,0.0
1.0,7003.0,7003.0,0.0,7988,0.0,0.0,0.0,False,0.0
1.0,728.0,728.0,0.0,7989,0.0,0.0,0.0,False,0.0
0.9999999403953552,5340.0,5340.0,0.0,7990,0.0,0.0,0.0,False,0.0
0.9462045431137085,1788.0,1788.0,0.0,7991,0.05379538610577583,0.0,0.0,True,0.05379538610577583
1.0,5764.0,5764.0,0.0,7992,0.0,0.0,0.0,False,0.0
1.0000001192092896,6678.0,6678.0,0.0,7993,0.0,0.0,0.0,False,0.0
0.9762884378433228,7569.0,7569.0,0.0,7994,0.02371155098080635,0.0,0.0,True,0.02371155098080635
0.9403255581855774,507.0,507.0,0.0,7995,0.05967450141906738,0.0,0.0,True,0.05967450141906738
1.0,222.0,222.0,0.0,7996,0.0,0.0,0.0,False,0.0
0.9953403472900391,5322.0,5322.0,0.0,7997,0.004659747704863548,0.0,0.0,True,0.004659747704863548
1.0,976.0,976.0,0.0,7998,0.0,0.0,0.0,False,0.0
0.9319949746131897,1.0,1.0,0.0,7999,0.0680050179362297,0.0,0.0,True,0.0680050179362297
1.0,681.0,681.0,0.0,8000,0.0,0.0,0.0,False,0.0
1.0,5302.0,5302.0,0.0,8001,0.0,0.0,0.0,False,0.0
1.0,5823.0,5823.0,0.0,8002,0.0,0.0,0.0,False,0.0
1.0,1525.0,1525.0,0.0,8003,0.0,0.0,0.0,False,0.0
0.9999999403953552,5466.0,5466.0,0.0,8004,0.0,0.0,0.0,False,0.0
0.91910719871521,1.0,1.0,0.0,8005,0.08089294284582138,0.0,0.0,True,0.08089294284582138
0.915147602558136,1.0,1.0,0.0,8006,0.08485236763954163,0.0,0.0,True,0.08485236763954163
0.8957304954528809,1383.0,1383.0,0.0,8007,0.10426954925060272,0.0,0.0,True,0.10426954925060272
1.0,205.0,205.0,0.0,8008,0.0,0.0,0.0,False,0.0
0.9838010668754578,2911.0,2911.0,0.0,8009,0.01619892194867134,0.0,0.0,True,0.01619892194867134
1.0,6380.0,6380.0,0.0,8010,0.0,0.0,0.0,False,0.0
1.0,458.0,458.0,0.0,8011,0.0,0.0,0.0,False,0.0
1.0,3330.0,3330.0,0.0,8012,0.0,0.0,0.0,False,0.0
1.0,1040.0,1040.0,0.0,8013,0.0,0.0,0.0,False,0.0
0.9876022934913635,911.0,911.0,0.0,8014,0.012397761456668377,0.0,0.0,True,0.012397761456668377
1.0,1876.0,1876.0,0.0,8015,0.0,0.0,0.0,False,0.0
0.990547776222229,6812.0,6812.0,0.0,8016,0.00945221446454525,0.0,0.0,True,0.00945221446454525
1.0,5397.0,5397.0,0.0,8017,0.0,0.0,0.0,False,0.0
0.9182998538017273,1.0,1.0,0.0,8018,0.08170012384653091,0.0,0.0,True,0.08170012384653091
1.0,6580.0,6580.0,0.0,8019,0.0,0.0,0.0,False,0.0
1.0,4859.0,4859.0,0.0,8020,0.0,0.0,0.0,False,0.0
0.9999999403953552,1613.0,1613.0,0.0,8021,0.0,0.0,0.0,False,0.0
1.0,2942.0,2942.0,0.0,8022,0.0,0.0,0.0,False,0.0
0.9785125255584717,344.0,344.0,0.0,8023,0.021487468853592873,0.0,0.0,True,0.021487468853592873
1.0,5128.0,5128.0,0.0,8024,0.0,0.0,0.0,False,0.0
1.0,428.0,428.0,0.0,8025,0.0,0.0,0.0,False,0.0
1.0,463.0,463.0,0.0,8026,0.0,0.0,0.0,False,0.0
1.0,4886.0,4886.0,0.0,8027,0.0,0.0,0.0,False,0.0
1.0,6425.0,6425.0,0.0,8028,0.0,0.0,0.0,False,0.0
1.0,7340.0,7340.0,0.0,8029,0.0,0.0,0.0,False,0.0
1.0,1577.0,1577.0,0.0,8030,0.0,0.0,0.0,False,0.0
1.0,1245.0,1245.0,0.0,8031,0.0,0.0,0.0,False,0.0
1.0,4482.0,4482.0,0.0,8032,0.0,0.0,0.0,False,0.0
1.0,7062.0,7062.0,0.0,8033,0.0,0.0,0.0,False,0.0
0.9381316304206848,1.0,1.0,0.0,8034,0.06186828389763832,0.0,0.0,True,0.06186828389763832
1.0000001192092896,5114.0,5114.0,0.0,8035,0.0,0.0,0.0,False,0.0
1.0,2415.0,2415.0,0.0,8036,0.0,0.0,0.0,False,0.0
1.0,5653.0,5653.0,0.0,8037,0.0,0.0,0.0,False,0.0
1.0,846.0,846.0,0.0,8038,0.0,0.0,0.0,False,0.0
0.9888612031936646,3592.0,3592.0,0.0,8039,0.011138873174786568,0.0,0.0,True,0.011138873174786568
0.9777408242225647,3847.0,3847.0,0.0,8040,0.022259226068854332,0.0,0.0,True,0.022259226068854332
1.0,2243.0,2243.0,0.0,8041,0.0,0.0,0.0,False,0.0
1.0,56.0,56.0,0.0,8042,0.0,0.0,0.0,False,0.0
1.0,6111.0,6111.0,0.0,8043,0.0,0.0,0.0,False,0.0
0.9594388008117676,6484.0,6484.0,0.0,8044,0.04056123271584511,0.0,0.0,True,0.04056123271584511
1.0,175.0,175.0,0.0,8045,0.0,0.0,0.0,False,0.0
0.9499478936195374,3273.0,3273.0,0.0,8046,0.050052106380462646,0.0,0.0,True,0.050052106380462646
1.0,1795.0,1795.0,0.0,8047,0.0,0.0,0.0,False,0.0
0.9999999403953552,821.0,821.0,0.0,8048,0.0,0.0,0.0,False,0.0
0.9859837889671326,1364.0,1364.0,0.0,8049,0.014016305096447468,0.0,0.0,True,0.014016305096447468
1.0,5871.0,5871.0,0.0,8050,0.0,0.0,0.0,False,0.0
1.0,436.0,436.0,0.0,8051,0.0,0.0,0.0,False,0.0
1.0,45.0,45.0,0.0,8052,0.0,0.0,0.0,False,0.0
0.9592489004135132,1.0,1.0,0.0,8053,0.04075112193822861,0.0,0.0,True,0.04075112193822861
0.9652491211891174,1189.0,1189.0,0.0,8054,0.03475088253617287,0.0,0.0,True,0.03475088253617287
0.9416729807853699,169.0,169.0,0.0,8055,0.05832696333527565,0.0,0.0,True,0.05832696333527565
0.9333109855651855,1.0,1.0,0.0,8056,0.06668900698423386,0.0,0.0,True,0.06668900698423386
0.9999999403953552,3028.0,3028.0,0.0,8057,0.0,0.0,0.0,False,0.0
1.0,2072.0,2072.0,0.0,8058,0.0,0.0,0.0,False,0.0
0.9877537488937378,7406.0,7406.0,0.0,8059,0.012246289290487766,0.0,0.0,True,0.012246289290487766
0.9711527824401855,2770.0,2770.0,0.0,8060,0.028847120702266693,0.0,0.0,True,0.028847120702266693
1.0000001192092896,321.0,321.0,0.0,8061,0.0,0.0,0.0,False,0.0
0.9999998807907104,6785.0,6785.0,0.0,8062,0.0,0.0,0.0,False,0.0
0.969102144241333,5591.0,5591.0,0.0,8063,0.030897893011569977,0.0,0.0,True,0.030897893011569977
1.0,85.0,85.0,0.0,8064,0.0,0.0,0.0,False,0.0
0.9438112378120422,1.0,1.0,0.0,8065,0.05618880316615105,0.0,0.0,True,0.05618880316615105
1.0,3928.0,3928.0,0.0,8066,0.0,0.0,0.0,False,0.0
1.0,42.0,42.0,0.0,8067,0.0,0.0,0.0,False,0.0
0.9941505789756775,3676.0,3676.0,0.0,8068,0.005849439650774002,0.0,0.0,True,0.005849439650774002
1.0,5928.0,5928.0,0.0,8069,0.0,0.0,0.0,False,0.0
0.9999999403953552,1113.0,1113.0,0.0,8070,0.0,0.0,0.0,False,0.0
0.9999998807907104,3746.0,3746.0,0.0,8071,0.0,0.0,0.0,False,0.0
0.964809775352478,3114.0,3114.0,0.0,8072,0.0351901538670063,0.0,0.0,True,0.0351901538670063
1.0,1781.0,1781.0,0.0,8073,0.0,0.0,0.0,False,0.0
0.9831590056419373,1736.0,1736.0,0.0,8074,0.01684102602303028,0.0,0.0,True,0.01684102602303028
1.0,316.0,316.0,0.0,8075,0.0,0.0,0.0,False,0.0
0.9471487998962402,1090.0,1090.0,0.0,8076,0.052851200103759766,0.0,0.0,True,0.052851200103759766
1.0,6481.0,6481.0,0.0,8077,0.0,0.0,0.0,False,0.0
0.9443055391311646,18.0,18.0,0.0,8078,0.05569453537464142,0.0,0.0,True,0.05569453537464142
1.0,3289.0,3289.0,0.0,8079,0.0,0.0,0.0,False,0.0
1.0,5941.0,5941.0,0.0,8080,0.0,0.0,0.0,False,0.0
0.930760383605957,1.0,1.0,0.0,8081,0.06923963129520416,0.0,0.0,True,0.06923963129520416
1.0000001192092896,2837.0,2837.0,0.0,8082,0.0,0.0,0.0,False,0.0
1.0,6441.0,6441.0,0.0,8083,0.0,0.0,0.0,False,0.0
1.0,643.0,643.0,0.0,8084,0.0,0.0,0.0,False,0.0
1.0,5077.0,5077.0,0.0,8085,0.0,0.0,0.0,False,0.0
0.966946005821228,7212.0,7212.0,0.0,8086,0.033053919672966,0.0,0.0,True,0.033053919672966
1.0,4916.0,4916.0,0.0,8087,0.0,0.0,0.0,False,0.0
0.9582887887954712,5879.0,5879.0,0.0,8088,0.04171113297343254,0.0,0.0,True,0.04171113297343254
0.9999999403953552,11.0,11.0,0.0,8089,0.0,0.0,0.0,False,0.0
0.9949464797973633,4158.0,4158.0,0.0,8090,0.005053503438830376,0.0,0.0,True,0.005053503438830376
1.0,4445.0,4445.0,0.0,8091,0.0,0.0,0.0,False,0.0
1.0,1461.0,1461.0,0.0,8092,0.0,0.0,0.0,False,0.0
1.0,6821.0,6821.0,0.0,8093,0.0,0.0,0.0,False,0.0
0.9999998807907104,4624.0,4624.0,0.0,8094,0.0,0.0,0.0,False,0.0
0.9475423097610474,1.0,1.0,0.0,8095,0.05245767906308174,0.0,0.0,True,0.05245767906308174
1.0,1130.0,1130.0,0.0,8096,0.0,0.0,0.0,False,0.0
0.9541846513748169,3666.0,3666.0,0.0,8097,0.04581538587808609,0.0,0.0,True,0.04581538587808609
1.0,2795.0,2795.0,0.0,8098,0.0,0.0,0.0,False,0.0
1.0000001192092896,4590.0,4590.0,0.0,8099,0.0,0.0,0.0,False,0.0
0.9892874956130981,4392.0,4392.0,0.0,8100,0.010712641291320324,0.0,0.0,True,0.010712641291320324
1.0,1809.0,1809.0,0.0,8101,0.0,0.0,0.0,False,0.0
0.9151493906974792,147.0,147.0,0.0,8102,0.08485069870948792,0.0,0.0,True,0.08485069870948792
1.0,1721.0,1721.0,0.0,8103,0.0,0.0,0.0,False,0.0
1.0,4307.0,4307.0,0.0,8104,0.0,0.0,0.0,False,0.0
0.9297885894775391,723.0,723.0,0.0,8105,0.07021137326955795,0.0,0.0,True,0.07021137326955795
0.9743958711624146,1537.0,1537.0,0.0,8106,0.025604071095585823,0.0,0.0,True,0.025604071095585823
1.0,3686.0,3686.0,0.0,8107,0.0,0.0,0.0,False,0.0
1.0,6585.0,6585.0,0.0,8108,0.0,0.0,0.0,False,0.0
1.0,1459.0,1459.0,0.0,8109,0.0,0.0,0.0,False,0.0
0.9999999403953552,2853.0,2853.0,0.0,8110,0.0,0.0,0.0,False,0.0
0.9999998807907104,1860.0,1860.0,0.0,8111,0.0,0.0,0.0,False,0.0
1.0,1437.0,1437.0,0.0,8112,0.0,0.0,0.0,False,0.0
1.0,1401.0,1401.0,0.0,8113,0.0,0.0,0.0,False,0.0
1.0,1716.0,1716.0,0.0,8114,0.0,0.0,0.0,False,0.0
0.961371660232544,667.0,667.0,0.0,8115,0.03862832859158516,0.0,0.0,True,0.03862832859158516
0.9672783613204956,66.0,66.0,0.0,8116,0.032721638679504395,0.0,0.0,True,0.032721638679504395
0.9999999403953552,5248.0,5248.0,0.0,8117,0.0,0.0,0.0,False,0.0
0.9809881448745728,2765.0,2765.0,0.0,8118,0.019011912867426872,0.0,0.0,True,0.019011912867426872
0.9426155090332031,1351.0,1351.0,0.0,8119,0.05738448351621628,0.0,0.0,True,0.05738448351621628
1.0,5476.0,5476.0,0.0,8120,0.0,0.0,0.0,False,0.0
1.0,6475.0,6475.0,0.0,8121,0.0,0.0,0.0,False,0.0
1.0,3148.0,3148.0,0.0,8122,0.0,0.0,0.0,False,0.0
0.9587140083312988,5907.0,5907.0,0.0,8123,0.04128599166870117,0.0,0.0,True,0.04128599166870117
1.0,904.0,904.0,0.0,8124,0.0,0.0,0.0,False,0.0
0.9999999403953552,7312.0,7312.0,0.0,8125,0.0,0.0,0.0,False,0.0
0.9613734483718872,1.0,1.0,0.0,8126,0.03862649202346802,0.0,0.0,True,0.03862649202346802
1.0,3125.0,3125.0,0.0,8127,0.0,0.0,0.0,False,0.0
0.8920352458953857,3992.0,3992.0,0.0,8128,0.10796478390693665,0.0,0.0,True,0.10796478390693665
1.0,2.0,2.0,0.0,8129,0.0,0.0,0.0,False,0.0
0.9999999403953552,2174.0,2174.0,0.0,8130,0.0,0.0,0.0,False,0.0
1.0,3922.0,3922.0,0.0,8131,0.0,0.0,0.0,False,0.0
1.0,924.0,924.0,0.0,8132,0.0,0.0,0.0,False,0.0
0.9673992395401001,703.0,703.0,0.0,8133,0.032600827515125275,0.0,0.0,True,0.032600827515125275
1.0,5.0,5.0,0.0,8134,0.0,0.0,0.0,False,0.0
1.0,1899.0,1899.0,0.0,8135,0.0,0.0,0.0,False,0.0
1.0,6181.0,6181.0,0.0,8136,0.0,0.0,0.0,False,0.0
0.9889736771583557,1417.0,1417.0,0.0,8137,0.011026320978999138,0.0,0.0,True,0.011026320978999138
1.0,2481.0,2481.0,0.0,8138,0.0,0.0,0.0,False,0.0
0.8166983723640442,919.0,919.0,0.0,8139,0.1833016276359558,0.0,0.0,True,0.1833016276359558
1.0,3694.0,3694.0,0.0,8140,0.0,0.0,0.0,False,0.0
0.9999998807907104,4313.0,4313.0,0.0,8141,0.0,0.0,0.0,False,0.0
1.0,311.0,311.0,0.0,8142,0.0,0.0,0.0,False,0.0
1.0,3668.0,3668.0,0.0,8143,0.0,0.0,0.0,False,0.0
0.963412344455719,1.0,1.0,0.0,8144,0.036587681621313095,0.0,0.0,True,0.036587681621313095
0.9550483226776123,1.0,1.0,0.0,8145,0.04495179280638695,0.0,0.0,True,0.04495179280638695
1.0,15.0,15.0,0.0,8146,0.0,0.0,0.0,False,0.0
0.9689955115318298,3379.0,3379.0,0.0,8147,0.031004536896944046,0.0,0.0,True,0.031004536896944046
0.9999999403953552,4063.0,4063.0,0.0,8148,0.0,0.0,0.0,False,0.0
1.0,3843.0,3843.0,0.0,8149,0.0,0.0,0.0,False,0.0
0.9999999403953552,3317.0,3317.0,0.0,8150,0.0,0.0,0.0,False,0.0
1.0,331.0,331.0,0.0,8151,0.0,0.0,0.0,False,0.0
0.9740409851074219,50.0,50.0,0.0,8152,0.02595907635986805,0.0,0.0,True,0.02595907635986805
1.0,5709.0,5709.0,0.0,8153,0.0,0.0,0.0,False,0.0
1.0,6758.0,6758.0,0.0,8154,0.0,0.0,0.0,False,0.0
1.0,6872.0,6872.0,0.0,8155,0.0,0.0,0.0,False,0.0
0.9999999403953552,807.0,807.0,0.0,8156,0.0,0.0,0.0,False,0.0
0.9478715062141418,3.0,3.0,0.0,8157,0.05212845653295517,0.0,0.0,True,0.05212845653295517
0.9999999403953552,6056.0,6056.0,0.0,8158,0.0,0.0,0.0,False,0.0
1.0000001192092896,257.0,257.0,0.0,8159,0.0,0.0,0.0,False,0.0
0.9813241958618164,5720.0,5720.0,0.0,8160,0.018675897270441055,0.0,0.0,True,0.018675897270441055
1.0,4808.0,4808.0,0.0,8161,0.0,0.0,0.0,False,0.0
1.0,6359.0,6359.0,0.0,8162,0.0,0.0,0.0,False,0.0
1.0000001192092896,4376.0,4376.0,0.0,8163,0.0,0.0,0.0,False,0.0
1.0,350.0,350.0,0.0,8164,0.0,0.0,0.0,False,0.0
0.9814628958702087,4746.0,4746.0,0.0,8165,0.018537091091275215,0.0,0.0,True,0.018537091091275215
1.0,1832.0,1832.0,0.0,8166,0.0,0.0,0.0,False,0.0
1.0,6203.0,6203.0,0.0,8167,0.0,0.0,0.0,False,0.0
0.9999999403953552,857.0,857.0,0.0,8168,0.0,0.0,0.0,False,0.0
1.0,1998.0,1998.0,0.0,8169,0.0,0.0,0.0,False,0.0
1.0,2282.0,2282.0,0.0,8170,0.0,0.0,0.0,False,0.0
1.0,1108.0,1108.0,0.0,8171,0.0,0.0,0.0,False,0.0
1.0,6836.0,6836.0,0.0,8172,0.0,0.0,0.0,False,0.0
1.0,6372.0,6372.0,0.0,8173,0.0,0.0,0.0,False,0.0
1.0,4801.0,4801.0,0.0,8174,0.0,0.0,0.0,False,0.0
0.9999999403953552,49.0,49.0,0.0,8175,0.0,0.0,0.0,False,0.0
1.0000001192092896,1459.0,1459.0,0.0,8176,0.0,0.0,0.0,False,0.0
1.0,3863.0,3863.0,0.0,8177,0.0,0.0,0.0,False,0.0
0.959323525428772,1.0,1.0,0.0,8178,0.04067644849419594,0.0,0.0,True,0.04067644849419594
1.0,4964.0,4964.0,0.0,8179,0.0,0.0,0.0,False,0.0
0.9873455166816711,1496.0,1496.0,0.0,8180,0.012654485180974007,0.0,0.0,True,0.012654485180974007
1.0,6262.0,6262.0,0.0,8181,0.0,0.0,0.0,False,0.0
0.9481683969497681,3054.0,3054.0,0.0,8182,0.051831603050231934,0.0,0.0,True,0.051831603050231934
0.9999999403953552,957.0,957.0,0.0,8183,0.0,0.0,0.0,False,0.0
0.970562219619751,6142.0,6142.0,0.0,8184,0.02943776734173298,0.0,0.0,True,0.02943776734173298
1.0000001192092896,3981.0,3981.0,0.0,8185,0.0,0.0,0.0,False,0.0
0.9675988554954529,1767.0,1767.0,0.0,8186,0.032401107251644135,0.0,0.0,True,0.032401107251644135
1.0,2994.0,2994.0,0.0,8187,0.0,0.0,0.0,False,0.0
1.0,11.0,11.0,0.0,8188,0.0,0.0,0.0,False,0.0
1.0,895.0,895.0,0.0,8189,0.0,0.0,0.0,False,0.0
1.0,5311.0,5311.0,0.0,8190,0.0,0.0,0.0,False,0.0
1.0,1942.0,1942.0,0.0,8191,0.0,0.0,0.0,False,0.0
