counterpart_attention_mass,counterpart_evidence_present,counterpart_warrant_mass,label,non_counterpart_warrant_mass,sample_id,score
0.0,False,0.0,1.0,0.0,6553,0.21907395124435425
0.0,True,0.0,1.0,0.0,6554,0.5935675501823425
0.0,True,0.0,1.0,0.0,6555,0.9654673337936401
0.0,True,0.0,1.0,0.0,6556,0.7689458727836609
0.0,True,0.0,1.0,0.0,6557,0.9832627773284912
0.0,True,0.0,1.0,0.0,6558,0.9030265212059021
0.0,False,0.0,1.0,0.0,6559,0.33717575669288635
0.0,True,0.0,1.0,0.0,6560,0.9815714955329895
0.0,False,0.0,1.0,0.0,6561,0.36951562762260437
0.0,False,0.0,1.0,0.0,6562,0.15089328587055206
0.0,False,0.0,1.0,0.0,6563,0.8324229121208191
0.0,True,0.0,1.0,0.0,6564,0.3728531002998352
0.0,False,0.0,1.0,0.0,6565,0.4109555780887604
0.0,False,0.0,1.0,0.0,6566,0.05812859162688255
0.0,False,0.0,1.0,0.0,6567,0.598743736743927
0.0,False,0.0,1.0,0.0,6568,0.10098423063755035
0.0,True,0.0,1.0,0.0,6569,0.5774744749069214
0.0,False,0.0,1.0,0.0,6570,0.26306968927383423
0.0,False,0.0,1.0,0.0,6571,0.2615148723125458
0.0,False,0.0,1.0,0.0,6572,0.15876305103302002
0.0,False,0.0,1.0,0.0,6573,0.42308416962623596
0.0,True,0.0,1.0,0.0,6574,0.6550984382629395
0.0,False,0.0,1.0,0.0,6575,0.09954900294542313
0.0,True,0.0,1.0,0.0,6576,0.9862160682678223
0.0,False,0.0,1.0,0.0,6577,0.23181986808776855
0.0,True,0.0,1.0,0.0,6578,0.6424532532691956
0.0,True,0.0,1.0,0.0,6579,0.9126678109169006
0.0,True,0.0,1.0,0.0,6580,0.4213758111000061
0.0,True,0.0,1.0,0.0,6581,0.7269449234008789
0.0,False,0.0,1.0,0.0,6582,0.1715829223394394
0.0,True,0.0,1.0,0.0,6583,0.9396255016326904
0.0,True,0.0,1.0,0.0,6584,0.041379429399967194
0.0,True,0.0,1.0,0.0,6585,0.7551228404045105
0.0,True,0.0,1.0,0.0,6586,0.9663482308387756
0.0,True,0.0,1.0,0.0,6587,0.1265760362148285
0.0,True,0.0,1.0,0.0,6588,0.04407547414302826
0.0,True,0.0,1.0,0.0,6589,0.4377201497554779
0.0,True,0.0,1.0,0.0,6590,0.5160322785377502
0.0,False,0.0,1.0,0.0,6591,0.776375949382782
0.0,False,0.0,1.0,0.0,6592,0.11970492452383041
0.0,True,0.0,1.0,0.0,6593,0.9834708571434021
0.0,True,0.0,1.0,0.0,6594,0.9811645746231079
0.0,True,0.0,1.0,0.0,6595,0.9516425132751465
0.0,False,0.0,1.0,0.0,6596,0.48163101077079773
0.0,True,0.0,1.0,0.0,6597,0.9571612477302551
0.0,False,0.0,1.0,0.0,6598,0.10146062821149826
0.0,True,0.0,1.0,0.0,6599,0.22643204033374786
0.0,False,0.0,1.0,0.0,6600,0.2747883200645447
0.0,True,0.0,1.0,0.0,6601,0.9865139126777649
0.0,False,0.0,1.0,0.0,6602,0.13160067796707153
0.0,True,0.0,1.0,0.0,6603,0.5141974687576294
0.0,False,0.0,1.0,0.0,6604,0.9261113405227661
0.0,False,0.0,1.0,0.0,6605,0.11955640465021133
0.0,True,0.0,1.0,0.0,6606,0.9662657380104065
0.0,True,0.0,1.0,0.0,6607,0.8489791750907898
0.0,True,0.0,1.0,0.0,6608,0.8087638020515442
0.0,True,0.0,1.0,0.0,6609,0.7213240265846252
0.0,True,0.0,1.0,0.0,6610,0.6790788173675537
0.0,True,0.0,1.0,0.0,6611,0.9673786163330078
0.0,True,0.0,1.0,0.0,6612,0.878922700881958
0.0,True,0.0,1.0,0.0,6613,0.8481408357620239
0.0,True,0.0,1.0,0.0,6614,0.724989652633667
0.0,True,0.0,1.0,0.0,6615,0.9625364542007446
0.0,True,0.0,1.0,0.0,6616,0.9855800867080688
0.0,False,0.0,1.0,0.0,6617,0.05731502175331116
0.0,True,0.0,1.0,0.0,6618,0.6087237000465393
0.0,True,0.0,1.0,0.0,6619,0.7914844155311584
0.0,False,0.0,1.0,0.0,6620,0.6365144848823547
0.0,False,0.0,1.0,0.0,6621,0.2957153618335724
0.0,False,0.0,1.0,0.0,6622,0.8691912889480591
0.0,False,0.0,1.0,0.0,6623,0.617730975151062
0.0,False,0.0,1.0,0.0,6624,0.08690448850393295
0.0,False,0.0,1.0,0.0,6625,0.24853570759296417
0.0,False,0.0,1.0,0.0,6626,0.3532586991786957
0.0,False,0.0,1.0,0.0,6627,0.44934535026550293
0.0,False,0.0,1.0,0.0,6628,0.4208400547504425
0.0,True,0.0,1.0,0.0,6629,0.9753565788269043
0.0,True,0.0,1.0,0.0,6630,0.9850994944572449
0.0,True,0.0,1.0,0.0,6631,0.9565235376358032
0.0,True,0.0,1.0,0.0,6632,0.9655866026878357
0.0,True,0.0,1.0,0.0,6633,0.9623410105705261
0.0,False,0.0,1.0,0.0,6634,0.7348783016204834
0.0,True,0.0,1.0,0.0,6635,0.9755659699440002
0.0,False,0.0,1.0,0.0,6636,0.40726304054260254
0.0,True,0.0,1.0,0.0,6637,0.37206438183784485
0.0,False,0.0,1.0,0.0,6638,0.34631386399269104
0.0,False,0.0,1.0,0.0,6639,0.7385239005088806
0.0,False,0.0,1.0,0.0,6640,0.1450604647397995
0.0,False,0.0,1.0,0.0,6641,0.18672212958335876
0.0,False,0.0,1.0,0.0,6642,0.11992643028497696
0.0,False,0.0,1.0,0.0,6643,0.49097710847854614
0.0,True,0.0,1.0,0.0,6644,0.9654093384742737
0.0,False,0.0,1.0,0.0,6645,0.06530889123678207
0.0,True,0.0,1.0,0.0,6646,0.36167505383491516
0.0,True,0.0,1.0,0.0,6647,0.9787084460258484
0.0,True,0.0,1.0,0.0,6648,0.9846232533454895
0.0,False,0.0,1.0,0.0,6649,0.026987247169017792
0.0,True,0.0,1.0,0.0,6650,0.08621644228696823
0.0,True,0.0,1.0,0.0,6651,0.7827467322349548
0.0,True,0.0,1.0,0.0,6652,0.7636245489120483
0.0,True,0.0,1.0,0.0,6653,0.7802777886390686
0.0,True,0.0,1.0,0.0,6654,0.8688076734542847
0.0,True,0.0,1.0,0.0,6655,0.8874714374542236
0.0,True,0.0,1.0,0.0,6656,0.6771698594093323
0.0,True,0.0,1.0,0.0,6657,0.6349061131477356
0.0,True,0.0,1.0,0.0,6658,0.9633975625038147
0.0,True,0.0,1.0,0.0,6659,0.9778044819831848
0.0,True,0.0,1.0,0.0,6660,0.9672675132751465
0.0,True,0.0,1.0,0.0,6661,0.7578855752944946
0.0,True,0.0,1.0,0.0,6662,0.9504300951957703
0.0,True,0.0,1.0,0.0,6663,0.9559184908866882
0.0,False,0.0,1.0,0.0,6664,0.11797776818275452
0.0,False,0.0,1.0,0.0,6665,0.11777085810899734
0.0,True,0.0,1.0,0.0,6666,0.5132834315299988
0.0,False,0.0,1.0,0.0,6667,0.666300356388092
0.0,True,0.0,1.0,0.0,6668,0.9652751684188843
0.0,True,0.0,1.0,0.0,6669,0.24687017500400543
0.0,True,0.0,1.0,0.0,6670,0.975461483001709
0.0,True,0.0,1.0,0.0,6671,0.9846740961074829
0.0,True,0.0,1.0,0.0,6672,0.937179446220398
0.0,True,0.0,1.0,0.0,6673,0.7329543232917786
0.0,True,0.0,1.0,0.0,6674,0.9562979340553284
0.0,True,0.0,1.0,0.0,6675,0.9385397434234619
0.0,True,0.0,1.0,0.0,6676,0.9605196118354797
0.0,True,0.0,1.0,0.0,6677,0.7821787595748901
0.0,True,0.0,1.0,0.0,6678,0.9771324992179871
0.0,True,0.0,1.0,0.0,6679,0.853312611579895
0.0,True,0.0,1.0,0.0,6680,0.9425908327102661
0.0,True,0.0,1.0,0.0,6681,0.8228309154510498
0.0,True,0.0,1.0,0.0,6682,0.5996534824371338
0.0,True,0.0,1.0,0.0,6683,0.7478006482124329
0.0,True,0.0,1.0,0.0,6684,0.7960325479507446
0.0,True,0.0,1.0,0.0,6685,0.5425093173980713
0.0,True,0.0,1.0,0.0,6686,0.6007397174835205
0.0,False,0.0,1.0,0.0,6687,0.023563677445054054
0.0,True,0.0,1.0,0.0,6688,0.4380336105823517
0.0,False,0.0,1.0,0.0,6689,0.18057526648044586
0.0,True,0.0,1.0,0.0,6690,0.6637697815895081
0.0,True,0.0,1.0,0.0,6691,0.7646039724349976
0.0,True,0.0,1.0,0.0,6692,0.9703481197357178
0.0,True,0.0,1.0,0.0,6693,0.12260258197784424
0.0,True,0.0,1.0,0.0,6694,0.9845688343048096
0.0,True,0.0,1.0,0.0,6695,0.9591095447540283
0.0,False,0.0,1.0,0.0,6696,0.15379121899604797
0.0,True,0.0,1.0,0.0,6697,0.418284147977829
0.0,True,0.0,1.0,0.0,6698,0.28616371750831604
0.0,True,0.0,1.0,0.0,6699,0.38441377878189087
0.0,True,0.0,1.0,0.0,6700,0.6031678915023804
0.0,False,0.0,1.0,0.0,6701,0.6910256147384644
0.0,True,0.0,1.0,0.0,6702,0.9840160608291626
0.0,True,0.0,1.0,0.0,6703,0.9824078679084778
0.0,True,0.0,1.0,0.0,6704,0.9547368288040161
0.0,False,0.0,1.0,0.0,6705,0.18908797204494476
0.0,True,0.0,1.0,0.0,6706,0.9652523994445801
0.0,True,0.0,1.0,0.0,6707,0.9645863175392151
0.0,True,0.0,1.0,0.0,6708,0.9781980514526367
0.0,True,0.0,1.0,0.0,6709,0.9746404886245728
0.0,False,0.0,1.0,0.0,6710,0.19575628638267517
0.0,True,0.0,1.0,0.0,6711,0.9596315622329712
0.0,True,0.0,1.0,0.0,6712,0.3049047887325287
0.0,True,0.0,1.0,0.0,6713,0.9527519941329956
0.0,False,0.0,1.0,0.0,6714,0.2126329243183136
0.0,True,0.0,1.0,0.0,6715,0.512304425239563
0.0,False,0.0,1.0,0.0,6716,0.44094353914260864
0.0,True,0.0,1.0,0.0,6717,0.8615607619285583
0.0,False,0.0,1.0,0.0,6718,0.13331492245197296
0.0,True,0.0,1.0,0.0,6719,0.9620785117149353
0.0,True,0.0,1.0,0.0,6720,0.5481351613998413
0.0,True,0.0,1.0,0.0,6721,0.9558769464492798
0.0,False,0.0,1.0,0.0,6722,0.030864421278238297
0.0,True,0.0,1.0,0.0,6723,0.8016942739486694
0.0,True,0.0,1.0,0.0,6724,0.9852083921432495
0.0,True,0.0,1.0,0.0,6725,0.9347443580627441
0.0,True,0.0,1.0,0.0,6726,0.8607344031333923
0.0,True,0.0,1.0,0.0,6727,0.955775260925293
0.0,True,0.0,1.0,0.0,6728,0.9559404850006104
0.0,False,0.0,1.0,0.0,6729,0.16923058032989502
0.0,False,0.0,1.0,0.0,6730,0.06668728590011597
0.0,True,0.0,1.0,0.0,6731,0.6853139996528625
0.0,True,0.0,1.0,0.0,6732,0.4303627908229828
0.0,True,0.0,1.0,0.0,6733,0.9406792521476746
0.0,False,0.0,1.0,0.0,6734,0.5002576112747192
0.0,True,0.0,1.0,0.0,6735,0.6362662315368652
0.0,True,0.0,1.0,0.0,6736,0.054360281676054
0.0,True,0.0,1.0,0.0,6737,0.4669615924358368
0.0,True,0.0,1.0,0.0,6738,0.06297902762889862
0.0,True,0.0,1.0,0.0,6739,0.6185479164123535
0.0,True,0.0,1.0,0.0,6740,0.6203686594963074
0.0,True,0.0,1.0,0.0,6741,0.06307267397642136
0.0,True,0.0,1.0,0.0,6742,0.5527550578117371
0.0,True,0.0,1.0,0.0,6743,0.5451678037643433
0.0,True,0.0,1.0,0.0,6744,0.46124255657196045
0.0,True,0.0,1.0,0.0,6745,0.6620439291000366
0.0,True,0.0,1.0,0.0,6746,0.8167209029197693
0.0,True,0.0,1.0,0.0,6747,0.773380696773529
0.0,True,0.0,1.0,0.0,6748,0.5310873985290527
0.0,True,0.0,1.0,0.0,6749,0.5597608685493469
0.0,True,0.0,1.0,0.0,6750,0.5179588794708252
0.0,True,0.0,1.0,0.0,6751,0.16912253201007843
0.0,True,0.0,1.0,0.0,6752,0.49150338768959045
0.0,True,0.0,1.0,0.0,6753,0.5225096344947815
0.0,True,0.0,1.0,0.0,6754,0.44740283489227295
0.0,True,0.0,1.0,0.0,6755,0.43552330136299133
0.0,True,0.0,1.0,0.0,6756,0.508116602897644
0.0,True,0.0,1.0,0.0,6757,0.6527048945426941
0.0,True,0.0,1.0,0.0,6758,0.7865428328514099
0.0,False,0.0,1.0,0.0,6759,0.04269208014011383
0.0,True,0.0,1.0,0.0,6760,0.48675012588500977
0.0,True,0.0,1.0,0.0,6761,0.7216641902923584
0.0,True,0.0,1.0,0.0,6762,0.9838579297065735
0.0,True,0.0,1.0,0.0,6763,0.9829114675521851
0.0,True,0.0,1.0,0.0,6764,0.3206161558628082
0.0,True,0.0,1.0,0.0,6765,0.9590984582901001
0.0,True,0.0,1.0,0.0,6766,0.045693714171648026
0.0,False,0.0,1.0,0.0,6767,0.06469252705574036
0.0,True,0.0,1.0,0.0,6768,0.968042254447937
0.0,True,0.0,1.0,0.0,6769,0.3400261104106903
0.0,True,0.0,1.0,0.0,6770,0.977822482585907
0.0,True,0.0,1.0,0.0,6771,0.9837071299552917
0.0,True,0.0,1.0,0.0,6772,0.9502062797546387
0.0,False,0.0,1.0,0.0,6773,0.6360027194023132
0.0,True,0.0,1.0,0.0,6774,0.16816440224647522
0.0,False,0.0,1.0,0.0,6775,0.5888665914535522
0.0,False,0.0,1.0,0.0,6776,0.5976813435554504
0.0,True,0.0,1.0,0.0,6777,0.37893906235694885
0.0,True,0.0,1.0,0.0,6778,0.9385495185852051
0.0,True,0.0,1.0,0.0,6779,0.9707611203193665
0.0,True,0.0,1.0,0.0,6780,0.3345129191875458
0.0,True,0.0,1.0,0.0,6781,0.7805638909339905
0.0,True,0.0,1.0,0.0,6782,0.5986108183860779
0.0,True,0.0,1.0,0.0,6783,0.18334826827049255
0.0,True,0.0,1.0,0.0,6784,0.5110921263694763
0.0,True,0.0,1.0,0.0,6785,0.9657910466194153
0.0,True,0.0,1.0,0.0,6786,0.5750924348831177
0.0,True,0.0,1.0,0.0,6787,0.41484126448631287
0.0,True,0.0,1.0,0.0,6788,0.8262834548950195
0.0,True,0.0,1.0,0.0,6789,0.7854306101799011
0.0,False,0.0,1.0,0.0,6790,0.15521562099456787
0.0,False,0.0,1.0,0.0,6791,0.4368755519390106
0.0,False,0.0,1.0,0.0,6792,0.09275241941213608
0.0,False,0.0,1.0,0.0,6793,0.13003303110599518
0.0,True,0.0,1.0,0.0,6794,0.6135643124580383
0.0,True,0.0,1.0,0.0,6795,0.6782135367393494
0.0,True,0.0,1.0,0.0,6796,0.7885499596595764
0.0,False,0.0,1.0,0.0,6797,0.21185767650604248
0.0,False,0.0,1.0,0.0,6798,0.06274218112230301
0.0,False,0.0,1.0,0.0,6799,0.17870400846004486
0.0,False,0.0,1.0,0.0,6800,0.11480904370546341
0.0,True,0.0,1.0,0.0,6801,0.9539769887924194
0.0,True,0.0,1.0,0.0,6802,0.5250147581100464
0.0,False,0.0,1.0,0.0,6803,0.17854253947734833
0.0,True,0.0,1.0,0.0,6804,0.42751553654670715
0.0,False,0.0,1.0,0.0,6805,0.16803820431232452
0.0,True,0.0,1.0,0.0,6806,0.7968064546585083
0.0,True,0.0,1.0,0.0,6807,0.19924989342689514
0.0,False,0.0,1.0,0.0,6808,0.12342031300067902
0.0,False,0.0,1.0,0.0,6809,0.07448647916316986
0.0,False,0.0,1.0,0.0,6810,0.34151920676231384
0.0,False,0.0,1.0,0.0,6811,0.13667218387126923
0.0,True,0.0,1.0,0.0,6812,0.5426504611968994
0.0,True,0.0,1.0,0.0,6813,0.950570821762085
0.0,True,0.0,1.0,0.0,6814,0.6193224787712097
0.0,True,0.0,1.0,0.0,6815,0.39130905270576477
0.0,True,0.0,1.0,0.0,6816,0.9813117384910583
0.0,True,0.0,1.0,0.0,6817,0.2559455931186676
0.0,False,0.0,1.0,0.0,6818,0.3176104724407196
0.0,True,0.0,1.0,0.0,6819,0.14720407128334045
0.0,True,0.0,1.0,0.0,6820,0.34198418259620667
0.0,True,0.0,1.0,0.0,6821,0.13944756984710693
0.0,True,0.0,1.0,0.0,6822,0.2363247573375702
0.0,True,0.0,1.0,0.0,6823,0.9595510959625244
0.0,False,0.0,1.0,0.0,6824,0.44067633152008057
0.0,True,0.0,1.0,0.0,6825,0.9805811643600464
0.0,True,0.0,1.0,0.0,6826,0.9839657545089722
0.0,True,0.0,1.0,0.0,6827,0.7466762661933899
0.0,True,0.0,1.0,0.0,6828,0.15978816151618958
0.0,True,0.0,1.0,0.0,6829,0.964286744594574
0.0,True,0.0,1.0,0.0,6830,0.8746170997619629
0.0,True,0.0,1.0,0.0,6831,0.14283724129199982
0.0,True,0.0,1.0,0.0,6832,0.6976987719535828
0.0,True,0.0,1.0,0.0,6833,0.4815605878829956
0.0,True,0.0,1.0,0.0,6834,0.9700223803520203
0.0,True,0.0,1.0,0.0,6835,0.9803925156593323
0.0,False,0.0,1.0,0.0,6836,0.730543315410614
0.0,True,0.0,1.0,0.0,6837,0.17131036520004272
0.0,False,0.0,1.0,0.0,6838,0.08483052998781204
0.0,True,0.0,1.0,0.0,6839,0.6333408355712891
0.0,True,0.0,1.0,0.0,6840,0.5338214039802551
0.0,True,0.0,1.0,0.0,6841,0.71831214427948
0.0,False,0.0,1.0,0.0,6842,0.3920573592185974
0.0,False,0.0,1.0,0.0,6843,0.3117777109146118
0.0,True,0.0,1.0,0.0,6844,0.6164065003395081
0.0,True,0.0,1.0,0.0,6845,0.852027952671051
0.0,True,0.0,1.0,0.0,6846,0.5154137015342712
0.0,True,0.0,1.0,0.0,6847,0.4215541183948517
0.0,False,0.0,1.0,0.0,6848,0.177150696516037
0.0,True,0.0,1.0,0.0,6849,0.7094232439994812
0.0,True,0.0,1.0,0.0,6850,0.5504980087280273
0.0,False,0.0,1.0,0.0,6851,0.42423468828201294
0.0,False,0.0,1.0,0.0,6852,0.053560737520456314
0.0,False,0.0,1.0,0.0,6853,0.34763258695602417
0.0,True,0.0,1.0,0.0,6854,0.2724899351596832
0.0,True,0.0,1.0,0.0,6855,0.038880836218595505
0.0,True,0.0,1.0,0.0,6856,0.9848576784133911
0.0,True,0.0,1.0,0.0,6857,0.1754278987646103
0.0,False,0.0,1.0,0.0,6858,0.23823930323123932
0.0,True,0.0,1.0,0.0,6859,0.6132093071937561
0.0,False,0.0,1.0,0.0,6860,0.5000786781311035
0.0,True,0.0,1.0,0.0,6861,0.328375905752182
0.0,True,0.0,1.0,0.0,6862,0.5993403196334839
0.0,True,0.0,1.0,0.0,6863,0.5106226801872253
0.0,True,0.0,1.0,0.0,6864,0.9556497931480408
0.0,True,0.0,1.0,0.0,6865,0.6698270440101624
0.0,False,0.0,1.0,0.0,6866,0.2696714699268341
0.0,True,0.0,1.0,0.0,6867,0.9863000512123108
0.0,False,0.0,1.0,0.0,6868,0.5540601015090942
0.0,True,0.0,1.0,0.0,6869,0.6009554862976074
0.0,True,0.0,1.0,0.0,6870,0.8188983798027039
0.0,True,0.0,1.0,0.0,6871,0.7476320862770081
0.0,False,0.0,1.0,0.0,6872,0.8288187384605408
0.0,True,0.0,1.0,0.0,6873,0.9626883268356323
0.0,True,0.0,1.0,0.0,6874,0.7574023604393005
0.0,True,0.0,1.0,0.0,6875,0.9790087342262268
0.0,True,0.0,1.0,0.0,6876,0.8677316904067993
0.0,True,0.0,1.0,0.0,6877,0.8521804809570312
0.0,True,0.0,1.0,0.0,6878,0.7548114657402039
0.0,True,0.0,1.0,0.0,6879,0.9565563797950745
0.0,False,0.0,1.0,0.0,6880,0.34227466583251953
0.0,True,0.0,1.0,0.0,6881,0.25381773710250854
0.0,True,0.0,1.0,0.0,6882,0.9873614311218262
0.0,False,0.0,1.0,0.0,6883,0.07310358434915543
0.0,True,0.0,1.0,0.0,6884,0.986396312713623
0.0,False,0.0,1.0,0.0,6885,0.5728935599327087
0.0,True,0.0,1.0,0.0,6886,0.19190120697021484
0.0,False,0.0,1.0,0.0,6887,0.190559983253479
0.0,True,0.0,1.0,0.0,6888,0.9652534127235413
0.0,True,0.0,1.0,0.0,6889,0.8352741599082947
0.0,False,0.0,1.0,0.0,6890,0.2059478759765625
0.0,False,0.0,1.0,0.0,6891,0.4107497036457062
0.0,True,0.0,1.0,0.0,6892,0.9672998189926147
0.0,True,0.0,1.0,0.0,6893,0.20584142208099365
0.0,True,0.0,1.0,0.0,6894,0.759078860282898
0.0,True,0.0,1.0,0.0,6895,0.47258225083351135
0.0,True,0.0,1.0,0.0,6896,0.24242664873600006
0.0,True,0.0,1.0,0.0,6897,0.5987939834594727
0.0,True,0.0,1.0,0.0,6898,0.8719226121902466
0.0,True,0.0,1.0,0.0,6899,0.7646467089653015
0.0,True,0.0,1.0,0.0,6900,0.5128480792045593
0.0,True,0.0,1.0,0.0,6901,0.7928457856178284
0.0,True,0.0,1.0,0.0,6902,0.824520468711853
0.0,True,0.0,1.0,0.0,6903,0.9075546860694885
0.0,True,0.0,1.0,0.0,6904,0.2711944878101349
0.0,True,0.0,1.0,0.0,6905,0.9806452393531799
0.0,True,0.0,1.0,0.0,6906,0.6432052254676819
0.0,True,0.0,1.0,0.0,6907,0.7056563496589661
0.0,True,0.0,1.0,0.0,6908,0.23010756075382233
0.0,True,0.0,1.0,0.0,6909,0.0634579285979271
0.0,True,0.0,1.0,0.0,6910,0.14234378933906555
0.0,True,0.0,1.0,0.0,6911,0.9804570078849792
0.0,True,0.0,1.0,0.0,6912,0.423941433429718
0.0,True,0.0,1.0,0.0,6913,0.527908444404602
0.0,True,0.0,1.0,0.0,6914,0.09217820316553116
0.0,True,0.0,1.0,0.0,6915,0.40848472714424133
0.0,True,0.0,1.0,0.0,6916,0.7922390103340149
0.0,True,0.0,1.0,0.0,6917,0.5846478343009949
0.0,False,0.0,1.0,0.0,6918,0.36409449577331543
0.0,True,0.0,1.0,0.0,6919,0.8168646097183228
0.0,True,0.0,1.0,0.0,6920,0.14301392436027527
0.0,True,0.0,1.0,0.0,6921,0.9544780850410461
0.0,True,0.0,1.0,0.0,6922,0.9195995330810547
0.0,True,0.0,1.0,0.0,6923,0.5029357671737671
0.0,True,0.0,1.0,0.0,6924,0.2031223326921463
0.0,True,0.0,1.0,0.0,6925,0.9080061912536621
0.0,True,0.0,1.0,0.0,6926,0.5504904389381409
0.0,True,0.0,1.0,0.0,6927,0.3427881598472595
0.0,True,0.0,1.0,0.0,6928,0.8709895014762878
0.0,True,0.0,1.0,0.0,6929,0.9091341495513916
0.0,True,0.0,1.0,0.0,6930,0.9788110256195068
0.0,True,0.0,1.0,0.0,6931,0.9883726239204407
0.0,True,0.0,1.0,0.0,6932,0.8777087926864624
0.0,True,0.0,1.0,0.0,6933,0.809196949005127
0.0,True,0.0,1.0,0.0,6934,0.7978155612945557
0.0,True,0.0,1.0,0.0,6935,0.8270515203475952
0.0,True,0.0,1.0,0.0,6936,0.22868356108665466
0.0,True,0.0,1.0,0.0,6937,0.909609317779541
0.0,True,0.0,1.0,0.0,6938,0.9756622910499573
0.0,True,0.0,1.0,0.0,6939,0.9866659045219421
0.0,True,0.0,1.0,0.0,6940,0.9103286862373352
0.0,True,0.0,1.0,0.0,6941,0.9750598669052124
0.0,True,0.0,1.0,0.0,6942,0.9107962846755981
0.0,True,0.0,1.0,0.0,6943,0.5644717812538147
0.0,True,0.0,1.0,0.0,6944,0.9844275116920471
0.0,True,0.0,1.0,0.0,6945,0.505510687828064
0.0,True,0.0,1.0,0.0,6946,0.7704293131828308
0.0,True,0.0,1.0,0.0,6947,0.6361963748931885
0.0,True,0.0,1.0,0.0,6948,0.4386949837207794
0.0,True,0.0,1.0,0.0,6949,0.9622783064842224
0.0,True,0.0,1.0,0.0,6950,0.7499629259109497
0.0,True,0.0,1.0,0.0,6951,0.9891095161437988
0.0,True,0.0,1.0,0.0,6952,0.7894208431243896
0.0,False,0.0,1.0,0.0,6953,0.05585150793194771
0.0,True,0.0,1.0,0.0,6954,0.8828331232070923
0.0,False,0.0,1.0,0.0,6955,0.22486411035060883
0.0,True,0.0,1.0,0.0,6956,0.9337509274482727
0.0,True,0.0,1.0,0.0,6957,0.9317308664321899
0.0,False,0.0,1.0,0.0,6958,0.025165501981973648
0.0,True,0.0,1.0,0.0,6959,0.9150692224502563
0.0,True,0.0,1.0,0.0,6960,0.239097461104393
0.0,True,0.0,1.0,0.0,6961,0.027807673439383507
0.0,False,0.0,1.0,0.0,6962,0.8479407429695129
0.0,True,0.0,1.0,0.0,6963,0.02626672573387623
0.0,True,0.0,1.0,0.0,6964,0.9622715711593628
0.0,True,0.0,1.0,0.0,6965,0.9631717801094055
0.0,True,0.0,1.0,0.0,6966,0.8303824067115784
0.0,True,0.0,1.0,0.0,6967,0.027594149112701416
0.0,True,0.0,1.0,0.0,6968,0.47088345885276794
0.0,True,0.0,1.0,0.0,6969,0.9699816703796387
0.0,True,0.0,1.0,0.0,6970,0.9586353898048401
0.0,True,0.0,1.0,0.0,6971,0.9532797336578369
0.0,True,0.0,1.0,0.0,6972,0.9617939591407776
0.0,True,0.0,1.0,0.0,6973,0.9550957679748535
0.0,True,0.0,1.0,0.0,6974,0.9614202380180359
0.0,False,0.0,1.0,0.0,6975,0.26354509592056274
0.0,True,0.0,1.0,0.0,6976,0.6659279465675354
0.0,True,0.0,1.0,0.0,6977,0.8062385320663452
0.0,True,0.0,1.0,0.0,6978,0.4887440800666809
0.0,True,0.0,1.0,0.0,6979,0.9831002950668335
0.0,True,0.0,1.0,0.0,6980,0.026683460921049118
0.0,True,0.0,1.0,0.0,6981,0.9667864441871643
0.0,True,0.0,1.0,0.0,6982,0.9836506247520447
0.0,False,0.0,1.0,0.0,6983,0.5320621728897095
0.0,True,0.0,1.0,0.0,6984,0.9722497463226318
0.0,False,0.0,1.0,0.0,6985,0.16489265859127045
0.0,True,0.0,1.0,0.0,6986,0.7356780767440796
0.0,False,0.0,1.0,0.0,6987,0.7225574254989624
0.0,False,0.0,1.0,0.0,6988,0.3853292167186737
0.0,True,0.0,1.0,0.0,6989,0.026278559118509293
0.0,True,0.0,1.0,0.0,6990,0.9745463132858276
0.0,True,0.0,1.0,0.0,6991,0.9580827951431274
0.0,True,0.0,1.0,0.0,6992,0.026023119688034058
0.0,True,0.0,1.0,0.0,6993,0.9759708642959595
0.0,True,0.0,1.0,0.0,6994,0.7513247132301331
0.0,True,0.0,1.0,0.0,6995,0.3932955861091614
0.0,True,0.0,1.0,0.0,6996,0.4873211085796356
0.0,False,0.0,1.0,0.0,6997,0.7002197504043579
0.0,True,0.0,1.0,0.0,6998,0.5878916382789612
0.0,True,0.0,1.0,0.0,6999,0.7293829321861267
0.0,False,0.0,1.0,0.0,7000,0.042381394654512405
0.0,True,0.0,1.0,0.0,7001,0.025185562670230865
0.0,False,0.0,1.0,0.0,7002,0.22738511860370636
0.0,True,0.0,1.0,0.0,7003,0.4463638961315155
0.0,True,0.0,1.0,0.0,7004,0.9761514067649841
0.0,False,0.0,1.0,0.0,7005,0.13310906291007996
0.0,True,0.0,1.0,0.0,7006,0.02377047948539257
0.0,True,0.0,1.0,0.0,7007,0.9774093627929688
0.0,True,0.0,1.0,0.0,7008,0.5729119181632996
0.0,False,0.0,1.0,0.0,7009,0.791500449180603
0.0,False,0.0,1.0,0.0,7010,0.13029824197292328
0.0,True,0.0,1.0,0.0,7011,0.5717121958732605
0.0,True,0.0,1.0,0.0,7012,0.6189417839050293
0.0,False,0.0,1.0,0.0,7013,0.5673409700393677
0.0,True,0.0,1.0,0.0,7014,0.5830754041671753
0.0,True,0.0,1.0,0.0,7015,0.855797529220581
0.0,True,0.0,1.0,0.0,7016,0.8258793950080872
0.0,True,0.0,1.0,0.0,7017,0.9216617941856384
0.0,True,0.0,1.0,0.0,7018,0.9517068862915039
0.0,False,0.0,1.0,0.0,7019,0.08659780770540237
0.0,False,0.0,1.0,0.0,7020,0.06575451791286469
0.0,True,0.0,1.0,0.0,7021,0.7829765677452087
0.0,False,0.0,1.0,0.0,7022,0.9256458282470703
0.0,True,0.0,1.0,0.0,7023,0.8555426001548767
0.0,False,0.0,1.0,0.0,7024,0.3586873412132263
0.0,True,0.0,1.0,0.0,7025,0.9191920161247253
0.0,False,0.0,1.0,0.0,7026,0.8295193910598755
0.0,True,0.0,1.0,0.0,7027,0.5226913094520569
0.0,True,0.0,1.0,0.0,7028,0.9859954714775085
0.0,True,0.0,1.0,0.0,7029,0.9616803526878357
0.0,False,0.0,1.0,0.0,7030,0.23778139054775238
0.0,True,0.0,1.0,0.0,7031,0.9268439412117004
0.0,True,0.0,1.0,0.0,7032,0.8263764977455139
0.0,False,0.0,1.0,0.0,7033,0.39115840196609497
0.0,True,0.0,1.0,0.0,7034,0.9718511700630188
0.0,True,0.0,1.0,0.0,7035,0.9398804903030396
0.0,True,0.0,1.0,0.0,7036,0.8414573073387146
0.0,False,0.0,1.0,0.0,7037,0.43670013546943665
0.0,True,0.0,1.0,0.0,7038,0.5363321304321289
0.0,True,0.0,1.0,0.0,7039,0.7701835632324219
0.0,False,0.0,1.0,0.0,7040,0.9459888339042664
0.0,True,0.0,1.0,0.0,7041,0.8132121562957764
0.0,False,0.0,1.0,0.0,7042,0.8392512798309326
0.0,False,0.0,1.0,0.0,7043,0.052827347069978714
0.0,True,0.0,1.0,0.0,7044,0.6912287473678589
0.0,True,0.0,1.0,0.0,7045,0.36585336923599243
0.0,True,0.0,1.0,0.0,7046,0.3612712025642395
0.0,True,0.0,1.0,0.0,7047,0.7437790632247925
0.0,False,0.0,1.0,0.0,7048,0.2755119204521179
0.0,True,0.0,1.0,0.0,7049,0.8251373767852783
0.0,False,0.0,1.0,0.0,7050,0.23591943085193634
0.0,True,0.0,1.0,0.0,7051,0.2928774654865265
0.0,True,0.0,1.0,0.0,7052,0.5694872140884399
0.0,False,0.0,1.0,0.0,7053,0.5214170217514038
0.0,True,0.0,1.0,0.0,7054,0.6708844900131226
0.0,False,0.0,1.0,0.0,7055,0.25755298137664795
0.0,True,0.0,1.0,0.0,7056,0.6481618881225586
0.0,False,0.0,1.0,0.0,7057,0.24216870963573456
0.0,False,0.0,1.0,0.0,7058,0.08195269852876663
0.0,False,0.0,1.0,0.0,7059,0.25083068013191223
0.0,True,0.0,1.0,0.0,7060,0.9091964364051819
0.0,False,0.0,1.0,0.0,7061,0.12371722608804703
0.0,False,0.0,1.0,0.0,7062,0.2800866663455963
0.0,False,0.0,1.0,0.0,7063,0.22917169332504272
0.0,False,0.0,1.0,0.0,7064,0.21955616772174835
0.0,True,0.0,1.0,0.0,7065,0.9213984608650208
0.0,False,0.0,1.0,0.0,7066,0.04590761661529541
0.0,False,0.0,1.0,0.0,7067,0.1424477994441986
0.0,False,0.0,1.0,0.0,7068,0.6830537915229797
0.0,False,0.0,1.0,0.0,7069,0.23217296600341797
0.0,False,0.0,1.0,0.0,7070,0.37484055757522583
0.0,False,0.0,1.0,0.0,7071,0.6034849882125854
0.0,False,0.0,1.0,0.0,7072,0.30141153931617737
0.0,False,0.0,1.0,0.0,7073,0.2963026165962219
0.0,False,0.0,1.0,0.0,7074,0.3153303563594818
0.0,False,0.0,1.0,0.0,7075,0.7880104780197144
0.0,False,0.0,1.0,0.0,7076,0.7390375137329102
0.0,False,0.0,1.0,0.0,7077,0.5283355712890625
0.0,True,0.0,1.0,0.0,7078,0.2925005853176117
0.0,True,0.0,1.0,0.0,7079,0.5332879424095154
0.0,False,0.0,1.0,0.0,7080,0.11308250576257706
0.0,False,0.0,1.0,0.0,7081,0.8438296914100647
0.0,False,0.0,1.0,0.0,7082,0.23019950091838837
0.0,True,0.0,1.0,0.0,7083,0.4814528822898865
0.0,False,0.0,1.0,0.0,7084,0.5203021764755249
0.0,True,0.0,1.0,0.0,7085,0.12127950042486191
0.0,True,0.0,1.0,0.0,7086,0.9159272909164429
0.0,False,0.0,1.0,0.0,7087,0.07516887784004211
0.0,False,0.0,1.0,0.0,7088,0.5427257418632507
0.0,True,0.0,1.0,0.0,7089,0.3056034445762634
0.0,True,0.0,1.0,0.0,7090,0.9237722754478455
0.0,True,0.0,1.0,0.0,7091,0.13470801711082458
0.0,False,0.0,1.0,0.0,7092,0.1951417773962021
0.0,True,0.0,1.0,0.0,7093,0.8353559970855713
0.0,True,0.0,1.0,0.0,7094,0.12146244943141937
0.0,False,0.0,1.0,0.0,7095,0.31078460812568665
0.0,True,0.0,1.0,0.0,7096,0.3275240957736969
0.0,False,0.0,1.0,0.0,7097,0.7566590905189514
0.0,True,0.0,1.0,0.0,7098,0.485178142786026
0.0,False,0.0,1.0,0.0,7099,0.08145779371261597
0.0,False,0.0,1.0,0.0,7100,0.970858633518219
0.0,False,0.0,1.0,0.0,7101,0.9734153151512146
0.0,False,0.0,1.0,0.0,7102,0.443642258644104
0.0,False,0.0,1.0,0.0,7103,0.3403507471084595
0.0,True,0.0,1.0,0.0,7104,0.39519819617271423
0.0,True,0.0,1.0,0.0,7105,0.558738112449646
0.0,True,0.0,1.0,0.0,7106,0.1579957753419876
0.0,False,0.0,1.0,0.0,7107,0.053175684064626694
0.0,True,0.0,1.0,0.0,7108,0.46932005882263184
0.0,True,0.0,1.0,0.0,7109,0.9422574639320374
0.0,True,0.0,1.0,0.0,7110,0.4467484951019287
0.0,True,0.0,1.0,0.0,7111,0.06594857573509216
0.0,True,0.0,1.0,0.0,7112,0.9876787066459656
0.0,True,0.0,1.0,0.0,7113,0.40217462182044983
0.0,True,0.0,1.0,0.0,7114,0.9778409600257874
0.0,True,0.0,1.0,0.0,7115,0.5636439323425293
0.0,False,0.0,1.0,0.0,7116,0.3552509844303131
0.0,True,0.0,1.0,0.0,7117,0.07369786500930786
0.0,True,0.0,1.0,0.0,7118,0.9637814164161682
0.0,True,0.0,1.0,0.0,7119,0.8823692798614502
0.0,True,0.0,1.0,0.0,7120,0.9721319079399109
0.0,True,0.0,1.0,0.0,7121,0.9144808650016785
0.0,True,0.0,1.0,0.0,7122,0.9890992641448975
0.0,True,0.0,1.0,0.0,7123,0.9846010804176331
0.0,True,0.0,1.0,0.0,7124,0.07021576166152954
0.0,True,0.0,1.0,0.0,7125,0.9703036546707153
0.0,True,0.0,1.0,0.0,7126,0.9894127249717712
0.0,True,0.0,1.0,0.0,7127,0.9827212691307068
0.0,True,0.0,1.0,0.0,7128,0.05917056277394295
0.0,True,0.0,1.0,0.0,7129,0.9800899028778076
0.0,True,0.0,1.0,0.0,7130,0.07656143605709076
0.0,True,0.0,1.0,0.0,7131,0.9184877276420593
0.0,True,0.0,1.0,0.0,7132,0.9774079918861389
0.0,True,0.0,1.0,0.0,7133,0.9902712106704712
0.0,False,0.0,1.0,0.0,7134,0.24798962473869324
0.0,True,0.0,1.0,0.0,7135,0.9852792024612427
0.0,True,0.0,1.0,0.0,7136,0.9697144627571106
0.0,False,0.0,1.0,0.0,7137,0.7081578373908997
0.0,True,0.0,1.0,0.0,7138,0.9751978516578674
0.0,True,0.0,1.0,0.0,7139,0.990134060382843
0.0,True,0.0,1.0,0.0,7140,0.9839989542961121
0.0,True,0.0,1.0,0.0,7141,0.7503576278686523
0.0,True,0.0,1.0,0.0,7142,0.9084423184394836
0.0,True,0.0,1.0,0.0,7143,0.9789388179779053
0.0,True,0.0,1.0,0.0,7144,0.9906947612762451
0.0,True,0.0,1.0,0.0,7145,0.9856864809989929
0.0,True,0.0,1.0,0.0,7146,0.2316836714744568
0.0,True,0.0,1.0,0.0,7147,0.94073885679245
0.0,False,0.0,1.0,0.0,7148,0.020701847970485687
0.0,True,0.0,1.0,0.0,7149,0.12295295298099518
0.0,True,0.0,1.0,0.0,7150,0.9195696711540222
0.0,True,0.0,1.0,0.0,7151,0.20981289446353912
0.0,True,0.0,1.0,0.0,7152,0.5811867117881775
0.0,True,0.0,1.0,0.0,7153,0.7077387571334839
0.0,True,0.0,1.0,0.0,7154,0.9770315289497375
0.0,True,0.0,1.0,0.0,7155,0.49714547395706177
0.0,True,0.0,1.0,0.0,7156,0.9905416369438171
0.0,True,0.0,1.0,0.0,7157,0.9846998453140259
0.0,False,0.0,1.0,0.0,7158,0.0878482386469841
0.0,False,0.0,1.0,0.0,7159,0.04025433585047722
0.0,True,0.0,1.0,0.0,7160,0.9796146750450134
0.0,True,0.0,1.0,0.0,7161,0.9908904433250427
0.0,True,0.0,1.0,0.0,7162,0.9859894514083862
0.0,True,0.0,1.0,0.0,7163,0.978105902671814
0.0,True,0.0,1.0,0.0,7164,0.9906948804855347
0.0,True,0.0,1.0,0.0,7165,0.9851897358894348
0.0,False,0.0,1.0,0.0,7166,0.053212594240903854
0.0,True,0.0,1.0,0.0,7167,0.909224808216095
0.0,True,0.0,1.0,0.0,7168,0.735159158706665
0.0,True,0.0,1.0,0.0,7169,0.9800310134887695
0.0,True,0.0,1.0,0.0,7170,0.9909862279891968
0.0,True,0.0,1.0,0.0,7171,0.9862070083618164
0.0,True,0.0,1.0,0.0,7172,0.2547462582588196
0.0,True,0.0,1.0,0.0,7173,0.7930276393890381
0.0,True,0.0,1.0,0.0,7174,0.9787494540214539
0.0,True,0.0,1.0,0.0,7175,0.9908198714256287
0.0,True,0.0,1.0,0.0,7176,0.9855330586433411
0.0,True,0.0,1.0,0.0,7177,0.9636701345443726
0.0,True,0.0,1.0,0.0,7178,0.057697538286447525
0.0,False,0.0,1.0,0.0,7179,0.23996791243553162
0.0,False,0.0,1.0,0.0,7180,0.04203451797366142
0.0,True,0.0,1.0,0.0,7181,0.9802903532981873
0.0,True,0.0,1.0,0.0,7182,0.991048276424408
0.0,True,0.0,1.0,0.0,7183,0.05227055773139
0.0,True,0.0,1.0,0.0,7184,0.9863757491111755
0.0,True,0.0,1.0,0.0,7185,0.3606046140193939
0.0,True,0.0,1.0,0.0,7186,0.6704829335212708
0.0,True,0.0,1.0,0.0,7187,0.5273309946060181
0.0,True,0.0,1.0,0.0,7188,0.6799607872962952
0.0,True,0.0,1.0,0.0,7189,0.05915915220975876
0.0,True,0.0,1.0,0.0,7190,0.9791868925094604
0.0,True,0.0,1.0,0.0,7191,0.9909000396728516
0.0,True,0.0,1.0,0.0,7192,0.2687586843967438
0.0,True,0.0,1.0,0.0,7193,0.9857977032661438
0.0,True,0.0,1.0,0.0,7194,0.9804754853248596
0.0,True,0.0,1.0,0.0,7195,0.9056370258331299
0.0,True,0.0,1.0,0.0,7196,0.9910839796066284
0.0,True,0.0,1.0,0.0,7197,0.9865152835845947
0.0,True,0.0,1.0,0.0,7198,0.3540198504924774
0.0,True,0.0,1.0,0.0,7199,0.3400897681713104
0.0,True,0.0,1.0,0.0,7200,0.9795106053352356
0.0,True,0.0,1.0,0.0,7201,0.9909494519233704
0.0,True,0.0,1.0,0.0,7202,0.5874292254447937
0.0,True,0.0,1.0,0.0,7203,0.9860895872116089
0.0,True,0.0,1.0,0.0,7204,0.09504605829715729
0.0,True,0.0,1.0,0.0,7205,0.855425238609314
0.0,True,0.0,1.0,0.0,7206,0.2932807207107544
0.0,True,0.0,1.0,0.0,7207,0.9804412126541138
0.0,True,0.0,1.0,0.0,7208,0.5237002968788147
0.0,False,0.0,1.0,0.0,7209,0.19535881280899048
0.0,True,0.0,1.0,0.0,7210,0.9914537668228149
0.0,True,0.0,1.0,0.0,7211,0.987263023853302
0.0,True,0.0,1.0,0.0,7212,0.23841752111911774
0.0,True,0.0,1.0,0.0,7213,0.8857985734939575
0.0,True,0.0,1.0,0.0,7214,0.7805401682853699
0.0,True,0.0,1.0,0.0,7215,0.6963658332824707
0.0,True,0.0,1.0,0.0,7216,0.6863538026809692
0.0,True,0.0,1.0,0.0,7217,0.9808370471000671
0.0,True,0.0,1.0,0.0,7218,0.07161508500576019
0.0,False,0.0,1.0,0.0,7219,0.9417446255683899
0.0,True,0.0,1.0,0.0,7220,0.030380122363567352
0.0,True,0.0,1.0,0.0,7221,0.09773240238428116
0.0,True,0.0,1.0,0.0,7222,0.6467326879501343
0.0,True,0.0,1.0,0.0,7223,0.37489354610443115
0.0,True,0.0,1.0,0.0,7224,0.9187430143356323
0.0,True,0.0,1.0,0.0,7225,0.8341148495674133
0.0,False,0.0,1.0,0.0,7226,0.7221227288246155
0.0,False,0.0,1.0,0.0,7227,0.2668013870716095
0.0,True,0.0,1.0,0.0,7228,0.9211511015892029
0.0,True,0.0,1.0,0.0,7229,0.9198508262634277
0.0,True,0.0,1.0,0.0,7230,0.48729079961776733
0.0,True,0.0,1.0,0.0,7231,0.6760145425796509
0.0,False,0.0,1.0,0.0,7232,0.6316643953323364
0.0,True,0.0,1.0,0.0,7233,0.8360909819602966
0.0,True,0.0,1.0,0.0,7234,0.7534448504447937
0.0,True,0.0,1.0,0.0,7235,0.674864649772644
0.0,False,0.0,1.0,0.0,7236,0.2679353356361389
0.0,True,0.0,1.0,0.0,7237,0.0333152674138546
0.0,True,0.0,1.0,0.0,7238,0.06313160806894302
0.0,True,0.0,1.0,0.0,7239,0.36618921160697937
0.0,True,0.0,1.0,0.0,7240,0.8670275807380676
0.0,True,0.0,1.0,0.0,7241,0.6319601535797119
0.0,True,0.0,1.0,0.0,7242,0.8274655342102051
0.0,False,0.0,1.0,0.0,7243,0.11415912210941315
0.0,True,0.0,1.0,0.0,7244,0.2655791640281677
0.0,False,0.0,1.0,0.0,7245,0.16239166259765625
0.0,False,0.0,1.0,0.0,7246,0.570565402507782
0.0,False,0.0,1.0,0.0,7247,0.4896504878997803
0.0,True,0.0,1.0,0.0,7248,0.06391165405511856
0.0,False,0.0,1.0,0.0,7249,0.15328814089298248
0.0,False,0.0,1.0,0.0,7250,0.41248399019241333
0.0,True,0.0,1.0,0.0,7251,0.8905602097511292
0.0,False,0.0,1.0,0.0,7252,0.15120206773281097
0.0,True,0.0,1.0,0.0,7253,0.7951033115386963
0.0,True,0.0,1.0,0.0,7254,0.9145243167877197
0.0,True,0.0,1.0,0.0,7255,0.7372798323631287
0.0,True,0.0,1.0,0.0,7256,0.8014640212059021
0.0,True,0.0,1.0,0.0,7257,0.07279301434755325
0.0,True,0.0,1.0,0.0,7258,0.6849821209907532
0.0,True,0.0,1.0,0.0,7259,0.22605974972248077
0.0,True,0.0,1.0,0.0,7260,0.3466777205467224
0.0,False,0.0,1.0,0.0,7261,0.4429798424243927
0.0,True,0.0,1.0,0.0,7262,0.6739166975021362
0.0,True,0.0,1.0,0.0,7263,0.9635152816772461
0.0,False,0.0,1.0,0.0,7264,0.0831322968006134
0.0,True,0.0,1.0,0.0,7265,0.05411745235323906
0.0,True,0.0,1.0,0.0,7266,0.6598320007324219
0.0,True,0.0,1.0,0.0,7267,0.07650721073150635
0.0,True,0.0,1.0,0.0,7268,0.06499296426773071
0.0,True,0.0,1.0,0.0,7269,0.5839292407035828
0.0,True,0.0,1.0,0.0,7270,0.26879945397377014
0.0,False,0.0,1.0,0.0,7271,0.4690071642398834
0.0,True,0.0,1.0,0.0,7272,0.7710439562797546
0.0,False,0.0,1.0,0.0,7273,0.30026131868362427
0.0,False,0.0,1.0,0.0,7274,0.6035937070846558
0.0,False,0.0,1.0,0.0,7275,0.1206493154168129
0.0,False,0.0,1.0,0.0,7276,0.3197711706161499
0.0,False,0.0,1.0,0.0,7277,0.11770643293857574
0.0,False,0.0,1.0,0.0,7278,0.35971757769584656
0.0,False,0.0,1.0,0.0,7279,0.3782382607460022
0.0,False,0.0,1.0,0.0,7280,0.24948862195014954
0.0,False,0.0,1.0,0.0,7281,0.37876564264297485
0.0,False,0.0,1.0,0.0,7282,0.12937875092029572
0.0,True,0.0,1.0,0.0,7283,0.9613614082336426
0.0,False,0.0,1.0,0.0,7284,0.714661717414856
0.0,True,0.0,1.0,0.0,7285,0.5665521025657654
0.0,True,0.0,1.0,0.0,7286,0.36661574244499207
0.0,False,0.0,1.0,0.0,7287,0.5330554842948914
0.0,False,0.0,1.0,0.0,7288,0.013844410888850689
0.0,True,0.0,1.0,0.0,7289,0.8881536722183228
0.0,False,0.0,1.0,0.0,7290,0.3124274015426636
0.0,True,0.0,1.0,0.0,7291,0.07972152531147003
0.0,True,0.0,1.0,0.0,7292,0.946092426776886
0.0,True,0.0,1.0,0.0,7293,0.972255289554596
0.0,True,0.0,1.0,0.0,7294,0.8188328146934509
0.0,True,0.0,1.0,0.0,7295,0.9040761590003967
0.0,True,0.0,1.0,0.0,7296,0.9249671697616577
0.0,True,0.0,1.0,0.0,7297,0.9589448571205139
0.0,True,0.0,1.0,0.0,7298,0.9641081690788269
0.0,True,0.0,1.0,0.0,7299,0.48002928495407104
0.0,True,0.0,1.0,0.0,7300,0.9348991513252258
0.0,True,0.0,1.0,0.0,7301,0.8924904465675354
0.0,True,0.0,1.0,0.0,7302,0.8892277479171753
0.0,True,0.0,1.0,0.0,7303,0.8629316091537476
0.0,True,0.0,1.0,0.0,7304,0.9463401436805725
0.0,False,0.0,1.0,0.0,7305,0.4149778485298157
0.0,False,0.0,1.0,0.0,7306,0.0997161865234375
0.0,False,0.0,1.0,0.0,7307,0.12431417405605316
0.0,False,0.0,1.0,0.0,7308,0.29863691329956055
0.0,True,0.0,1.0,0.0,7309,0.9672474265098572
0.0,True,0.0,1.0,0.0,7310,0.9478253722190857
0.0,True,0.0,1.0,0.0,7311,0.9619839787483215
0.0,True,0.0,1.0,0.0,7312,0.9628949761390686
0.0,True,0.0,1.0,0.0,7313,0.09106534719467163
0.0,True,0.0,1.0,0.0,7314,0.9732634425163269
0.0,False,0.0,1.0,0.0,7315,0.23263923823833466
0.0,False,0.0,1.0,0.0,7316,0.06825470179319382
0.0,True,0.0,1.0,0.0,7317,0.7439411878585815
0.0,True,0.0,1.0,0.0,7318,0.9082508087158203
0.0,True,0.0,1.0,0.0,7319,0.8972396850585938
0.0,True,0.0,1.0,0.0,7320,0.8081352710723877
0.0,True,0.0,1.0,0.0,7321,0.9478018879890442
0.0,False,0.0,1.0,0.0,7322,0.359513521194458
0.0,True,0.0,1.0,0.0,7323,0.5474889874458313
0.0,True,0.0,1.0,0.0,7324,0.6943041086196899
0.0,True,0.0,1.0,0.0,7325,0.8304904699325562
0.0,True,0.0,1.0,0.0,7326,0.1141410544514656
0.0,True,0.0,1.0,0.0,7327,0.10672027617692947
0.0,False,0.0,1.0,0.0,7328,0.6306335926055908
0.0,True,0.0,1.0,0.0,7329,0.9591386914253235
0.0,False,0.0,1.0,0.0,7330,0.19088473916053772
0.0,False,0.0,1.0,0.0,7331,0.5563085079193115
0.0,False,0.0,1.0,0.0,7332,0.661565363407135
0.0,False,0.0,1.0,0.0,7333,0.22374290227890015
0.0,False,0.0,1.0,0.0,7334,0.8054732084274292
0.0,False,0.0,1.0,0.0,7335,0.14227764308452606
0.0,False,0.0,1.0,0.0,7336,0.7240656614303589
0.0,False,0.0,1.0,0.0,7337,0.7817226648330688
0.0,True,0.0,1.0,0.0,7338,0.9615442156791687
0.0,False,0.0,1.0,0.0,7339,0.11581608653068542
0.0,True,0.0,1.0,0.0,7340,0.9073294997215271
0.0,True,0.0,1.0,0.0,7341,0.098041832447052
0.0,False,0.0,1.0,0.0,7342,0.3478662371635437
0.0,True,0.0,1.0,0.0,7343,0.9865635633468628
0.0,True,0.0,1.0,0.0,7344,0.9743509292602539
0.0,True,0.0,1.0,0.0,7345,0.9499829411506653
0.0,True,0.0,1.0,0.0,7346,0.9532230496406555
0.0,True,0.0,1.0,0.0,7347,0.9590941071510315
0.0,True,0.0,1.0,0.0,7348,0.9575099945068359
0.0,True,0.0,1.0,0.0,7349,0.9425992965698242
0.0,True,0.0,1.0,0.0,7350,0.9717205762863159
0.0,True,0.0,1.0,0.0,7351,0.12073449790477753
0.0,True,0.0,1.0,0.0,7352,0.9698124527931213
0.0,True,0.0,1.0,0.0,7353,0.7998231649398804
0.0,True,0.0,1.0,0.0,7354,0.5507751107215881
0.0,False,0.0,1.0,0.0,7355,0.1796572357416153
0.0,False,0.0,1.0,0.0,7356,0.6609253287315369
0.0,True,0.0,1.0,0.0,7357,0.9798288941383362
0.0,False,0.0,1.0,0.0,7358,0.2549169659614563
0.0,True,0.0,1.0,0.0,7359,0.10771957039833069
0.0,True,0.0,1.0,0.0,7360,0.955745279788971
0.0,True,0.0,1.0,0.0,7361,0.9261702299118042
0.0,False,0.0,1.0,0.0,7362,0.5903045535087585
0.0,True,0.0,1.0,0.0,7363,0.9861829280853271
0.0,True,0.0,1.0,0.0,7364,0.9481624960899353
0.0,True,0.0,1.0,0.0,7365,0.8870009779930115
0.0,True,0.0,1.0,0.0,7366,0.290860116481781
0.0,True,0.0,1.0,0.0,7367,0.11299782991409302
0.0,True,0.0,1.0,0.0,7368,0.8090106248855591
0.0,True,0.0,1.0,0.0,7369,0.8211898803710938
0.0,True,0.0,1.0,0.0,7370,0.9756450653076172
0.0,True,0.0,1.0,0.0,7371,0.877528727054596
0.0,False,0.0,1.0,0.0,7372,0.10658206790685654
0.0,True,0.0,1.0,0.0,7373,0.8854748606681824
0.0,True,0.0,1.0,0.0,7374,0.9600703716278076
0.0,True,0.0,1.0,0.0,7375,0.8507369756698608
0.0,True,0.0,1.0,0.0,7376,0.8454340696334839
0.0,True,0.0,1.0,0.0,7377,0.8782982230186462
0.0,True,0.0,1.0,0.0,7378,0.9902793765068054
0.0,False,0.0,1.0,0.0,7379,0.21901287138462067
0.0,True,0.0,1.0,0.0,7380,0.6393802165985107
0.0,True,0.0,1.0,0.0,7381,0.8434020280838013
0.0,True,0.0,1.0,0.0,7382,0.8499577045440674
0.0,True,0.0,1.0,0.0,7383,0.12789195775985718
0.0,True,0.0,1.0,0.0,7384,0.24605004489421844
0.0,True,0.0,1.0,0.0,7385,0.033447667956352234
0.0,True,0.0,1.0,0.0,7386,0.8188581466674805
0.0,True,0.0,1.0,0.0,7387,0.5902253985404968
0.0,True,0.0,1.0,0.0,7388,0.5894580483436584
0.0,False,0.0,1.0,0.0,7389,0.15752263367176056
0.0,True,0.0,1.0,0.0,7390,0.9215307831764221
0.0,True,0.0,1.0,0.0,7391,0.977425217628479
0.0,True,0.0,1.0,0.0,7392,0.950032651424408
0.0,True,0.0,1.0,0.0,7393,0.5136637687683105
0.0,True,0.0,1.0,0.0,7394,0.9462563395500183
0.0,False,0.0,1.0,0.0,7395,0.07535963505506516
0.0,False,0.0,1.0,0.0,7396,0.13724520802497864
0.0,False,0.0,1.0,0.0,7397,0.5634323954582214
0.0,True,0.0,1.0,0.0,7398,0.06965367496013641
0.0,False,0.0,1.0,0.0,7399,0.18965955078601837
0.0,True,0.0,1.0,0.0,7400,0.9574314951896667
0.0,True,0.0,1.0,0.0,7401,0.5482513904571533
0.0,True,0.0,1.0,0.0,7402,0.6630756855010986
0.0,True,0.0,1.0,0.0,7403,0.7436336874961853
0.0,True,0.0,1.0,0.0,7404,0.9209455251693726
0.0,False,0.0,1.0,0.0,7405,0.36825302243232727
0.0,True,0.0,1.0,0.0,7406,0.859545886516571
0.0,False,0.0,1.0,0.0,7407,0.09503195434808731
0.0,True,0.0,1.0,0.0,7408,0.9055820107460022
0.0,True,0.0,1.0,0.0,7409,0.5880098342895508
0.0,False,0.0,1.0,0.0,7410,0.35593053698539734
0.0,True,0.0,1.0,0.0,7411,0.9821824431419373
0.0,True,0.0,1.0,0.0,7412,0.9667429327964783
0.0,True,0.0,1.0,0.0,7413,0.9546051621437073
0.0,True,0.0,1.0,0.0,7414,0.9604427814483643
0.0,False,0.0,1.0,0.0,7415,0.5370139479637146
0.0,True,0.0,1.0,0.0,7416,0.6153364777565002
0.0,True,0.0,1.0,0.0,7417,0.9728280901908875
0.0,True,0.0,1.0,0.0,7418,0.4047439396381378
0.0,True,0.0,1.0,0.0,7419,0.726183295249939
0.0,True,0.0,1.0,0.0,7420,0.3355073034763336
0.0,True,0.0,1.0,0.0,7421,0.8825803995132446
0.0,True,0.0,1.0,0.0,7422,0.794052243232727
0.0,True,0.0,1.0,0.0,7423,0.6178392767906189
0.0,False,0.0,1.0,0.0,7424,0.2690543830394745
0.0,True,0.0,1.0,0.0,7425,0.8168632984161377
0.0,True,0.0,1.0,0.0,7426,0.9139810800552368
0.0,True,0.0,1.0,0.0,7427,0.972524106502533
0.0,True,0.0,1.0,0.0,7428,0.567972719669342
0.0,True,0.0,1.0,0.0,7429,0.8828375935554504
0.0,False,0.0,1.0,0.0,7430,0.36057010293006897
0.0,True,0.0,1.0,0.0,7431,0.7842118740081787
0.0,True,0.0,1.0,0.0,7432,0.8226528167724609
0.0,True,0.0,1.0,0.0,7433,0.3343241810798645
0.0,True,0.0,1.0,0.0,7434,0.9259570837020874
0.0,False,0.0,1.0,0.0,7435,0.16514047980308533
0.0,True,0.0,1.0,0.0,7436,0.4551466703414917
0.0,True,0.0,1.0,0.0,7437,0.9686927795410156
0.0,True,0.0,1.0,0.0,7438,0.6676084995269775
0.0,True,0.0,1.0,0.0,7439,0.6501767635345459
0.0,True,0.0,1.0,0.0,7440,0.7268717288970947
0.0,True,0.0,1.0,0.0,7441,0.8900435566902161
0.0,False,0.0,1.0,0.0,7442,0.5711307525634766
0.0,True,0.0,1.0,0.0,7443,0.7989141345024109
0.0,True,0.0,1.0,0.0,7444,0.7682622671127319
0.0,True,0.0,1.0,0.0,7445,0.8191342353820801
0.0,True,0.0,1.0,0.0,7446,0.914972722530365
0.0,True,0.0,1.0,0.0,7447,0.9703187942504883
0.0,True,0.0,1.0,0.0,7448,0.6305370330810547
0.0,False,0.0,1.0,0.0,7449,0.07440481334924698
0.0,True,0.0,1.0,0.0,7450,0.5728828310966492
0.0,True,0.0,1.0,0.0,7451,0.4215869903564453
0.0,True,0.0,1.0,0.0,7452,0.9127759337425232
0.0,True,0.0,1.0,0.0,7453,0.3097929358482361
0.0,True,0.0,1.0,0.0,7454,0.9697254300117493
0.0,True,0.0,1.0,0.0,7455,0.8803948163986206
0.0,False,0.0,1.0,0.0,7456,0.29844287037849426
0.0,False,0.0,1.0,0.0,7457,0.5931439995765686
0.0,True,0.0,1.0,0.0,7458,0.7892341017723083
0.0,True,0.0,1.0,0.0,7459,0.2681748569011688
0.0,True,0.0,1.0,0.0,7460,0.8203538060188293
0.0,True,0.0,1.0,0.0,7461,0.9268224835395813
0.0,True,0.0,1.0,0.0,7462,0.9683963060379028
0.0,False,0.0,1.0,0.0,7463,0.4603182077407837
0.0,True,0.0,1.0,0.0,7464,0.6230505704879761
0.0,False,0.0,1.0,0.0,7465,0.5030124187469482
0.0,True,0.0,1.0,0.0,7466,0.4649639427661896
0.0,True,0.0,1.0,0.0,7467,0.2988339364528656
0.0,False,0.0,1.0,0.0,7468,0.01972263492643833
0.0,False,0.0,1.0,0.0,7469,0.10389594733715057
0.0,True,0.0,1.0,0.0,7470,0.6714696884155273
0.0,False,0.0,1.0,0.0,7471,0.014471758157014847
0.0,False,0.0,1.0,0.0,7472,0.3565264940261841
0.0,False,0.0,1.0,0.0,7473,0.15779505670070648
0.0,False,0.0,1.0,0.0,7474,0.01789720170199871
0.0,True,0.0,1.0,0.0,7475,0.17354224622249603
0.0,True,0.0,1.0,0.0,7476,0.23255555331707
0.0,False,0.0,1.0,0.0,7477,0.2776810824871063
0.0,True,0.0,1.0,0.0,7478,0.38826894760131836
0.0,True,0.0,1.0,0.0,7479,0.7850513458251953
0.0,True,0.0,1.0,0.0,7480,0.8132816553115845
0.0,True,0.0,1.0,0.0,7481,0.23831278085708618
0.0,True,0.0,1.0,0.0,7482,0.6429916024208069
0.0,True,0.0,1.0,0.0,7483,0.6452747583389282
0.0,True,0.0,1.0,0.0,7484,0.32202276587486267
0.0,True,0.0,1.0,0.0,7485,0.7130333185195923
0.0,True,0.0,1.0,0.0,7486,0.778232753276825
0.0,False,0.0,1.0,0.0,7487,0.385491281747818
0.0,True,0.0,1.0,0.0,7488,0.2768068313598633
0.0,True,0.0,1.0,0.0,7489,0.2338656187057495
0.0,True,0.0,1.0,0.0,7490,0.7760216593742371
0.0,False,0.0,1.0,0.0,7491,0.2663722038269043
0.0,True,0.0,1.0,0.0,7492,0.9748172163963318
0.0,True,0.0,1.0,0.0,7493,0.9078349471092224
0.0,False,0.0,1.0,0.0,7494,0.22605948150157928
0.0,True,0.0,1.0,0.0,7495,0.6044915914535522
0.0,True,0.0,1.0,0.0,7496,0.5026291012763977
0.0,True,0.0,1.0,0.0,7497,0.9412134289741516
0.0,True,0.0,1.0,0.0,7498,0.9786495566368103
0.0,True,0.0,1.0,0.0,7499,0.8484449982643127
0.0,True,0.0,1.0,0.0,7500,0.9753772020339966
0.0,True,0.0,1.0,0.0,7501,0.9046708941459656
0.0,True,0.0,1.0,0.0,7502,0.47675928473472595
0.0,True,0.0,1.0,0.0,7503,0.9783073663711548
0.0,True,0.0,1.0,0.0,7504,0.9192878007888794
0.0,True,0.0,1.0,0.0,7505,0.7409855127334595
0.0,True,0.0,1.0,0.0,7506,0.11429291218519211
0.0,True,0.0,1.0,0.0,7507,0.8015527129173279
0.0,True,0.0,1.0,0.0,7508,0.39444833993911743
0.0,True,0.0,1.0,0.0,7509,0.0725027322769165
0.0,False,0.0,1.0,0.0,7510,0.23369236290454865
0.0,True,0.0,1.0,0.0,7511,0.1282891035079956
0.0,False,0.0,1.0,0.0,7512,0.7690612077713013
0.0,True,0.0,1.0,0.0,7513,0.03213038668036461
0.0,True,0.0,1.0,0.0,7514,0.8512147068977356
0.0,False,0.0,1.0,0.0,7515,0.7050315141677856
0.0,True,0.0,1.0,0.0,7516,0.40024861693382263
0.0,True,0.0,1.0,0.0,7517,0.9332616925239563
0.0,False,0.0,1.0,0.0,7518,0.36948058009147644
0.0,True,0.0,1.0,0.0,7519,0.4549263119697571
0.0,True,0.0,1.0,0.0,7520,0.14580471813678741
0.0,True,0.0,1.0,0.0,7521,0.28186190128326416
0.0,True,0.0,1.0,0.0,7522,0.6580454707145691
0.0,True,0.0,1.0,0.0,7523,0.14462095499038696
0.0,True,0.0,1.0,0.0,7524,0.01596086658537388
0.0,True,0.0,1.0,0.0,7525,0.48056894540786743
0.0,True,0.0,1.0,0.0,7526,0.5802493691444397
0.0,True,0.0,1.0,0.0,7527,0.3514857292175293
0.0,False,0.0,1.0,0.0,7528,0.7228628396987915
0.0,True,0.0,1.0,0.0,7529,0.26544490456581116
0.0,True,0.0,1.0,0.0,7530,0.7574552893638611
0.0,True,0.0,1.0,0.0,7531,0.07340339571237564
0.0,False,0.0,1.0,0.0,7532,0.7496967911720276
0.0,True,0.0,1.0,0.0,7533,0.15813001990318298
0.0,False,0.0,1.0,0.0,7534,0.24946171045303345
0.0,True,0.0,1.0,0.0,7535,0.05866926908493042
0.0,True,0.0,1.0,0.0,7536,0.7708047032356262
0.0,True,0.0,1.0,0.0,7537,0.1943265199661255
0.0,True,0.0,1.0,0.0,7538,0.9863269329071045
0.0,True,0.0,1.0,0.0,7539,0.357131689786911
0.0,True,0.0,1.0,0.0,7540,0.9877162575721741
0.0,False,0.0,1.0,0.0,7541,0.025674475356936455
0.0,True,0.0,1.0,0.0,7542,0.13015051186084747
0.0,True,0.0,1.0,0.0,7543,0.4537862241268158
0.0,False,0.0,1.0,0.0,7544,0.04751653969287872
0.0,True,0.0,1.0,0.0,7545,0.732036828994751
0.0,True,0.0,1.0,0.0,7546,0.781260073184967
0.0,False,0.0,1.0,0.0,7547,0.7089921236038208
0.0,True,0.0,1.0,0.0,7548,0.688739001750946
0.0,True,0.0,1.0,0.0,7549,0.26269590854644775
0.0,True,0.0,1.0,0.0,7550,0.8920738101005554
0.0,False,0.0,1.0,0.0,7551,0.24244318902492523
0.0,True,0.0,1.0,0.0,7552,0.649841845035553
0.0,True,0.0,1.0,0.0,7553,0.38143831491470337
0.0,True,0.0,1.0,0.0,7554,0.7686182260513306
0.0,True,0.0,1.0,0.0,7555,0.7179978489875793
0.0,False,0.0,1.0,0.0,7556,0.33649367094039917
0.0,False,0.0,1.0,0.0,7557,0.2545449137687683
0.0,False,0.0,1.0,0.0,7558,0.7123217582702637
0.0,True,0.0,1.0,0.0,7559,0.2636137902736664
0.0,True,0.0,1.0,0.0,7560,0.8554606437683105
0.0,True,0.0,1.0,0.0,7561,0.8332558274269104
0.0,False,0.0,1.0,0.0,7562,0.18901558220386505
0.0,False,0.0,1.0,0.0,7563,0.5812686085700989
0.0,True,0.0,1.0,0.0,7564,0.09369798004627228
0.0,True,0.0,1.0,0.0,7565,0.43986138701438904
0.0,True,0.0,1.0,0.0,7566,0.8028746843338013
0.0,True,0.0,1.0,0.0,7567,0.8464272022247314
0.0,True,0.0,1.0,0.0,7568,0.5929833054542542
0.0,True,0.0,1.0,0.0,7569,0.6341133117675781
0.0,True,0.0,1.0,0.0,7570,0.12925423681735992
0.0,True,0.0,1.0,0.0,7571,0.15589727461338043
0.0,False,0.0,1.0,0.0,7572,0.587153434753418
0.0,True,0.0,1.0,0.0,7573,0.9567046165466309
0.0,False,0.0,1.0,0.0,7574,0.6974179148674011
0.0,False,0.0,1.0,0.0,7575,0.1674192249774933
0.0,False,0.0,1.0,0.0,7576,0.43207746744155884
0.0,False,0.0,0.0,0.0,6553,0.16149252653121948
0.0,False,0.0,0.0,0.0,6554,0.628731906414032
0.0,False,0.0,0.0,0.0,6555,0.47310182452201843
0.0,False,0.0,0.0,0.0,6556,0.21916860342025757
0.0,False,0.0,0.0,0.0,6557,0.12909454107284546
0.0,False,0.0,0.0,0.0,6558,0.2564789056777954
0.0,False,0.0,0.0,0.0,6559,0.07718146592378616
0.0,False,0.0,0.0,0.0,6560,0.10250270366668701
0.0,False,0.0,0.0,0.0,6561,0.28594034910202026
0.0,False,0.0,0.0,0.0,6562,0.2638793885707855
0.0,False,0.0,0.0,0.0,6563,0.30520060658454895
0.0,False,0.0,0.0,0.0,6564,0.06048622354865074
0.0,False,0.0,0.0,0.0,6565,0.5454702973365784
0.0,False,0.0,0.0,0.0,6566,0.18137283623218536
0.0,False,0.0,0.0,0.0,6567,0.13880451023578644
0.0,False,0.0,0.0,0.0,6568,0.2629714012145996
0.0,False,0.0,0.0,0.0,6569,0.4020146429538727
0.0,False,0.0,0.0,0.0,6570,0.21679171919822693
0.0,False,0.0,0.0,0.0,6571,0.712822675704956
0.0,False,0.0,0.0,0.0,6572,0.18450310826301575
0.0,False,0.0,0.0,0.0,6573,0.3423604965209961
0.0,False,0.0,0.0,0.0,6574,0.22161750495433807
0.0,False,0.0,0.0,0.0,6575,0.05333445593714714
0.0,False,0.0,0.0,0.0,6576,0.10017084330320358
0.0,False,0.0,0.0,0.0,6577,0.43721097707748413
0.0,False,0.0,0.0,0.0,6578,0.19764794409275055
0.0,False,0.0,0.0,0.0,6579,0.24733109772205353
0.0,False,0.0,0.0,0.0,6580,0.11552775651216507
0.0,False,0.0,0.0,0.0,6581,0.5321130156517029
0.0,False,0.0,0.0,0.0,6582,0.01328884158283472
0.0,False,0.0,0.0,0.0,6583,0.06467130780220032
0.0,False,0.0,0.0,0.0,6584,0.03307658061385155
0.0,False,0.0,0.0,0.0,6585,0.11779803037643433
0.0,False,0.0,0.0,0.0,6586,0.010661580599844456
0.0,False,0.0,0.0,0.0,6587,0.13665084540843964
0.0,False,0.0,0.0,0.0,6588,0.01943095214664936
0.0,False,0.0,0.0,0.0,6589,0.09284202009439468
0.0,False,0.0,0.0,0.0,6590,0.5529612898826599
0.0,False,0.0,0.0,0.0,6591,0.35167819261550903
0.0,False,0.0,0.0,0.0,6592,0.022627629339694977
0.0,False,0.0,0.0,0.0,6593,0.03292636200785637
0.0,False,0.0,0.0,0.0,6594,0.43769752979278564
0.0,False,0.0,0.0,0.0,6595,0.019486427307128906
0.0,False,0.0,0.0,0.0,6596,0.09194046258926392
0.0,False,0.0,0.0,0.0,6597,0.026387380436062813
0.0,False,0.0,0.0,0.0,6598,0.23479154706001282
0.0,False,0.0,0.0,0.0,6599,0.314147025346756
0.0,False,0.0,0.0,0.0,6600,0.057601045817136765
0.0,False,0.0,0.0,0.0,6601,0.1637876331806183
0.0,False,0.0,0.0,0.0,6602,0.12406666576862335
0.0,False,0.0,0.0,0.0,6603,0.31405192613601685
0.0,False,0.0,0.0,0.0,6604,0.3757307231426239
0.0,False,0.0,0.0,0.0,6605,0.1923888474702835
0.0,True,0.0,0.0,0.0,6606,0.9214527010917664
0.0,False,0.0,0.0,0.0,6607,0.5054090619087219
0.0,False,0.0,0.0,0.0,6608,0.03461872413754463
0.0,False,0.0,0.0,0.0,6609,0.46335768699645996
0.0,False,0.0,0.0,0.0,6610,0.3148376941680908
0.0,False,0.0,0.0,0.0,6611,0.14995983242988586
0.0,False,0.0,0.0,0.0,6612,0.036080822348594666
0.0,False,0.0,0.0,0.0,6613,0.1824425607919693
0.0,False,0.0,0.0,0.0,6614,0.8246909379959106
0.0,False,0.0,0.0,0.0,6615,0.031233428046107292
0.0,False,0.0,0.0,0.0,6616,0.041864898055791855
0.0,False,0.0,0.0,0.0,6617,0.2124076783657074
0.0,False,0.0,0.0,0.0,6618,0.07843301445245743
0.0,False,0.0,0.0,0.0,6619,0.05450631305575371
0.0,False,0.0,0.0,0.0,6620,0.5300294756889343
0.0,False,0.0,0.0,0.0,6621,0.07740066200494766
0.0,False,0.0,0.0,0.0,6622,0.22111013531684875
0.0,False,0.0,0.0,0.0,6623,0.07395073026418686
0.0,False,0.0,0.0,0.0,6624,0.005102272145450115
0.0,False,0.0,0.0,0.0,6625,0.5906552076339722
0.0,False,0.0,0.0,0.0,6626,0.6461224555969238
0.0,False,0.0,0.0,0.0,6627,0.8055327534675598
0.0,False,0.0,0.0,0.0,6628,0.5924777388572693
0.0,False,0.0,0.0,0.0,6629,0.5524453520774841
0.0,False,0.0,0.0,0.0,6630,0.08524836599826813
0.0,False,0.0,0.0,0.0,6631,0.08736564218997955
0.0,False,0.0,0.0,0.0,6632,0.11383683234453201
0.0,False,0.0,0.0,0.0,6633,0.38329383730888367
0.0,False,0.0,0.0,0.0,6634,0.22285114228725433
0.0,False,0.0,0.0,0.0,6635,0.08807611465454102
0.0,False,0.0,0.0,0.0,6636,0.661884605884552
0.0,False,0.0,0.0,0.0,6637,0.31496402621269226
0.0,False,0.0,0.0,0.0,6638,0.027341416105628014
0.0,False,0.0,0.0,0.0,6639,0.5208393335342407
0.0,False,0.0,0.0,0.0,6640,0.13003741204738617
0.0,False,0.0,0.0,0.0,6641,0.298238068819046
0.0,False,0.0,0.0,0.0,6642,0.26181676983833313
0.0,False,0.0,0.0,0.0,6643,0.03198951110243797
0.0,False,0.0,0.0,0.0,6644,0.05711755156517029
0.0,False,0.0,0.0,0.0,6645,0.39044275879859924
0.0,False,0.0,0.0,0.0,6646,0.4460505247116089
0.0,False,0.0,0.0,0.0,6647,0.03738782927393913
0.0,False,0.0,0.0,0.0,6648,0.12938907742500305
0.0,True,0.0,0.0,0.0,6649,0.7327813506126404
0.0,False,0.0,0.0,0.0,6650,0.1569613218307495
0.0,False,0.0,0.0,0.0,6651,0.363836407661438
0.0,False,0.0,0.0,0.0,6652,0.3391595184803009
0.0,False,0.0,0.0,0.0,6653,0.1486411690711975
0.0,False,0.0,0.0,0.0,6654,0.013943963684141636
0.0,False,0.0,0.0,0.0,6655,0.005880421493202448
0.0,True,0.0,0.0,0.0,6656,0.9594224095344543
0.0,False,0.0,0.0,0.0,6657,0.1790781319141388
0.0,False,0.0,0.0,0.0,6658,0.05544208735227585
0.0,False,0.0,0.0,0.0,6659,0.23679818212985992
0.0,False,0.0,0.0,0.0,6660,0.030024303123354912
0.0,False,0.0,0.0,0.0,6661,0.1927860826253891
0.0,False,0.0,0.0,0.0,6662,0.22228488326072693
0.0,False,0.0,0.0,0.0,6663,0.43573617935180664
0.0,False,0.0,0.0,0.0,6664,0.10612090677022934
0.0,False,0.0,0.0,0.0,6665,0.1453321874141693
0.0,False,0.0,0.0,0.0,6666,0.2542903423309326
0.0,False,0.0,0.0,0.0,6667,0.12048964947462082
0.0,False,0.0,0.0,0.0,6668,0.028987837955355644
0.0,False,0.0,0.0,0.0,6669,0.26530900597572327
0.0,False,0.0,0.0,0.0,6670,0.004760695621371269
0.0,False,0.0,0.0,0.0,6671,0.307290256023407
0.0,False,0.0,0.0,0.0,6672,0.44965851306915283
0.0,True,0.0,0.0,0.0,6673,0.691612958908081
0.0,False,0.0,0.0,0.0,6674,0.06075945496559143
0.0,False,0.0,0.0,0.0,6675,0.14987634122371674
0.0,False,0.0,0.0,0.0,6676,0.04457859322428703
0.0,False,0.0,0.0,0.0,6677,0.3547476828098297
0.0,False,0.0,0.0,0.0,6678,0.033403776586055756
0.0,False,0.0,0.0,0.0,6679,0.3423081934452057
0.0,False,0.0,0.0,0.0,6680,0.5470492243766785
0.0,False,0.0,0.0,0.0,6681,0.4219934940338135
0.0,False,0.0,0.0,0.0,6682,0.3917865753173828
0.0,False,0.0,0.0,0.0,6683,0.5871995091438293
0.0,False,0.0,0.0,0.0,6684,0.1116584986448288
0.0,False,0.0,0.0,0.0,6685,0.716867208480835
0.0,False,0.0,0.0,0.0,6686,0.4194831848144531
0.0,False,0.0,0.0,0.0,6687,0.017140071839094162
0.0,False,0.0,0.0,0.0,6688,0.7395592927932739
0.0,False,0.0,0.0,0.0,6689,0.2908107340335846
0.0,False,0.0,0.0,0.0,6690,0.5787205696105957
0.0,False,0.0,0.0,0.0,6691,0.17611336708068848
0.0,False,0.0,0.0,0.0,6692,0.03488891199231148
0.0,False,0.0,0.0,0.0,6693,0.020612919703125954
0.0,False,0.0,0.0,0.0,6694,0.1095886081457138
0.0,True,0.0,0.0,0.0,6695,0.6822609305381775
0.0,False,0.0,0.0,0.0,6696,0.09374026954174042
0.0,False,0.0,0.0,0.0,6697,0.1867251992225647
0.0,False,0.0,0.0,0.0,6698,0.4927515387535095
0.0,False,0.0,0.0,0.0,6699,0.29776978492736816
0.0,False,0.0,0.0,0.0,6700,0.8285086750984192
0.0,False,0.0,0.0,0.0,6701,0.18509447574615479
0.0,False,0.0,0.0,0.0,6702,0.25461345911026
0.0,False,0.0,0.0,0.0,6703,0.02556087262928486
0.0,False,0.0,0.0,0.0,6704,0.09301210194826126
0.0,False,0.0,0.0,0.0,6705,0.780765175819397
0.0,False,0.0,0.0,0.0,6706,0.08482333272695541
0.0,False,0.0,0.0,0.0,6707,0.07347606867551804
0.0,True,0.0,0.0,0.0,6708,0.7257249355316162
0.0,False,0.0,0.0,0.0,6709,0.16585242748260498
0.0,False,0.0,0.0,0.0,6710,0.25168323516845703
0.0,False,0.0,0.0,0.0,6711,0.002045983914285898
0.0,True,0.0,0.0,0.0,6712,0.9071568250656128
0.0,False,0.0,0.0,0.0,6713,0.21419420838356018
0.0,False,0.0,0.0,0.0,6714,0.873475968837738
0.0,False,0.0,0.0,0.0,6715,0.2481941282749176
0.0,False,0.0,0.0,0.0,6716,0.030554480850696564
0.0,False,0.0,0.0,0.0,6717,0.02969588339328766
0.0,False,0.0,0.0,0.0,6718,0.3848065137863159
0.0,False,0.0,0.0,0.0,6719,0.03437504917383194
0.0,True,0.0,0.0,0.0,6720,0.5774973034858704
0.0,False,0.0,0.0,0.0,6721,0.029484257102012634
0.0,False,0.0,0.0,0.0,6722,0.2567894458770752
0.0,False,0.0,0.0,0.0,6723,0.27700766921043396
0.0,False,0.0,0.0,0.0,6724,0.010391530580818653
0.0,False,0.0,0.0,0.0,6725,0.710849940776825
0.0,False,0.0,0.0,0.0,6726,0.08272071927785873
0.0,False,0.0,0.0,0.0,6727,0.23447678983211517
0.0,False,0.0,0.0,0.0,6728,0.036379847675561905
0.0,False,0.0,0.0,0.0,6729,0.06437206268310547
0.0,True,0.0,0.0,0.0,6730,0.9115676879882812
0.0,False,0.0,0.0,0.0,6731,0.044651977717876434
0.0,False,0.0,0.0,0.0,6732,0.12666216492652893
0.0,False,0.0,0.0,0.0,6733,0.019503863528370857
0.0,False,0.0,0.0,0.0,6734,0.36075136065483093
0.0,False,0.0,0.0,0.0,6735,0.3316482901573181
0.0,False,0.0,0.0,0.0,6736,0.16090203821659088
0.0,True,0.0,0.0,0.0,6737,0.5059874653816223
0.0,False,0.0,0.0,0.0,6738,0.07981884479522705
0.0,False,0.0,0.0,0.0,6739,0.12616701424121857
0.0,True,0.0,0.0,0.0,6740,0.5756622552871704
0.0,False,0.0,0.0,0.0,6741,0.7557200789451599
0.0,False,0.0,0.0,0.0,6742,0.27238693833351135
0.0,False,0.0,0.0,0.0,6743,0.2909717261791229
0.0,False,0.0,0.0,0.0,6744,0.3825966715812683
0.0,False,0.0,0.0,0.0,6745,0.43713921308517456
0.0,False,0.0,0.0,0.0,6746,0.5084580779075623
0.0,False,0.0,0.0,0.0,6747,0.016041124239563942
0.0,False,0.0,0.0,0.0,6748,0.12110039591789246
0.0,False,0.0,0.0,0.0,6749,0.39687463641166687
0.0,False,0.0,0.0,0.0,6750,0.2210366576910019
0.0,False,0.0,0.0,0.0,6751,0.04288073256611824
0.0,False,0.0,0.0,0.0,6752,0.12439554929733276
0.0,True,0.0,0.0,0.0,6753,0.716214120388031
0.0,False,0.0,0.0,0.0,6754,0.3046090304851532
0.0,False,0.0,0.0,0.0,6755,0.16982439160346985
0.0,False,0.0,0.0,0.0,6756,0.40790608525276184
0.0,False,0.0,0.0,0.0,6757,0.3025236129760742
0.0,True,0.0,0.0,0.0,6758,0.8246841430664062
0.0,False,0.0,0.0,0.0,6759,0.08137748390436172
0.0,True,0.0,0.0,0.0,6760,0.0807611271739006
0.0,False,0.0,0.0,0.0,6761,0.2260293960571289
0.0,False,0.0,0.0,0.0,6762,0.001958028646185994
0.0,False,0.0,0.0,0.0,6763,0.38150593638420105
0.0,False,0.0,0.0,0.0,6764,0.10423587262630463
0.0,False,0.0,0.0,0.0,6765,0.044020406901836395
0.0,False,0.0,0.0,0.0,6766,0.2996421754360199
0.0,False,0.0,0.0,0.0,6767,0.42396649718284607
0.0,False,0.0,0.0,0.0,6768,0.023552460595965385
0.0,False,0.0,0.0,0.0,6769,0.10156986117362976
0.0,False,0.0,0.0,0.0,6770,0.43132710456848145
0.0,False,0.0,0.0,0.0,6771,0.20476201176643372
0.0,False,0.0,0.0,0.0,6772,0.48239606618881226
0.0,False,0.0,0.0,0.0,6773,0.16093799471855164
0.0,False,0.0,0.0,0.0,6774,0.09303759783506393
0.0,False,0.0,0.0,0.0,6775,0.13453803956508636
0.0,False,0.0,0.0,0.0,6776,0.32612207531929016
0.0,False,0.0,0.0,0.0,6777,0.6362578272819519
0.0,False,0.0,0.0,0.0,6778,0.01792287454009056
0.0,False,0.0,0.0,0.0,6779,0.1875157654285431
0.0,False,0.0,0.0,0.0,6780,0.18432378768920898
0.0,False,0.0,0.0,0.0,6781,0.23800499737262726
0.0,False,0.0,0.0,0.0,6782,0.053550608456134796
0.0,False,0.0,0.0,0.0,6783,0.10896355658769608
0.0,False,0.0,0.0,0.0,6784,0.20821203291416168
0.0,False,0.0,0.0,0.0,6785,0.10259629786014557
0.0,False,0.0,0.0,0.0,6786,0.19145135581493378
0.0,False,0.0,0.0,0.0,6787,0.7507874369621277
0.0,False,0.0,0.0,0.0,6788,0.24603255093097687
0.0,False,0.0,0.0,0.0,6789,0.19082793593406677
0.0,False,0.0,0.0,0.0,6790,0.013108587823808193
0.0,False,0.0,0.0,0.0,6791,0.02825482189655304
0.0,True,0.0,0.0,0.0,6792,0.19045397639274597
0.0,False,0.0,0.0,0.0,6793,0.700437605381012
0.0,False,0.0,0.0,0.0,6794,0.2656882405281067
0.0,False,0.0,0.0,0.0,6795,0.1365170031785965
0.0,True,0.0,0.0,0.0,6796,0.40424197912216187
0.0,False,0.0,0.0,0.0,6797,0.1732078194618225
0.0,False,0.0,0.0,0.0,6798,0.5924311876296997
0.0,False,0.0,0.0,0.0,6799,0.04733342304825783
0.0,False,0.0,0.0,0.0,6800,0.09493905305862427
0.0,False,0.0,0.0,0.0,6801,0.005146132316440344
0.0,False,0.0,0.0,0.0,6802,0.2230324149131775
0.0,False,0.0,0.0,0.0,6803,0.1294354796409607
0.0,False,0.0,0.0,0.0,6804,0.17602750658988953
0.0,False,0.0,0.0,0.0,6805,0.22017057240009308
0.0,False,0.0,0.0,0.0,6806,0.7384636998176575
0.0,False,0.0,0.0,0.0,6807,0.23966237902641296
0.0,True,0.0,0.0,0.0,6808,0.08634047955274582
0.0,False,0.0,0.0,0.0,6809,0.018058665096759796
0.0,False,0.0,0.0,0.0,6810,0.3761330246925354
0.0,False,0.0,0.0,0.0,6811,0.6498010754585266
0.0,False,0.0,0.0,0.0,6812,0.08734825998544693
0.0,False,0.0,0.0,0.0,6813,0.07918331772089005
0.0,True,0.0,0.0,0.0,6814,0.5491825342178345
0.0,False,0.0,0.0,0.0,6815,0.10720899701118469
0.0,False,0.0,0.0,0.0,6816,0.0925552174448967
0.0,False,0.0,0.0,0.0,6817,0.3100236654281616
0.0,False,0.0,0.0,0.0,6818,0.11624444276094437
0.0,False,0.0,0.0,0.0,6819,0.17013977468013763
0.0,False,0.0,0.0,0.0,6820,0.5703101754188538
0.0,False,0.0,0.0,0.0,6821,0.22233514487743378
0.0,False,0.0,0.0,0.0,6822,0.2125527411699295
0.0,False,0.0,0.0,0.0,6823,0.08300194889307022
0.0,False,0.0,0.0,0.0,6824,0.23007100820541382
0.0,True,0.0,0.0,0.0,6825,0.7950202822685242
0.0,False,0.0,0.0,0.0,6826,0.3040147125720978
0.0,False,0.0,0.0,0.0,6827,0.5977941155433655
0.0,False,0.0,0.0,0.0,6828,0.32990702986717224
0.0,False,0.0,0.0,0.0,6829,0.2707543671131134
0.0,False,0.0,0.0,0.0,6830,0.14168387651443481
0.0,True,0.0,0.0,0.0,6831,0.4920620024204254
0.0,False,0.0,0.0,0.0,6832,0.20490184426307678
0.0,False,0.0,0.0,0.0,6833,0.044881004840135574
0.0,False,0.0,0.0,0.0,6834,0.03811880946159363
0.0,False,0.0,0.0,0.0,6835,0.11936546862125397
0.0,False,0.0,0.0,0.0,6836,0.2287260890007019
0.0,False,0.0,0.0,0.0,6837,0.6418727040290833
0.0,False,0.0,0.0,0.0,6838,0.10037513822317123
0.0,False,0.0,0.0,0.0,6839,0.4025816321372986
0.0,False,0.0,0.0,0.0,6840,0.4719525873661041
0.0,False,0.0,0.0,0.0,6841,0.434879869222641
0.0,False,0.0,0.0,0.0,6842,0.1590418517589569
0.0,False,0.0,0.0,0.0,6843,0.9040433168411255
0.0,False,0.0,0.0,0.0,6844,0.2319987267255783
0.0,False,0.0,0.0,0.0,6845,0.40156930685043335
0.0,False,0.0,0.0,0.0,6846,0.3099376857280731
0.0,False,0.0,0.0,0.0,6847,0.7137883305549622
0.0,False,0.0,0.0,0.0,6848,0.0880628228187561
0.0,False,0.0,0.0,0.0,6849,0.2664790451526642
0.0,False,0.0,0.0,0.0,6850,0.11601630598306656
0.0,False,0.0,0.0,0.0,6851,0.3332865238189697
0.0,False,0.0,0.0,0.0,6852,0.7966592311859131
0.0,False,0.0,0.0,0.0,6853,0.21787618100643158
0.0,False,0.0,0.0,0.0,6854,0.16349899768829346
0.0,False,0.0,0.0,0.0,6855,0.02709733322262764
0.0,False,0.0,0.0,0.0,6856,0.007110432256013155
0.0,False,0.0,0.0,0.0,6857,0.04867255315184593
0.0,False,0.0,0.0,0.0,6858,0.39418157935142517
0.0,False,0.0,0.0,0.0,6859,0.5327929854393005
0.0,False,0.0,0.0,0.0,6860,0.10680963099002838
0.0,False,0.0,0.0,0.0,6861,0.09894993901252747
0.0,False,0.0,0.0,0.0,6862,0.27286696434020996
0.0,False,0.0,0.0,0.0,6863,0.015302424319088459
0.0,False,0.0,0.0,0.0,6864,0.5453127026557922
0.0,False,0.0,0.0,0.0,6865,0.6574754118919373
0.0,False,0.0,0.0,0.0,6866,0.11430218070745468
0.0,False,0.0,0.0,0.0,6867,0.22769838571548462
0.0,False,0.0,0.0,0.0,6868,0.17711704969406128
0.0,True,0.0,0.0,0.0,6869,0.7103044986724854
0.0,False,0.0,0.0,0.0,6870,0.17208637297153473
0.0,False,0.0,0.0,0.0,6871,0.10437443852424622
0.0,False,0.0,0.0,0.0,6872,0.07106896489858627
0.0,False,0.0,0.0,0.0,6873,0.0761740505695343
0.0,False,0.0,0.0,0.0,6874,0.2760032117366791
0.0,False,0.0,0.0,0.0,6875,0.10964981466531754
0.0,False,0.0,0.0,0.0,6876,0.06092332676053047
0.0,False,0.0,0.0,0.0,6877,0.02707696333527565
0.0,False,0.0,0.0,0.0,6878,0.05326627939939499
0.0,False,0.0,0.0,0.0,6879,0.007423026487231255
0.0,False,0.0,0.0,0.0,6880,0.1831454336643219
0.0,False,0.0,0.0,0.0,6881,0.6228492856025696
0.0,False,0.0,0.0,0.0,6882,0.02754225954413414
0.0,False,0.0,0.0,0.0,6883,0.13854235410690308
0.0,False,0.0,0.0,0.0,6884,0.020672982558608055
0.0,True,0.0,0.0,0.0,6885,0.3802523910999298
0.0,False,0.0,0.0,0.0,6886,0.28015798330307007
0.0,False,0.0,0.0,0.0,6887,0.10775701701641083
0.0,False,0.0,0.0,0.0,6888,0.027454866096377373
0.0,False,0.0,0.0,0.0,6889,0.06059957295656204
0.0,False,0.0,0.0,0.0,6890,0.7215445637702942
0.0,False,0.0,0.0,0.0,6891,0.2556605637073517
0.0,True,0.0,0.0,0.0,6892,0.8082436919212341
0.0,False,0.0,0.0,0.0,6893,0.27655088901519775
0.0,False,0.0,0.0,0.0,6894,0.6442112326622009
0.0,False,0.0,0.0,0.0,6895,0.19824354350566864
0.0,False,0.0,0.0,0.0,6896,0.19162528216838837
0.0,False,0.0,0.0,0.0,6897,0.05456361919641495
0.0,False,0.0,0.0,0.0,6898,0.2804686725139618
0.0,False,0.0,0.0,0.0,6899,0.017687898129224777
0.0,False,0.0,0.0,0.0,6900,0.4915660321712494
0.0,False,0.0,0.0,0.0,6901,0.3990381956100464
0.0,False,0.0,0.0,0.0,6902,0.25079718232154846
0.0,False,0.0,0.0,0.0,6903,0.06200514733791351
0.0,False,0.0,0.0,0.0,6904,0.2524072527885437
0.0,False,0.0,0.0,0.0,6905,0.29399389028549194
0.0,False,0.0,0.0,0.0,6906,0.1747240424156189
0.0,False,0.0,0.0,0.0,6907,0.21090421080589294
0.0,False,0.0,0.0,0.0,6908,0.04130211099982262
0.0,False,0.0,0.0,0.0,6909,0.09422193467617035
0.0,False,0.0,0.0,0.0,6910,0.09702767431735992
0.0,False,0.0,0.0,0.0,6911,0.21627391874790192
0.0,False,0.0,0.0,0.0,6912,0.028468120843172073
0.0,False,0.0,0.0,0.0,6913,0.10709240287542343
0.0,False,0.0,0.0,0.0,6914,0.23832951486110687
0.0,False,0.0,0.0,0.0,6915,0.2785767912864685
0.0,False,0.0,0.0,0.0,6916,0.009796149097383022
0.0,False,0.0,0.0,0.0,6917,0.11270861327648163
0.0,False,0.0,0.0,0.0,6918,0.30449315905570984
0.0,False,0.0,0.0,0.0,6919,0.060379501432180405
0.0,False,0.0,0.0,0.0,6920,0.6832550168037415
0.0,False,0.0,0.0,0.0,6921,0.23025980591773987
0.0,True,0.0,0.0,0.0,6922,0.10103297978639603
0.0,False,0.0,0.0,0.0,6923,0.31774649024009705
0.0,False,0.0,0.0,0.0,6924,0.5275716781616211
0.0,False,0.0,0.0,0.0,6925,0.2126668095588684
0.0,False,0.0,0.0,0.0,6926,0.4037635922431946
0.0,False,0.0,0.0,0.0,6927,0.031070318073034286
0.0,False,0.0,0.0,0.0,6928,0.31771010160446167
0.0,False,0.0,0.0,0.0,6929,0.5522032380104065
0.0,False,0.0,0.0,0.0,6930,0.038864560425281525
0.0,False,0.0,0.0,0.0,6931,0.027897678315639496
0.0,False,0.0,0.0,0.0,6932,0.1287306249141693
0.0,False,0.0,0.0,0.0,6933,0.41225218772888184
0.0,False,0.0,0.0,0.0,6934,0.06642872095108032
0.0,False,0.0,0.0,0.0,6935,0.3322104513645172
0.0,False,0.0,0.0,0.0,6936,0.018842095509171486
0.0,False,0.0,0.0,0.0,6937,0.12993666529655457
0.0,False,0.0,0.0,0.0,6938,0.13195058703422546
0.0,False,0.0,0.0,0.0,6939,0.14093367755413055
0.0,False,0.0,0.0,0.0,6940,0.03146347030997276
0.0,False,0.0,0.0,0.0,6941,0.061764419078826904
0.0,False,0.0,0.0,0.0,6942,0.10678236186504364
0.0,False,0.0,0.0,0.0,6943,0.35195356607437134
0.0,False,0.0,0.0,0.0,6944,0.061827901750802994
0.0,False,0.0,0.0,0.0,6945,0.7969720363616943
0.0,False,0.0,0.0,0.0,6946,0.780844509601593
0.0,False,0.0,0.0,0.0,6947,0.06978006660938263
0.0,True,0.0,0.0,0.0,6948,0.844870388507843
0.0,False,0.0,0.0,0.0,6949,0.22314082086086273
0.0,False,0.0,0.0,0.0,6950,0.03727170452475548
0.0,False,0.0,0.0,0.0,6951,0.00903875008225441
0.0,False,0.0,0.0,0.0,6952,0.1503203809261322
0.0,False,0.0,0.0,0.0,6953,0.2920885682106018
0.0,False,0.0,0.0,0.0,6954,0.0603671669960022
0.0,False,0.0,0.0,0.0,6955,0.09754471480846405
0.0,False,0.0,0.0,0.0,6956,0.21396999061107635
0.0,False,0.0,0.0,0.0,6957,0.0761062353849411
0.0,False,0.0,0.0,0.0,6958,0.045677363872528076
0.0,False,0.0,0.0,0.0,6959,0.5093324184417725
0.0,False,0.0,0.0,0.0,6960,0.5602314472198486
0.0,False,0.0,0.0,0.0,6961,0.12410669773817062
0.0,False,0.0,0.0,0.0,6962,0.07421498000621796
0.0,False,0.0,0.0,0.0,6963,0.103897325694561
0.0,False,0.0,0.0,0.0,6964,0.024676024913787842
0.0,False,0.0,0.0,0.0,6965,0.06809253245592117
0.0,False,0.0,0.0,0.0,6966,0.3795939087867737
0.0,False,0.0,0.0,0.0,6967,0.26806721091270447
0.0,False,0.0,0.0,0.0,6968,0.09726618230342865
0.0,False,0.0,0.0,0.0,6969,0.00358698726631701
0.0,False,0.0,0.0,0.0,6970,0.03443729132413864
0.0,True,0.0,0.0,0.0,6971,0.22702428698539734
0.0,False,0.0,0.0,0.0,6972,0.033511169254779816
0.0,False,0.0,0.0,0.0,6973,0.10814415663480759
0.0,False,0.0,0.0,0.0,6974,0.12867534160614014
0.0,False,0.0,0.0,0.0,6975,0.3186708092689514
0.0,False,0.0,0.0,0.0,6976,0.062113117426633835
0.0,False,0.0,0.0,0.0,6977,0.2598419189453125
0.0,False,0.0,0.0,0.0,6978,0.045184314250946045
0.0,True,0.0,0.0,0.0,6979,0.06507323682308197
0.0,False,0.0,0.0,0.0,6980,0.09982270002365112
0.0,False,0.0,0.0,0.0,6981,0.08071961253881454
0.0,False,0.0,0.0,0.0,6982,0.05955802649259567
0.0,False,0.0,0.0,0.0,6983,0.04315696284174919
0.0,False,0.0,0.0,0.0,6984,0.002015860052779317
0.0,False,0.0,0.0,0.0,6985,0.8987398743629456
0.0,False,0.0,0.0,0.0,6986,0.10853862017393112
0.0,True,0.0,0.0,0.0,6987,0.7518894672393799
0.0,False,0.0,0.0,0.0,6988,0.17707130312919617
0.0,False,0.0,0.0,0.0,6989,0.03810076415538788
0.0,False,0.0,0.0,0.0,6990,0.0247220229357481
0.0,False,0.0,0.0,0.0,6991,0.038820426911115646
0.0,False,0.0,0.0,0.0,6992,0.037334274500608444
0.0,False,0.0,0.0,0.0,6993,0.017206920310854912
0.0,False,0.0,0.0,0.0,6994,0.3306736350059509
0.0,False,0.0,0.0,0.0,6995,0.06972517818212509
0.0,False,0.0,0.0,0.0,6996,0.4684116542339325
0.0,False,0.0,0.0,0.0,6997,0.5731010437011719
0.0,False,0.0,0.0,0.0,6998,0.2923150956630707
0.0,True,0.0,0.0,0.0,6999,0.7226589918136597
0.0,False,0.0,0.0,0.0,7000,0.3678528964519501
0.0,False,0.0,0.0,0.0,7001,0.005665493197739124
0.0,False,0.0,0.0,0.0,7002,0.13627080619335175
0.0,False,0.0,0.0,0.0,7003,0.13282763957977295
0.0,False,0.0,0.0,0.0,7004,0.03408144414424896
0.0,False,0.0,0.0,0.0,7005,0.34117427468299866
0.0,True,0.0,0.0,0.0,7006,0.966729998588562
0.0,False,0.0,0.0,0.0,7007,0.1873081773519516
0.0,False,0.0,0.0,0.0,7008,0.19638590514659882
0.0,False,0.0,0.0,0.0,7009,0.07278729975223541
0.0,False,0.0,0.0,0.0,7010,0.6593458652496338
0.0,False,0.0,0.0,0.0,7011,0.0771360769867897
0.0,False,0.0,0.0,0.0,7012,0.472442626953125
0.0,False,0.0,0.0,0.0,7013,0.881459653377533
0.0,False,0.0,0.0,0.0,7014,0.1836766004562378
0.0,False,0.0,0.0,0.0,7015,0.22586023807525635
0.0,False,0.0,0.0,0.0,7016,0.13766056299209595
0.0,False,0.0,0.0,0.0,7017,0.1629975289106369
0.0,False,0.0,0.0,0.0,7018,0.3941340744495392
0.0,False,0.0,0.0,0.0,7019,0.2622987627983093
0.0,False,0.0,0.0,0.0,7020,0.3586563766002655
0.0,False,0.0,0.0,0.0,7021,0.5408293604850769
0.0,False,0.0,0.0,0.0,7022,0.2959117293357849
0.0,False,0.0,0.0,0.0,7023,0.06263446807861328
0.0,False,0.0,0.0,0.0,7024,0.34640467166900635
0.0,False,0.0,0.0,0.0,7025,0.017721468582749367
0.0,False,0.0,0.0,0.0,7026,0.42686593532562256
0.0,False,0.0,0.0,0.0,7027,0.06359988451004028
0.0,False,0.0,0.0,0.0,7028,0.27425870299339294
0.0,False,0.0,0.0,0.0,7029,0.01038078311830759
0.0,False,0.0,0.0,0.0,7030,0.4864838421344757
0.0,False,0.0,0.0,0.0,7031,0.11089625954627991
0.0,False,0.0,0.0,0.0,7032,0.5787765383720398
0.0,False,0.0,0.0,0.0,7033,0.15054504573345184
0.0,False,0.0,0.0,0.0,7034,0.07215797156095505
0.0,False,0.0,0.0,0.0,7035,0.24525919556617737
0.0,False,0.0,0.0,0.0,7036,0.12642036378383636
0.0,False,0.0,0.0,0.0,7037,0.5829134583473206
0.0,False,0.0,0.0,0.0,7038,0.011475150473415852
0.0,False,0.0,0.0,0.0,7039,0.211412250995636
0.0,False,0.0,0.0,0.0,7040,0.01238806638866663
0.0,False,0.0,0.0,0.0,7041,0.10778166353702545
0.0,False,0.0,0.0,0.0,7042,0.3045155107975006
0.0,False,0.0,0.0,0.0,7043,0.4367145895957947
0.0,False,0.0,0.0,0.0,7044,0.32896190881729126
0.0,False,0.0,0.0,0.0,7045,0.027205251157283783
0.0,False,0.0,0.0,0.0,7046,0.016729064285755157
0.0,False,0.0,0.0,0.0,7047,0.20185056328773499
0.0,False,0.0,0.0,0.0,7048,0.07817620038986206
0.0,False,0.0,0.0,0.0,7049,0.11712811887264252
0.0,False,0.0,0.0,0.0,7050,0.3911552131175995
0.0,False,0.0,0.0,0.0,7051,0.03634396940469742
0.0,False,0.0,0.0,0.0,7052,0.3348696529865265
0.0,False,0.0,0.0,0.0,7053,0.8207221627235413
0.0,False,0.0,0.0,0.0,7054,0.03775176405906677
0.0,False,0.0,0.0,0.0,7055,0.2865282893180847
0.0,False,0.0,0.0,0.0,7056,0.04762007296085358
0.0,False,0.0,0.0,0.0,7057,0.5493439435958862
0.0,False,0.0,0.0,0.0,7058,0.11203113198280334
0.0,False,0.0,0.0,0.0,7059,0.37192967534065247
0.0,False,0.0,0.0,0.0,7060,0.17759154736995697
0.0,False,0.0,0.0,0.0,7061,0.2654867470264435
0.0,False,0.0,0.0,0.0,7062,0.10698537528514862
0.0,True,0.0,0.0,0.0,7063,0.49128782749176025
0.0,False,0.0,0.0,0.0,7064,0.4070031940937042
0.0,False,0.0,0.0,0.0,7065,0.048160161823034286
0.0,True,0.0,0.0,0.0,7066,0.8273360133171082
0.0,False,0.0,0.0,0.0,7067,0.09135068207979202
0.0,False,0.0,0.0,0.0,7068,0.5828232169151306
0.0,False,0.0,0.0,0.0,7069,0.23222880065441132
0.0,False,0.0,0.0,0.0,7070,0.06570238620042801
0.0,False,0.0,0.0,0.0,7071,0.17733415961265564
0.0,False,0.0,0.0,0.0,7072,0.45300328731536865
0.0,False,0.0,0.0,0.0,7073,0.38953447341918945
0.0,False,0.0,0.0,0.0,7074,0.22034309804439545
0.0,False,0.0,0.0,0.0,7075,0.314555287361145
0.0,False,0.0,0.0,0.0,7076,0.20928829908370972
0.0,False,0.0,0.0,0.0,7077,0.2052338719367981
0.0,False,0.0,0.0,0.0,7078,0.3947305977344513
0.0,False,0.0,0.0,0.0,7079,0.5673986673355103
0.0,False,0.0,0.0,0.0,7080,0.3653154969215393
0.0,False,0.0,0.0,0.0,7081,0.09219414740800858
0.0,False,0.0,0.0,0.0,7082,0.06917796283960342
0.0,False,0.0,0.0,0.0,7083,0.16992121934890747
0.0,False,0.0,0.0,0.0,7084,0.1569995880126953
0.0,False,0.0,0.0,0.0,7085,0.2234332114458084
0.0,False,0.0,0.0,0.0,7086,0.15377992391586304
0.0,False,0.0,0.0,0.0,7087,0.32274848222732544
0.0,False,0.0,0.0,0.0,7088,0.7137663960456848
0.0,True,0.0,0.0,0.0,7089,0.5299867391586304
0.0,False,0.0,0.0,0.0,7090,0.05382166802883148
0.0,False,0.0,0.0,0.0,7091,0.503445565700531
0.0,False,0.0,0.0,0.0,7092,0.04340137913823128
0.0,False,0.0,0.0,0.0,7093,0.05734454095363617
0.0,False,0.0,0.0,0.0,7094,0.05298313498497009
0.0,False,0.0,0.0,0.0,7095,0.23824118077754974
0.0,False,0.0,0.0,0.0,7096,0.6544916033744812
0.0,False,0.0,0.0,0.0,7097,0.6247873902320862
0.0,False,0.0,0.0,0.0,7098,0.6950667500495911
0.0,False,0.0,0.0,0.0,7099,0.2798778712749481
0.0,False,0.0,0.0,0.0,7100,0.7164207696914673
0.0,False,0.0,0.0,0.0,7101,0.608045756816864
0.0,False,0.0,0.0,0.0,7102,0.3442089855670929
0.0,False,0.0,0.0,0.0,7103,0.1753879189491272
0.0,False,0.0,0.0,0.0,7104,0.3172825872898102
0.0,False,0.0,0.0,0.0,7105,0.0695095881819725
0.0,False,0.0,0.0,0.0,7106,0.4387820363044739
0.0,False,0.0,0.0,0.0,7107,0.11025576293468475
0.0,False,0.0,0.0,0.0,7108,0.271104097366333
0.0,False,0.0,0.0,0.0,7109,0.6421622037887573
0.0,False,0.0,0.0,0.0,7110,0.02224607765674591
0.0,False,0.0,0.0,0.0,7111,0.023655714467167854
0.0,False,0.0,0.0,0.0,7112,0.9534033536911011
0.0,False,0.0,0.0,0.0,7113,0.042896565049886703
0.0,False,0.0,0.0,0.0,7114,0.4416804611682892
0.0,False,0.0,0.0,0.0,7115,0.6652913689613342
0.0,False,0.0,0.0,0.0,7116,0.17195190489292145
0.0,False,0.0,0.0,0.0,7117,0.08412358164787292
0.0,False,0.0,0.0,0.0,7118,0.2908704876899719
0.0,False,0.0,0.0,0.0,7119,0.7796679139137268
0.0,False,0.0,0.0,0.0,7120,0.1817093789577484
0.0,False,0.0,0.0,0.0,7121,0.029978977516293526
0.0,False,0.0,0.0,0.0,7122,0.03854188695549965
0.0,False,0.0,0.0,0.0,7123,0.7220027446746826
0.0,False,0.0,0.0,0.0,7124,0.7177559733390808
0.0,False,0.0,0.0,0.0,7125,0.26050031185150146
0.0,False,0.0,0.0,0.0,7126,0.8449729084968567
0.0,False,0.0,0.0,0.0,7127,0.20283079147338867
0.0,False,0.0,0.0,0.0,7128,0.29906219244003296
0.0,False,0.0,0.0,0.0,7129,0.15497523546218872
0.0,False,0.0,0.0,0.0,7130,0.12681859731674194
0.0,False,0.0,0.0,0.0,7131,0.027478400617837906
0.0,False,0.0,0.0,0.0,7132,0.4620499908924103
0.0,False,0.0,0.0,0.0,7133,0.19935886561870575
0.0,False,0.0,0.0,0.0,7134,0.49694108963012695
0.0,False,0.0,0.0,0.0,7135,0.7877794504165649
0.0,False,0.0,0.0,0.0,7136,0.15661102533340454
0.0,False,0.0,0.0,0.0,7137,0.10650123655796051
0.0,False,0.0,0.0,0.0,7138,0.2218688726425171
0.0,False,0.0,0.0,0.0,7139,0.8679772615432739
0.0,False,0.0,0.0,0.0,7140,0.1040751188993454
0.0,False,0.0,0.0,0.0,7141,0.18207642436027527
0.0,False,0.0,0.0,0.0,7142,0.4644508361816406
0.0,False,0.0,0.0,0.0,7143,0.18953220546245575
0.0,False,0.0,0.0,0.0,7144,0.7437282800674438
0.0,False,0.0,0.0,0.0,7145,0.45910823345184326
0.0,False,0.0,0.0,0.0,7146,0.21256378293037415
0.0,False,0.0,0.0,0.0,7147,0.08864711225032806
0.0,False,0.0,0.0,0.0,7148,0.02110229805111885
0.0,False,0.0,0.0,0.0,7149,0.007630744483321905
0.0,False,0.0,0.0,0.0,7150,0.196776881814003
0.0,False,0.0,0.0,0.0,7151,0.19884276390075684
0.0,False,0.0,0.0,0.0,7152,0.2792375981807709
0.0,False,0.0,0.0,0.0,7153,0.21045958995819092
0.0,False,0.0,0.0,0.0,7154,0.13775885105133057
0.0,False,0.0,0.0,0.0,7155,0.17776000499725342
0.0,False,0.0,0.0,0.0,7156,0.7882980704307556
0.0,False,0.0,0.0,0.0,7157,0.19505846500396729
0.0,False,0.0,0.0,0.0,7158,0.05053551122546196
0.0,True,0.0,0.0,0.0,7159,0.7595831155776978
0.0,False,0.0,0.0,0.0,7160,0.9244834780693054
0.0,False,0.0,0.0,0.0,7161,0.7047677636146545
0.0,False,0.0,0.0,0.0,7162,0.2921365201473236
0.0,False,0.0,0.0,0.0,7163,0.7371129393577576
0.0,False,0.0,0.0,0.0,7164,0.3079352080821991
0.0,False,0.0,0.0,0.0,7165,0.0645560622215271
0.0,False,0.0,0.0,0.0,7166,0.11034755408763885
0.0,False,0.0,0.0,0.0,7167,0.4675986170768738
0.0,True,0.0,0.0,0.0,7168,0.2154124677181244
0.0,False,0.0,0.0,0.0,7169,0.4427638649940491
0.0,False,0.0,0.0,0.0,7170,0.7060418128967285
0.0,False,0.0,0.0,0.0,7171,0.46033936738967896
0.0,True,0.0,0.0,0.0,7172,0.5585511922836304
0.0,False,0.0,0.0,0.0,7173,0.6246322989463806
0.0,False,0.0,0.0,0.0,7174,0.2122056931257248
0.0,False,0.0,0.0,0.0,7175,0.2985476851463318
0.0,False,0.0,0.0,0.0,7176,0.5332052707672119
0.0,False,0.0,0.0,0.0,7177,0.043554194271564484
0.0,False,0.0,0.0,0.0,7178,0.1299963742494583
0.0,False,0.0,0.0,0.0,7179,0.20399974286556244
0.0,False,0.0,0.0,0.0,7180,0.3146578073501587
0.0,False,0.0,0.0,0.0,7181,0.3223735988140106
0.0,False,0.0,0.0,0.0,7182,0.32238224148750305
0.0,True,0.0,0.0,0.0,7183,0.2976279854774475
0.0,False,0.0,0.0,0.0,7184,0.3881559669971466
0.0,False,0.0,0.0,0.0,7185,0.31474918127059937
0.0,False,0.0,0.0,0.0,7186,0.46137845516204834
0.0,True,0.0,0.0,0.0,7187,0.4046890437602997
0.0,False,0.0,0.0,0.0,7188,0.0672280564904213
0.0,False,0.0,0.0,0.0,7189,0.6313111782073975
0.0,False,0.0,0.0,0.0,7190,0.4640940725803375
0.0,False,0.0,0.0,0.0,7191,0.4386996626853943
0.0,False,0.0,0.0,0.0,7192,0.0980381965637207
0.0,False,0.0,0.0,0.0,7193,0.16105428338050842
0.0,False,0.0,0.0,0.0,7194,0.488140344619751
0.0,False,0.0,0.0,0.0,7195,0.19120654463768005
0.0,False,0.0,0.0,0.0,7196,0.7659810781478882
0.0,False,0.0,0.0,0.0,7197,0.35001128911972046
0.0,True,0.0,0.0,0.0,7198,0.7242860198020935
0.0,False,0.0,0.0,0.0,7199,0.11290842294692993
0.0,False,0.0,0.0,0.0,7200,0.6948959827423096
0.0,False,0.0,0.0,0.0,7201,0.7400283813476562
0.0,False,0.0,0.0,0.0,7202,0.4931887984275818
0.0,False,0.0,0.0,0.0,7203,0.42305469512939453
0.0,False,0.0,0.0,0.0,7204,0.0800824761390686
0.0,False,0.0,0.0,0.0,7205,0.1416729986667633
0.0,False,0.0,0.0,0.0,7206,0.06879457086324692
0.0,False,0.0,0.0,0.0,7207,0.751649022102356
0.0,False,0.0,0.0,0.0,7208,0.2457859367132187
0.0,False,0.0,0.0,0.0,7209,0.04697496071457863
0.0,False,0.0,0.0,0.0,7210,0.27002888917922974
0.0,False,0.0,0.0,0.0,7211,0.6975973844528198
0.0,False,0.0,0.0,0.0,7212,0.10811722278594971
0.0,False,0.0,0.0,0.0,7213,0.0833684504032135
0.0,False,0.0,0.0,0.0,7214,0.34568077325820923
0.0,False,0.0,0.0,0.0,7215,0.09336675703525543
0.0,False,0.0,0.0,0.0,7216,0.4595850706100464
0.0,False,0.0,0.0,0.0,7217,0.13342222571372986
0.0,False,0.0,0.0,0.0,7218,0.5756880044937134
0.0,False,0.0,0.0,0.0,7219,0.2580539286136627
0.0,True,0.0,0.0,0.0,7220,0.33714058995246887
0.0,False,0.0,0.0,0.0,7221,0.1334310919046402
0.0,False,0.0,0.0,0.0,7222,0.16889458894729614
0.0,True,0.0,0.0,0.0,7223,0.05615731328725815
0.0,False,0.0,0.0,0.0,7224,0.013998347334563732
0.0,False,0.0,0.0,0.0,7225,0.08126112818717957
0.0,False,0.0,0.0,0.0,7226,0.3239193558692932
0.0,False,0.0,0.0,0.0,7227,0.5469924807548523
0.0,False,0.0,0.0,0.0,7228,0.06595861911773682
0.0,False,0.0,0.0,0.0,7229,0.19870609045028687
0.0,False,0.0,0.0,0.0,7230,0.006981597747653723
0.0,False,0.0,0.0,0.0,7231,0.21129824221134186
0.0,True,0.0,0.0,0.0,7232,0.2595154643058777
0.0,False,0.0,0.0,0.0,7233,0.1480739414691925
0.0,False,0.0,0.0,0.0,7234,0.10846305638551712
0.0,False,0.0,0.0,0.0,7235,0.2420727163553238
0.0,False,0.0,0.0,0.0,7236,0.08544204384088516
0.0,False,0.0,0.0,0.0,7237,0.6040595769882202
0.0,False,0.0,0.0,0.0,7238,0.11795662343502045
0.0,False,0.0,0.0,0.0,7239,0.2155933380126953
0.0,False,0.0,0.0,0.0,7240,0.30970609188079834
0.0,False,0.0,0.0,0.0,7241,0.18801328539848328
0.0,False,0.0,0.0,0.0,7242,0.12476532906293869
0.0,False,0.0,0.0,0.0,7243,0.26913756132125854
0.0,False,0.0,0.0,0.0,7244,0.3970487713813782
0.0,False,0.0,0.0,0.0,7245,0.07521486282348633
0.0,False,0.0,0.0,0.0,7246,0.6807231903076172
0.0,False,0.0,0.0,0.0,7247,0.23301103711128235
0.0,False,0.0,0.0,0.0,7248,0.49633145332336426
0.0,False,0.0,0.0,0.0,7249,0.5147482752799988
0.0,False,0.0,0.0,0.0,7250,0.7376306056976318
0.0,False,0.0,0.0,0.0,7251,0.12111230194568634
0.0,False,0.0,0.0,0.0,7252,0.37229445576667786
0.0,False,0.0,0.0,0.0,7253,0.014054340310394764
0.0,False,0.0,0.0,0.0,7254,0.18026183545589447
0.0,False,0.0,0.0,0.0,7255,0.2385791838169098
0.0,False,0.0,0.0,0.0,7256,0.03723457455635071
0.0,False,0.0,0.0,0.0,7257,0.003571128472685814
0.0,False,0.0,0.0,0.0,7258,0.4266549348831177
0.0,False,0.0,0.0,0.0,7259,0.2317783683538437
0.0,False,0.0,0.0,0.0,7260,0.3287244737148285
0.0,False,0.0,0.0,0.0,7261,0.08984921127557755
0.0,False,0.0,0.0,0.0,7262,0.5283367037773132
0.0,False,0.0,0.0,0.0,7263,0.32834023237228394
0.0,False,0.0,0.0,0.0,7264,0.19149579107761383
0.0,False,0.0,0.0,0.0,7265,0.1385831981897354
0.0,False,0.0,0.0,0.0,7266,0.21883653104305267
0.0,False,0.0,0.0,0.0,7267,0.11562126874923706
0.0,False,0.0,0.0,0.0,7268,0.2405671626329422
0.0,False,0.0,0.0,0.0,7269,0.23491692543029785
0.0,False,0.0,0.0,0.0,7270,0.4524734914302826
0.0,False,0.0,0.0,0.0,7271,0.15457771718502045
0.0,False,0.0,0.0,0.0,7272,0.058707594871520996
0.0,False,0.0,0.0,0.0,7273,0.6188836693763733
0.0,False,0.0,0.0,0.0,7274,0.09696503728628159
0.0,False,0.0,0.0,0.0,7275,0.21509338915348053
0.0,False,0.0,0.0,0.0,7276,0.3318697512149811
0.0,False,0.0,0.0,0.0,7277,0.10578697919845581
0.0,False,0.0,0.0,0.0,7278,0.4181143343448639
0.0,False,0.0,0.0,0.0,7279,0.205274298787117
0.0,False,0.0,0.0,0.0,7280,0.1209922730922699
0.0,False,0.0,0.0,0.0,7281,0.48648032546043396
0.0,False,0.0,0.0,0.0,7282,0.4466773569583893
0.0,False,0.0,0.0,0.0,7283,0.6237753033638
0.0,False,0.0,0.0,0.0,7284,0.1010935828089714
0.0,False,0.0,0.0,0.0,7285,0.12416169047355652
0.0,False,0.0,0.0,0.0,7286,0.21281389892101288
0.0,False,0.0,0.0,0.0,7287,0.4217827618122101
0.0,False,0.0,0.0,0.0,7288,0.09755115211009979
0.0,False,0.0,0.0,0.0,7289,0.27928316593170166
0.0,False,0.0,0.0,0.0,7290,0.2998984158039093
0.0,False,0.0,0.0,0.0,7291,0.10624239593744278
0.0,False,0.0,0.0,0.0,7292,0.23683878779411316
0.0,False,0.0,0.0,0.0,7293,0.20906104147434235
0.0,False,0.0,0.0,0.0,7294,0.20109763741493225
0.0,False,0.0,0.0,0.0,7295,0.2739122807979584
0.0,False,0.0,0.0,0.0,7296,0.08957640081644058
0.0,False,0.0,0.0,0.0,7297,0.014719482511281967
0.0,False,0.0,0.0,0.0,7298,0.33240437507629395
0.0,False,0.0,0.0,0.0,7299,0.2074936479330063
0.0,False,0.0,0.0,0.0,7300,0.3319185972213745
0.0,False,0.0,0.0,0.0,7301,0.00837865099310875
0.0,False,0.0,0.0,0.0,7302,0.784237802028656
0.0,False,0.0,0.0,0.0,7303,0.1889546513557434
0.0,False,0.0,0.0,0.0,7304,0.1573275774717331
0.0,False,0.0,0.0,0.0,7305,0.27948763966560364
0.0,True,0.0,0.0,0.0,7306,0.3554561734199524
0.0,False,0.0,0.0,0.0,7307,0.41966134309768677
0.0,False,0.0,0.0,0.0,7308,0.12247973680496216
0.0,False,0.0,0.0,0.0,7309,0.024041926488280296
0.0,False,0.0,0.0,0.0,7310,0.034807752817869186
0.0,False,0.0,0.0,0.0,7311,0.051449909806251526
0.0,False,0.0,0.0,0.0,7312,0.08058564364910126
0.0,False,0.0,0.0,0.0,7313,0.03595899045467377
0.0,False,0.0,0.0,0.0,7314,0.026587238535284996
0.0,False,0.0,0.0,0.0,7315,0.1213565468788147
0.0,False,0.0,0.0,0.0,7316,0.43397727608680725
0.0,False,0.0,0.0,0.0,7317,0.04551965370774269
0.0,False,0.0,0.0,0.0,7318,0.25468015670776367
0.0,False,0.0,0.0,0.0,7319,0.008094859309494495
0.0,False,0.0,0.0,0.0,7320,0.09839650988578796
0.0,False,0.0,0.0,0.0,7321,0.10924181342124939
0.0,False,0.0,0.0,0.0,7322,0.18163864314556122
0.0,False,0.0,0.0,0.0,7323,0.4248611330986023
0.0,False,0.0,0.0,0.0,7324,0.2534427046775818
0.0,True,0.0,0.0,0.0,7325,0.40209877490997314
0.0,False,0.0,0.0,0.0,7326,0.0332559235394001
0.0,False,0.0,0.0,0.0,7327,0.23024974763393402
0.0,False,0.0,0.0,0.0,7328,0.24047712981700897
0.0,False,0.0,0.0,0.0,7329,0.08448467403650284
0.0,False,0.0,0.0,0.0,7330,0.34897515177726746
0.0,False,0.0,0.0,0.0,7331,0.19462749361991882
0.0,False,0.0,0.0,0.0,7332,0.3249173164367676
0.0,False,0.0,0.0,0.0,7333,0.36517247557640076
0.0,False,0.0,0.0,0.0,7334,0.4485362768173218
0.0,False,0.0,0.0,0.0,7335,0.24818190932273865
0.0,False,0.0,0.0,0.0,7336,0.2724846303462982
0.0,False,0.0,0.0,0.0,7337,0.19576360285282135
0.0,False,0.0,0.0,0.0,7338,0.015259566716849804
0.0,False,0.0,0.0,0.0,7339,0.2668180763721466
0.0,False,0.0,0.0,0.0,7340,0.05384300276637077
0.0,True,0.0,0.0,0.0,7341,0.1079145148396492
0.0,False,0.0,0.0,0.0,7342,0.4599746763706207
0.0,False,0.0,0.0,0.0,7343,0.2348427176475525
0.0,False,0.0,0.0,0.0,7344,0.04454534128308296
0.0,False,0.0,0.0,0.0,7345,0.1140884980559349
0.0,False,0.0,0.0,0.0,7346,0.2565509080886841
0.0,False,0.0,0.0,0.0,7347,0.17236508429050446
0.0,False,0.0,0.0,0.0,7348,0.020970936864614487
0.0,False,0.0,0.0,0.0,7349,0.06437414139509201
0.0,False,0.0,0.0,0.0,7350,0.22679099440574646
0.0,False,0.0,0.0,0.0,7351,0.5442867279052734
0.0,False,0.0,0.0,0.0,7352,0.09941882640123367
0.0,False,0.0,0.0,0.0,7353,0.02916966937482357
0.0,False,0.0,0.0,0.0,7354,0.4050573408603668
0.0,False,0.0,0.0,0.0,7355,0.06117163226008415
0.0,False,0.0,0.0,0.0,7356,0.03755588456988335
0.0,False,0.0,0.0,0.0,7357,0.14528533816337585
0.0,False,0.0,0.0,0.0,7358,0.3202992379665375
0.0,False,0.0,0.0,0.0,7359,0.19890233874320984
0.0,False,0.0,0.0,0.0,7360,0.3114258646965027
0.0,False,0.0,0.0,0.0,7361,0.009304240345954895
0.0,False,0.0,0.0,0.0,7362,0.12654903531074524
0.0,True,0.0,0.0,0.0,7363,0.6030360460281372
0.0,False,0.0,0.0,0.0,7364,0.018226781859993935
0.0,False,0.0,0.0,0.0,7365,0.001426299917511642
0.0,False,0.0,0.0,0.0,7366,0.042373497039079666
0.0,False,0.0,0.0,0.0,7367,0.18704329431056976
0.0,False,0.0,0.0,0.0,7368,0.009225992485880852
0.0,False,0.0,0.0,0.0,7369,0.033266372978687286
0.0,False,0.0,0.0,0.0,7370,0.9483168721199036
0.0,False,0.0,0.0,0.0,7371,0.0215907022356987
0.0,False,0.0,0.0,0.0,7372,0.06089714542031288
0.0,False,0.0,0.0,0.0,7373,0.0020597970578819513
0.0,False,0.0,0.0,0.0,7374,0.0835602805018425
0.0,False,0.0,0.0,0.0,7375,0.42268815636634827
0.0,False,0.0,0.0,0.0,7376,0.8780083656311035
0.0,True,0.0,0.0,0.0,7377,0.7782386541366577
0.0,False,0.0,0.0,0.0,7378,0.003223697654902935
0.0,False,0.0,0.0,0.0,7379,0.20745129883289337
0.0,False,0.0,0.0,0.0,7380,0.2729169428348541
0.0,False,0.0,0.0,0.0,7381,0.16425593197345734
0.0,False,0.0,0.0,0.0,7382,0.11330592632293701
0.0,False,0.0,0.0,0.0,7383,0.15264254808425903
0.0,False,0.0,0.0,0.0,7384,0.07823406159877777
0.0,False,0.0,0.0,0.0,7385,0.4420672357082367
0.0,False,0.0,0.0,0.0,7386,0.29612818360328674
0.0,False,0.0,0.0,0.0,7387,0.2772125005722046
0.0,False,0.0,0.0,0.0,7388,0.5536746382713318
0.0,False,0.0,0.0,0.0,7389,0.16548475623130798
0.0,False,0.0,0.0,0.0,7390,0.03212381526827812
0.0,False,0.0,0.0,0.0,7391,0.007576384581625462
0.0,False,0.0,0.0,0.0,7392,0.19560857117176056
0.0,False,0.0,0.0,0.0,7393,0.16491980850696564
0.0,False,0.0,0.0,0.0,7394,0.01192529872059822
0.0,False,0.0,0.0,0.0,7395,0.4080226719379425
0.0,False,0.0,0.0,0.0,7396,0.06035608425736427
0.0,False,0.0,0.0,0.0,7397,0.14283199608325958
0.0,False,0.0,0.0,0.0,7398,0.5995783805847168
0.0,False,0.0,0.0,0.0,7399,0.0981866791844368
0.0,False,0.0,0.0,0.0,7400,0.05449549853801727
0.0,False,0.0,0.0,0.0,7401,0.23164302110671997
0.0,False,0.0,0.0,0.0,7402,0.10492455214262009
0.0,False,0.0,0.0,0.0,7403,0.3052169680595398
0.0,False,0.0,0.0,0.0,7404,0.023173091933131218
0.0,False,0.0,0.0,0.0,7405,0.27452602982521057
0.0,True,0.0,0.0,0.0,7406,0.36134013533592224
0.0,False,0.0,0.0,0.0,7407,0.39050644636154175
0.0,True,0.0,0.0,0.0,7408,0.4487368166446686
0.0,False,0.0,0.0,0.0,7409,0.20932213962078094
0.0,False,0.0,0.0,0.0,7410,0.5448145270347595
0.0,False,0.0,0.0,0.0,7411,0.14342130720615387
0.0,False,0.0,0.0,0.0,7412,0.02359698712825775
0.0,False,0.0,0.0,0.0,7413,0.34530943632125854
0.0,False,0.0,0.0,0.0,7414,0.032534319907426834
0.0,False,0.0,0.0,0.0,7415,0.15185946226119995
0.0,False,0.0,0.0,0.0,7416,0.3998841345310211
0.0,False,0.0,0.0,0.0,7417,0.34175142645835876
0.0,False,0.0,0.0,0.0,7418,0.34254130721092224
0.0,False,0.0,0.0,0.0,7419,0.07474906742572784
0.0,False,0.0,0.0,0.0,7420,0.06732559204101562
0.0,False,0.0,0.0,0.0,7421,0.37708884477615356
0.0,False,0.0,0.0,0.0,7422,0.014024308882653713
0.0,False,0.0,0.0,0.0,7423,0.12305399775505066
0.0,False,0.0,0.0,0.0,7424,0.6307801008224487
0.0,False,0.0,0.0,0.0,7425,0.054560862481594086
0.0,False,0.0,0.0,0.0,7426,0.03230400010943413
0.0,False,0.0,0.0,0.0,7427,0.1314808428287506
0.0,False,0.0,0.0,0.0,7428,0.035226933658123016
0.0,False,0.0,0.0,0.0,7429,0.1969103217124939
0.0,False,0.0,0.0,0.0,7430,0.8491808176040649
0.0,False,0.0,0.0,0.0,7431,0.4812282919883728
0.0,False,0.0,0.0,0.0,7432,0.007928071543574333
0.0,False,0.0,0.0,0.0,7433,0.5662273168563843
0.0,False,0.0,0.0,0.0,7434,0.3363037705421448
0.0,False,0.0,0.0,0.0,7435,0.15810365974903107
0.0,False,0.0,0.0,0.0,7436,0.21360090374946594
0.0,False,0.0,0.0,0.0,7437,0.045198794454336166
0.0,False,0.0,0.0,0.0,7438,0.11202394217252731
0.0,False,0.0,0.0,0.0,7439,0.2388812154531479
0.0,False,0.0,0.0,0.0,7440,0.35289856791496277
0.0,False,0.0,0.0,0.0,7441,0.11894607543945312
0.0,False,0.0,0.0,0.0,7442,0.5674583315849304
0.0,False,0.0,0.0,0.0,7443,0.19228842854499817
0.0,False,0.0,0.0,0.0,7444,0.2701190710067749
0.0,False,0.0,0.0,0.0,7445,0.21312914788722992
0.0,False,0.0,0.0,0.0,7446,0.030697254464030266
0.0,False,0.0,0.0,0.0,7447,0.38862699270248413
0.0,False,0.0,0.0,0.0,7448,0.5126771330833435
0.0,False,0.0,0.0,0.0,7449,0.45491769909858704
0.0,False,0.0,0.0,0.0,7450,0.20537331700325012
0.0,False,0.0,0.0,0.0,7451,0.9351880550384521
0.0,False,0.0,0.0,0.0,7452,0.3320254385471344
0.0,False,0.0,0.0,0.0,7453,0.5975555777549744
0.0,False,0.0,0.0,0.0,7454,0.022736618295311928
0.0,False,0.0,0.0,0.0,7455,0.11830592900514603
0.0,False,0.0,0.0,0.0,7456,0.6374680399894714
0.0,False,0.0,0.0,0.0,7457,0.6387500166893005
0.0,False,0.0,0.0,0.0,7458,0.04007504880428314
0.0,False,0.0,0.0,0.0,7459,0.028993582352995872
0.0,False,0.0,0.0,0.0,7460,0.023943891748785973
0.0,False,0.0,0.0,0.0,7461,0.03260460123419762
0.0,False,0.0,0.0,0.0,7462,0.0987885445356369
0.0,False,0.0,0.0,0.0,7463,0.14437255263328552
0.0,False,0.0,0.0,0.0,7464,0.02371279150247574
0.0,False,0.0,0.0,0.0,7465,0.729567289352417
0.0,False,0.0,0.0,0.0,7466,0.24856990575790405
0.0,False,0.0,0.0,0.0,7467,0.48213595151901245
0.0,False,0.0,0.0,0.0,7468,0.022449146956205368
0.0,False,0.0,0.0,0.0,7469,0.016279928386211395
0.0,False,0.0,0.0,0.0,7470,0.10143561661243439
0.0,False,0.0,0.0,0.0,7471,0.0281197652220726
0.0,False,0.0,0.0,0.0,7472,0.6127490401268005
0.0,False,0.0,0.0,0.0,7473,0.0036605140194296837
0.0,False,0.0,0.0,0.0,7474,0.06085605546832085
0.0,False,0.0,0.0,0.0,7475,0.045822057873010635
0.0,False,0.0,0.0,0.0,7476,0.03024504892528057
0.0,False,0.0,0.0,0.0,7477,0.34423619508743286
0.0,False,0.0,0.0,0.0,7478,0.011596892029047012
0.0,False,0.0,0.0,0.0,7479,0.37370458245277405
0.0,False,0.0,0.0,0.0,7480,0.07407543063163757
0.0,False,0.0,0.0,0.0,7481,0.05021797865629196
0.0,False,0.0,0.0,0.0,7482,0.0384821817278862
0.0,False,0.0,0.0,0.0,7483,0.13658542931079865
0.0,False,0.0,0.0,0.0,7484,0.1776258796453476
0.0,False,0.0,0.0,0.0,7485,0.35990768671035767
0.0,True,0.0,0.0,0.0,7486,0.5234047770500183
0.0,False,0.0,0.0,0.0,7487,0.2776336371898651
0.0,False,0.0,0.0,0.0,7488,0.016395526006817818
0.0,False,0.0,0.0,0.0,7489,0.003337169997394085
0.0,False,0.0,0.0,0.0,7490,0.30874940752983093
0.0,False,0.0,0.0,0.0,7491,0.6174823045730591
0.0,False,0.0,0.0,0.0,7492,0.44017714262008667
0.0,False,0.0,0.0,0.0,7493,0.3713631331920624
0.0,False,0.0,0.0,0.0,7494,0.32572540640830994
0.0,False,0.0,0.0,0.0,7495,0.2081059217453003
0.0,False,0.0,0.0,0.0,7496,0.4658258259296417
0.0,False,0.0,0.0,0.0,7497,0.3019004464149475
0.0,False,0.0,0.0,0.0,7498,0.04898134246468544
0.0,False,0.0,0.0,0.0,7499,0.6253162622451782
0.0,False,0.0,0.0,0.0,7500,0.1397426426410675
0.0,False,0.0,0.0,0.0,7501,0.02242138609290123
0.0,False,0.0,0.0,0.0,7502,0.12255429476499557
0.0,False,0.0,0.0,0.0,7503,0.20663662254810333
0.0,False,0.0,0.0,0.0,7504,0.8073521256446838
0.0,False,0.0,0.0,0.0,7505,0.03385179117321968
0.0,False,0.0,0.0,0.0,7506,0.0414266437292099
0.0,False,0.0,0.0,0.0,7507,0.4438363015651703
0.0,False,0.0,0.0,0.0,7508,0.03737330064177513
0.0,False,0.0,0.0,0.0,7509,0.04387534037232399
0.0,False,0.0,0.0,0.0,7510,0.18526208400726318
0.0,False,0.0,0.0,0.0,7511,0.057169850915670395
0.0,False,0.0,0.0,0.0,7512,0.15754568576812744
0.0,False,0.0,0.0,0.0,7513,0.1484764814376831
0.0,True,0.0,0.0,0.0,7514,0.1842149794101715
0.0,False,0.0,0.0,0.0,7515,0.230410635471344
0.0,False,0.0,0.0,0.0,7516,0.056978579610586166
0.0,False,0.0,0.0,0.0,7517,0.10133630782365799
0.0,False,0.0,0.0,0.0,7518,0.5600148439407349
0.0,False,0.0,0.0,0.0,7519,0.5969738364219666
0.0,False,0.0,0.0,0.0,7520,0.30208006501197815
0.0,True,0.0,0.0,0.0,7521,0.2416204810142517
0.0,False,0.0,0.0,0.0,7522,0.0036905361339449883
0.0,False,0.0,0.0,0.0,7523,0.3687282204627991
0.0,False,0.0,0.0,0.0,7524,0.21723046898841858
0.0,False,0.0,0.0,0.0,7525,0.26957064867019653
0.0,False,0.0,0.0,0.0,7526,0.20805099606513977
0.0,False,0.0,0.0,0.0,7527,0.14173461496829987
0.0,False,0.0,0.0,0.0,7528,0.3919713795185089
0.0,False,0.0,0.0,0.0,7529,0.007949819788336754
0.0,False,0.0,0.0,0.0,7530,0.10087139159440994
0.0,False,0.0,0.0,0.0,7531,0.01974080130457878
0.0,False,0.0,0.0,0.0,7532,0.040177132934331894
0.0,False,0.0,0.0,0.0,7533,0.7358064651489258
0.0,False,0.0,0.0,0.0,7534,0.6934434175491333
0.0,False,0.0,0.0,0.0,7535,0.1843070238828659
0.0,False,0.0,0.0,0.0,7536,0.13251227140426636
0.0,False,0.0,0.0,0.0,7537,0.025123724713921547
0.0,False,0.0,0.0,0.0,7538,0.479605108499527
0.0,False,0.0,0.0,0.0,7539,0.13350139558315277
0.0,False,0.0,0.0,0.0,7540,0.2065603882074356
0.0,False,0.0,0.0,0.0,7541,0.046111904084682465
0.0,True,0.0,0.0,0.0,7542,0.11412657052278519
0.0,False,0.0,0.0,0.0,7543,0.32200154662132263
0.0,False,0.0,0.0,0.0,7544,0.10797519236803055
0.0,False,0.0,0.0,0.0,7545,0.22104857861995697
0.0,False,0.0,0.0,0.0,7546,0.5803167223930359
0.0,False,0.0,0.0,0.0,7547,0.2991043031215668
0.0,False,0.0,0.0,0.0,7548,0.082445427775383
0.0,False,0.0,0.0,0.0,7549,0.011084097437560558
0.0,False,0.0,0.0,0.0,7550,0.054142434149980545
0.0,False,0.0,0.0,0.0,7551,0.127141073346138
0.0,False,0.0,0.0,0.0,7552,0.04389515146613121
0.0,False,0.0,0.0,0.0,7553,0.10377948731184006
0.0,False,0.0,0.0,0.0,7554,0.24918819963932037
0.0,False,0.0,0.0,0.0,7555,0.14436186850070953
0.0,False,0.0,0.0,0.0,7556,0.1471928507089615
0.0,False,0.0,0.0,0.0,7557,0.07904399931430817
0.0,False,0.0,0.0,0.0,7558,0.3328767716884613
0.0,False,0.0,0.0,0.0,7559,0.30058979988098145
0.0,False,0.0,0.0,0.0,7560,0.37943822145462036
0.0,True,0.0,0.0,0.0,7561,0.7603200674057007
0.0,False,0.0,0.0,0.0,7562,0.6844661831855774
0.0,False,0.0,0.0,0.0,7563,0.4674106538295746
0.0,False,0.0,0.0,0.0,7564,0.4768054485321045
0.0,False,0.0,0.0,0.0,7565,0.07585032284259796
0.0,False,0.0,0.0,0.0,7566,0.41928738355636597
0.0,False,0.0,0.0,0.0,7567,0.1557871252298355
0.0,False,0.0,0.0,0.0,7568,0.08844630420207977
0.0,False,0.0,0.0,0.0,7569,0.1222715824842453
0.0,False,0.0,0.0,0.0,7570,0.09865522384643555
0.0,False,0.0,0.0,0.0,7571,0.08132068067789078
0.0,False,0.0,0.0,0.0,7572,0.25683555006980896
0.0,False,0.0,0.0,0.0,7573,0.1556837409734726
0.0,False,0.0,0.0,0.0,7574,0.17578184604644775
0.0,False,0.0,0.0,0.0,7575,0.03329776972532272
0.0,False,0.0,0.0,0.0,7576,0.6147223711013794
0.0,False,0.0,1.0,0.0,7577,0.7832584381103516
0.0,False,0.0,1.0,0.0,7578,0.57064288854599
0.0,False,0.0,1.0,0.0,7579,0.1691657453775406
0.0,False,0.0,1.0,0.0,7580,0.1808839738368988
0.0,False,0.0,1.0,0.0,7581,0.39866557717323303
0.0,True,0.0,1.0,0.0,7582,0.5926356315612793
0.0,True,0.0,1.0,0.0,7583,0.8281265497207642
0.0,True,0.0,1.0,0.0,7584,0.1899671107530594
0.0,True,0.0,1.0,0.0,7585,0.9838520884513855
0.0,False,0.0,1.0,0.0,7586,0.5452888011932373
0.0,True,0.0,1.0,0.0,7587,0.9902063012123108
0.0,True,0.0,1.0,0.0,7588,0.8864538073539734
0.0,True,0.0,1.0,0.0,7589,0.3130127489566803
0.0,False,0.0,1.0,0.0,7590,0.2316640019416809
0.0,True,0.0,1.0,0.0,7591,0.638818621635437
0.0,True,0.0,1.0,0.0,7592,0.546215295791626
0.0,True,0.0,1.0,0.0,7593,0.4604716897010803
0.0,False,0.0,1.0,0.0,7594,0.03316006436944008
0.0,True,0.0,1.0,0.0,7595,0.09300047904253006
0.0,True,0.0,1.0,0.0,7596,0.31415504217147827
0.0,True,0.0,1.0,0.0,7597,0.23991544544696808
0.0,True,0.0,1.0,0.0,7598,0.7999269962310791
0.0,True,0.0,1.0,0.0,7599,0.06085507944226265
0.0,True,0.0,1.0,0.0,7600,0.3509463369846344
0.0,True,0.0,1.0,0.0,7601,0.4519641697406769
0.0,True,0.0,1.0,0.0,7602,0.45901668071746826
0.0,True,0.0,1.0,0.0,7603,0.43160480260849
0.0,True,0.0,1.0,0.0,7604,0.9266558885574341
0.0,True,0.0,1.0,0.0,7605,0.5228297114372253
0.0,True,0.0,1.0,0.0,7606,0.7407439351081848
0.0,True,0.0,1.0,0.0,7607,0.8406933546066284
0.0,True,0.0,1.0,0.0,7608,0.7757530808448792
0.0,False,0.0,1.0,0.0,7609,0.5138190984725952
0.0,False,0.0,1.0,0.0,7610,0.558218777179718
0.0,False,0.0,1.0,0.0,7611,0.609423816204071
0.0,False,0.0,1.0,0.0,7612,0.6771314740180969
0.0,True,0.0,1.0,0.0,7613,0.8645326495170593
0.0,True,0.0,1.0,0.0,7614,0.9617927074432373
0.0,False,0.0,1.0,0.0,7615,0.21631871163845062
0.0,True,0.0,1.0,0.0,7616,0.9186490774154663
0.0,True,0.0,1.0,0.0,7617,0.9335963726043701
0.0,True,0.0,1.0,0.0,7618,0.790890097618103
0.0,True,0.0,1.0,0.0,7619,0.3249620199203491
0.0,True,0.0,1.0,0.0,7620,0.2597079277038574
0.0,True,0.0,1.0,0.0,7621,0.8810696601867676
0.0,True,0.0,1.0,0.0,7622,0.7527225017547607
0.0,True,0.0,1.0,0.0,7623,0.5871180891990662
0.0,True,0.0,1.0,0.0,7624,0.7999517917633057
0.0,True,0.0,1.0,0.0,7625,0.9089637398719788
0.0,True,0.0,1.0,0.0,7626,0.7712700366973877
0.0,True,0.0,1.0,0.0,7627,0.39065083861351013
0.0,True,0.0,1.0,0.0,7628,0.42226871848106384
0.0,False,0.0,1.0,0.0,7629,0.09225891530513763
0.0,True,0.0,1.0,0.0,7630,0.916408360004425
0.0,True,0.0,1.0,0.0,7631,0.1445750892162323
0.0,True,0.0,1.0,0.0,7632,0.9188333749771118
0.0,True,0.0,1.0,0.0,7633,0.19161242246627808
0.0,True,0.0,1.0,0.0,7634,0.25171104073524475
0.0,True,0.0,1.0,0.0,7635,0.5825063586235046
0.0,True,0.0,1.0,0.0,7636,0.6126538515090942
0.0,True,0.0,1.0,0.0,7637,0.8113904595375061
0.0,True,0.0,1.0,0.0,7638,0.6228887438774109
0.0,True,0.0,1.0,0.0,7639,0.07163739949464798
0.0,False,0.0,1.0,0.0,7640,0.03995993733406067
0.0,True,0.0,1.0,0.0,7641,0.19093957543373108
0.0,True,0.0,1.0,0.0,7642,0.40999260544776917
0.0,True,0.0,1.0,0.0,7643,0.802280604839325
0.0,False,0.0,1.0,0.0,7644,0.8200848698616028
0.0,True,0.0,1.0,0.0,7645,0.5538508892059326
0.0,True,0.0,1.0,0.0,7646,0.08778593689203262
0.0,True,0.0,1.0,0.0,7647,0.9507050514221191
0.0,True,0.0,1.0,0.0,7648,0.569618284702301
0.0,True,0.0,1.0,0.0,7649,0.5017460584640503
0.0,True,0.0,1.0,0.0,7650,0.2694002389907837
0.0,True,0.0,1.0,0.0,7651,0.2508680522441864
0.0,True,0.0,1.0,0.0,7652,0.9632743000984192
0.0,True,0.0,1.0,0.0,7653,0.5689248442649841
0.0,True,0.0,1.0,0.0,7654,0.5107175707817078
0.0,True,0.0,1.0,0.0,7655,0.9792122840881348
0.0,True,0.0,1.0,0.0,7656,0.5852965116500854
0.0,True,0.0,1.0,0.0,7657,0.782447099685669
0.0,True,0.0,1.0,0.0,7658,0.814018726348877
0.0,True,0.0,1.0,0.0,7659,0.9843869805335999
0.0,True,0.0,1.0,0.0,7660,0.9589468240737915
0.0,True,0.0,1.0,0.0,7661,0.9895969033241272
0.0,True,0.0,1.0,0.0,7662,0.9739242196083069
0.0,True,0.0,1.0,0.0,7663,0.4903067946434021
0.0,True,0.0,1.0,0.0,7664,0.8578125238418579
0.0,True,0.0,1.0,0.0,7665,0.987779438495636
0.0,True,0.0,1.0,0.0,7666,0.3712747395038605
0.0,True,0.0,1.0,0.0,7667,0.6629728674888611
0.0,True,0.0,1.0,0.0,7668,0.1009821891784668
0.0,True,0.0,1.0,0.0,7669,0.5087364912033081
0.0,True,0.0,1.0,0.0,7670,0.9881652593612671
0.0,True,0.0,1.0,0.0,7671,0.1361829787492752
0.0,True,0.0,1.0,0.0,7672,0.6008669137954712
0.0,True,0.0,1.0,0.0,7673,0.9836367964744568
0.0,True,0.0,1.0,0.0,7674,0.9882060289382935
0.0,True,0.0,1.0,0.0,7675,0.666607141494751
0.0,True,0.0,1.0,0.0,7676,0.9738644361495972
0.0,True,0.0,1.0,0.0,7677,0.549500048160553
0.0,True,0.0,1.0,0.0,7678,0.8317655324935913
0.0,True,0.0,1.0,0.0,7679,0.9888548254966736
0.0,True,0.0,1.0,0.0,7680,0.7689350843429565
0.0,True,0.0,1.0,0.0,7681,0.9792404174804688
0.0,True,0.0,1.0,0.0,7682,0.9906726479530334
0.0,True,0.0,1.0,0.0,7683,0.40636444091796875
0.0,True,0.0,1.0,0.0,7684,0.3454601764678955
0.0,False,0.0,1.0,0.0,7685,0.5292807221412659
0.0,True,0.0,1.0,0.0,7686,0.8333153128623962
0.0,True,0.0,1.0,0.0,7687,0.8131884932518005
0.0,True,0.0,1.0,0.0,7688,0.3483543395996094
0.0,True,0.0,1.0,0.0,7689,0.9057825803756714
0.0,True,0.0,1.0,0.0,7690,0.45757395029067993
0.0,False,0.0,1.0,0.0,7691,0.24433839321136475
0.0,True,0.0,1.0,0.0,7692,0.5466660261154175
0.0,True,0.0,1.0,0.0,7693,0.7597882747650146
0.0,False,0.0,1.0,0.0,7694,0.5648481845855713
0.0,True,0.0,1.0,0.0,7695,0.5956435799598694
0.0,False,0.0,1.0,0.0,7696,0.36087700724601746
0.0,True,0.0,1.0,0.0,7697,0.9000342488288879
0.0,True,0.0,1.0,0.0,7698,0.578612744808197
0.0,False,0.0,1.0,0.0,7699,0.02917243167757988
0.0,True,0.0,1.0,0.0,7700,0.49271732568740845
0.0,True,0.0,1.0,0.0,7701,0.8342163562774658
0.0,True,0.0,1.0,0.0,7702,0.8558251261711121
0.0,False,0.0,1.0,0.0,7703,0.301787793636322
0.0,True,0.0,1.0,0.0,7704,0.8410905599594116
0.0,False,0.0,1.0,0.0,7705,0.22596901655197144
0.0,False,0.0,1.0,0.0,7706,0.6059892177581787
0.0,False,0.0,1.0,0.0,7707,0.46307477355003357
0.0,False,0.0,1.0,0.0,7708,0.5967021584510803
0.0,False,0.0,1.0,0.0,7709,0.5127400159835815
0.0,False,0.0,1.0,0.0,7710,0.2777899205684662
0.0,False,0.0,1.0,0.0,7711,0.1799536794424057
0.0,True,0.0,1.0,0.0,7712,0.40901970863342285
0.0,False,0.0,1.0,0.0,7713,0.18021956086158752
0.0,False,0.0,1.0,0.0,7714,0.23665282130241394
0.0,False,0.0,1.0,0.0,7715,0.23953741788864136
0.0,False,0.0,1.0,0.0,7716,0.7067532539367676
0.0,False,0.0,1.0,0.0,7717,0.6138982772827148
0.0,True,0.0,1.0,0.0,7718,0.3058026432991028
0.0,True,0.0,1.0,0.0,7719,0.42440107464790344
0.0,True,0.0,1.0,0.0,7720,0.8349570631980896
0.0,True,0.0,1.0,0.0,7721,0.8152374029159546
0.0,False,0.0,1.0,0.0,7722,0.17625240981578827
0.0,False,0.0,1.0,0.0,7723,0.2848012447357178
0.0,True,0.0,1.0,0.0,7724,0.49828386306762695
0.0,True,0.0,1.0,0.0,7725,0.8920876383781433
0.0,True,0.0,1.0,0.0,7726,0.7213796377182007
0.0,False,0.0,1.0,0.0,7727,0.08355593681335449
0.0,False,0.0,1.0,0.0,7728,0.31416213512420654
0.0,True,0.0,1.0,0.0,7729,0.7696574330329895
0.0,True,0.0,1.0,0.0,7730,0.4632917046546936
0.0,False,0.0,1.0,0.0,7731,0.11537563800811768
0.0,False,0.0,1.0,0.0,7732,0.591428816318512
0.0,False,0.0,1.0,0.0,7733,0.47799938917160034
0.0,True,0.0,1.0,0.0,7734,0.7637127637863159
0.0,True,0.0,1.0,0.0,7735,0.8725797533988953
0.0,True,0.0,1.0,0.0,7736,0.4342605769634247
0.0,True,0.0,1.0,0.0,7737,0.5778126120567322
0.0,True,0.0,1.0,0.0,7738,0.8957211971282959
0.0,False,0.0,1.0,0.0,7739,0.12855446338653564
0.0,True,0.0,1.0,0.0,7740,0.7674547433853149
0.0,True,0.0,1.0,0.0,7741,0.9785847067832947
0.0,True,0.0,1.0,0.0,7742,0.9524281620979309
0.0,True,0.0,1.0,0.0,7743,0.9696236848831177
0.0,False,0.0,1.0,0.0,7744,0.35743823647499084
0.0,True,0.0,1.0,0.0,7745,0.9607822299003601
0.0,True,0.0,1.0,0.0,7746,0.9688865542411804
0.0,False,0.0,1.0,0.0,7747,0.061340708285570145
0.0,True,0.0,1.0,0.0,7748,0.9788305163383484
0.0,True,0.0,1.0,0.0,7749,0.35996437072753906
0.0,True,0.0,1.0,0.0,7750,0.60434490442276
0.0,True,0.0,1.0,0.0,7751,0.17886142432689667
0.0,True,0.0,1.0,0.0,7752,0.3611360490322113
0.0,True,0.0,1.0,0.0,7753,0.6829401254653931
0.0,True,0.0,1.0,0.0,7754,0.943749189376831
0.0,True,0.0,1.0,0.0,7755,0.8303320407867432
0.0,True,0.0,1.0,0.0,7756,0.3038597106933594
0.0,False,0.0,1.0,0.0,7757,0.48306119441986084
0.0,False,0.0,1.0,0.0,7758,0.1897110790014267
0.0,True,0.0,1.0,0.0,7759,0.9586588144302368
0.0,False,0.0,1.0,0.0,7760,0.21277476847171783
0.0,False,0.0,1.0,0.0,7761,0.05398159846663475
0.0,True,0.0,1.0,0.0,7762,0.5276015400886536
0.0,False,0.0,1.0,0.0,7763,0.2795838415622711
0.0,True,0.0,1.0,0.0,7764,0.48446667194366455
0.0,True,0.0,1.0,0.0,7765,0.31781649589538574
0.0,True,0.0,1.0,0.0,7766,0.558420717716217
0.0,True,0.0,1.0,0.0,7767,0.6306899785995483
0.0,True,0.0,1.0,0.0,7768,0.6236103177070618
0.0,True,0.0,1.0,0.0,7769,0.7199875712394714
0.0,True,0.0,1.0,0.0,7770,0.9509142637252808
0.0,False,0.0,1.0,0.0,7771,0.08137291669845581
0.0,True,0.0,1.0,0.0,7772,0.693654477596283
0.0,True,0.0,1.0,0.0,7773,0.56963711977005
0.0,True,0.0,1.0,0.0,7774,0.9529491066932678
0.0,True,0.0,1.0,0.0,7775,0.9885813593864441
0.0,True,0.0,1.0,0.0,7776,0.11309432983398438
0.0,False,0.0,1.0,0.0,7777,0.059675656259059906
0.0,True,0.0,1.0,0.0,7778,0.4350973963737488
0.0,True,0.0,1.0,0.0,7779,0.27882692217826843
0.0,True,0.0,1.0,0.0,7780,0.64802086353302
0.0,True,0.0,1.0,0.0,7781,0.8025991320610046
0.0,True,0.0,1.0,0.0,7782,0.5229400396347046
0.0,True,0.0,1.0,0.0,7783,0.740393877029419
0.0,False,0.0,1.0,0.0,7784,0.694257915019989
0.0,True,0.0,1.0,0.0,7785,0.24801014363765717
0.0,False,0.0,1.0,0.0,7786,0.3598400354385376
0.0,True,0.0,1.0,0.0,7787,0.8131531476974487
0.0,True,0.0,1.0,0.0,7788,0.35284224152565
0.0,True,0.0,1.0,0.0,7789,0.9905478358268738
0.0,True,0.0,1.0,0.0,7790,0.18771277368068695
0.0,True,0.0,1.0,0.0,7791,0.5411315560340881
0.0,True,0.0,1.0,0.0,7792,0.6531552076339722
0.0,False,0.0,1.0,0.0,7793,0.4580986797809601
0.0,False,0.0,1.0,0.0,7794,0.5781329274177551
0.0,True,0.0,1.0,0.0,7795,0.5609734654426575
0.0,True,0.0,1.0,0.0,7796,0.9682406187057495
0.0,True,0.0,1.0,0.0,7797,0.7875548601150513
0.0,True,0.0,1.0,0.0,7798,0.9903706908226013
0.0,True,0.0,1.0,0.0,7799,0.7199568152427673
0.0,True,0.0,1.0,0.0,7800,0.8140225410461426
0.0,True,0.0,1.0,0.0,7801,0.4801385998725891
0.0,True,0.0,1.0,0.0,7802,0.6582931876182556
0.0,True,0.0,1.0,0.0,7803,0.3591606020927429
0.0,True,0.0,1.0,0.0,7804,0.7572858333587646
0.0,True,0.0,1.0,0.0,7805,0.4423394203186035
0.0,True,0.0,1.0,0.0,7806,0.6971246004104614
0.0,True,0.0,1.0,0.0,7807,0.7809736728668213
0.0,True,0.0,1.0,0.0,7808,0.981962263584137
0.0,True,0.0,1.0,0.0,7809,0.9772577881813049
0.0,True,0.0,1.0,0.0,7810,0.9805935621261597
0.0,True,0.0,1.0,0.0,7811,0.960140585899353
0.0,True,0.0,1.0,0.0,7812,0.6886907815933228
0.0,True,0.0,1.0,0.0,7813,0.9618566036224365
0.0,True,0.0,1.0,0.0,7814,0.3888988792896271
0.0,True,0.0,1.0,0.0,7815,0.8143413066864014
0.0,True,0.0,1.0,0.0,7816,0.9678418040275574
0.0,True,0.0,1.0,0.0,7817,0.8372434377670288
0.0,True,0.0,1.0,0.0,7818,0.3747589886188507
0.0,True,0.0,1.0,0.0,7819,0.21430771052837372
0.0,True,0.0,1.0,0.0,7820,0.8673674464225769
0.0,True,0.0,1.0,0.0,7821,0.9775429368019104
0.0,True,0.0,1.0,0.0,7822,0.9522790312767029
0.0,True,0.0,1.0,0.0,7823,0.7174947261810303
0.0,True,0.0,1.0,0.0,7824,0.5760622024536133
0.0,False,0.0,1.0,0.0,7825,0.18990056216716766
0.0,True,0.0,1.0,0.0,7826,0.7242704629898071
0.0,True,0.0,1.0,0.0,7827,0.3763085901737213
0.0,True,0.0,1.0,0.0,7828,0.18898119032382965
0.0,True,0.0,1.0,0.0,7829,0.8254368901252747
0.0,False,0.0,1.0,0.0,7830,0.18991366028785706
0.0,True,0.0,1.0,0.0,7831,0.8134318590164185
0.0,False,0.0,1.0,0.0,7832,0.07146123796701431
0.0,True,0.0,1.0,0.0,7833,0.7258140444755554
0.0,True,0.0,1.0,0.0,7834,0.3988417983055115
0.0,False,0.0,1.0,0.0,7835,0.7482534050941467
0.0,True,0.0,1.0,0.0,7836,0.6139708757400513
0.0,True,0.0,1.0,0.0,7837,0.8152040839195251
0.0,True,0.0,1.0,0.0,7838,0.5439435243606567
0.0,True,0.0,1.0,0.0,7839,0.5887683033943176
0.0,False,0.0,1.0,0.0,7840,0.37017524242401123
0.0,True,0.0,1.0,0.0,7841,0.5149478316307068
0.0,True,0.0,1.0,0.0,7842,0.6725913882255554
0.0,True,0.0,1.0,0.0,7843,0.30826064944267273
0.0,True,0.0,1.0,0.0,7844,0.9255437850952148
0.0,True,0.0,1.0,0.0,7845,0.8161143660545349
0.0,True,0.0,1.0,0.0,7846,0.9022009968757629
0.0,True,0.0,1.0,0.0,7847,0.9291826486587524
0.0,False,0.0,1.0,0.0,7848,0.300832599401474
0.0,True,0.0,1.0,0.0,7849,0.3546459972858429
0.0,False,0.0,1.0,0.0,7850,0.41528600454330444
0.0,True,0.0,1.0,0.0,7851,0.6962910294532776
0.0,True,0.0,1.0,0.0,7852,0.31839707493782043
0.0,True,0.0,1.0,0.0,7853,0.8435415029525757
0.0,True,0.0,1.0,0.0,7854,0.7866798043251038
0.0,True,0.0,1.0,0.0,7855,0.8304368257522583
0.0,True,0.0,1.0,0.0,7856,0.9668866395950317
0.0,True,0.0,1.0,0.0,7857,0.4167143404483795
0.0,True,0.0,1.0,0.0,7858,0.6597668528556824
0.0,True,0.0,1.0,0.0,7859,0.37810102105140686
0.0,True,0.0,1.0,0.0,7860,0.2265947461128235
0.0,True,0.0,1.0,0.0,7861,0.29047292470932007
0.0,True,0.0,1.0,0.0,7862,0.5402424931526184
0.0,True,0.0,1.0,0.0,7863,0.8254926800727844
0.0,True,0.0,1.0,0.0,7864,0.35642778873443604
0.0,True,0.0,1.0,0.0,7865,0.8850768804550171
0.0,True,0.0,1.0,0.0,7866,0.8390257358551025
0.0,True,0.0,1.0,0.0,7867,0.6686511039733887
0.0,True,0.0,1.0,0.0,7868,0.2571965456008911
0.0,True,0.0,1.0,0.0,7869,0.39058372378349304
0.0,True,0.0,1.0,0.0,7870,0.41147539019584656
0.0,True,0.0,1.0,0.0,7871,0.6683605313301086
0.0,True,0.0,1.0,0.0,7872,0.34038466215133667
0.0,True,0.0,1.0,0.0,7873,0.23072268068790436
0.0,True,0.0,1.0,0.0,7874,0.5582663416862488
0.0,True,0.0,1.0,0.0,7875,0.623779296875
0.0,True,0.0,1.0,0.0,7876,0.6467320919036865
0.0,True,0.0,1.0,0.0,7877,0.4459172487258911
0.0,True,0.0,1.0,0.0,7878,0.7986285090446472
0.0,True,0.0,1.0,0.0,7879,0.2996765077114105
0.0,True,0.0,1.0,0.0,7880,0.8264290690422058
0.0,True,0.0,1.0,0.0,7881,0.5262396931648254
0.0,True,0.0,1.0,0.0,7882,0.23517954349517822
0.0,True,0.0,1.0,0.0,7883,0.22252805531024933
0.0,True,0.0,1.0,0.0,7884,0.2001986801624298
0.0,True,0.0,1.0,0.0,7885,0.31821954250335693
0.0,True,0.0,1.0,0.0,7886,0.14142315089702606
0.0,False,0.0,1.0,0.0,7887,0.7581959962844849
0.0,False,0.0,1.0,0.0,7888,0.4152441620826721
0.0,True,0.0,1.0,0.0,7889,0.23519501090049744
0.0,True,0.0,1.0,0.0,7890,0.7429970502853394
0.0,True,0.0,1.0,0.0,7891,0.7696437835693359
0.0,False,0.0,1.0,0.0,7892,0.13948699831962585
0.0,True,0.0,1.0,0.0,7893,0.6707150340080261
0.0,True,0.0,1.0,0.0,7894,0.34166115522384644
0.0,True,0.0,1.0,0.0,7895,0.7604238986968994
0.0,False,0.0,1.0,0.0,7896,0.7251495718955994
0.0,False,0.0,1.0,0.0,7897,0.6416002511978149
0.0,False,0.0,1.0,0.0,7898,0.7732992768287659
0.0,True,0.0,1.0,0.0,7899,0.6916983723640442
0.0,True,0.0,1.0,0.0,7900,0.808758020401001
0.0,True,0.0,1.0,0.0,7901,0.17914876341819763
0.0,True,0.0,1.0,0.0,7902,0.3789902925491333
0.0,False,0.0,1.0,0.0,7903,0.4225001931190491
0.0,True,0.0,1.0,0.0,7904,0.17011700570583344
0.0,True,0.0,1.0,0.0,7905,0.6426092982292175
0.0,True,0.0,1.0,0.0,7906,0.9130927920341492
0.0,True,0.0,1.0,0.0,7907,0.9701990485191345
0.0,False,0.0,1.0,0.0,7908,0.4681803286075592
0.0,False,0.0,1.0,0.0,7909,0.4097224473953247
0.0,True,0.0,1.0,0.0,7910,0.3105023205280304
0.0,True,0.0,1.0,0.0,7911,0.31124627590179443
0.0,True,0.0,1.0,0.0,7912,0.07179926335811615
0.0,True,0.0,1.0,0.0,7913,0.8899585604667664
0.0,True,0.0,1.0,0.0,7914,0.8927254676818848
0.0,True,0.0,1.0,0.0,7915,0.24860478937625885
0.0,True,0.0,1.0,0.0,7916,0.30497199296951294
0.0,True,0.0,1.0,0.0,7917,0.7900597453117371
0.0,True,0.0,1.0,0.0,7918,0.761512041091919
0.0,False,0.0,1.0,0.0,7919,0.7561752200126648
0.0,False,0.0,1.0,0.0,7920,0.3075912296772003
0.0,False,0.0,1.0,0.0,7921,0.7072587609291077
0.0,False,0.0,1.0,0.0,7922,0.339529424905777
0.0,False,0.0,1.0,0.0,7923,0.24535422027111053
0.0,True,0.0,1.0,0.0,7924,0.08482690155506134
0.0,True,0.0,1.0,0.0,7925,0.6907393932342529
0.0,True,0.0,1.0,0.0,7926,0.4205946922302246
0.0,True,0.0,1.0,0.0,7927,0.2588084042072296
0.0,True,0.0,1.0,0.0,7928,0.7220017313957214
0.0,True,0.0,1.0,0.0,7929,0.11578118056058884
0.0,False,0.0,1.0,0.0,7930,0.8548439741134644
0.0,True,0.0,1.0,0.0,7931,0.9372655153274536
0.0,True,0.0,1.0,0.0,7932,0.44888612627983093
0.0,False,0.0,1.0,0.0,7933,0.17986410856246948
0.0,True,0.0,1.0,0.0,7934,0.6756865382194519
0.0,True,0.0,1.0,0.0,7935,0.0785835012793541
0.0,False,0.0,1.0,0.0,7936,0.09649855643510818
0.0,False,0.0,1.0,0.0,7937,0.2758837044239044
0.0,True,0.0,1.0,0.0,7938,0.3583194613456726
0.0,False,0.0,1.0,0.0,7939,0.6334649324417114
0.0,False,0.0,1.0,0.0,7940,0.26203978061676025
0.0,True,0.0,1.0,0.0,7941,0.23325496912002563
0.0,False,0.0,1.0,0.0,7942,0.139643594622612
0.0,True,0.0,1.0,0.0,7943,0.22628769278526306
0.0,True,0.0,1.0,0.0,7944,0.040353018790483475
0.0,True,0.0,1.0,0.0,7945,0.8029398918151855
0.0,True,0.0,1.0,0.0,7946,0.9516727328300476
0.0,True,0.0,1.0,0.0,7947,0.4450341463088989
0.0,False,0.0,1.0,0.0,7948,0.2569583058357239
0.0,False,0.0,1.0,0.0,7949,0.8799412846565247
0.0,True,0.0,1.0,0.0,7950,0.6132773756980896
0.0,True,0.0,1.0,0.0,7951,0.8697209358215332
0.0,True,0.0,1.0,0.0,7952,0.9863276481628418
0.0,False,0.0,1.0,0.0,7953,0.06044149398803711
0.0,True,0.0,1.0,0.0,7954,0.986831545829773
0.0,True,0.0,1.0,0.0,7955,0.6916382908821106
0.0,True,0.0,1.0,0.0,7956,0.9873644709587097
0.0,False,0.0,1.0,0.0,7957,0.49950066208839417
0.0,False,0.0,1.0,0.0,7958,0.7759438753128052
0.0,False,0.0,1.0,0.0,7959,0.7620519399642944
0.0,True,0.0,1.0,0.0,7960,0.7746775150299072
0.0,True,0.0,1.0,0.0,7961,0.8112660646438599
0.0,False,0.0,1.0,0.0,7962,0.3959416449069977
0.0,False,0.0,1.0,0.0,7963,0.23353387415409088
0.0,False,0.0,1.0,0.0,7964,0.8743173480033875
0.0,True,0.0,1.0,0.0,7965,0.8899620771408081
0.0,True,0.0,1.0,0.0,7966,0.414483904838562
0.0,True,0.0,1.0,0.0,7967,0.6352962255477905
0.0,True,0.0,1.0,0.0,7968,0.9561744332313538
0.0,True,0.0,1.0,0.0,7969,0.9875062704086304
0.0,False,0.0,1.0,0.0,7970,0.46664756536483765
0.0,True,0.0,1.0,0.0,7971,0.8929529190063477
0.0,False,0.0,1.0,0.0,7972,0.21960097551345825
0.0,True,0.0,1.0,0.0,7973,0.30598902702331543
0.0,True,0.0,1.0,0.0,7974,0.11718536168336868
0.0,True,0.0,1.0,0.0,7975,0.26536861062049866
0.0,True,0.0,1.0,0.0,7976,0.5501626133918762
0.0,True,0.0,1.0,0.0,7977,0.3544171452522278
0.0,True,0.0,1.0,0.0,7978,0.9614194631576538
0.0,True,0.0,1.0,0.0,7979,0.375432550907135
0.0,True,0.0,1.0,0.0,7980,0.38411375880241394
0.0,True,0.0,1.0,0.0,7981,0.9870113134384155
0.0,True,0.0,1.0,0.0,7982,0.9878617525100708
0.0,False,0.0,1.0,0.0,7983,0.15336951613426208
0.0,True,0.0,1.0,0.0,7984,0.5507756471633911
0.0,True,0.0,1.0,0.0,7985,0.8325185179710388
0.0,True,0.0,1.0,0.0,7986,0.8931050300598145
0.0,True,0.0,1.0,0.0,7987,0.8488578200340271
0.0,True,0.0,1.0,0.0,7988,0.5370299816131592
0.0,False,0.0,1.0,0.0,7989,0.19206561148166656
0.0,True,0.0,1.0,0.0,7990,0.989086389541626
0.0,True,0.0,1.0,0.0,7991,0.9691953659057617
0.0,False,0.0,1.0,0.0,7992,0.3622170090675354
0.0,True,0.0,1.0,0.0,7993,0.9833885431289673
0.0,True,0.0,1.0,0.0,7994,0.9883356094360352
0.0,True,0.0,1.0,0.0,7995,0.9523699879646301
0.0,True,0.0,1.0,0.0,7996,0.9576964974403381
0.0,True,0.0,1.0,0.0,7997,0.9733366966247559
0.0,True,0.0,1.0,0.0,7998,0.19594669342041016
0.0,True,0.0,1.0,0.0,7999,0.3004678785800934
0.0,True,0.0,1.0,0.0,8000,0.1306564211845398
0.0,True,0.0,1.0,0.0,8001,0.15427814424037933
0.0,True,0.0,1.0,0.0,8002,0.2215639054775238
0.0,True,0.0,1.0,0.0,8003,0.6622923612594604
0.0,True,0.0,1.0,0.0,8004,0.6512791514396667
0.0,True,0.0,1.0,0.0,8005,0.42014211416244507
0.0,True,0.0,1.0,0.0,8006,0.2829727530479431
0.0,True,0.0,1.0,0.0,8007,0.7940215468406677
0.0,True,0.0,1.0,0.0,8008,0.21624755859375
0.0,True,0.0,1.0,0.0,8009,0.4605211317539215
0.0,False,0.0,1.0,0.0,8010,0.5017326474189758
0.0,False,0.0,1.0,0.0,8011,0.381339967250824
0.0,False,0.0,1.0,0.0,8012,0.04954519495368004
0.0,False,0.0,1.0,0.0,8013,0.8145668506622314
0.0,True,0.0,1.0,0.0,8014,0.9442654848098755
0.0,True,0.0,1.0,0.0,8015,0.4181114733219147
0.0,False,0.0,1.0,0.0,8016,0.1952061653137207
0.0,False,0.0,1.0,0.0,8017,0.7069787979125977
0.0,False,0.0,1.0,0.0,8018,0.37944474816322327
0.0,True,0.0,1.0,0.0,8019,0.5600693821907043
0.0,False,0.0,1.0,0.0,8020,0.42678704857826233
0.0,True,0.0,1.0,0.0,8021,0.9896482825279236
0.0,True,0.0,1.0,0.0,8022,0.6198181509971619
0.0,True,0.0,1.0,0.0,8023,0.9886015057563782
0.0,True,0.0,1.0,0.0,8024,0.9898063540458679
0.0,True,0.0,1.0,0.0,8025,0.7978424429893494
0.0,False,0.0,1.0,0.0,8026,0.09860061854124069
0.0,False,0.0,1.0,0.0,8027,0.5815293192863464
0.0,True,0.0,1.0,0.0,8028,0.31213751435279846
0.0,True,0.0,1.0,0.0,8029,0.9737675189971924
0.0,False,0.0,1.0,0.0,8030,0.08120118081569672
0.0,True,0.0,1.0,0.0,8031,0.9526427388191223
0.0,True,0.0,1.0,0.0,8032,0.9587938189506531
0.0,True,0.0,1.0,0.0,8033,0.4810422956943512
0.0,True,0.0,1.0,0.0,8034,0.9555302858352661
0.0,True,0.0,1.0,0.0,8035,0.9592896103858948
0.0,True,0.0,1.0,0.0,8036,0.5104824304580688
0.0,True,0.0,1.0,0.0,8037,0.987846314907074
0.0,True,0.0,1.0,0.0,8038,0.6975011825561523
0.0,True,0.0,1.0,0.0,8039,0.03710651025176048
0.0,True,0.0,1.0,0.0,8040,0.10354652255773544
0.0,True,0.0,1.0,0.0,8041,0.8149049282073975
0.0,True,0.0,1.0,0.0,8042,0.9612227082252502
0.0,True,0.0,1.0,0.0,8043,0.8483873605728149
0.0,True,0.0,1.0,0.0,8044,0.8435166478157043
0.0,False,0.0,1.0,0.0,8045,0.5846859216690063
0.0,True,0.0,1.0,0.0,8046,0.5912168622016907
0.0,True,0.0,1.0,0.0,8047,0.3553250730037689
0.0,True,0.0,1.0,0.0,8048,0.8724978566169739
0.0,True,0.0,1.0,0.0,8049,0.6742912530899048
0.0,True,0.0,1.0,0.0,8050,0.4079909026622772
0.0,True,0.0,1.0,0.0,8051,0.654946506023407
0.0,True,0.0,1.0,0.0,8052,0.8563605546951294
0.0,True,0.0,1.0,0.0,8053,0.8469790816307068
0.0,True,0.0,1.0,0.0,8054,0.8829830288887024
0.0,True,0.0,1.0,0.0,8055,0.6553043723106384
0.0,True,0.0,1.0,0.0,8056,0.8744688034057617
0.0,True,0.0,1.0,0.0,8057,0.9612823128700256
0.0,True,0.0,1.0,0.0,8058,0.6963424682617188
0.0,True,0.0,1.0,0.0,8059,0.988093912601471
0.0,True,0.0,1.0,0.0,8060,0.9903382658958435
0.0,True,0.0,1.0,0.0,8061,0.17152716219425201
0.0,True,0.0,1.0,0.0,8062,0.5951160788536072
0.0,True,0.0,1.0,0.0,8063,0.3747325837612152
0.0,True,0.0,1.0,0.0,8064,0.08785121142864227
0.0,True,0.0,1.0,0.0,8065,0.9602937698364258
0.0,True,0.0,1.0,0.0,8066,0.9886139631271362
0.0,True,0.0,1.0,0.0,8067,0.7031368017196655
0.0,False,0.0,1.0,0.0,8068,0.10310050845146179
0.0,True,0.0,1.0,0.0,8069,0.5991874933242798
0.0,False,0.0,1.0,0.0,8070,0.14713020622730255
0.0,False,0.0,1.0,0.0,8071,0.06438930332660675
0.0,False,0.0,1.0,0.0,8072,0.18350736796855927
0.0,False,0.0,1.0,0.0,8073,0.027983414009213448
0.0,False,0.0,1.0,0.0,8074,0.1779525876045227
0.0,False,0.0,1.0,0.0,8075,0.06288646161556244
0.0,False,0.0,1.0,0.0,8076,0.05353923141956329
0.0,True,0.0,1.0,0.0,8077,0.07887288182973862
0.0,True,0.0,1.0,0.0,8078,0.12262105196714401
0.0,True,0.0,1.0,0.0,8079,0.5836367607116699
0.0,True,0.0,1.0,0.0,8080,0.7784548997879028
0.0,True,0.0,1.0,0.0,8081,0.5891953706741333
0.0,True,0.0,1.0,0.0,8082,0.6813872456550598
0.0,False,0.0,1.0,0.0,8083,0.7343127727508545
0.0,False,0.0,1.0,0.0,8084,0.2088465392589569
0.0,True,0.0,1.0,0.0,8085,0.6159626841545105
0.0,True,0.0,1.0,0.0,8086,0.949211597442627
0.0,True,0.0,1.0,0.0,8087,0.03779860585927963
0.0,False,0.0,1.0,0.0,8088,0.5525106191635132
0.0,False,0.0,1.0,0.0,8089,0.3013540804386139
0.0,False,0.0,1.0,0.0,8090,0.42514464259147644
0.0,False,0.0,1.0,0.0,8091,0.3352617919445038
0.0,False,0.0,1.0,0.0,8092,0.7586117386817932
0.0,False,0.0,1.0,0.0,8093,0.35287174582481384
0.0,False,0.0,1.0,0.0,8094,0.048887547105550766
0.0,True,0.0,1.0,0.0,8095,0.6387445330619812
0.0,True,0.0,1.0,0.0,8096,0.8642758727073669
0.0,True,0.0,1.0,0.0,8097,0.9041194915771484
0.0,True,0.0,1.0,0.0,8098,0.12619826197624207
0.0,True,0.0,1.0,0.0,8099,0.05787862837314606
0.0,True,0.0,1.0,0.0,8100,0.10314204543828964
0.0,False,0.0,1.0,0.0,8101,0.04921945184469223
0.0,False,0.0,1.0,0.0,8102,0.03513437882065773
0.0,True,0.0,1.0,0.0,8103,0.45882031321525574
0.0,True,0.0,1.0,0.0,8104,0.72890704870224
0.0,True,0.0,1.0,0.0,8105,0.3043714165687561
0.0,True,0.0,1.0,0.0,8106,0.8502756953239441
0.0,True,0.0,1.0,0.0,8107,0.19945873320102692
0.0,True,0.0,1.0,0.0,8108,0.534548282623291
0.0,True,0.0,1.0,0.0,8109,0.6984332203865051
0.0,True,0.0,1.0,0.0,8110,0.8995784521102905
0.0,True,0.0,1.0,0.0,8111,0.7501555681228638
0.0,True,0.0,1.0,0.0,8112,0.28803393244743347
0.0,True,0.0,1.0,0.0,8113,0.47226011753082275
0.0,True,0.0,1.0,0.0,8114,0.33812904357910156
0.0,True,0.0,1.0,0.0,8115,0.5686172246932983
0.0,False,0.0,1.0,0.0,8116,0.4629988670349121
0.0,True,0.0,1.0,0.0,8117,0.8687877655029297
0.0,False,0.0,1.0,0.0,8118,0.42601653933525085
0.0,False,0.0,1.0,0.0,8119,0.2930140495300293
0.0,True,0.0,1.0,0.0,8120,0.8263059854507446
0.0,True,0.0,1.0,0.0,8121,0.917589008808136
0.0,True,0.0,1.0,0.0,8122,0.940229058265686
0.0,False,0.0,1.0,0.0,8123,0.2390882670879364
0.0,False,0.0,1.0,0.0,8124,0.20847788453102112
0.0,True,0.0,1.0,0.0,8125,0.4855593740940094
0.0,True,0.0,1.0,0.0,8126,0.6356984972953796
0.0,True,0.0,1.0,0.0,8127,0.502017617225647
0.0,True,0.0,1.0,0.0,8128,0.9593900442123413
0.0,False,0.0,1.0,0.0,8129,0.616469144821167
0.0,True,0.0,1.0,0.0,8130,0.5691556930541992
0.0,True,0.0,1.0,0.0,8131,0.9522094130516052
0.0,True,0.0,1.0,0.0,8132,0.9612178802490234
0.0,True,0.0,1.0,0.0,8133,0.9544507265090942
0.0,True,0.0,1.0,0.0,8134,0.9626453518867493
0.0,True,0.0,1.0,0.0,8135,0.95902019739151
0.0,False,0.0,1.0,0.0,8136,0.38865694403648376
0.0,True,0.0,1.0,0.0,8137,0.964396595954895
0.0,True,0.0,1.0,0.0,8138,0.9593420624732971
0.0,True,0.0,1.0,0.0,8139,0.9645305275917053
0.0,True,0.0,1.0,0.0,8140,0.9599751234054565
0.0,True,0.0,1.0,0.0,8141,0.9642733335494995
0.0,True,0.0,1.0,0.0,8142,0.96155846118927
0.0,True,0.0,1.0,0.0,8143,0.9640340805053711
0.0,True,0.0,1.0,0.0,8144,0.9604209065437317
0.0,True,0.0,1.0,0.0,8145,0.962816596031189
0.0,True,0.0,1.0,0.0,8146,0.6842707991600037
0.0,True,0.0,1.0,0.0,8147,0.5087855458259583
0.0,False,0.0,1.0,0.0,8148,0.7287364602088928
0.0,True,0.0,1.0,0.0,8149,0.9569892287254333
0.0,True,0.0,1.0,0.0,8150,0.034190740436315536
0.0,False,0.0,1.0,0.0,8151,0.09904083609580994
0.0,True,0.0,1.0,0.0,8152,0.8756359219551086
0.0,True,0.0,1.0,0.0,8153,0.9382967948913574
0.0,True,0.0,1.0,0.0,8154,0.8753487467765808
0.0,True,0.0,1.0,0.0,8155,0.9341495633125305
0.0,False,0.0,1.0,0.0,8156,0.7455201148986816
0.0,True,0.0,1.0,0.0,8157,0.6871274709701538
0.0,True,0.0,1.0,0.0,8158,0.6320000886917114
0.0,True,0.0,1.0,0.0,8159,0.7077544331550598
0.0,True,0.0,1.0,0.0,8160,0.8873619437217712
0.0,True,0.0,1.0,0.0,8161,0.8439942002296448
0.0,True,0.0,1.0,0.0,8162,0.3767316937446594
0.0,True,0.0,1.0,0.0,8163,0.533158540725708
0.0,True,0.0,1.0,0.0,8164,0.40122145414352417
0.0,True,0.0,1.0,0.0,8165,0.6299986839294434
0.0,True,0.0,1.0,0.0,8166,0.486512154340744
0.0,True,0.0,1.0,0.0,8167,0.187734454870224
0.0,True,0.0,1.0,0.0,8168,0.5668855309486389
0.0,False,0.0,1.0,0.0,8169,0.08289708942174911
0.0,True,0.0,1.0,0.0,8170,0.611799955368042
0.0,True,0.0,1.0,0.0,8171,0.8277618288993835
0.0,True,0.0,1.0,0.0,8172,0.3353075087070465
0.0,True,0.0,1.0,0.0,8173,0.25435248017311096
0.0,True,0.0,1.0,0.0,8174,0.6389187574386597
0.0,True,0.0,1.0,0.0,8175,0.7457669973373413
0.0,False,0.0,1.0,0.0,8176,0.5733841061592102
0.0,True,0.0,1.0,0.0,8177,0.7122575640678406
0.0,True,0.0,1.0,0.0,8178,0.5673055648803711
0.0,True,0.0,1.0,0.0,8179,0.6741652488708496
0.0,True,0.0,1.0,0.0,8180,0.3360100984573364
0.0,True,0.0,1.0,0.0,8181,0.1052682101726532
0.0,True,0.0,1.0,0.0,8182,0.6289453506469727
0.0,True,0.0,1.0,0.0,8183,0.6668663620948792
0.0,True,0.0,1.0,0.0,8184,0.4263947904109955
0.0,True,0.0,1.0,0.0,8185,0.08824682980775833
0.0,False,0.0,1.0,0.0,8186,0.1490723341703415
0.0,True,0.0,1.0,0.0,8187,0.30728957056999207
0.0,True,0.0,1.0,0.0,8188,0.47037580609321594
0.0,True,0.0,1.0,0.0,8189,0.7073156833648682
0.0,True,0.0,1.0,0.0,8190,0.14907774329185486
0.0,True,0.0,1.0,0.0,8191,0.8345592021942139
0.0,False,0.0,0.0,0.0,7577,0.22591662406921387
0.0,False,0.0,0.0,0.0,7578,0.14352434873580933
0.0,False,0.0,0.0,0.0,7579,0.28392931818962097
0.0,False,0.0,0.0,0.0,7580,0.3373688757419586
0.0,False,0.0,0.0,0.0,7581,0.3366551697254181
0.0,False,0.0,0.0,0.0,7582,0.44164469838142395
0.0,False,0.0,0.0,0.0,7583,0.1902836561203003
0.0,False,0.0,0.0,0.0,7584,0.5533139705657959
0.0,True,0.0,0.0,0.0,7585,0.3329426944255829
0.0,False,0.0,0.0,0.0,7586,0.20322902500629425
0.0,False,0.0,0.0,0.0,7587,0.131575807929039
0.0,False,0.0,0.0,0.0,7588,0.11262821406126022
0.0,False,0.0,0.0,0.0,7589,0.16842515766620636
0.0,False,0.0,0.0,0.0,7590,0.09856326878070831
0.0,False,0.0,0.0,0.0,7591,0.14503279328346252
0.0,False,0.0,0.0,0.0,7592,0.2897140681743622
0.0,True,0.0,0.0,0.0,7593,0.28091421723365784
0.0,False,0.0,0.0,0.0,7594,0.04209030419588089
0.0,True,0.0,0.0,0.0,7595,0.5691922903060913
0.0,False,0.0,0.0,0.0,7596,0.4595433473587036
0.0,False,0.0,0.0,0.0,7597,0.41643282771110535
0.0,False,0.0,0.0,0.0,7598,0.07537303119897842
0.0,False,0.0,0.0,0.0,7599,0.5565774440765381
0.0,False,0.0,0.0,0.0,7600,0.06665460020303726
0.0,False,0.0,0.0,0.0,7601,0.8278792500495911
0.0,False,0.0,0.0,0.0,7602,0.560074508190155
0.0,False,0.0,0.0,0.0,7603,0.28026604652404785
0.0,False,0.0,0.0,0.0,7604,0.008785497397184372
0.0,False,0.0,0.0,0.0,7605,0.10547167807817459
0.0,False,0.0,0.0,0.0,7606,0.42808789014816284
0.0,False,0.0,0.0,0.0,7607,0.4858487546443939
0.0,False,0.0,0.0,0.0,7608,0.1461842954158783
0.0,False,0.0,0.0,0.0,7609,0.30802151560783386
0.0,False,0.0,0.0,0.0,7610,0.19732879102230072
0.0,False,0.0,0.0,0.0,7611,0.044547051191329956
0.0,False,0.0,0.0,0.0,7612,0.35184842348098755
0.0,False,0.0,0.0,0.0,7613,0.7600224018096924
0.0,False,0.0,0.0,0.0,7614,0.14892393350601196
0.0,False,0.0,0.0,0.0,7615,0.6297478675842285
0.0,False,0.0,0.0,0.0,7616,0.20119236409664154
0.0,False,0.0,0.0,0.0,7617,0.4462863504886627
0.0,False,0.0,0.0,0.0,7618,0.23509971797466278
0.0,True,0.0,0.0,0.0,7619,0.3869822919368744
0.0,False,0.0,0.0,0.0,7620,0.34171608090400696
0.0,False,0.0,0.0,0.0,7621,0.13587285578250885
0.0,False,0.0,0.0,0.0,7622,0.4123053550720215
0.0,False,0.0,0.0,0.0,7623,0.12798917293548584
0.0,True,0.0,0.0,0.0,7624,0.7492920756340027
0.0,False,0.0,0.0,0.0,7625,0.10057655721902847
0.0,False,0.0,0.0,0.0,7626,0.6331499218940735
0.0,False,0.0,0.0,0.0,7627,0.21058867871761322
0.0,False,0.0,0.0,0.0,7628,0.41666823625564575
0.0,True,0.0,0.0,0.0,7629,0.8175482749938965
0.0,False,0.0,0.0,0.0,7630,0.06945274770259857
0.0,False,0.0,0.0,0.0,7631,0.04653683304786682
0.0,True,0.0,0.0,0.0,7632,0.3003831207752228
0.0,False,0.0,0.0,0.0,7633,0.23892541229724884
0.0,False,0.0,0.0,0.0,7634,0.03473436087369919
0.0,False,0.0,0.0,0.0,7635,0.8919895887374878
0.0,False,0.0,0.0,0.0,7636,0.46260228753089905
0.0,False,0.0,0.0,0.0,7637,0.149160698056221
0.0,False,0.0,0.0,0.0,7638,0.10271427035331726
0.0,False,0.0,0.0,0.0,7639,0.3199988901615143
0.0,False,0.0,0.0,0.0,7640,0.14189808070659637
0.0,False,0.0,0.0,0.0,7641,0.18375317752361298
0.0,False,0.0,0.0,0.0,7642,0.3206728398799896
0.0,False,0.0,0.0,0.0,7643,0.5525191426277161
0.0,False,0.0,0.0,0.0,7644,0.0795983076095581
0.0,False,0.0,0.0,0.0,7645,0.07867835462093353
0.0,True,0.0,0.0,0.0,7646,0.15774424374103546
0.0,False,0.0,0.0,0.0,7647,0.07307655364274979
0.0,False,0.0,0.0,0.0,7648,0.17319785058498383
0.0,False,0.0,0.0,0.0,7649,0.5969188809394836
0.0,False,0.0,0.0,0.0,7650,0.3887248635292053
0.0,False,0.0,0.0,0.0,7651,0.5029856562614441
0.0,False,0.0,0.0,0.0,7652,0.4123130142688751
0.0,False,0.0,0.0,0.0,7653,0.06278403848409653
0.0,False,0.0,0.0,0.0,7654,0.3825704753398895
0.0,False,0.0,0.0,0.0,7655,0.08677660673856735
0.0,False,0.0,0.0,0.0,7656,0.13655202090740204
0.0,True,0.0,0.0,0.0,7657,0.520977795124054
0.0,False,0.0,0.0,0.0,7658,0.18781328201293945
0.0,False,0.0,0.0,0.0,7659,0.08360780030488968
0.0,False,0.0,0.0,0.0,7660,0.0230490081012249
0.0,False,0.0,0.0,0.0,7661,0.022485805675387383
0.0,False,0.0,0.0,0.0,7662,0.029071306809782982
0.0,False,0.0,0.0,0.0,7663,0.5780258178710938
0.0,False,0.0,0.0,0.0,7664,0.4146977961063385
0.0,False,0.0,0.0,0.0,7665,0.011477774009108543
0.0,False,0.0,0.0,0.0,7666,0.47632256150245667
0.0,True,0.0,0.0,0.0,7667,0.32407644391059875
0.0,False,0.0,0.0,0.0,7668,0.24240732192993164
0.0,False,0.0,0.0,0.0,7669,0.10482334345579147
0.0,False,0.0,0.0,0.0,7670,0.2334328591823578
0.0,True,0.0,0.0,0.0,7671,0.26285862922668457
0.0,False,0.0,0.0,0.0,7672,0.39043015241622925
0.0,False,0.0,0.0,0.0,7673,0.03281679004430771
0.0,False,0.0,0.0,0.0,7674,0.15903842449188232
0.0,True,0.0,0.0,0.0,7675,0.3476770222187042
0.0,False,0.0,0.0,0.0,7676,0.27802038192749023
0.0,False,0.0,0.0,0.0,7677,0.3265421986579895
0.0,False,0.0,0.0,0.0,7678,0.3221532106399536
0.0,False,0.0,0.0,0.0,7679,0.026429874822497368
0.0,False,0.0,0.0,0.0,7680,0.17318767309188843
0.0,False,0.0,0.0,0.0,7681,0.005521281156688929
0.0,False,0.0,0.0,0.0,7682,0.06596577167510986
0.0,False,0.0,0.0,0.0,7683,0.18871726095676422
0.0,False,0.0,0.0,0.0,7684,0.07971318066120148
0.0,False,0.0,0.0,0.0,7685,0.14106984436511993
0.0,False,0.0,0.0,0.0,7686,0.09528357535600662
0.0,True,0.0,0.0,0.0,7687,0.6352327466011047
0.0,False,0.0,0.0,0.0,7688,0.16100895404815674
0.0,False,0.0,0.0,0.0,7689,0.5985000133514404
0.0,False,0.0,0.0,0.0,7690,0.011229202151298523
0.0,False,0.0,0.0,0.0,7691,0.10807312279939651
0.0,False,0.0,0.0,0.0,7692,0.4098849892616272
0.0,False,0.0,0.0,0.0,7693,0.33691635727882385
0.0,False,0.0,0.0,0.0,7694,0.0692865252494812
0.0,False,0.0,0.0,0.0,7695,0.47764697670936584
0.0,False,0.0,0.0,0.0,7696,0.1517382711172104
0.0,False,0.0,0.0,0.0,7697,0.27776414155960083
0.0,False,0.0,0.0,0.0,7698,0.34414035081863403
0.0,False,0.0,0.0,0.0,7699,0.5852172374725342
0.0,False,0.0,0.0,0.0,7700,0.627585768699646
0.0,False,0.0,0.0,0.0,7701,0.5622457265853882
0.0,False,0.0,0.0,0.0,7702,0.08010153472423553
0.0,False,0.0,0.0,0.0,7703,0.009651917032897472
0.0,False,0.0,0.0,0.0,7704,0.3154076039791107
0.0,False,0.0,0.0,0.0,7705,0.1554683893918991
0.0,False,0.0,0.0,0.0,7706,0.0509212426841259
0.0,False,0.0,0.0,0.0,7707,0.23903226852416992
0.0,False,0.0,0.0,0.0,7708,0.4326891601085663
0.0,False,0.0,0.0,0.0,7709,0.041224513202905655
0.0,False,0.0,0.0,0.0,7710,0.08382794260978699
0.0,False,0.0,0.0,0.0,7711,0.2693038582801819
0.0,False,0.0,0.0,0.0,7712,0.17547284066677094
0.0,False,0.0,0.0,0.0,7713,0.4788798987865448
0.0,False,0.0,0.0,0.0,7714,0.19285227358341217
0.0,False,0.0,0.0,0.0,7715,0.09501368552446365
0.0,False,0.0,0.0,0.0,7716,0.11469882726669312
0.0,False,0.0,0.0,0.0,7717,0.457599401473999
0.0,False,0.0,0.0,0.0,7718,0.15596282482147217
0.0,False,0.0,0.0,0.0,7719,0.0902344286441803
0.0,False,0.0,0.0,0.0,7720,0.23046669363975525
0.0,False,0.0,0.0,0.0,7721,0.5388311743736267
0.0,False,0.0,0.0,0.0,7722,0.5990847945213318
0.0,False,0.0,0.0,0.0,7723,0.2343493402004242
0.0,False,0.0,0.0,0.0,7724,0.4848155975341797
0.0,False,0.0,0.0,0.0,7725,0.14253519475460052
0.0,False,0.0,0.0,0.0,7726,0.4308112561702728
0.0,False,0.0,0.0,0.0,7727,0.07271286100149155
0.0,False,0.0,0.0,0.0,7728,0.05302044004201889
0.0,False,0.0,0.0,0.0,7729,0.9234657883644104
0.0,True,0.0,0.0,0.0,7730,0.5141690969467163
0.0,True,0.0,0.0,0.0,7731,0.5720427632331848
0.0,False,0.0,0.0,0.0,7732,0.24557620286941528
0.0,False,0.0,0.0,0.0,7733,0.1318095177412033
0.0,False,0.0,0.0,0.0,7734,0.7312806248664856
0.0,False,0.0,0.0,0.0,7735,0.0168871209025383
0.0,False,0.0,0.0,0.0,7736,0.17303501069545746
0.0,False,0.0,0.0,0.0,7737,0.5465676784515381
0.0,False,0.0,0.0,0.0,7738,0.010304555296897888
0.0,False,0.0,0.0,0.0,7739,0.35956037044525146
0.0,False,0.0,0.0,0.0,7740,0.04637977108359337
0.0,False,0.0,0.0,0.0,7741,0.02430969849228859
0.0,False,0.0,0.0,0.0,7742,0.009195557795464993
0.0,False,0.0,0.0,0.0,7743,0.11879654228687286
0.0,False,0.0,0.0,0.0,7744,0.36492180824279785
0.0,False,0.0,0.0,0.0,7745,0.0051119509153068066
0.0,False,0.0,0.0,0.0,7746,0.005412644241005182
0.0,False,0.0,0.0,0.0,7747,0.2980930209159851
0.0,False,0.0,0.0,0.0,7748,0.008457846939563751
0.0,False,0.0,0.0,0.0,7749,0.11554577201604843
0.0,False,0.0,0.0,0.0,7750,0.12358146160840988
0.0,False,0.0,0.0,0.0,7751,0.09145350754261017
0.0,False,0.0,0.0,0.0,7752,0.06540815532207489
0.0,False,0.0,0.0,0.0,7753,0.22446146607398987
0.0,False,0.0,0.0,0.0,7754,0.19402848184108734
0.0,False,0.0,0.0,0.0,7755,0.24178598821163177
0.0,False,0.0,0.0,0.0,7756,0.035421278327703476
0.0,False,0.0,0.0,0.0,7757,0.06433621048927307
0.0,False,0.0,0.0,0.0,7758,0.04216838255524635
0.0,False,0.0,0.0,0.0,7759,0.03288782387971878
0.0,False,0.0,0.0,0.0,7760,0.31405404210090637
0.0,True,0.0,0.0,0.0,7761,0.6718078851699829
0.0,False,0.0,0.0,0.0,7762,0.25291022658348083
0.0,False,0.0,0.0,0.0,7763,0.484151691198349
0.0,True,0.0,0.0,0.0,7764,0.4402330815792084
0.0,False,0.0,0.0,0.0,7765,0.23402898013591766
0.0,False,0.0,0.0,0.0,7766,0.5101863145828247
0.0,False,0.0,0.0,0.0,7767,0.183182954788208
0.0,True,0.0,0.0,0.0,7768,0.2285553365945816
0.0,False,0.0,0.0,0.0,7769,0.2996710240840912
0.0,False,0.0,0.0,0.0,7770,0.16075454652309418
0.0,False,0.0,0.0,0.0,7771,0.5386103391647339
0.0,False,0.0,0.0,0.0,7772,0.7260200381278992
0.0,False,0.0,0.0,0.0,7773,0.017251264303922653
0.0,False,0.0,0.0,0.0,7774,0.6245737075805664
0.0,False,0.0,0.0,0.0,7775,0.012280531227588654
0.0,False,0.0,0.0,0.0,7776,0.006151176057755947
0.0,False,0.0,0.0,0.0,7777,0.16439761221408844
0.0,False,0.0,0.0,0.0,7778,0.3106362521648407
0.0,False,0.0,0.0,0.0,7779,0.2828112840652466
0.0,False,0.0,0.0,0.0,7780,0.10437190532684326
0.0,False,0.0,0.0,0.0,7781,0.6976379156112671
0.0,False,0.0,0.0,0.0,7782,0.4435345530509949
0.0,False,0.0,0.0,0.0,7783,0.04914279654622078
0.0,False,0.0,0.0,0.0,7784,0.5120038390159607
0.0,False,0.0,0.0,0.0,7785,0.3715028762817383
0.0,False,0.0,0.0,0.0,7786,0.49996495246887207
0.0,True,0.0,0.0,0.0,7787,0.17654596269130707
0.0,False,0.0,0.0,0.0,7788,0.8169296979904175
0.0,False,0.0,0.0,0.0,7789,0.022620053961873055
0.0,False,0.0,0.0,0.0,7790,0.7950741648674011
0.0,False,0.0,0.0,0.0,7791,0.1191139817237854
0.0,False,0.0,0.0,0.0,7792,0.5053918957710266
0.0,False,0.0,0.0,0.0,7793,0.15665452182292938
0.0,False,0.0,0.0,0.0,7794,0.1837705671787262
0.0,False,0.0,0.0,0.0,7795,0.14648307859897614
0.0,False,0.0,0.0,0.0,7796,0.33358365297317505
0.0,False,0.0,0.0,0.0,7797,0.08830486983060837
0.0,False,0.0,0.0,0.0,7798,0.02514398843050003
0.0,False,0.0,0.0,0.0,7799,0.3979118764400482
0.0,False,0.0,0.0,0.0,7800,0.027062585577368736
0.0,False,0.0,0.0,0.0,7801,0.37421509623527527
0.0,False,0.0,0.0,0.0,7802,0.3354174494743347
0.0,False,0.0,0.0,0.0,7803,0.16725394129753113
0.0,False,0.0,0.0,0.0,7804,0.03481556102633476
0.0,False,0.0,0.0,0.0,7805,0.22125880420207977
0.0,False,0.0,0.0,0.0,7806,0.051698725670576096
0.0,False,0.0,0.0,0.0,7807,0.19440187513828278
0.0,False,0.0,0.0,0.0,7808,0.06726855784654617
0.0,False,0.0,0.0,0.0,7809,0.17108483612537384
0.0,False,0.0,0.0,0.0,7810,0.02544396184384823
0.0,True,0.0,0.0,0.0,7811,0.7672451138496399
0.0,False,0.0,0.0,0.0,7812,0.0426211878657341
0.0,False,0.0,0.0,0.0,7813,0.020291395485401154
0.0,False,0.0,0.0,0.0,7814,0.4204287528991699
0.0,False,0.0,0.0,0.0,7815,0.41094970703125
0.0,False,0.0,0.0,0.0,7816,0.018463941290974617
0.0,False,0.0,0.0,0.0,7817,0.5777128338813782
0.0,False,0.0,0.0,0.0,7818,0.05738139525055885
0.0,False,0.0,0.0,0.0,7819,0.10635688900947571
0.0,False,0.0,0.0,0.0,7820,0.8141236305236816
0.0,False,0.0,0.0,0.0,7821,0.010108239017426968
0.0,False,0.0,0.0,0.0,7822,0.22802980244159698
0.0,False,0.0,0.0,0.0,7823,0.04267440363764763
0.0,False,0.0,0.0,0.0,7824,0.13939908146858215
0.0,False,0.0,0.0,0.0,7825,0.27274882793426514
0.0,False,0.0,0.0,0.0,7826,0.2477397918701172
0.0,True,0.0,0.0,0.0,7827,0.6899532079696655
0.0,False,0.0,0.0,0.0,7828,0.0686330795288086
0.0,False,0.0,0.0,0.0,7829,0.117294080555439
0.0,False,0.0,0.0,0.0,7830,0.5537179112434387
0.0,False,0.0,0.0,0.0,7831,0.024342317134141922
0.0,False,0.0,0.0,0.0,7832,0.8541496396064758
0.0,False,0.0,0.0,0.0,7833,0.14065000414848328
0.0,True,0.0,0.0,0.0,7834,0.3780715763568878
0.0,False,0.0,0.0,0.0,7835,0.26143330335617065
0.0,False,0.0,0.0,0.0,7836,0.10098259150981903
0.0,False,0.0,0.0,0.0,7837,0.44358137249946594
0.0,False,0.0,0.0,0.0,7838,0.052984967827796936
0.0,False,0.0,0.0,0.0,7839,0.530959963798523
0.0,False,0.0,0.0,0.0,7840,0.4935862123966217
0.0,False,0.0,0.0,0.0,7841,0.3149968087673187
0.0,False,0.0,0.0,0.0,7842,0.05069572478532791
0.0,False,0.0,0.0,0.0,7843,0.4669308066368103
0.0,False,0.0,0.0,0.0,7844,0.6103499531745911
0.0,False,0.0,0.0,0.0,7845,0.01338682696223259
0.0,False,0.0,0.0,0.0,7846,0.21202795207500458
0.0,False,0.0,0.0,0.0,7847,0.05364849790930748
0.0,False,0.0,0.0,0.0,7848,0.37353503704071045
0.0,False,0.0,0.0,0.0,7849,0.11635799705982208
0.0,False,0.0,0.0,0.0,7850,0.03718579187989235
0.0,False,0.0,0.0,0.0,7851,0.12040645629167557
0.0,False,0.0,0.0,0.0,7852,0.12529979646205902
0.0,False,0.0,0.0,0.0,7853,0.13155816495418549
0.0,False,0.0,0.0,0.0,7854,0.15254761278629303
0.0,False,0.0,0.0,0.0,7855,0.01635953038930893
0.0,False,0.0,0.0,0.0,7856,0.016979442909359932
0.0,False,0.0,0.0,0.0,7857,0.21536366641521454
0.0,False,0.0,0.0,0.0,7858,0.5779122114181519
0.0,False,0.0,0.0,0.0,7859,0.12141646444797516
0.0,False,0.0,0.0,0.0,7860,0.34561437368392944
0.0,False,0.0,0.0,0.0,7861,0.06326472014188766
0.0,False,0.0,0.0,0.0,7862,0.13450731337070465
0.0,False,0.0,0.0,0.0,7863,0.05749928951263428
0.0,False,0.0,0.0,0.0,7864,0.3454470932483673
0.0,False,0.0,0.0,0.0,7865,0.2295587956905365
0.0,False,0.0,0.0,0.0,7866,0.2973635196685791
0.0,True,0.0,0.0,0.0,7867,0.3226059377193451
0.0,False,0.0,0.0,0.0,7868,0.7630149722099304
0.0,False,0.0,0.0,0.0,7869,0.02512349933385849
0.0,False,0.0,0.0,0.0,7870,0.03662650287151337
0.0,False,0.0,0.0,0.0,7871,0.0299961119890213
0.0,False,0.0,0.0,0.0,7872,0.45631685853004456
0.0,False,0.0,0.0,0.0,7873,0.7954849004745483
0.0,False,0.0,0.0,0.0,7874,0.4500262439250946
0.0,False,0.0,0.0,0.0,7875,0.8147692084312439
0.0,False,0.0,0.0,0.0,7876,0.028229132294654846
0.0,False,0.0,0.0,0.0,7877,0.4746503233909607
0.0,False,0.0,0.0,0.0,7878,0.06012528017163277
0.0,False,0.0,0.0,0.0,7879,0.6400769352912903
0.0,False,0.0,0.0,0.0,7880,0.23520423471927643
0.0,False,0.0,0.0,0.0,7881,0.31928345561027527
0.0,False,0.0,0.0,0.0,7882,0.23208779096603394
0.0,False,0.0,0.0,0.0,7883,0.32085078954696655
0.0,False,0.0,0.0,0.0,7884,0.41352877020835876
0.0,False,0.0,0.0,0.0,7885,0.024604205042123795
0.0,False,0.0,0.0,0.0,7886,0.09899742901325226
0.0,False,0.0,0.0,0.0,7887,0.030824145302176476
0.0,True,0.0,0.0,0.0,7888,0.789162278175354
0.0,False,0.0,0.0,0.0,7889,0.06851420551538467
0.0,False,0.0,0.0,0.0,7890,0.532440721988678
0.0,False,0.0,0.0,0.0,7891,0.35399195551872253
0.0,False,0.0,0.0,0.0,7892,0.5242353081703186
0.0,False,0.0,0.0,0.0,7893,0.026764504611492157
0.0,False,0.0,0.0,0.0,7894,0.15655595064163208
0.0,False,0.0,0.0,0.0,7895,0.3806198239326477
0.0,False,0.0,0.0,0.0,7896,0.05219787731766701
0.0,False,0.0,0.0,0.0,7897,0.6504998803138733
0.0,False,0.0,0.0,0.0,7898,0.30682629346847534
0.0,False,0.0,0.0,0.0,7899,0.15799567103385925
0.0,False,0.0,0.0,0.0,7900,0.3136909306049347
0.0,False,0.0,0.0,0.0,7901,0.5843683481216431
0.0,False,0.0,0.0,0.0,7902,0.002017651917412877
0.0,False,0.0,0.0,0.0,7903,0.16322974860668182
0.0,False,0.0,0.0,0.0,7904,0.008863316848874092
0.0,False,0.0,0.0,0.0,7905,0.055952288210392
0.0,False,0.0,0.0,0.0,7906,0.030934832990169525
0.0,False,0.0,0.0,0.0,7907,0.033998288214206696
0.0,False,0.0,0.0,0.0,7908,0.18002647161483765
0.0,False,0.0,0.0,0.0,7909,0.5696529150009155
0.0,False,0.0,0.0,0.0,7910,0.13217006623744965
0.0,False,0.0,0.0,0.0,7911,0.21533876657485962
0.0,False,0.0,0.0,0.0,7912,0.007173973601311445
0.0,False,0.0,0.0,0.0,7913,0.012573850341141224
0.0,False,0.0,0.0,0.0,7914,0.010405952110886574
0.0,False,0.0,0.0,0.0,7915,0.01837506890296936
0.0,False,0.0,0.0,0.0,7916,0.030613791197538376
0.0,False,0.0,0.0,0.0,7917,0.5993077754974365
0.0,False,0.0,0.0,0.0,7918,0.09576577693223953
0.0,False,0.0,0.0,0.0,7919,0.1955423653125763
0.0,False,0.0,0.0,0.0,7920,0.4084247052669525
0.0,False,0.0,0.0,0.0,7921,0.09609828144311905
0.0,False,0.0,0.0,0.0,7922,0.12515631318092346
0.0,True,0.0,0.0,0.0,7923,0.1639508306980133
0.0,False,0.0,0.0,0.0,7924,0.2635887563228607
0.0,False,0.0,0.0,0.0,7925,0.40919503569602966
0.0,False,0.0,0.0,0.0,7926,0.21933047473430634
0.0,False,0.0,0.0,0.0,7927,0.36830949783325195
0.0,False,0.0,0.0,0.0,7928,0.6339168548583984
0.0,False,0.0,0.0,0.0,7929,0.10741754621267319
0.0,False,0.0,0.0,0.0,7930,0.3735424280166626
0.0,False,0.0,0.0,0.0,7931,0.2604910135269165
0.0,False,0.0,0.0,0.0,7932,0.37745749950408936
0.0,False,0.0,0.0,0.0,7933,0.05519521236419678
0.0,False,0.0,0.0,0.0,7934,0.43865907192230225
0.0,False,0.0,0.0,0.0,7935,0.06974601000547409
0.0,False,0.0,0.0,0.0,7936,0.19371461868286133
0.0,False,0.0,0.0,0.0,7937,0.46120485663414
0.0,False,0.0,0.0,0.0,7938,0.08785860985517502
0.0,False,0.0,0.0,0.0,7939,0.08996332436800003
0.0,False,0.0,0.0,0.0,7940,0.1007021963596344
0.0,False,0.0,0.0,0.0,7941,0.33018723130226135
0.0,False,0.0,0.0,0.0,7942,0.10609069466590881
0.0,False,0.0,0.0,0.0,7943,0.1276235580444336
0.0,False,0.0,0.0,0.0,7944,0.13730935752391815
0.0,False,0.0,0.0,0.0,7945,0.3567322790622711
0.0,False,0.0,0.0,0.0,7946,0.06747835129499435
0.0,False,0.0,0.0,0.0,7947,0.12480302155017853
0.0,False,0.0,0.0,0.0,7948,0.14399462938308716
0.0,False,0.0,0.0,0.0,7949,0.2901717722415924
0.0,False,0.0,0.0,0.0,7950,0.002527541946619749
0.0,True,0.0,0.0,0.0,7951,0.18675507605075836
0.0,False,0.0,0.0,0.0,7952,0.00906655378639698
0.0,False,0.0,0.0,0.0,7953,0.2448422759771347
0.0,False,0.0,0.0,0.0,7954,0.009836151264607906
0.0,False,0.0,0.0,0.0,7955,0.018586603924632072
0.0,False,0.0,0.0,0.0,7956,0.010686985217034817
0.0,False,0.0,0.0,0.0,7957,0.5198039412498474
0.0,False,0.0,0.0,0.0,7958,0.20620404183864594
0.0,False,0.0,0.0,0.0,7959,0.2858843207359314
0.0,False,0.0,0.0,0.0,7960,0.5519378185272217
0.0,False,0.0,0.0,0.0,7961,0.3716377019882202
0.0,False,0.0,0.0,0.0,7962,0.332515150308609
0.0,False,0.0,0.0,0.0,7963,0.02502531185746193
0.0,False,0.0,0.0,0.0,7964,0.1090959906578064
0.0,False,0.0,0.0,0.0,7965,0.7943124175071716
0.0,False,0.0,0.0,0.0,7966,0.650819718837738
0.0,False,0.0,0.0,0.0,7967,0.27342280745506287
0.0,False,0.0,0.0,0.0,7968,0.014616892673075199
0.0,False,0.0,0.0,0.0,7969,0.04832775890827179
0.0,False,0.0,0.0,0.0,7970,0.29430580139160156
0.0,False,0.0,0.0,0.0,7971,0.36688461899757385
0.0,False,0.0,0.0,0.0,7972,0.18903177976608276
0.0,False,0.0,0.0,0.0,7973,0.544873833656311
0.0,False,0.0,0.0,0.0,7974,0.34428098797798157
0.0,False,0.0,0.0,0.0,7975,0.27665501832962036
0.0,False,0.0,0.0,0.0,7976,0.1532142460346222
0.0,False,0.0,0.0,0.0,7977,0.2141462117433548
0.0,False,0.0,0.0,0.0,7978,0.046121373772621155
0.0,False,0.0,0.0,0.0,7979,0.2521057426929474
0.0,False,0.0,0.0,0.0,7980,0.3268071711063385
0.0,False,0.0,0.0,0.0,7981,0.05179886519908905
0.0,False,0.0,0.0,0.0,7982,0.02581005170941353
0.0,False,0.0,0.0,0.0,7983,0.6958589553833008
0.0,False,0.0,0.0,0.0,7984,0.030739154666662216
0.0,False,0.0,0.0,0.0,7985,0.09556064009666443
0.0,False,0.0,0.0,0.0,7986,0.08477361500263214
0.0,False,0.0,0.0,0.0,7987,0.44956114888191223
0.0,False,0.0,0.0,0.0,7988,0.2869657576084137
0.0,False,0.0,0.0,0.0,7989,0.45405539870262146
0.0,False,0.0,0.0,0.0,7990,0.17766597867012024
0.0,False,0.0,0.0,0.0,7991,0.22633981704711914
0.0,False,0.0,0.0,0.0,7992,0.10903400927782059
0.0,True,0.0,0.0,0.0,7993,0.9898592829704285
0.0,False,0.0,0.0,0.0,7994,0.14434626698493958
0.0,False,0.0,0.0,0.0,7995,0.24907970428466797
0.0,False,0.0,0.0,0.0,7996,0.204112708568573
0.0,False,0.0,0.0,0.0,7997,0.39283543825149536
0.0,False,0.0,0.0,0.0,7998,0.45950502157211304
0.0,False,0.0,0.0,0.0,7999,0.04835227131843567
0.0,False,0.0,0.0,0.0,8000,0.25506719946861267
0.0,False,0.0,0.0,0.0,8001,0.7092433571815491
0.0,False,0.0,0.0,0.0,8002,0.289119154214859
0.0,False,0.0,0.0,0.0,8003,0.058712512254714966
0.0,False,0.0,0.0,0.0,8004,0.2850145697593689
0.0,False,0.0,0.0,0.0,8005,0.4425602853298187
0.0,False,0.0,0.0,0.0,8006,0.5935883522033691
0.0,False,0.0,0.0,0.0,8007,0.497466117143631
0.0,False,0.0,0.0,0.0,8008,0.6765086054801941
0.0,False,0.0,0.0,0.0,8009,0.26168662309646606
0.0,False,0.0,0.0,0.0,8010,0.33756133913993835
0.0,False,0.0,0.0,0.0,8011,0.3397083878517151
0.0,False,0.0,0.0,0.0,8012,0.5245018005371094
0.0,False,0.0,0.0,0.0,8013,0.9358130097389221
0.0,False,0.0,0.0,0.0,8014,0.6033008694648743
0.0,False,0.0,0.0,0.0,8015,0.48382487893104553
0.0,False,0.0,0.0,0.0,8016,0.3791810870170593
0.0,False,0.0,0.0,0.0,8017,0.4266422688961029
0.0,False,0.0,0.0,0.0,8018,0.055632516741752625
0.0,False,0.0,0.0,0.0,8019,0.38104358315467834
0.0,False,0.0,0.0,0.0,8020,0.21550527215003967
0.0,False,0.0,0.0,0.0,8021,0.024960972368717194
0.0,False,0.0,0.0,0.0,8022,0.4968186616897583
0.0,False,0.0,0.0,0.0,8023,0.010372394695878029
0.0,False,0.0,0.0,0.0,8024,0.017176153138279915
0.0,False,0.0,0.0,0.0,8025,0.5092071294784546
0.0,False,0.0,0.0,0.0,8026,0.08199843019247055
0.0,False,0.0,0.0,0.0,8027,0.22342495620250702
0.0,False,0.0,0.0,0.0,8028,0.18262000381946564
0.0,False,0.0,0.0,0.0,8029,0.12697994709014893
0.0,False,0.0,0.0,0.0,8030,0.7421890497207642
0.0,False,0.0,0.0,0.0,8031,0.038337282836437225
0.0,False,0.0,0.0,0.0,8032,0.0016125745605677366
0.0,False,0.0,0.0,0.0,8033,0.4606015384197235
0.0,False,0.0,0.0,0.0,8034,0.33235594630241394
0.0,False,0.0,0.0,0.0,8035,0.15150029957294464
0.0,False,0.0,0.0,0.0,8036,0.09742223471403122
0.0,False,0.0,0.0,0.0,8037,0.11657774448394775
0.0,False,0.0,0.0,0.0,8038,0.3046364188194275
0.0,False,0.0,0.0,0.0,8039,0.04178624972701073
0.0,False,0.0,0.0,0.0,8040,0.03600362315773964
0.0,False,0.0,0.0,0.0,8041,0.21018129587173462
0.0,False,0.0,0.0,0.0,8042,0.2463032454252243
0.0,False,0.0,0.0,0.0,8043,0.0429103821516037
0.0,True,0.0,0.0,0.0,8044,0.06432120501995087
0.0,False,0.0,0.0,0.0,8045,0.34833547472953796
0.0,False,0.0,0.0,0.0,8046,0.06905032694339752
0.0,False,0.0,0.0,0.0,8047,0.6226814985275269
0.0,False,0.0,0.0,0.0,8048,0.5850862860679626
0.0,False,0.0,0.0,0.0,8049,0.10453370958566666
0.0,False,0.0,0.0,0.0,8050,0.24041761457920074
0.0,False,0.0,0.0,0.0,8051,0.6684322953224182
0.0,False,0.0,0.0,0.0,8052,0.04228954762220383
0.0,False,0.0,0.0,0.0,8053,0.07535166293382645
0.0,False,0.0,0.0,0.0,8054,0.37390339374542236
0.0,True,0.0,0.0,0.0,8055,0.41447529196739197
0.0,False,0.0,0.0,0.0,8056,0.6829609870910645
0.0,False,0.0,0.0,0.0,8057,0.027133990079164505
0.0,False,0.0,0.0,0.0,8058,0.2592858374118805
0.0,False,0.0,0.0,0.0,8059,0.051678616553545
0.0,False,0.0,0.0,0.0,8060,0.38441842794418335
0.0,False,0.0,0.0,0.0,8061,0.5064365267753601
0.0,False,0.0,0.0,0.0,8062,0.10650522261857986
0.0,False,0.0,0.0,0.0,8063,0.26322731375694275
0.0,False,0.0,0.0,0.0,8064,0.025148048996925354
0.0,False,0.0,0.0,0.0,8065,0.15319772064685822
0.0,False,0.0,0.0,0.0,8066,0.06669080257415771
0.0,True,0.0,0.0,0.0,8067,0.09199696779251099
0.0,False,0.0,0.0,0.0,8068,0.5128058195114136
0.0,True,0.0,0.0,0.0,8069,0.30182480812072754
0.0,False,0.0,0.0,0.0,8070,0.10217650979757309
0.0,False,0.0,0.0,0.0,8071,0.3072560727596283
0.0,True,0.0,0.0,0.0,8072,0.36383628845214844
0.0,True,0.0,0.0,0.0,8073,0.47569969296455383
0.0,False,0.0,0.0,0.0,8074,0.02088904194533825
0.0,False,0.0,0.0,0.0,8075,0.25735291838645935
0.0,False,0.0,0.0,0.0,8076,0.03237440437078476
0.0,True,0.0,0.0,0.0,8077,0.8330276608467102
0.0,False,0.0,0.0,0.0,8078,0.5436637997627258
0.0,False,0.0,0.0,0.0,8079,0.46787020564079285
0.0,False,0.0,0.0,0.0,8080,0.18367668986320496
0.0,False,0.0,0.0,0.0,8081,0.2764842212200165
0.0,False,0.0,0.0,0.0,8082,0.2659718692302704
0.0,False,0.0,0.0,0.0,8083,0.29773759841918945
0.0,False,0.0,0.0,0.0,8084,0.25742319226264954
0.0,False,0.0,0.0,0.0,8085,0.4937555193901062
0.0,False,0.0,0.0,0.0,8086,0.0557841956615448
0.0,False,0.0,0.0,0.0,8087,0.027606133371591568
0.0,False,0.0,0.0,0.0,8088,0.3698951005935669
0.0,False,0.0,0.0,0.0,8089,0.43350648880004883
0.0,False,0.0,0.0,0.0,8090,0.33626091480255127
0.0,False,0.0,0.0,0.0,8091,0.02862786315381527
0.0,False,0.0,0.0,0.0,8092,0.2558402419090271
0.0,False,0.0,0.0,0.0,8093,0.2201099991798401
0.0,False,0.0,0.0,0.0,8094,0.5866615176200867
0.0,False,0.0,0.0,0.0,8095,0.4976854622364044
0.0,False,0.0,0.0,0.0,8096,0.054859619587659836
0.0,False,0.0,0.0,0.0,8097,0.04698484390974045
0.0,False,0.0,0.0,0.0,8098,0.7391584515571594
0.0,False,0.0,0.0,0.0,8099,0.31761887669563293
0.0,False,0.0,0.0,0.0,8100,0.5288955569267273
0.0,False,0.0,0.0,0.0,8101,0.4216829836368561
0.0,False,0.0,0.0,0.0,8102,0.10013660788536072
0.0,False,0.0,0.0,0.0,8103,0.28115391731262207
0.0,False,0.0,0.0,0.0,8104,0.03152719885110855
0.0,False,0.0,0.0,0.0,8105,0.33102288842201233
0.0,False,0.0,0.0,0.0,8106,0.2090625911951065
0.0,False,0.0,0.0,0.0,8107,0.3602653443813324
0.0,False,0.0,0.0,0.0,8108,0.048972658812999725
0.0,False,0.0,0.0,0.0,8109,0.5433465838432312
0.0,False,0.0,0.0,0.0,8110,0.05919133871793747
0.0,False,0.0,0.0,0.0,8111,0.11749265342950821
0.0,False,0.0,0.0,0.0,8112,0.17304480075836182
0.0,False,0.0,0.0,0.0,8113,0.3718425929546356
0.0,False,0.0,0.0,0.0,8114,0.2284768521785736
0.0,False,0.0,0.0,0.0,8115,0.5007046461105347
0.0,False,0.0,0.0,0.0,8116,0.17884333431720734
0.0,False,0.0,0.0,0.0,8117,0.165003702044487
0.0,False,0.0,0.0,0.0,8118,0.8437114953994751
0.0,False,0.0,0.0,0.0,8119,0.42761969566345215
0.0,False,0.0,0.0,0.0,8120,0.3351200819015503
0.0,False,0.0,0.0,0.0,8121,0.010034660808742046
0.0,False,0.0,0.0,0.0,8122,0.11389718949794769
0.0,False,0.0,0.0,0.0,8123,0.027901414781808853
0.0,False,0.0,0.0,0.0,8124,0.10913099348545074
0.0,False,0.0,0.0,0.0,8125,0.3058602511882782
0.0,False,0.0,0.0,0.0,8126,0.11767042428255081
0.0,False,0.0,0.0,0.0,8127,0.4104304015636444
0.0,False,0.0,0.0,0.0,8128,0.1928776502609253
0.0,False,0.0,0.0,0.0,8129,0.26323023438453674
0.0,False,0.0,0.0,0.0,8130,0.31367674469947815
0.0,False,0.0,0.0,0.0,8131,0.864556610584259
0.0,False,0.0,0.0,0.0,8132,0.03449568897485733
0.0,False,0.0,0.0,0.0,8133,0.21530936658382416
0.0,False,0.0,0.0,0.0,8134,0.06756654381752014
0.0,False,0.0,0.0,0.0,8135,0.16960014402866364
0.0,False,0.0,0.0,0.0,8136,0.007761262357234955
0.0,False,0.0,0.0,0.0,8137,0.2163332849740982
0.0,False,0.0,0.0,0.0,8138,0.00960626732558012
0.0,False,0.0,0.0,0.0,8139,0.22314244508743286
0.0,False,0.0,0.0,0.0,8140,0.2272983193397522
0.0,False,0.0,0.0,0.0,8141,0.22997699677944183
0.0,False,0.0,0.0,0.0,8142,0.029972348362207413
0.0,False,0.0,0.0,0.0,8143,0.06371045857667923
0.0,False,0.0,0.0,0.0,8144,0.0342988446354866
0.0,False,0.0,0.0,0.0,8145,0.12347661703824997
0.0,False,0.0,0.0,0.0,8146,0.08324958384037018
0.0,False,0.0,0.0,0.0,8147,0.057892389595508575
0.0,False,0.0,0.0,0.0,8148,0.05985453352332115
0.0,False,0.0,0.0,0.0,8149,0.06461861729621887
0.0,False,0.0,0.0,0.0,8150,0.06033345311880112
0.0,False,0.0,0.0,0.0,8151,0.5217507481575012
0.0,False,0.0,0.0,0.0,8152,0.004776054061949253
0.0,False,0.0,0.0,0.0,8153,0.03889869898557663
0.0,False,0.0,0.0,0.0,8154,0.019017726182937622
0.0,False,0.0,0.0,0.0,8155,0.20375008881092072
0.0,False,0.0,0.0,0.0,8156,0.19001755118370056
0.0,False,0.0,0.0,0.0,8157,0.25778111815452576
0.0,False,0.0,0.0,0.0,8158,0.20682580769062042
0.0,False,0.0,0.0,0.0,8159,0.5068950653076172
0.0,False,0.0,0.0,0.0,8160,0.051643259823322296
0.0,False,0.0,0.0,0.0,8161,0.07917507737874985
0.0,True,0.0,0.0,0.0,8162,0.5270946025848389
0.0,False,0.0,0.0,0.0,8163,0.19171851873397827
0.0,False,0.0,0.0,0.0,8164,0.210600346326828
0.0,False,0.0,0.0,0.0,8165,0.44923627376556396
0.0,False,0.0,0.0,0.0,8166,0.5385786890983582
0.0,False,0.0,0.0,0.0,8167,0.3311360776424408
0.0,False,0.0,0.0,0.0,8168,0.8318913578987122
0.0,False,0.0,0.0,0.0,8169,0.6240678429603577
0.0,False,0.0,0.0,0.0,8170,0.11345953494310379
0.0,False,0.0,0.0,0.0,8171,0.4183911681175232
0.0,False,0.0,0.0,0.0,8172,0.1740221530199051
0.0,False,0.0,0.0,0.0,8173,0.5689009428024292
0.0,False,0.0,0.0,0.0,8174,0.9082626104354858
0.0,False,0.0,0.0,0.0,8175,0.4406469464302063
0.0,False,0.0,0.0,0.0,8176,0.21659021079540253
0.0,False,0.0,0.0,0.0,8177,0.1902254819869995
0.0,False,0.0,0.0,0.0,8178,0.14881347119808197
0.0,False,0.0,0.0,0.0,8179,0.3082084655761719
0.0,False,0.0,0.0,0.0,8180,0.16765473783016205
0.0,False,0.0,0.0,0.0,8181,0.37589240074157715
0.0,False,0.0,0.0,0.0,8182,0.11957362294197083
0.0,False,0.0,0.0,0.0,8183,0.25859010219573975
0.0,False,0.0,0.0,0.0,8184,0.1464824676513672
0.0,False,0.0,0.0,0.0,8185,0.647196352481842
0.0,False,0.0,0.0,0.0,8186,0.07654746621847153
0.0,False,0.0,0.0,0.0,8187,0.07084893435239792
0.0,False,0.0,0.0,0.0,8188,0.1979161947965622
0.0,True,0.0,0.0,0.0,8189,0.3731485605239868
0.0,True,0.0,0.0,0.0,8190,0.3540312349796295
0.0,False,0.0,0.0,0.0,8191,0.2730034291744232
