distractor_warrant_mass,sample_id,support_attention_mass,support_present,support_warrant_mass
0.8938534259796143,6553,0.06571774929761887,True,0.05872327461838722
0.7645809650421143,6554,0.1906859576702118,True,0.18155783414840698
0.7331505417823792,6555,0.17381805181503296,True,0.1564449667930603
0.608370840549469,6556,0.34000635147094727,True,0.32454100251197815
0.8241737484931946,6557,0.134897381067276,True,0.12336523085832596
0.8048547506332397,6558,0.13017688691616058,True,0.12237028777599335
0.6556110978126526,6559,0.3160601258277893,True,0.30241459608078003
0.552148163318634,6560,0.42366331815719604,True,0.40804609656333923
0.8344811201095581,6561,0.1326345056295395,True,0.1253371238708496
0.6080785989761353,6562,0.33961379528045654,True,0.31426742672920227
0.7701550126075745,6563,0.18127623200416565,True,0.17089644074440002
0.8710411787033081,6564,0.09040941298007965,True,0.08538810908794403
0.7730159759521484,6565,0.180341899394989,True,0.16964112222194672
0.7960529327392578,6566,0.15431992709636688,True,0.1438140571117401
0.6730771660804749,6567,0.2907995283603668,True,0.276572048664093
0.5871098041534424,6568,0.3681996762752533,True,0.355193555355072
0.6635439395904541,6569,0.28731390833854675,True,0.2757589519023895
0.4073209762573242,6570,0.5750475525856018,True,0.5538846254348755
0.7841911911964417,6571,0.1802751123905182,True,0.16761630773544312
0.6715160608291626,6572,0.2831382155418396,True,0.2684008777141571
0.7413475513458252,6573,0.19838975369930267,True,0.18661072850227356
0.8238828182220459,6574,0.11700116842985153,True,0.0957333967089653
0.2032506912946701,6575,0.7822197079658508,True,0.7267614603042603
0.5610833764076233,6576,0.3983120620250702,True,0.3839763402938843
0.7160959243774414,6577,0.2328636646270752,True,0.21768005192279816
0.8845506906509399,6578,0.07925879955291748,True,0.07447411864995956
0.4869510233402252,6579,0.47928330302238464,True,0.46340540051460266
0.49839234352111816,6580,0.47358959913253784,True,0.4459819793701172
0.7891393303871155,6581,0.13359640538692474,True,0.12254539877176285
0.42900264263153076,6582,0.5453611612319946,True,0.524398922920227
0.8256868124008179,6583,0.13074886798858643,True,0.11707916855812073
0.8129866719245911,6584,0.12823964655399323,True,0.11698829382658005
0.3898950219154358,6585,0.5881471037864685,True,0.5581696033477783
0.5485672950744629,6586,0.4105902314186096,True,0.38665771484375
0.8091883659362793,6587,0.12318898737430573,True,0.10890495032072067
0.6119202971458435,6588,0.3546478748321533,True,0.3407581150531769
0.16181416809558868,6589,0.8268716335296631,True,0.7840556502342224
0.8221272230148315,6590,0.13254740834236145,True,0.12593403458595276
0.6057161092758179,6591,0.3477572202682495,True,0.3162621259689331
0.6651978492736816,6592,0.30247974395751953,True,0.28851890563964844
0.6717128753662109,6593,0.2782870829105377,True,0.2614220380783081
0.6986180543899536,6594,0.25055786967277527,True,0.2358376681804657
0.7374432682991028,6595,0.21048538386821747,True,0.1994371861219406
0.7203876376152039,6596,0.24591761827468872,True,0.234122633934021
0.5603269338607788,6597,0.36594435572624207,True,0.32106131315231323
0.7010558843612671,6598,0.2516513168811798,True,0.24008318781852722
0.754093587398529,6599,0.21462342143058777,True,0.1996828019618988
0.6120789051055908,6600,0.3396404981613159,True,0.3198930323123932
0.3038194179534912,6601,0.6763613224029541,True,0.6565744280815125
0.668657124042511,6602,0.2808433473110199,True,0.26477620005607605
0.4270026981830597,6603,0.5445199012756348,True,0.5225832462310791
0.6384779214859009,6604,0.290103942155838,True,0.26574334502220154
0.6539074182510376,6605,0.2831891179084778,True,0.2725960910320282
0.720456600189209,6606,0.2349739968776703,True,0.22729985415935516
0.7889847755432129,6607,0.15775559842586517,True,0.14090493321418762
0.870853066444397,6608,0.08032484352588654,True,0.07499557733535767
0.662356972694397,6609,0.29656144976615906,True,0.280608206987381
0.4329523742198944,6610,0.5348644256591797,True,0.48915940523147583
0.8420689105987549,6611,0.11087440699338913,True,0.10349217802286148
0.6850522756576538,6612,0.2822231650352478,True,0.26295775175094604
0.8933876156806946,6613,0.06523988395929337,True,0.06166950613260269
0.7708165645599365,6614,0.18606959283351898,True,0.17469339072704315
0.7718231678009033,6615,0.16683776676654816,True,0.1532517969608307
0.7703141570091248,6616,0.17464998364448547,True,0.16213513910770416
0.6933292150497437,6617,0.24878430366516113,True,0.23217619955539703
0.8625257015228271,6618,0.08937731385231018,True,0.08081185817718506
0.6839601993560791,6619,0.26697447896003723,True,0.24585981667041779
0.6066665053367615,6620,0.35570958256721497,True,0.3404000401496887
0.40730634331703186,6621,0.5702317953109741,True,0.5459847450256348
0.5993160009384155,6622,0.37425658106803894,True,0.35839641094207764
0.7193791270256042,6623,0.24644619226455688,True,0.2289379984140396
0.5648164749145508,6624,0.38901057839393616,True,0.3738677203655243
0.0,6625,1.0,True,0.9538297057151794
0.6174888610839844,6626,0.34921932220458984,True,0.3289920687675476
0.7040020227432251,6627,0.25185972452163696,True,0.2343093901872635
0.7794833183288574,6628,0.17949534952640533,True,0.16919709742069244
0.7038764953613281,6629,0.25454023480415344,True,0.24520812928676605
0.8594468832015991,6630,0.08804385364055634,True,0.08336532860994339
0.6283524036407471,6631,0.3412693738937378,True,0.3268616199493408
0.6927952170372009,6632,0.268079549074173,True,0.25751230120658875
0.5855391621589661,6633,0.3805173337459564,True,0.3686414957046509
0.42594271898269653,6634,0.5500367879867554,True,0.5314430594444275
0.6761494278907776,6635,0.2725486159324646,True,0.24872593581676483
0.6142416000366211,6636,0.35166773200035095,True,0.3353560268878937
0.7505021095275879,6637,0.1884610801935196,True,0.17492353916168213
0.7664499878883362,6638,0.18990439176559448,True,0.18030284345149994
0.6318522691726685,6639,0.31075426936149597,True,0.2913751006126404
0.7233656048774719,6640,0.22884249687194824,True,0.2172749787569046
0.5891553163528442,6641,0.3737916648387909,True,0.3596668541431427
0.7503365874290466,6642,0.20048043131828308,True,0.1917174756526947
0.7906587719917297,6643,0.1351405382156372,True,0.129442036151886
0.7217140793800354,6644,0.24277134239673615,True,0.22431619465351105
0.6835490465164185,6645,0.28359484672546387,True,0.264704167842865
0.7014078497886658,6646,0.2524449825286865,True,0.2395312637090683
0.851232647895813,6647,0.08757863938808441,True,0.07738935947418213
0.7427544593811035,6648,0.19236215949058533,True,0.18023690581321716
0.8485825657844543,6649,0.09739810228347778,True,0.08994706720113754
0.4242410659790039,6650,0.5513606667518616,True,0.5316793322563171
0.5875148773193359,6651,0.3614667057991028,True,0.34533455967903137
0.6771546602249146,6652,0.2811028063297272,True,0.26593872904777527
0.8167869448661804,6653,0.13565365970134735,True,0.12554343044757843
0.5767362117767334,6654,0.381165087223053,True,0.36184161901474
0.6224160194396973,6655,0.32553786039352417,True,0.3106830418109894
0.6791552901268005,6656,0.27967125177383423,True,0.2548670172691345
0.7782472372055054,6657,0.17604805529117584,True,0.16531331837177277
0.8061330318450928,6658,0.15346159040927887,True,0.14388921856880188
0.7169948220252991,6659,0.20713657140731812,True,0.1815999150276184
0.6808508634567261,6660,0.2697483003139496,True,0.25729817152023315
0.6022931337356567,6661,0.3672230839729309,True,0.3492182493209839
0.7924549579620361,6662,0.15974010527133942,True,0.15065224468708038
0.835248589515686,6663,0.1032886654138565,True,0.09623664617538452
0.7958759069442749,6664,0.15221884846687317,True,0.14369606971740723
0.8144171237945557,6665,0.13367661833763123,True,0.11977940052747726
0.8461959362030029,6666,0.10350770503282547,True,0.09749899804592133
0.6681923866271973,6667,0.29375237226486206,True,0.2703615427017212
0.577967643737793,6668,0.38371002674102783,True,0.35956764221191406
0.6185495853424072,6669,0.33953872323036194,True,0.32232436537742615
0.7991969585418701,6670,0.14579953253269196,True,0.13270387053489685
0.8656517267227173,6671,0.09494123607873917,True,0.08995094895362854
0.6805195808410645,6672,0.2743726372718811,True,0.26417818665504456
0.7375459671020508,6673,0.21045084297657013,True,0.19839242100715637
0.6736823320388794,6674,0.28997501730918884,True,0.27470096945762634
0.5674276351928711,6675,0.38130396604537964,True,0.363376647233963
0.5769689083099365,6676,0.38340693712234497,True,0.36727699637413025
0.7764161825180054,6677,0.17243747413158417,True,0.1601085364818573
0.7694857120513916,6678,0.18538081645965576,True,0.17347288131713867
0.8439685106277466,6679,0.10965711623430252,True,0.10152309387922287
0.6611551642417908,6680,0.3033258318901062,True,0.2839961349964142
0.7807827591896057,6681,0.15680573880672455,True,0.14204640686511993
0.8104350566864014,6682,0.14766208827495575,True,0.13936065137386322
0.726820170879364,6683,0.23366360366344452,True,0.22030170261859894
0.8117256164550781,6684,0.14952662587165833,True,0.138123020529747
0.5562228560447693,6685,0.37412336468696594,True,0.34160152077674866
0.8804629445075989,6686,0.07287638634443283,True,0.06821854412555695
0.788375735282898,6687,0.17240750789642334,True,0.15831111371517181
0.4820977449417114,6688,0.4918184280395508,True,0.4721696972846985
0.7787603139877319,6689,0.1739589422941208,True,0.16293051838874817
0.8679564595222473,6690,0.08339670300483704,True,0.07791795581579208
0.7771579027175903,6691,0.17700934410095215,True,0.16839152574539185
0.8662935495376587,6692,0.08882972598075867,True,0.08405659347772598
0.5896415710449219,6693,0.37034082412719727,True,0.34857070446014404
0.8316841721534729,6694,0.10789649188518524,True,0.09646216034889221
0.8330460786819458,6695,0.12769973278045654,True,0.12360496819019318
0.7763694524765015,6696,0.17722614109516144,True,0.16229653358459473
0.8363075256347656,6697,0.09624141454696655,True,0.0905081257224083
0.8774694800376892,6698,0.059894975274801254,True,0.05365801975131035
0.8205474615097046,6699,0.14224232733249664,True,0.13477280735969543
0.7022233605384827,6700,0.2619374394416809,True,0.24692121148109436
0.684693455696106,6701,0.27513036131858826,True,0.2617014944553375
0.6374667882919312,6702,0.314468115568161,True,0.2879672646522522
0.7774313688278198,6703,0.1826622039079666,True,0.174623504281044
0.777945339679718,6704,0.171378955245018,True,0.15667717158794403
0.43617871403694153,6705,0.5356678366661072,True,0.5137661099433899
0.6113899350166321,6706,0.3533300459384918,True,0.3337293863296509
0.7829073667526245,6707,0.1706836223602295,True,0.16228367388248444
0.8120626211166382,6708,0.14623568952083588,True,0.13731712102890015
0.5312100648880005,6709,0.4123668074607849,True,0.38311341404914856
0.6472426652908325,6710,0.3012882471084595,True,0.2744814157485962
0.7924737930297852,6711,0.14897216856479645,True,0.1409795582294464
0.4040719270706177,6712,0.574264645576477,True,0.5527180433273315
0.6732739210128784,6713,0.28986966609954834,True,0.2770080864429474
0.8225160837173462,6714,0.14404767751693726,True,0.1350889503955841
0.6066253781318665,6715,0.36184200644493103,True,0.34107160568237305
0.3735901713371277,6716,0.6054580211639404,True,0.5817968845367432
0.8415582776069641,6717,0.11803354322910309,True,0.1093839704990387
0.6814696788787842,6718,0.28258755803108215,True,0.2633354365825653
0.7546815276145935,6719,0.18746636807918549,True,0.17624305188655853
0.6337378621101379,6720,0.32772231101989746,True,0.3126024305820465
0.6621738076210022,6721,0.3015744090080261,True,0.28531551361083984
0.7281531691551208,6722,0.21781793236732483,True,0.20489740371704102
0.8301945924758911,6723,0.11790665239095688,True,0.11191044747829437
0.6358243227005005,6724,0.3350107669830322,True,0.3194391131401062
0.6625154614448547,6725,0.29719531536102295,True,0.2859508991241455
0.8329027891159058,6726,0.11852671951055527,True,0.11283593624830246
0.7355453968048096,6727,0.22175630927085876,True,0.20393142104148865
0.6631068587303162,6728,0.301912397146225,True,0.28348681330680847
0.8731403350830078,6729,0.08281984180212021,True,0.07408077269792557
0.3202587366104126,6730,0.6553789377212524,True,0.6174571514129639
0.7772419452667236,6731,0.18060091137886047,True,0.17336365580558777
0.8291414976119995,6732,0.12161922454833984,True,0.11254993081092834
0.6111887693405151,6733,0.3371587097644806,True,0.3112403154373169
0.6848982572555542,6734,0.2654716372489929,True,0.23918865621089935
0.6779396533966064,6735,0.2806740999221802,True,0.2689712345600128
0.4954563081264496,6736,0.4750272035598755,True,0.4538913369178772
0.8376877307891846,6737,0.09948903322219849,True,0.08647387474775314
0.6990827322006226,6738,0.25991156697273254,True,0.2491418570280075
0.8206682801246643,6739,0.12344212085008621,True,0.11646102368831635
0.8383119702339172,6740,0.10775888711214066,True,0.1007307916879654
0.4641917943954468,6741,0.5014260411262512,True,0.4751712679862976
0.6714676022529602,6742,0.2890048921108246,True,0.27428266406059265
0.7723186016082764,6743,0.17812170088291168,True,0.16712446510791779
0.3707752525806427,6744,0.6019068956375122,True,0.5770974159240723
0.6088026762008667,6745,0.3512299060821533,True,0.33626222610473633
0.7701677083969116,6746,0.17046335339546204,True,0.15357330441474915
0.6628084182739258,6747,0.2826203405857086,True,0.26952064037323
0.7498429417610168,6748,0.2078990489244461,True,0.19443270564079285
0.8055886626243591,6749,0.15707916021347046,True,0.14945141971111298
0.6444359421730042,6750,0.32063165307044983,True,0.30586668848991394
0.8046152591705322,6751,0.15411199629306793,True,0.1453901082277298
0.7818049788475037,6752,0.1752808690071106,True,0.16636505722999573
0.7625297904014587,6753,0.20063722133636475,True,0.19044475257396698
0.8269333839416504,6754,0.13778714835643768,True,0.1303761750459671
0.8665099143981934,6755,0.09158577769994736,True,0.08508353680372238
0.6754558086395264,6756,0.2846894860267639,True,0.2666771411895752
0.6587460041046143,6757,0.3020998239517212,True,0.28493979573249817
0.7882279753684998,6758,0.1688152253627777,True,0.15872909128665924
0.8144576549530029,6759,0.13521911203861237,True,0.12366308271884918
0.6672276258468628,6760,0.2936100959777832,True,0.28085461258888245
0.6038824319839478,6761,0.35616087913513184,True,0.3352243900299072
0.7810649871826172,6762,0.1732831746339798,True,0.16473282873630524
0.47032231092453003,6763,0.495560884475708,True,0.47418537735939026
0.16224877536296844,6764,0.8285408616065979,True,0.7916914224624634
0.7470266819000244,6765,0.21493150293827057,True,0.19666525721549988
0.8529917001724243,6766,0.08620097488164902,True,0.07961900532245636
0.7862180471420288,6767,0.17104241251945496,True,0.1596905142068863
0.5307728052139282,6768,0.42802464962005615,True,0.398522287607193
0.8248759508132935,6769,0.11924973875284195,True,0.10482758283615112
0.7752882242202759,6770,0.19095063209533691,True,0.1779060810804367
0.7557955980300903,6771,0.20114627480506897,True,0.18840500712394714
0.6730713844299316,6772,0.28096240758895874,True,0.26549839973449707
0.6231203675270081,6773,0.3314085602760315,True,0.3094092905521393
0.6457687616348267,6774,0.3111792802810669,True,0.2963254749774933
0.8292062878608704,6775,0.12977267801761627,True,0.1202499195933342
0.7301496267318726,6776,0.23758246004581451,True,0.2284402996301651
0.7726243734359741,6777,0.17652180790901184,True,0.1646440327167511
0.7986781001091003,6778,0.15747123956680298,True,0.14602947235107422
0.6330506801605225,6779,0.33316105604171753,True,0.3167837858200073
0.8170254230499268,6780,0.1398417204618454,True,0.13236477971076965
0.2940250039100647,6781,0.694191038608551,True,0.653395414352417
0.6796888113021851,6782,0.26877257227897644,True,0.2482258826494217
0.8266385793685913,6783,0.09853195399045944,True,0.08465385437011719
0.8207584023475647,6784,0.12777289748191833,True,0.12005932629108429
0.820622980594635,6785,0.1160907968878746,True,0.10721088945865631
0.8347484469413757,6786,0.128186896443367,True,0.12146663665771484
0.8576338291168213,6787,0.09441468119621277,True,0.0884857252240181
0.8507004976272583,6788,0.11001309752464294,True,0.09841819852590561
0.6187671422958374,6789,0.341426819562912,True,0.3214106857776642
0.8061911463737488,6790,0.14818398654460907,True,0.1395021677017212
0.7920246720314026,6791,0.1534057855606079,True,0.13932226598262787
0.5061303377151489,6792,0.46281862258911133,True,0.4461689591407776
0.6258559226989746,6793,0.34553760290145874,True,0.32544201612472534
0.7324686050415039,6794,0.21789859235286713,True,0.20450137555599213
0.45185586810112,6795,0.5164922475814819,True,0.4920710027217865
0.7369372248649597,6796,0.22199366986751556,True,0.21012157201766968
0.8245052099227905,6797,0.13886667788028717,True,0.1309172809123993
0.6141654253005981,6798,0.3301495611667633,True,0.3127874732017517
0.802864134311676,6799,0.1386326253414154,True,0.13019247353076935
0.5262619853019714,6800,0.43596184253692627,True,0.41892752051353455
0.7579201459884644,6801,0.20250654220581055,True,0.19418708980083466
0.7779077887535095,6802,0.18509112298488617,True,0.1745191067457199
0.792127251625061,6803,0.16081102192401886,True,0.15013359487056732
0.7799633145332336,6804,0.18095281720161438,True,0.16415318846702576
0.41704052686691284,6805,0.5595583915710449,True,0.5427534580230713
0.8229951858520508,6806,0.13952186703681946,True,0.13321532309055328
0.683080792427063,6807,0.260652631521225,True,0.25032421946525574
0.8431600332260132,6808,0.11769615858793259,True,0.11087027937173843
0.7805451154708862,6809,0.16091889142990112,True,0.15106716752052307
0.7180558443069458,6810,0.22235314548015594,True,0.21046684682369232
0.7135592699050903,6811,0.2461370974779129,True,0.23580586910247803
0.7883397936820984,6812,0.12284431606531143,True,0.10682202875614166
0.7156769633293152,6813,0.24514469504356384,True,0.22325283288955688
0.6570984721183777,6814,0.31240183115005493,True,0.3003346025943756
0.6649800539016724,6815,0.2852742373943329,True,0.26983270049095154
0.7295973300933838,6816,0.22748340666294098,True,0.21605387330055237
0.6464297771453857,6817,0.29224061965942383,True,0.2711608409881592
0.7719296216964722,6818,0.15694864094257355,True,0.14858263731002808
0.7034182548522949,6819,0.25571441650390625,True,0.22934062778949738
0.8171945810317993,6820,0.13656887412071228,True,0.12723782658576965
0.726485013961792,6821,0.2214478850364685,True,0.20752538740634918
0.5661819577217102,6822,0.39696893095970154,True,0.37918853759765625
0.842979907989502,6823,0.1184656098484993,True,0.11040763556957245
0.7205460071563721,6824,0.2315131276845932,True,0.21520861983299255
0.6922931671142578,6825,0.26141124963760376,True,0.233690083026886
0.54433274269104,6826,0.42979687452316284,True,0.40817415714263916
0.6953274607658386,6827,0.266570121049881,True,0.25676417350769043
0.4703361392021179,6828,0.49453794956207275,True,0.4685937464237213
0.6301090121269226,6829,0.32957029342651367,True,0.3121277093887329
0.7235211133956909,6830,0.23331770300865173,True,0.21563220024108887
0.8352752327919006,6831,0.12603600323200226,True,0.11905550956726074
0.8200078010559082,6832,0.13908132910728455,True,0.13056564331054688
0.7399570941925049,6833,0.22604253888130188,True,0.21767811477184296
0.47497570514678955,6834,0.49859848618507385,True,0.47373172640800476
0.7432657480239868,6835,0.21364089846611023,True,0.20287476480007172
0.8814002275466919,6836,0.06930403411388397,True,0.06484918296337128
0.610288143157959,6837,0.3546527326107025,True,0.3388781249523163
0.7412161231040955,6838,0.21024557948112488,True,0.20103764533996582
0.7645585536956787,6839,0.19904284179210663,True,0.18823374807834625
0.6382022500038147,6840,0.3083592653274536,True,0.29273638129234314
0.7987872362136841,6841,0.155550017952919,True,0.14547576010227203
0.8142841458320618,6842,0.12797459959983826,True,0.12108628451824188
0.7044686079025269,6843,0.24314789474010468,True,0.23188871145248413
0.7415122985839844,6844,0.20908500254154205,True,0.19429226219654083
0.6796945333480835,6845,0.2716315686702728,True,0.2578106224536896
0.7799842357635498,6846,0.17203864455223083,True,0.16330690681934357
0.7647709846496582,6847,0.1989181786775589,True,0.18298256397247314
0.6142170429229736,6848,0.349426805973053,True,0.336483895778656
0.6574182510375977,6849,0.3081948757171631,True,0.29247838258743286
0.6357388496398926,6850,0.3302156329154968,True,0.3113158941268921
0.5410152077674866,6851,0.4294641613960266,True,0.40503937005996704
0.764229953289032,6852,0.18321089446544647,True,0.17036476731300354
0.8334593772888184,6853,0.11625635623931885,True,0.10930592566728592
0.6751388907432556,6854,0.28398245573043823,True,0.2753889560699463
0.855366051197052,6855,0.0939345732331276,True,0.08437543362379074
0.7521156072616577,6856,0.19187895953655243,True,0.17883533239364624
0.44893887639045715,6857,0.5232511758804321,True,0.5028817653656006
0.8562511205673218,6858,0.09436243027448654,True,0.08869324624538422
0.7273560762405396,6859,0.23178264498710632,True,0.21886365115642548
0.7671809196472168,6860,0.19069509208202362,True,0.17772480845451355
0.7765406966209412,6861,0.1832020878791809,True,0.17487463355064392
0.6845871806144714,6862,0.2672520875930786,True,0.25052404403686523
0.5318991541862488,6863,0.43858572840690613,True,0.4160553514957428
0.8769532442092896,6864,0.08854827284812927,True,0.08166921138763428
0.5527355074882507,6865,0.3991222083568573,True,0.36553531885147095
0.7530877590179443,6866,0.20321834087371826,True,0.18615736067295074
0.7095177173614502,6867,0.2597188651561737,True,0.24934786558151245
0.37765854597091675,6868,0.5983560681343079,True,0.5759842395782471
0.8388882279396057,6869,0.11093486100435257,True,0.10589104890823364
0.44363927841186523,6870,0.5177507400512695,True,0.48923295736312866
0.6874584555625916,6871,0.27009597420692444,True,0.2563951015472412
0.8633409142494202,6872,0.09316560626029968,True,0.08849868178367615
0.5483708381652832,6873,0.39851710200309753,True,0.3805338144302368
0.8140146136283875,6874,0.14271709322929382,True,0.13203302025794983
0.7964651584625244,6875,0.14918363094329834,True,0.13954399526119232
0.7111908793449402,6876,0.23792797327041626,True,0.22074370086193085
0.7587286233901978,6877,0.1730366051197052,True,0.15892285108566284
0.8047595024108887,6878,0.1491876095533371,True,0.14130689203739166
0.8200676441192627,6879,0.1283249706029892,True,0.11919745802879333
0.8043401837348938,6880,0.16396185755729675,True,0.15474754571914673
0.6370354294776917,6881,0.3095698952674866,True,0.2966635823249817
0.5310691595077515,6882,0.4473734200000763,True,0.4278273284435272
0.4096945524215698,6883,0.5658939480781555,True,0.5440069437026978
0.6546065211296082,6884,0.30536600947380066,True,0.28908756375312805
0.8071985244750977,6885,0.15339195728302002,True,0.14421549439430237
0.8634220957756042,6886,0.09587892144918442,True,0.08755065500736237
0.7648056149482727,6887,0.18703551590442657,True,0.16934016346931458
0.7211629152297974,6888,0.2489074021577835,True,0.23166188597679138
0.7747457027435303,6889,0.15754909813404083,True,0.14541524648666382
0.8253292441368103,6890,0.12558184564113617,True,0.12032957375049591
0.8768620491027832,6891,0.0832688957452774,True,0.07532442361116409
0.703935980796814,6892,0.26009637117385864,True,0.24270495772361755
0.6214532852172852,6893,0.3335702419281006,True,0.3132043480873108
0.6775404214859009,6894,0.2855157256126404,True,0.25558483600616455
0.28484171628952026,6895,0.7017132043838501,True,0.660947859287262
0.6507112383842468,6896,0.3197968006134033,True,0.30235356092453003
0.7937540411949158,6897,0.1563773900270462,True,0.1424226015806198
0.7875137329101562,6898,0.1654801219701767,True,0.1496983766555786
0.6469826102256775,6899,0.31177157163619995,True,0.29601913690567017
0.0,6900,1.0,True,0.9284337759017944
0.7821372747421265,6901,0.16865824162960052,True,0.15608899295330048
0.6654640436172485,6902,0.29444819688796997,True,0.280619740486145
0.8126158118247986,6903,0.13486526906490326,True,0.12265562266111374
0.5660261511802673,6904,0.3941750228404999,True,0.37730810046195984
0.8697073459625244,6905,0.08218386769294739,True,0.07762311398983002
0.5565756559371948,6906,0.41539284586906433,True,0.39925384521484375
0.34919846057891846,6907,0.6243991255760193,True,0.6011910438537598
0.7610405087471008,6908,0.204538494348526,True,0.1966218799352646
0.8586658835411072,6909,0.09820964932441711,True,0.09237295389175415
0.6671528816223145,6910,0.2869197726249695,True,0.2743074297904968
0.7790078520774841,6911,0.150035560131073,True,0.12731246650218964
0.5872095823287964,6912,0.3678877353668213,True,0.342049777507782
0.7966766357421875,6913,0.1573389172554016,True,0.14865916967391968
0.4201836585998535,6914,0.5559262037277222,True,0.5334325432777405
0.8409759998321533,6915,0.11326238512992859,True,0.10564485937356949
0.7592625617980957,6916,0.20498615503311157,True,0.19042502343654633
0.7599276304244995,6917,0.19976989924907684,True,0.18987004458904266
0.13226985931396484,6918,0.8562771081924438,True,0.8249611258506775
0.5516868829727173,6919,0.41898176074028015,True,0.399373322725296
0.6481575965881348,6920,0.31749898195266724,True,0.3033781051635742
0.7123904824256897,6921,0.24001778662204742,True,0.23036012053489685
0.7805612683296204,6922,0.15736094117164612,True,0.1451268196105957
0.8254095315933228,6923,0.12004150450229645,True,0.11342546343803406
0.6480213403701782,6924,0.30255556106567383,True,0.28346866369247437
0.7987898588180542,6925,0.14017117023468018,True,0.13114266097545624
0.7847440242767334,6926,0.16859525442123413,True,0.15741856396198273
0.7731775045394897,6927,0.1787591129541397,True,0.16932649910449982
0.6786690354347229,6928,0.28547167778015137,True,0.27115562558174133
0.6141881942749023,6929,0.3553924262523651,True,0.34010380506515503
0.41007885336875916,6930,0.5586951375007629,True,0.5247997045516968
0.7315404415130615,6931,0.22227227687835693,True,0.20974506437778473
0.7870770692825317,6932,0.1672377586364746,True,0.15614832937717438
0.7117857336997986,6933,0.2470971792936325,True,0.23710784316062927
0.7361736297607422,6934,0.23070171475410461,True,0.22135663032531738
0.38049066066741943,6935,0.6009004712104797,True,0.5774328708648682
0.6564981341362,6936,0.3039601445198059,True,0.29094526171684265
0.7332282066345215,6937,0.21379579603672028,True,0.20295043289661407
0.569890558719635,6938,0.39849573373794556,True,0.37778955698013306
0.6281652450561523,6939,0.33297961950302124,True,0.31436967849731445
0.689997136592865,6940,0.27286019921302795,True,0.26288795471191406
0.8743752837181091,6941,0.084183469414711,True,0.07935033738613129
0.7316901087760925,6942,0.21381132304668427,True,0.2008964866399765
0.7869551181793213,6943,0.15741360187530518,True,0.14333204925060272
0.5334219932556152,6944,0.4201643466949463,True,0.39600133895874023
0.6909292340278625,6945,0.2642786502838135,True,0.2471713423728943
0.664354681968689,6946,0.290040522813797,True,0.27835139632225037
0.43460267782211304,6947,0.5411703586578369,True,0.5172264575958252
0.6468683481216431,6948,0.30365514755249023,True,0.28586944937705994
0.6348313093185425,6949,0.3367733359336853,True,0.31864821910858154
0.7252453565597534,6950,0.2305833399295807,True,0.21830034255981445
0.6062015295028687,6951,0.35180026292800903,True,0.3219197392463684
0.7740707397460938,6952,0.1556750237941742,True,0.13644161820411682
0.5527557730674744,6953,0.40260276198387146,True,0.38767480850219727
0.5162346363067627,6954,0.44992536306381226,True,0.42879971861839294
0.8648002743721008,6955,0.08363130688667297,True,0.07890480756759644
0.5802379250526428,6956,0.3722500801086426,True,0.36123496294021606
0.8700445890426636,6957,0.09602221101522446,True,0.0891731008887291
0.8144307136535645,6958,0.14190146327018738,True,0.13342848420143127
0.7589671611785889,6959,0.18176935613155365,True,0.169552743434906
0.6467979550361633,6960,0.3157144784927368,True,0.3044292628765106
0.6845247745513916,6961,0.2697112560272217,True,0.25354576110839844
0.501041054725647,6962,0.47620272636413574,True,0.4580521583557129
0.568822979927063,6963,0.40236902236938477,True,0.3831300735473633
0.8306338787078857,6964,0.1294613629579544,True,0.12211818248033524
0.7804912328720093,6965,0.16111956536769867,True,0.14869709312915802
0.41145288944244385,6966,0.5645023584365845,True,0.5321182012557983
0.8634052276611328,6967,0.08716503530740738,True,0.0819847583770752
0.7239133715629578,6968,0.21820496022701263,True,0.20615065097808838
0.7565323114395142,6969,0.18969272077083588,True,0.1767663061618805
0.48064088821411133,6970,0.4752839505672455,True,0.45347827672958374
0.7976820468902588,6971,0.15616202354431152,True,0.14703144133090973
0.6096681952476501,6972,0.35251227021217346,True,0.3343689739704132
0.8482975959777832,6973,0.11399562656879425,True,0.10688605159521103
0.8113448619842529,6974,0.13770952820777893,True,0.12879113852977753
0.8012377619743347,6975,0.14429035782814026,True,0.13143408298492432
0.7274404168128967,6976,0.22313207387924194,True,0.21388974785804749
0.5818596482276917,6977,0.3796309530735016,True,0.34593135118484497
0.7527696490287781,6978,0.2051967829465866,True,0.19397535920143127
0.31425413489341736,6979,0.6542103886604309,True,0.6253008246421814
0.8669131994247437,6980,0.08572466671466827,True,0.07573305815458298
0.686190128326416,6981,0.2837139964103699,True,0.27333399653434753
0.8186584115028381,6982,0.14558938145637512,True,0.13469046354293823
0.6768611669540405,6983,0.2939711809158325,True,0.276941180229187
0.6988012790679932,6984,0.2492312639951706,True,0.23538605868816376
0.5850963592529297,6985,0.3847840130329132,True,0.3708512485027313
0.8713049292564392,6986,0.08928897976875305,True,0.0847788080573082
0.8433120250701904,6987,0.10324914753437042,True,0.09737410396337509
0.8182307481765747,6988,0.12634168565273285,True,0.11842136085033417
0.4399890899658203,6989,0.5262956619262695,True,0.5064137578010559
0.6570303440093994,6990,0.2972923219203949,True,0.2857005298137665
0.5453905463218689,6991,0.42161160707473755,True,0.4008786082267761
0.42660802602767944,6992,0.5445783138275146,True,0.5191595554351807
0.4277060329914093,6993,0.5317903757095337,True,0.4973413348197937
0.8620128631591797,6994,0.08933474868535995,True,0.08391238003969193
0.7966759204864502,6995,0.163645938038826,True,0.15485617518424988
0.8187514543533325,6996,0.10768520832061768,True,0.10002167522907257
0.6267715692520142,6997,0.3344268500804901,True,0.32302427291870117
0.856664776802063,6998,0.0951942577958107,True,0.0902400091290474
0.7223557233810425,6999,0.23938482999801636,True,0.2252177894115448
0.6689650416374207,7000,0.2817048728466034,True,0.26706981658935547
0.6469767093658447,7001,0.31058239936828613,True,0.29811128973960876
0.8403536677360535,7002,0.11828134208917618,True,0.11162187159061432
0.22498635947704315,7003,0.7493586540222168,True,0.7038902640342712
0.45231893658638,7004,0.5165427327156067,True,0.49236685037612915
0.6254028081893921,7005,0.3407755196094513,True,0.32620278000831604
0.7345477342605591,7006,0.21959762275218964,True,0.21135717630386353
0.869536817073822,7007,0.0888170376420021,True,0.08375899493694305
0.7103272080421448,7008,0.25135505199432373,True,0.23846760392189026
0.8098303079605103,7009,0.13499464094638824,True,0.12717382609844208
0.5160661339759827,7010,0.45114266872406006,True,0.4260333180427551
0.7718313336372375,7011,0.18636231124401093,True,0.174524188041687
0.0,7012,1.0,True,0.9216269254684448
0.8235549926757812,7013,0.1314455270767212,True,0.125966876745224
0.8699460029602051,7014,0.09246847033500671,True,0.08574133366346359
0.6735104322433472,7015,0.2888530194759369,True,0.27666619420051575
0.6738662719726562,7016,0.2884395718574524,True,0.2649358808994293
0.8512516021728516,7017,0.10212448984384537,True,0.0963248685002327
0.6616198420524597,7018,0.3008638918399811,True,0.28671520948410034
0.6794220209121704,7019,0.2750471532344818,True,0.25967758893966675
0.841034471988678,7020,0.10834872722625732,True,0.10203389823436737
0.7685694694519043,7021,0.17719703912734985,True,0.16050340235233307
0.8463312387466431,7022,0.10680168122053146,True,0.10180380940437317
0.65948486328125,7023,0.29109126329421997,True,0.26836299896240234
0.4686650037765503,7024,0.4951421022415161,True,0.4749668836593628
0.9038960933685303,7025,0.04714945703744888,True,0.04054931923747063
0.6991509199142456,7026,0.25517868995666504,True,0.2443912923336029
0.8318923711776733,7027,0.121800497174263,True,0.11515377461910248
0.7703026533126831,7028,0.19038835167884827,True,0.18317539989948273
0.8744161128997803,7029,0.08068662136793137,True,0.07556989789009094
0.8175292015075684,7030,0.13782475888729095,True,0.13168440759181976
0.7463622093200684,7031,0.2212834507226944,True,0.21145129203796387
0.7710535526275635,7032,0.18163609504699707,True,0.17223498225212097
0.6017850637435913,7033,0.35653871297836304,True,0.3427897095680237
0.7967839241027832,7034,0.13610795140266418,True,0.12707754969596863
0.7564009428024292,7035,0.20487426221370697,True,0.19315631687641144
0.8465418815612793,7036,0.10463444143533707,True,0.0942978486418724
0.7307208776473999,7037,0.21182742714881897,True,0.193343386054039
0.542847752571106,7038,0.3580709993839264,True,0.31758421659469604
0.6048576831817627,7039,0.3499874472618103,True,0.3252069354057312
0.7305448651313782,7040,0.21668879687786102,True,0.20625273883342743
0.8246617913246155,7041,0.13140395283699036,True,0.12357937544584274
0.7353097200393677,7042,0.22070634365081787,True,0.20923489332199097
0.7598842978477478,7043,0.19498687982559204,True,0.18574197590351105
0.7984087467193604,7044,0.12934954464435577,True,0.12021361291408539
0.8059377670288086,7045,0.1558125615119934,True,0.14798162877559662
0.8518403768539429,7046,0.10555583238601685,True,0.09817750006914139
0.8399940133094788,7047,0.10689160227775574,True,0.10019973665475845
0.5787861943244934,7048,0.35019364953041077,True,0.3232288360595703
0.6054744720458984,7049,0.3590758740901947,True,0.3443344533443451
0.7082858085632324,7050,0.25469985604286194,True,0.24236437678337097
0.45528173446655273,7051,0.5162527561187744,True,0.4870964586734772
0.6602339744567871,7052,0.2902542054653168,True,0.2738296091556549
0.5528401136398315,7053,0.3887932598590851,True,0.3674006462097168
0.6994297504425049,7054,0.2551765441894531,True,0.24464185535907745
0.5134069323539734,7055,0.44692450761795044,True,0.4240703582763672
0.756943941116333,7056,0.19265839457511902,True,0.18083707988262177
0.6880612373352051,7057,0.2696607708930969,True,0.25808414816856384
0.875868558883667,7058,0.08458571135997772,True,0.07954896986484528
0.8415247201919556,7059,0.10553760826587677,True,0.10020333528518677
0.8624209761619568,7060,0.10170672088861465,True,0.09527208656072617
0.7556609511375427,7061,0.19653061032295227,True,0.1837194561958313
0.35845595598220825,7062,0.6214830875396729,True,0.5928460359573364
0.8409722447395325,7063,0.1181095540523529,True,0.1089945137500763
0.8118993043899536,7064,0.12651844322681427,True,0.11868349462747574
0.7752912044525146,7065,0.1830091029405594,True,0.17364242672920227
0.5321304798126221,7066,0.42548853158950806,True,0.4016574025154114
0.5620750188827515,7067,0.39603883028030396,True,0.37195056676864624
0.7762120366096497,7068,0.17763257026672363,True,0.16835585236549377
0.5949711203575134,7069,0.3628033399581909,True,0.34779226779937744
0.7346723079681396,7070,0.1943918615579605,True,0.1772073209285736
0.7761591672897339,7071,0.16208648681640625,True,0.15372557938098907
0.744174599647522,7072,0.203192800283432,True,0.19068311154842377
0.6579616069793701,7073,0.30595487356185913,True,0.2856431007385254
0.7332102060317993,7074,0.22057785093784332,True,0.20846675336360931
0.7146413326263428,7075,0.24967990815639496,True,0.24114564061164856
0.8951081037521362,7076,0.06125324219465256,True,0.05311134457588196
0.7712123394012451,7077,0.1685403287410736,True,0.15746308863162994
0.5662468671798706,7078,0.3932627737522125,True,0.37855297327041626
0.6754312515258789,7079,0.288603812456131,True,0.27524909377098083
0.6392114162445068,7080,0.3240239918231964,True,0.3083927631378174
0.798249363899231,7081,0.1495983600616455,True,0.14206361770629883
0.7566884756088257,7082,0.19546949863433838,True,0.18461176753044128
0.6438808441162109,7083,0.30414390563964844,True,0.29036495089530945
0.8159914016723633,7084,0.14298824965953827,True,0.13519853353500366
0.3903646171092987,7085,0.5805659294128418,True,0.5521430969238281
0.8692315220832825,7086,0.0815097764134407,True,0.07613568753004074
0.7912733554840088,7087,0.16012147068977356,True,0.1444912850856781
0.8568331003189087,7088,0.10390380769968033,True,0.09539875388145447
0.4573569893836975,7089,0.5052493810653687,True,0.4837019443511963
0.5867292881011963,7090,0.34351515769958496,True,0.3272247314453125
0.6135275363922119,7091,0.33839359879493713,True,0.3236719071865082
0.8076090812683105,7092,0.156220942735672,True,0.1471748948097229
0.5557017922401428,7093,0.40348702669143677,True,0.38872671127319336
0.8044478297233582,7094,0.14058785140514374,True,0.13308021426200867
0.46590298414230347,7095,0.4969184994697571,True,0.46929001808166504
0.7041285634040833,7096,0.25567835569381714,True,0.23961728811264038
0.739448606967926,7097,0.21796047687530518,True,0.19738483428955078
0.799591600894928,7098,0.12716077268123627,True,0.11173339188098907
0.8361624479293823,7099,0.12608788907527924,True,0.12025775760412216
0.8139985799789429,7100,0.13612830638885498,True,0.12817005813121796
0.8320308327674866,7101,0.12863340973854065,True,0.1181757003068924
0.6596293449401855,7102,0.2876048982143402,True,0.2706637382507324
0.560643196105957,7103,0.39940983057022095,True,0.3821239769458771
0.8417050838470459,7104,0.11681962758302689,True,0.10710901021957397
0.8457539081573486,7105,0.11133645474910736,True,0.10368256270885468
0.5359252095222473,7106,0.4300590455532074,True,0.404327392578125
0.6055976152420044,7107,0.3700750172138214,True,0.35105669498443604
0.688534677028656,7108,0.2724253237247467,True,0.25385987758636475
0.7596009373664856,7109,0.1992138922214508,True,0.17998120188713074
0.6633970737457275,7110,0.29521089792251587,True,0.27989456057548523
0.7715526223182678,7111,0.18786188960075378,True,0.1722467690706253
0.6539661884307861,7112,0.31712132692337036,True,0.3037804961204529
0.7500978708267212,7113,0.2088821530342102,True,0.19604241847991943
0.6617622375488281,7114,0.300581693649292,True,0.2862716615200043
0.4510241746902466,7115,0.5127948522567749,True,0.4884214401245117
0.7388550043106079,7116,0.21683619916439056,True,0.20277079939842224
0.7575057744979858,7117,0.19707611203193665,True,0.1853771060705185
0.6716090440750122,7118,0.2919420599937439,True,0.2796449065208435
0.8254415988922119,7119,0.11673613637685776,True,0.10978502780199051
0.6561896800994873,7120,0.2991231083869934,True,0.2896178066730499
0.5630576610565186,7121,0.40646442770957947,True,0.39070647954940796
0.7417358756065369,7122,0.21158184111118317,True,0.20100080966949463
0.8751519918441772,7123,0.081421859562397,True,0.07674424350261688
0.7158869504928589,7124,0.23879623413085938,True,0.22627103328704834
0.8678573369979858,7125,0.0797588899731636,True,0.07470227777957916
0.8327183723449707,7126,0.11976411938667297,True,0.10896267741918564
0.8577867746353149,7127,0.09159763902425766,True,0.08186159282922745
0.7487607002258301,7128,0.1946452260017395,True,0.182895228266716
0.6469618082046509,7129,0.32159507274627686,True,0.29849523305892944
0.8016489744186401,7130,0.153908833861351,True,0.14262984693050385
0.7745435833930969,7131,0.17816688120365143,True,0.16752949357032776
0.803881824016571,7132,0.15496429800987244,True,0.1471516340970993
0.6155632734298706,7133,0.3435502350330353,True,0.3198407292366028
0.5988786220550537,7134,0.3777473568916321,True,0.35936248302459717
0.8694517612457275,7135,0.0921579971909523,True,0.08362352848052979
0.7645307779312134,7136,0.176805779337883,True,0.16510842740535736
0.5538855195045471,7137,0.3941571116447449,True,0.3615201711654663
0.5886790156364441,7138,0.3745589256286621,True,0.3579546809196472
0.668777346611023,7139,0.27816927433013916,True,0.2674930989742279
0.6870124340057373,7140,0.24326248466968536,True,0.21573084592819214
0.7871891260147095,7141,0.15948735177516937,True,0.1444631963968277
0.7259052991867065,7142,0.2337292581796646,True,0.22281108796596527
0.7341272830963135,7143,0.21442896127700806,True,0.20591196417808533
0.5258509516716003,7144,0.44602471590042114,True,0.42551514506340027
0.6467784643173218,7145,0.31803297996520996,True,0.3009195327758789
0.8310574889183044,7146,0.12162380665540695,True,0.11481510102748871
0.6545182466506958,7147,0.30895960330963135,True,0.28811705112457275
0.8167315721511841,7148,0.12502823770046234,True,0.11883403360843658
0.7449275255203247,7149,0.20880410075187683,True,0.1995111107826233
0.7517696619033813,7150,0.20982521772384644,True,0.20302262902259827
0.7692134380340576,7151,0.1894720196723938,True,0.17770563066005707
0.6325104236602783,7152,0.33000853657722473,True,0.30689865350723267
0.7042756080627441,7153,0.2561977505683899,True,0.24053478240966797
0.6834132075309753,7154,0.28082939982414246,True,0.270591139793396
0.7262299656867981,7155,0.23412150144577026,True,0.22463735938072205
0.8495293259620667,7156,0.10672909766435623,True,0.1008841022849083
0.36663299798965454,7157,0.6018100380897522,True,0.5718274116516113
0.11975709348917007,7158,0.8695932626724243,True,0.8235539793968201
0.6661207675933838,7159,0.29601702094078064,True,0.2851826846599579
0.8336530327796936,7160,0.11012054979801178,True,0.09606220573186874
0.8746922612190247,7161,0.07591565698385239,True,0.0660884901881218
0.620957612991333,7162,0.32160988450050354,True,0.29960155487060547
0.6554784774780273,7163,0.2992410957813263,True,0.2859644889831543
0.6102679967880249,7164,0.35160690546035767,True,0.3385363519191742
0.6712483167648315,7165,0.2959202229976654,True,0.2785629630088806
0.7666067481040955,7166,0.19402293860912323,True,0.18120665848255157
0.7998402118682861,7167,0.14494304358959198,True,0.1375432312488556
0.33643868565559387,7168,0.6413874626159668,True,0.6146262884140015
0.8865504264831543,7169,0.07002568989992142,True,0.06462521851062775
0.8078905940055847,7170,0.13045212626457214,True,0.1220809817314148
0.7523306608200073,7171,0.2066602110862732,True,0.19818656146526337
0.6385105848312378,7172,0.31389275193214417,True,0.2897658348083496
0.7616640329360962,7173,0.19383971393108368,True,0.18526042997837067
0.48486775159835815,7174,0.47304320335388184,True,0.4489108920097351
0.7637372612953186,7175,0.19026286900043488,True,0.1822122186422348
0.6260594725608826,7176,0.3179783225059509,True,0.3023774027824402
0.8990885019302368,7177,0.059167008846998215,True,0.055243998765945435
0.899101972579956,7178,0.06058184430003166,True,0.05580294877290726
0.6830777525901794,7179,0.27281397581100464,True,0.25549089908599854
0.6156435012817383,7180,0.3452966511249542,True,0.3226075768470764
0.5513191223144531,7181,0.4246458113193512,True,0.40736469626426697
0.8094216585159302,7182,0.13741366565227509,True,0.12972842156887054
0.8129681348800659,7183,0.14430204033851624,True,0.1348342001438141
0.39409345388412476,7184,0.5755264163017273,True,0.5489803552627563
0.734049916267395,7185,0.22958561778068542,True,0.20760756731033325
0.6149918437004089,7186,0.34519991278648376,True,0.32441192865371704
0.7666535973548889,7187,0.1621713638305664,True,0.15206608176231384
0.7098015546798706,7188,0.25223568081855774,True,0.24144500494003296
0.7284039258956909,7189,0.22793158888816833,True,0.2164170742034912
0.7556971907615662,7190,0.1924915462732315,True,0.18143296241760254
0.8240826725959778,7191,0.12997980415821075,True,0.12008842080831528
0.6456172466278076,7192,0.3177666962146759,True,0.3012355864048004
0.8133565187454224,7193,0.135386124253273,True,0.12921330332756042
0.7283921837806702,7194,0.23001128435134888,True,0.22188805043697357
0.8291443586349487,7195,0.1231105625629425,True,0.11580365151166916
0.6330031156539917,7196,0.3331507444381714,True,0.31844332814216614
0.8251452445983887,7197,0.11933708935976028,True,0.11263107508420944
0.7872974872589111,7198,0.17459309101104736,True,0.16522295773029327
0.7764955759048462,7199,0.1798510104417801,True,0.1711260974407196
0.5468736886978149,7200,0.418031245470047,True,0.3971292972564697
0.7616181969642639,7201,0.20082323253154755,True,0.19028833508491516
0.6474172472953796,7202,0.3123112916946411,True,0.29870176315307617
0.520658552646637,7203,0.4519362449645996,True,0.4305421710014343
0.6247715950012207,7204,0.3303115963935852,True,0.3029020428657532
0.7527680397033691,7205,0.20720522105693817,True,0.1955033838748932
0.8899956941604614,7206,0.07298891246318817,True,0.06814777106046677
0.0,7207,1.0,True,0.9477748870849609
0.8597234487533569,7208,0.09299751371145248,True,0.0872596874833107
0.7735810875892639,7209,0.11585711687803268,True,0.10480601340532303
0.75700843334198,7210,0.19823864102363586,True,0.18649224936962128
0.6587767601013184,7211,0.29786625504493713,True,0.2861916124820709
0.7396233081817627,7212,0.21749307215213776,True,0.20963220298290253
0.7917799949645996,7213,0.16435673832893372,True,0.15574584901332855
0.4964033365249634,7214,0.4556483328342438,True,0.4077696204185486
0.8757981657981873,7215,0.08222335577011108,True,0.07281443476676941
0.05454200133681297,7216,0.9409356117248535,True,0.8946900367736816
0.420360267162323,7217,0.5348254442214966,True,0.47664690017700195
0.8084809184074402,7218,0.1376582235097885,True,0.1253950595855713
0.8391534090042114,7219,0.11477454751729965,True,0.10715020447969437
0.6663081645965576,7220,0.28766459226608276,True,0.2690732181072235
0.5798693299293518,7221,0.38515523076057434,True,0.3668830692768097
0.5134024024009705,7222,0.4507552981376648,True,0.43124085664749146
0.5411682724952698,7223,0.4260178804397583,True,0.4040603041648865
0.8870975971221924,7224,0.07390660047531128,True,0.06983483582735062
0.5498018860816956,7225,0.42867714166641235,True,0.4107358157634735
0.8179813623428345,7226,0.1457313895225525,True,0.1389949470758438
0.5052588582038879,7227,0.45795536041259766,True,0.41293832659721375
0.8619222044944763,7228,0.08964119106531143,True,0.08415628969669342
0.5996319055557251,7229,0.3657572865486145,True,0.34564682841300964
0.7656148076057434,7230,0.19977429509162903,True,0.18858970701694489
0.5342026948928833,7231,0.43700194358825684,True,0.42289188504219055
0.7151188850402832,7232,0.23183585703372955,True,0.21161337196826935
0.8649137020111084,7233,0.0766969695687294,True,0.07118115574121475
0.6872602701187134,7234,0.2759595215320587,True,0.2596092224121094
0.43457460403442383,7235,0.5122367739677429,True,0.4850505292415619
0.6732946634292603,7236,0.2811947762966156,True,0.2671109735965729
0.7613478899002075,7237,0.19051137566566467,True,0.1785411834716797
0.8200672268867493,7238,0.1385190635919571,True,0.13103868067264557
0.6256340742111206,7239,0.3416907489299774,True,0.3321291506290436
0.6269460320472717,7240,0.3295772671699524,True,0.3091875910758972
0.8050189018249512,7241,0.13415467739105225,True,0.1268904060125351
0.8804783821105957,7242,0.07134902477264404,True,0.06550921499729156
0.7222683429718018,7243,0.2240900844335556,True,0.209695965051651
0.7121539115905762,7244,0.23357224464416504,True,0.22273759543895721
0.78498375415802,7245,0.17192329466342926,True,0.16321790218353271
0.7241336107254028,7246,0.22846248745918274,True,0.21789680421352386
0.6294794082641602,7247,0.32994344830513,True,0.31530553102493286
0.8599215149879456,7248,0.10165519267320633,True,0.09256906807422638
0.5919676423072815,7249,0.3731493353843689,True,0.3581046462059021
0.7145335674285889,7250,0.2537601590156555,True,0.23591731488704681
0.6018787622451782,7251,0.3515099287033081,True,0.3395930528640747
0.8570274114608765,7252,0.09216669201850891,True,0.08216927200555801
0.7384721636772156,7253,0.20210428535938263,True,0.19192416965961456
0.6266603469848633,7254,0.33408331871032715,True,0.32130929827690125
0.8668584823608398,7255,0.08125032484531403,True,0.07028641551733017
0.8460856676101685,7256,0.11531887948513031,True,0.10934944450855255
0.6795824766159058,7257,0.2700744569301605,True,0.24665012955665588
0.65053790807724,7258,0.3154231011867523,True,0.2929714620113373
0.5738655924797058,7259,0.3896133005619049,True,0.37467050552368164
0.6896353363990784,7260,0.267732173204422,True,0.25567713379859924
0.4937601089477539,7261,0.4685668349266052,True,0.44391095638275146
0.8665043711662292,7262,0.08891557157039642,True,0.07889793813228607
0.7623820304870605,7263,0.1886601746082306,True,0.17659910023212433
0.8579808473587036,7264,0.09660622477531433,True,0.09062963724136353
0.6220477223396301,7265,0.31986019015312195,True,0.3003459572792053
0.8263936042785645,7266,0.13051782548427582,True,0.11859774589538574
0.864361047744751,7267,0.08823125809431076,True,0.08339355885982513
0.7578490972518921,7268,0.192011296749115,True,0.18207305669784546
0.5360455513000488,7269,0.4276460111141205,True,0.40354520082473755
0.8276009559631348,7270,0.12591758370399475,True,0.10920661687850952
0.7945886254310608,7271,0.1560434103012085,True,0.14738035202026367
0.808221161365509,7272,0.1482342779636383,True,0.14201539754867554
0.5163670778274536,7273,0.4528060257434845,True,0.4236806333065033
0.5451632738113403,7274,0.4122101962566376,True,0.3975813388824463
0.8455503582954407,7275,0.11088994890451431,True,0.10464844107627869
0.852864146232605,7276,0.09854636341333389,True,0.09327392280101776
0.6571512222290039,7277,0.3021697998046875,True,0.28338301181793213
0.7198382616043091,7278,0.23739351332187653,True,0.22535371780395508
0.7727118134498596,7279,0.18280772864818573,True,0.174230694770813
0.7823601961135864,7280,0.14990223944187164,True,0.14221851527690887
0.5604201555252075,7281,0.406013548374176,True,0.382499098777771
0.8373581171035767,7282,0.11963486671447754,True,0.11394825577735901
0.8342145085334778,7283,0.1220589429140091,True,0.11504307389259338
0.7623904347419739,7284,0.20323561131954193,True,0.19431117177009583
0.7580477595329285,7285,0.1634497344493866,True,0.14659824967384338
0.7909703850746155,7286,0.1603633612394333,True,0.14895892143249512
0.4367717504501343,7287,0.5369027853012085,True,0.5127547383308411
0.7881451845169067,7288,0.16885681450366974,True,0.15520130097866058
0.5773604512214661,7289,0.37677139043807983,True,0.35915499925613403
0.7866156697273254,7290,0.1589161604642868,True,0.14692525565624237
0.7626215219497681,7291,0.18578757345676422,True,0.1682678610086441
0.7137904167175293,7292,0.252325177192688,True,0.23654867708683014
0.7938644289970398,7293,0.15895453095436096,True,0.1487109661102295
0.6237163543701172,7294,0.31839945912361145,True,0.3020424544811249
0.7844241857528687,7295,0.1633833348751068,True,0.15011142194271088
0.8178155422210693,7296,0.12394776940345764,True,0.11089722067117691
0.6419432759284973,7297,0.3213588297367096,True,0.30881771445274353
0.8358978033065796,7298,0.10893063247203827,True,0.10358922183513641
0.8049938082695007,7299,0.15194955468177795,True,0.14218363165855408
0.8157122135162354,7300,0.13244780898094177,True,0.12110191583633423
0.8264962434768677,7301,0.11043835431337357,True,0.09800104051828384
0.6639851331710815,7302,0.29072222113609314,True,0.2714901864528656
0.8816313743591309,7303,0.07316894084215164,True,0.0685405433177948
0.7352794408798218,7304,0.20291388034820557,True,0.18799610435962677
0.7139597535133362,7305,0.251883864402771,True,0.24273769557476044
0.7393186688423157,7306,0.20927363634109497,True,0.1985185146331787
0.6004408597946167,7307,0.37222838401794434,True,0.3437510132789612
0.634006917476654,7308,0.33599331974983215,True,0.31424829363822937
0.6154363751411438,7309,0.34080514311790466,True,0.3269764482975006
0.8675731420516968,7310,0.08567937463521957,True,0.08171187341213226
0.6995588541030884,7311,0.25643008947372437,True,0.2404153048992157
0.65439373254776,7312,0.31548815965652466,True,0.302518367767334
0.7481529116630554,7313,0.20533128082752228,True,0.193362757563591
0.7130789756774902,7314,0.22336417436599731,True,0.20706845819950104
0.8407647609710693,7315,0.12137392908334732,True,0.11544501036405563
0.46698999404907227,7316,0.5036783814430237,True,0.48375922441482544
0.6334673166275024,7317,0.33469265699386597,True,0.3191831111907959
0.7714626789093018,7318,0.19250747561454773,True,0.1845298707485199
0.7177622318267822,7319,0.2321867048740387,True,0.213006392121315
0.6916133761405945,7320,0.2569715082645416,True,0.24088194966316223
0.7892761826515198,7321,0.17212633788585663,True,0.16224859654903412
0.6063416004180908,7322,0.3650883138179779,True,0.35439592599868774
0.7171344757080078,7323,0.23599058389663696,True,0.22021788358688354
0.7654249668121338,7324,0.1898760199546814,True,0.1744900941848755
0.8254672884941101,7325,0.1213093250989914,True,0.11481370031833649
0.6033353805541992,7326,0.3477383852005005,True,0.32908815145492554
0.5524861216545105,7327,0.42149507999420166,True,0.3998579978942871
0.6064760684967041,7328,0.3597555458545685,True,0.3407157361507416
0.7548519372940063,7329,0.19104036688804626,True,0.17384161055088043
0.7998632192611694,7330,0.15269127488136292,True,0.144416943192482
0.6878397464752197,7331,0.27106982469558716,True,0.25536084175109863
0.8774163722991943,7332,0.07434879243373871,True,0.07063999027013779
0.7708377838134766,7333,0.16486243903636932,True,0.1556810885667801
0.8735314607620239,7334,0.09431459754705429,True,0.08900529146194458
0.3922864496707916,7335,0.5876465439796448,True,0.5577225685119629
0.8006580471992493,7336,0.15179075300693512,True,0.1439976543188095
0.8054341077804565,7337,0.15414300560951233,True,0.13437938690185547
0.8751845955848694,7338,0.0666234940290451,True,0.05872981250286102
0.7499637603759766,7339,0.19853483140468597,True,0.18569688498973846
0.7526152729988098,7340,0.20488442480564117,True,0.19605474174022675
0.611431896686554,7341,0.353170782327652,True,0.3319145441055298
0.6982112526893616,7342,0.2650245130062103,True,0.2521416246891022
0.8665687441825867,7343,0.08708736300468445,True,0.08144426345825195
0.7705497741699219,7344,0.1878143548965454,True,0.1803487092256546
0.6379180550575256,7345,0.3155776560306549,True,0.30191442370414734
0.6129192113876343,7346,0.34567636251449585,True,0.32378730177879333
0.7808365225791931,7347,0.18848899006843567,True,0.17963604629039764
0.58309006690979,7348,0.3729284703731537,True,0.35632893443107605
0.7628933191299438,7349,0.18033625185489655,True,0.16911669075489044
0.7464543581008911,7350,0.21330365538597107,True,0.2006130814552307
0.8473374843597412,7351,0.10263967514038086,True,0.09737571328878403
0.3087424635887146,7352,0.6707004904747009,True,0.6311670541763306
0.7550289034843445,7353,0.2101132869720459,True,0.20219948887825012
0.665732741355896,7354,0.29201990365982056,True,0.27439460158348083
0.7126125693321228,7355,0.23544852435588837,True,0.21981582045555115
0.4149855971336365,7356,0.5515168309211731,True,0.5291895866394043
0.795537531375885,7357,0.16716206073760986,True,0.15245595574378967
0.6333260536193848,7358,0.3387305438518524,True,0.31427663564682007
0.7544226050376892,7359,0.20520097017288208,True,0.19373172521591187
0.8065295219421387,7360,0.14407967031002045,True,0.13488222658634186
0.8652524948120117,7361,0.08145080506801605,True,0.07675839215517044
0.863162636756897,7362,0.0934888944029808,True,0.08788525313138962
0.7432089447975159,7363,0.21282105147838593,True,0.19744566082954407
0.7620401382446289,7364,0.1919746994972229,True,0.1789526343345642
0.8789798617362976,7365,0.07942207902669907,True,0.07474271953105927
0.4579618573188782,7366,0.5030766725540161,True,0.4680478274822235
0.6679102778434753,7367,0.2868673503398895,True,0.274380624294281
0.5724409222602844,7368,0.3874475955963135,True,0.3642960786819458
0.7677189707756042,7369,0.18451830744743347,True,0.17543505132198334
0.8035106658935547,7370,0.14463447034358978,True,0.13135743141174316
0.6677625179290771,7371,0.28264057636260986,True,0.2692623734474182
0.8174044489860535,7372,0.13546520471572876,True,0.12848997116088867
0.8883787393569946,7373,0.07219567894935608,True,0.06795612722635269
0.8666459321975708,7374,0.07338214665651321,True,0.06584634631872177
0.7099393606185913,7375,0.2282603532075882,True,0.21331274509429932
0.8111286163330078,7376,0.1420580893754959,True,0.13381916284561157
0.7763689756393433,7377,0.1810302734375,True,0.1729065328836441
0.5826514363288879,7378,0.3815452754497528,True,0.3640352189540863
0.8538998961448669,7379,0.09846659749746323,True,0.08572611212730408
0.4540674388408661,7380,0.5065967440605164,True,0.48843544721603394
0.6969410181045532,7381,0.2717341482639313,True,0.2620912790298462
0.48302412033081055,7382,0.48385873436927795,True,0.4569765627384186
0.7652420401573181,7383,0.19032780826091766,True,0.17248335480690002
0.6777020692825317,7384,0.2833941876888275,True,0.2681649625301361
0.745811939239502,7385,0.21171438694000244,True,0.19750720262527466
0.7753358483314514,7386,0.17416422069072723,True,0.1639798879623413
0.5697983503341675,7387,0.4018453061580658,True,0.3832974433898926
0.7587769031524658,7388,0.20202146470546722,True,0.1915469914674759
0.8763046860694885,7389,0.0776754766702652,True,0.06889984756708145
0.85698002576828,7390,0.08574812114238739,True,0.08016887307167053
0.7926502823829651,7391,0.16425421833992004,True,0.15244705975055695
0.6544445753097534,7392,0.30075234174728394,True,0.29023319482803345
0.8407727479934692,7393,0.11105204373598099,True,0.10169621556997299
0.6723201274871826,7394,0.29659783840179443,True,0.28684815764427185
0.6582667827606201,7395,0.30610930919647217,True,0.29460006952285767
0.6629493236541748,7396,0.2921507954597473,True,0.2661590278148651
0.7770142555236816,7397,0.17626483738422394,True,0.1694614738225937
0.6926167607307434,7398,0.25902074575424194,True,0.24144570529460907
0.3568808138370514,7399,0.6230921149253845,True,0.6030817627906799
0.6934662461280823,7400,0.25732624530792236,True,0.24684031307697296
0.5320705771446228,7401,0.4398405849933624,True,0.42488422989845276
0.6501547694206238,7402,0.3150258958339691,True,0.3030313551425934
0.8294581174850464,7403,0.12049532681703568,True,0.11470232158899307
0.6861248016357422,7404,0.2643513083457947,True,0.2520976960659027
0.7174965143203735,7405,0.24463392794132233,True,0.2315243035554886
0.6994535326957703,7406,0.2672531008720398,True,0.24569575488567352
0.5853718519210815,7407,0.36232852935791016,True,0.34331005811691284
0.3419189453125,7408,0.6415993571281433,True,0.6056453585624695
0.7528672218322754,7409,0.21133919060230255,True,0.20224307477474213
0.6770923733711243,7410,0.2789194583892822,True,0.2699234187602997
0.8947480916976929,7411,0.06787721067667007,True,0.0647190660238266
0.6799023747444153,7412,0.28072094917297363,True,0.2688431441783905
0.5660198926925659,7413,0.40565717220306396,True,0.38852012157440186
0.7072675228118896,7414,0.24746769666671753,True,0.23424005508422852
0.6815361380577087,7415,0.2823212146759033,True,0.2687910497188568
0.5349588394165039,7416,0.42165839672088623,True,0.3957867920398712
0.865821361541748,7417,0.08576726168394089,True,0.07544174790382385
0.5988128185272217,7418,0.3557247817516327,True,0.34230417013168335
0.8191561698913574,7419,0.12892483174800873,True,0.12175717949867249
0.7961381673812866,7420,0.16533032059669495,True,0.15465237200260162
0.5984847545623779,7421,0.357749342918396,True,0.3418291509151459
0.7297996282577515,7422,0.21375663578510284,True,0.20324109494686127
0.736907958984375,7423,0.2342560589313507,True,0.2247283011674881
0.7427895665168762,7424,0.20955263078212738,True,0.1975412368774414
0.7613211870193481,7425,0.1973348706960678,True,0.18314839899539948
0.38738977909088135,7426,0.5870314240455627,True,0.5600306987762451
0.863132894039154,7427,0.08344672620296478,True,0.07837602496147156
0.6238628625869751,7428,0.3276748061180115,True,0.29811012744903564
0.861957848072052,7429,0.09162770956754684,True,0.08279803395271301
0.8229410648345947,7430,0.1307222843170166,True,0.12235433608293533
0.6708453893661499,7431,0.27654901146888733,True,0.2584547996520996
0.6720830202102661,7432,0.29692965745925903,True,0.28663551807403564
0.4566006660461426,7433,0.5091294050216675,True,0.490222692489624
0.8237570524215698,7434,0.12271183729171753,True,0.11701488494873047
0.6361770629882812,7435,0.3225233852863312,True,0.29955729842185974
0.8268654942512512,7436,0.11518649011850357,True,0.1076846793293953
0.8424232602119446,7437,0.10714801400899887,True,0.09209414571523666
0.8416391611099243,7438,0.11010570079088211,True,0.10321792215108871
0.8484078645706177,7439,0.0997174009680748,True,0.09407607465982437
0.7916712760925293,7440,0.1659526228904724,True,0.15669959783554077
0.7548868656158447,7441,0.18104293942451477,True,0.1671190857887268
0.46608835458755493,7442,0.503131091594696,True,0.48125237226486206
0.8116892576217651,7443,0.1308109164237976,True,0.11908024549484253
0.7032018899917603,7444,0.2525617778301239,True,0.24173995852470398
0.0,7445,1.0,True,0.9457852840423584
0.6553899049758911,7446,0.3083230257034302,True,0.2923426628112793
0.7774134874343872,7447,0.17200922966003418,True,0.16276879608631134
0.7516723871231079,7448,0.20127421617507935,True,0.18685618042945862
0.846731424331665,7449,0.09743548929691315,True,0.09038502722978592
0.5279146432876587,7450,0.4389490485191345,True,0.4264121651649475
0.3751116991043091,7451,0.5946715474128723,True,0.5655277967453003
0.704359233379364,7452,0.2633233070373535,True,0.2535569369792938
0.9046425223350525,7453,0.05571708083152771,True,0.04789465665817261
0.6260413527488708,7454,0.327583909034729,True,0.31257280707359314
0.8191765546798706,7455,0.12173295766115189,True,0.11225902289152145
0.5357445478439331,7456,0.4364549517631531,True,0.4102434813976288
0.7854831218719482,7457,0.17588752508163452,True,0.16785721480846405
0.6844512820243835,7458,0.2749200761318207,True,0.2582831084728241
0.8806129693984985,7459,0.06912150233983994,True,0.060549940913915634
0.8216771483421326,7460,0.12146135419607162,True,0.110569529235363
0.7957562208175659,7461,0.16455139219760895,True,0.15581640601158142
0.8569052219390869,7462,0.09636031836271286,True,0.09132328629493713
0.8377357721328735,7463,0.10224488377571106,True,0.09557092934846878
0.6272870898246765,7464,0.3357510268688202,True,0.32077479362487793
0.7317957878112793,7465,0.2212212234735489,True,0.20714561641216278
0.7823264598846436,7466,0.15449656546115875,True,0.1404319703578949
0.664164662361145,7467,0.30006831884384155,True,0.2822577655315399
0.8397625684738159,7468,0.11746233701705933,True,0.10980861634016037
0.7374820709228516,7469,0.19496017694473267,True,0.18296532332897186
0.6611815690994263,7470,0.3084724545478821,True,0.2867768406867981
0.5031768083572388,7471,0.46549272537231445,True,0.4444834887981415
0.8060992360115051,7472,0.147417813539505,True,0.1394110769033432
0.6674842238426208,7473,0.2999820411205292,True,0.28618407249450684
0.720833957195282,7474,0.23455360531806946,True,0.22452473640441895
0.7656877636909485,7475,0.1719723790884018,True,0.15984611213207245
0.5046836137771606,7476,0.44416114687919617,True,0.42726853489875793
0.7016119956970215,7477,0.23992851376533508,True,0.22514866292476654
0.8182185888290405,7478,0.13850171864032745,True,0.13031265139579773
0.0,7479,1.0000001192092896,True,0.8878907561302185
0.5842139720916748,7480,0.38399243354797363,True,0.36676427721977234
0.6347367763519287,7481,0.3238454759120941,True,0.30388879776000977
0.762039303779602,7482,0.1969437599182129,True,0.18093496561050415
0.6570978164672852,7483,0.2976044714450836,True,0.28509753942489624
0.7615283727645874,7484,0.19266140460968018,True,0.1834113448858261
0.8413382768630981,7485,0.11502876877784729,True,0.10817135870456696
0.7810494899749756,7486,0.18070247769355774,True,0.1695365011692047
0.7548857927322388,7487,0.18689197301864624,True,0.17319375276565552
0.7320568561553955,7488,0.21942423284053802,True,0.2053460031747818
0.7544078826904297,7489,0.19891147315502167,True,0.18741893768310547
0.8377818465232849,7490,0.1146669015288353,True,0.10840901732444763
0.4763941168785095,7491,0.4917837977409363,True,0.4664877951145172
0.7548084259033203,7492,0.19781669974327087,True,0.18347591161727905
0.8509111404418945,7493,0.10318804532289505,True,0.0976906567811966
0.37091562151908875,7494,0.6017389297485352,True,0.5800667405128479
0.6721339225769043,7495,0.29141107201576233,True,0.27343061566352844
0.7804797887802124,7496,0.1725858598947525,True,0.16289594769477844
0.7470589280128479,7497,0.21531611680984497,True,0.2041810154914856
0.7772774696350098,7498,0.17470401525497437,True,0.1660165935754776
0.857802152633667,7499,0.09265607595443726,True,0.08776091039180756
0.6543702483177185,7500,0.3040929138660431,True,0.28298988938331604
0.4708349406719208,7501,0.4968719780445099,True,0.47377437353134155
0.7362753748893738,7502,0.22245337069034576,True,0.20995955169200897
0.8017677664756775,7503,0.1608547419309616,True,0.1509830504655838
0.7851231098175049,7504,0.15868093073368073,True,0.1421923041343689
0.7769365310668945,7505,0.17375001311302185,True,0.1612541675567627
0.7014201879501343,7506,0.2492632120847702,True,0.23452413082122803
0.8442819118499756,7507,0.10192614793777466,True,0.0966193675994873
0.7840118408203125,7508,0.15999840199947357,True,0.1494157910346985
0.6459193229675293,7509,0.31934118270874023,True,0.3044877052307129
0.7121049165725708,7510,0.23674555122852325,True,0.22177831828594208
0.8444072008132935,7511,0.11342262476682663,True,0.10720276832580566
0.6368740797042847,7512,0.3048277199268341,True,0.2913394272327423
0.6134366989135742,7513,0.3375909924507141,True,0.32000309228897095
0.42634814977645874,7514,0.5427030324935913,True,0.515388011932373
0.6103442311286926,7515,0.3556503653526306,True,0.34014952182769775
0.824871301651001,7516,0.13916853070259094,True,0.1317271739244461
0.6479073166847229,7517,0.3147096335887909,True,0.2997945249080658
0.8494454622268677,7518,0.11114006489515305,True,0.10195355117321014
0.7436221241950989,7519,0.19527849555015564,True,0.1695733219385147
0.6708037853240967,7520,0.29524242877960205,True,0.28301239013671875
0.5316277146339417,7521,0.4269174635410309,True,0.4107816219329834
0.672356367111206,7522,0.24591927230358124,True,0.2299671620130539
0.6912457942962646,7523,0.2793663740158081,True,0.2632336914539337
0.851019561290741,7524,0.09589319676160812,True,0.08507964760065079
0.8159979581832886,7525,0.13085854053497314,True,0.12386273592710495
0.865135908126831,7526,0.08318955451250076,True,0.07818489521741867
0.19568949937820435,7527,0.7896405458450317,True,0.7348952293395996
0.7153903245925903,7528,0.23414234817028046,True,0.20993538200855255
0.7770220041275024,7529,0.16443121433258057,True,0.1523829847574234
0.6745304465293884,7530,0.2832762897014618,True,0.25860750675201416
0.7556823492050171,7531,0.1657891869544983,True,0.15492457151412964
0.6170435547828674,7532,0.3465360105037689,True,0.3329756259918213
0.7124221920967102,7533,0.22185291349887848,True,0.20565493404865265
0.21537992358207703,7534,0.7621028423309326,True,0.7149880528450012
0.7729336023330688,7535,0.17663700878620148,True,0.1619652658700943
0.8237325549125671,7536,0.13956719636917114,True,0.1295630782842636
0.23345217108726501,7537,0.7576825618743896,True,0.7236773371696472
0.82608962059021,7538,0.11617075651884079,True,0.10879126191139221
0.7613873481750488,7539,0.20534685254096985,True,0.19648969173431396
0.6480628848075867,7540,0.3219633996486664,True,0.3085036873817444
0.8618365526199341,7541,0.09452047944068909,True,0.08169186115264893
0.7653412818908691,7542,0.19572260975837708,True,0.18051904439926147
0.8497910499572754,7543,0.10192690044641495,True,0.09000972658395767
0.6169548034667969,7544,0.33736923336982727,True,0.32023242115974426
0.8035755157470703,7545,0.146490216255188,True,0.13714782893657684
0.8227682709693909,7546,0.12866157293319702,True,0.11684432625770569
0.6519273519515991,7547,0.3162548542022705,True,0.2986401319503784
0.8775128126144409,7548,0.06378892809152603,True,0.054591286927461624
0.7931172847747803,7549,0.16333304345607758,True,0.15544261038303375
0.6899901628494263,7550,0.26920798420906067,True,0.2591433525085449
0.7132210731506348,7551,0.2569581866264343,True,0.24187584221363068
0.8353750705718994,7552,0.1141718178987503,True,0.10688674449920654
0.6658631563186646,7553,0.286983847618103,True,0.27318596839904785
0.7113049030303955,7554,0.25286370515823364,True,0.23655927181243896
0.6994336247444153,7555,0.2630869448184967,True,0.24576213955879211
0.7421812415122986,7556,0.2076115608215332,True,0.19934093952178955
0.7046092748641968,7557,0.2552017867565155,True,0.23764045536518097
0.5102486610412598,7558,0.43818825483322144,True,0.4111267924308777
0.5903477072715759,7559,0.3616081774234772,True,0.3435821533203125
0.7407621741294861,7560,0.22532697021961212,True,0.2143663465976715
0.6600686311721802,7561,0.29718342423439026,True,0.2774214446544647
0.7972532510757446,7562,0.15700191259384155,True,0.14264434576034546
0.6397804021835327,7563,0.30630257725715637,True,0.2876368463039398
0.7952239513397217,7564,0.15729695558547974,True,0.1468624621629715
0.8620200157165527,7565,0.09289691597223282,True,0.0884285569190979
0.5628063678741455,7566,0.39901649951934814,True,0.3769450783729553
0.8009780645370483,7567,0.1636705845594406,True,0.15748156607151031
0.5400652289390564,7568,0.42117732763290405,True,0.3970666527748108
0.7390578985214233,7569,0.21242272853851318,True,0.19931644201278687
0.6265155076980591,7570,0.328277587890625,True,0.31291183829307556
0.7597799897193909,7571,0.18917441368103027,True,0.180228129029274
0.7550032734870911,7572,0.19974742829799652,True,0.18721838295459747
0.8084486722946167,7573,0.14824308454990387,True,0.13995987176895142
0.4208967983722687,7574,0.5536947846412659,True,0.5325237512588501
0.7161526679992676,7575,0.2434980273246765,True,0.2278469204902649
0.8137364387512207,7576,0.14551687240600586,True,0.1387135088443756
0.6289145350456238,7577,0.32187312841415405,True,0.3058936595916748
0.6684571504592896,7578,0.28441089391708374,True,0.271244078874588
0.6553786396980286,7579,0.29973864555358887,True,0.27249813079833984
0.7761633992195129,7580,0.160980686545372,True,0.14570441842079163
0.7939660549163818,7581,0.10310225933790207,True,0.09084349125623703
0.7209774851799011,7582,0.2228139042854309,True,0.21327337622642517
0.782701313495636,7583,0.1828521490097046,True,0.17166118323802948
0.6694885492324829,7584,0.29692256450653076,True,0.27823716402053833
0.6693058609962463,7585,0.29253172874450684,True,0.27549856901168823
0.7240898609161377,7586,0.23451700806617737,True,0.22228223085403442
0.7774129509925842,7587,0.14632467925548553,True,0.13184136152267456
0.6225525140762329,7588,0.34323373436927795,True,0.32979556918144226
0.8129340410232544,7589,0.13544587790966034,True,0.12615033984184265
0.8007305264472961,7590,0.14861072599887848,True,0.14087018370628357
0.6219300627708435,7591,0.33517104387283325,True,0.3019041419029236
0.6418095827102661,7592,0.30774617195129395,True,0.27593570947647095
0.6985307335853577,7593,0.24583104252815247,True,0.2311767041683197
0.6864206790924072,7594,0.2661651372909546,True,0.25257033109664917
0.7229392528533936,7595,0.24045759439468384,True,0.23101380467414856
0.7505924701690674,7596,0.18771480023860931,True,0.1766909509897232
0.46232402324676514,7597,0.5073310136795044,True,0.4861081838607788
0.40853774547576904,7598,0.5682846307754517,True,0.5470890998840332
0.767207145690918,7599,0.18332301080226898,True,0.1732189804315567
0.7056282758712769,7600,0.2536470890045166,True,0.23837065696716309
0.813483715057373,7601,0.1366502344608307,True,0.12583667039871216
0.8705646991729736,7602,0.09192623943090439,True,0.08125612884759903
0.6145414113998413,7603,0.3374076783657074,True,0.32240402698516846
0.8500200510025024,7604,0.10757007449865341,True,0.09949446469545364
0.5670207738876343,7605,0.40226855874061584,True,0.38022473454475403
0.7197353839874268,7606,0.24010291695594788,True,0.2132774442434311
0.4504956603050232,7607,0.5173739194869995,True,0.48157790303230286
0.8393643498420715,7608,0.12031169980764389,True,0.10943275690078735
0.6204265356063843,7609,0.3291533291339874,True,0.3133915364742279
0.8350294828414917,7610,0.11505039036273956,True,0.10825562477111816
0.6413512825965881,7611,0.3183261454105377,True,0.2971028685569763
0.7991822957992554,7612,0.11805613338947296,True,0.09884195774793625
0.8984773755073547,7613,0.06150226294994354,True,0.058013953268527985
0.8850102424621582,7614,0.06785333156585693,True,0.0634264424443245
0.7908716201782227,7615,0.15179584920406342,True,0.14024926722049713
0.7324254512786865,7616,0.21504142880439758,True,0.19686703383922577
0.7562983632087708,7617,0.1824297457933426,True,0.17030923068523407
0.8715145587921143,7618,0.08170677721500397,True,0.074506014585495
0.7250111103057861,7619,0.22802574932575226,True,0.21716424822807312
0.7074138522148132,7620,0.2511490285396576,True,0.24015091359615326
0.7905222773551941,7621,0.15907901525497437,True,0.1529686599969864
0.7948459386825562,7622,0.16462342441082,True,0.1561480462551117
0.836052417755127,7623,0.11239445209503174,True,0.10760383307933807
0.8320844173431396,7624,0.1153472289443016,True,0.1083025261759758
0.7477067112922668,7625,0.2079261690378189,True,0.19379626214504242
0.8123204708099365,7626,0.1262359619140625,True,0.11613672226667404
0.648561954498291,7627,0.3181726634502411,True,0.3068195581436157
0.8897178173065186,7628,0.06790041923522949,True,0.06377530097961426
0.4828284978866577,7629,0.4959214925765991,True,0.4735841751098633
0.8364983797073364,7630,0.12129059433937073,True,0.11384399235248566
0.6841552257537842,7631,0.2623763680458069,True,0.2503834366798401
0.8104027509689331,7632,0.14488817751407623,True,0.13483843207359314
0.55960613489151,7633,0.40680912137031555,True,0.3919517695903778
0.8472360372543335,7634,0.10859927535057068,True,0.10130137950181961
0.7535073757171631,7635,0.21114684641361237,True,0.20140106976032257
0.8396652340888977,7636,0.11533333361148834,True,0.10524173080921173
0.8134760856628418,7637,0.13771219551563263,True,0.1290544867515564
0.7040973901748657,7638,0.2613617777824402,True,0.25082632899284363
0.7826282978057861,7639,0.1614295095205307,True,0.14694103598594666
0.0,7640,1.0,True,0.929153323173523
0.8803515434265137,7641,0.07236681878566742,True,0.06752487272024155
0.7854471206665039,7642,0.17488457262516022,True,0.16533100605010986
0.8199900984764099,7643,0.13008175790309906,True,0.11863075941801071
0.4027406871318817,7644,0.5753965377807617,True,0.5538920760154724
0.82806396484375,7645,0.12096457928419113,True,0.10868872702121735
0.6876552700996399,7646,0.2773343324661255,True,0.268582820892334
0.8005983829498291,7647,0.16826626658439636,True,0.16172553598880768
0.37451010942459106,7648,0.6055514812469482,True,0.5849063992500305
0.5010525584220886,7649,0.4722183346748352,True,0.4507688879966736
0.6668851375579834,7650,0.22625760734081268,True,0.18867933750152588
0.5396040678024292,7651,0.42103081941604614,True,0.3967616558074951
0.8078254461288452,7652,0.14525045454502106,True,0.13140162825584412
0.7882478833198547,7653,0.15809409320354462,True,0.14985230565071106
0.629489541053772,7654,0.33456018567085266,True,0.30418431758880615
0.75206458568573,7655,0.19468030333518982,True,0.1832600086927414
0.6816125512123108,7656,0.2637041211128235,True,0.24887466430664062
0.13698114454746246,7657,0.8543019890785217,True,0.7815881371498108
0.838369607925415,7658,0.10398311167955399,True,0.09690768271684647
0.3445029556751251,7659,0.6218879222869873,True,0.584438681602478
0.756022036075592,7660,0.2076985239982605,True,0.1965567022562027
0.5985919237136841,7661,0.37343212962150574,True,0.3509630262851715
0.5297582149505615,7662,0.43095898628234863,True,0.4116586148738861
0.6625413298606873,7663,0.2975408434867859,True,0.2757267355918884
0.7975788116455078,7664,0.16198216378688812,True,0.1527925282716751
0.5893762111663818,7665,0.36639314889907837,True,0.35166335105895996
0.6881613731384277,7666,0.26839587092399597,True,0.25294429063796997
0.762790322303772,7667,0.18095701932907104,True,0.1677933782339096
0.0,7668,1.0,True,0.9594212770462036
0.7236180305480957,7669,0.22808632254600525,True,0.21954140067100525
0.8315019011497498,7670,0.12431401759386063,True,0.1169021725654602
0.783568263053894,7671,0.15198521316051483,True,0.1429900974035263
0.8165774345397949,7672,0.14312005043029785,True,0.13453428447246552
0.5705259442329407,7673,0.3939574956893921,True,0.3716332018375397
0.7306010127067566,7674,0.21824032068252563,True,0.20547330379486084
0.5892178416252136,7675,0.3757825195789337,True,0.35116684436798096
0.7234859466552734,7676,0.18979845941066742,True,0.1781385987997055
0.7784121036529541,7677,0.17135493457317352,True,0.1579119712114334
0.8206350803375244,7678,0.08560098707675934,True,0.07821549475193024
0.6909804344177246,7679,0.24175401031970978,True,0.22396138310432434
0.7174053192138672,7680,0.24502769112586975,True,0.23132792115211487
0.5727248191833496,7681,0.4007391929626465,True,0.38521555066108704
0.8059302568435669,7682,0.1376982033252716,True,0.12942838668823242
0.7319480180740356,7683,0.23691721260547638,True,0.22651588916778564
0.670352578163147,7684,0.2848602533340454,True,0.26877152919769287
0.8688676357269287,7685,0.09144756942987442,True,0.0866820216178894
0.7836406826972961,7686,0.1688053160905838,True,0.15924599766731262
0.8328800797462463,7687,0.11575319617986679,True,0.10979686677455902
0.8158425092697144,7688,0.14519964158535004,True,0.13127592206001282
0.8699073791503906,7689,0.0768907219171524,True,0.06716524064540863
0.6697148084640503,7690,0.2840348780155182,True,0.2721325159072876
0.5941143035888672,7691,0.36139655113220215,True,0.33818569779396057
0.75672447681427,7692,0.1975204199552536,True,0.18573813140392303
0.5106386542320251,7693,0.4607122540473938,True,0.4401971697807312
0.8218752145767212,7694,0.13183537125587463,True,0.12443091720342636
0.7755172252655029,7695,0.18242929875850677,True,0.17679107189178467
0.6420043110847473,7696,0.30593591928482056,True,0.2657608389854431
0.7280945777893066,7697,0.23366770148277283,True,0.22120818495750427
0.57845139503479,7698,0.37161922454833984,True,0.3421896696090698
0.45595329999923706,7699,0.5023374557495117,True,0.4747011065483093
0.677324652671814,7700,0.2785387635231018,True,0.26024702191352844
0.6998372673988342,7701,0.2661074101924896,True,0.25757768750190735
0.7418655753135681,7702,0.18812738358974457,True,0.17782874405384064
0.7458964586257935,7703,0.19756992161273956,True,0.17951786518096924
0.6337752938270569,7704,0.3084263205528259,True,0.29021182656288147
0.689239501953125,7705,0.2769100069999695,True,0.26103633642196655
0.6890174746513367,7706,0.2610131502151489,True,0.24853497743606567
0.8154034614562988,7707,0.14920546114444733,True,0.14283908903598785
0.6639336347579956,7708,0.2911146581172943,True,0.27281999588012695
0.8332642912864685,7709,0.11171701550483704,True,0.10466231405735016
0.7662286758422852,7710,0.1980682611465454,True,0.1874576210975647
0.769037127494812,7711,0.1833733767271042,True,0.1729990541934967
0.5138814449310303,7712,0.45636415481567383,True,0.43483293056488037
0.8742985129356384,7713,0.078186996281147,True,0.07263492047786713
0.4385156035423279,7714,0.5222327709197998,True,0.4764232337474823
0.8993152379989624,7715,0.06635475158691406,True,0.06249071657657623
0.3937264084815979,7716,0.5730965733528137,True,0.5557895302772522
0.8138220906257629,7717,0.14363700151443481,True,0.13671065866947174
0.8296447992324829,7718,0.11749350279569626,True,0.11113636195659637
0.6219577193260193,7719,0.3470740020275116,True,0.3308866024017334
0.7898154258728027,7720,0.16485898196697235,True,0.155976340174675
0.0,7721,1.0,True,0.9422605037689209
0.714545726776123,7722,0.25075966119766235,True,0.23042920231819153
0.8353607654571533,7723,0.11730558425188065,True,0.10795405507087708
0.5380393862724304,7724,0.43357980251312256,True,0.412381649017334
0.742418110370636,7725,0.199490487575531,True,0.18133069574832916
0.4008227586746216,7726,0.563056230545044,True,0.5239725708961487
0.7543255686759949,7727,0.2133958637714386,True,0.19524256885051727
0.6238414645195007,7728,0.3424346446990967,True,0.32153308391571045
0.8141652345657349,7729,0.14622411131858826,True,0.1389647126197815
0.7857214212417603,7730,0.15233942866325378,True,0.14410530030727386
0.8720912337303162,7731,0.07800156623125076,True,0.0685766264796257
0.6060105562210083,7732,0.3510904312133789,True,0.32846692204475403
0.346426784992218,7733,0.6314027309417725,True,0.6053820252418518
0.700080394744873,7734,0.2608695328235626,True,0.24600966274738312
0.8702956438064575,7735,0.092735156416893,True,0.08741138875484467
0.7095082998275757,7736,0.2511271834373474,True,0.2392246574163437
0.7754596471786499,7737,0.1828313171863556,True,0.1686893105506897
0.7813776731491089,7738,0.17690999805927277,True,0.16471759974956512
0.7015084624290466,7739,0.2678566873073578,True,0.25674134492874146
0.7907083034515381,7740,0.1435091644525528,True,0.1298355609178543
0.6471972465515137,7741,0.31658676266670227,True,0.3029216527938843
0.7131600379943848,7742,0.2505103647708893,True,0.23811130225658417
0.740852415561676,7743,0.21579387784004211,True,0.20147022604942322
0.7407891750335693,7744,0.21394069492816925,True,0.1972675323486328
0.8146387338638306,7745,0.11771483719348907,True,0.10940951108932495
0.836915135383606,7746,0.10884471237659454,True,0.10209665447473526
0.7014044523239136,7747,0.2633654773235321,True,0.24467603862285614
0.7603297233581543,7748,0.1719820350408554,True,0.1636590212583542
0.5522372126579285,7749,0.42032960057258606,True,0.40474486351013184
0.6922973394393921,7750,0.24646703898906708,True,0.22828662395477295
0.834051787853241,7751,0.12124641984701157,True,0.11412663757801056
0.4743134379386902,7752,0.4865044355392456,True,0.47070807218551636
0.8447479605674744,7753,0.1097070574760437,True,0.10136433690786362
0.8745795488357544,7754,0.08483289927244186,True,0.07462642341852188
0.7760260105133057,7755,0.17116744816303253,True,0.15869365632534027
0.6615104675292969,7756,0.30042755603790283,True,0.2797167897224426
0.8483338952064514,7757,0.09847806394100189,True,0.08436549454927444
0.8393871784210205,7758,0.10516253113746643,True,0.09707289934158325
0.5791922807693481,7759,0.3757251501083374,True,0.3541862964630127
0.8253835439682007,7760,0.13100633025169373,True,0.12092190235853195
0.7585815191268921,7761,0.1978585124015808,True,0.18778932094573975
0.858206033706665,7762,0.10887032747268677,True,0.10326825827360153
0.8793035745620728,7763,0.04469476267695427,True,0.04166891425848007
0.2511071264743805,7764,0.7286069393157959,True,0.6897450685501099
0.7126679420471191,7765,0.2520400881767273,True,0.2408745288848877
0.79305499792099,7766,0.173841655254364,True,0.1629868447780609
0.7886477708816528,7767,0.16620886325836182,True,0.15463168919086456
0.6493056416511536,7768,0.31831392645835876,True,0.3003825545310974
0.8456876277923584,7769,0.10758199542760849,True,0.10192000865936279
0.5455580949783325,7770,0.41919779777526855,True,0.3989104628562927
0.7662222981452942,7771,0.17744038999080658,True,0.16361252963542938
0.5577186346054077,7772,0.4081512689590454,True,0.385242760181427
0.8377888202667236,7773,0.11346576362848282,True,0.10688278824090958
0.6956301927566528,7774,0.25415077805519104,True,0.239518404006958
0.7450085878372192,7775,0.19953414797782898,True,0.1901579052209854
0.6740977168083191,7776,0.2772347033023834,True,0.2637251615524292
0.8400863409042358,7777,0.11356265842914581,True,0.10032084584236145
0.6510354280471802,7778,0.2964513301849365,True,0.2689500153064728
0.802343487739563,7779,0.15865099430084229,True,0.14753952622413635
0.7206137180328369,7780,0.23607513308525085,True,0.21883735060691833
0.8451372385025024,7781,0.10695486515760422,True,0.09915689378976822
0.8356675505638123,7782,0.10981397330760956,True,0.1047365590929985
0.802582859992981,7783,0.1298723965883255,True,0.11250955611467361
0.7283776998519897,7784,0.15078049898147583,True,0.13094653189182281
0.8169872760772705,7785,0.1421084851026535,True,0.1355682611465454
0.8165430426597595,7786,0.1527322232723236,True,0.13971564173698425
0.7817822694778442,7787,0.17486751079559326,True,0.16393068432807922
0.8493852615356445,7788,0.09540124982595444,True,0.08989445865154266
0.6588652729988098,7789,0.2998518943786621,True,0.2894984483718872
0.8247001767158508,7790,0.12551195919513702,True,0.11522284895181656
0.8123868703842163,7791,0.13105058670043945,True,0.12124405056238174
0.9052083492279053,7792,0.05028339475393295,True,0.045966263860464096
0.8227510452270508,7793,0.13049101829528809,True,0.12354209274053574
0.8623434901237488,7794,0.09239546209573746,True,0.08773040771484375
0.8499966859817505,7795,0.09987996518611908,True,0.09383254498243332
0.25055360794067383,7796,0.7265241146087646,True,0.6827408075332642
0.8480520248413086,7797,0.0971694141626358,True,0.09187070280313492
0.46556708216667175,7798,0.5010829567909241,True,0.47282153367996216
0.8122586011886597,7799,0.1350100189447403,True,0.127350851893425
0.7734041810035706,7800,0.18770025670528412,True,0.18024131655693054
0.786719560623169,7801,0.16505515575408936,True,0.1555563509464264
0.7633821964263916,7802,0.19294334948062897,True,0.1803465485572815
0.7523635625839233,7803,0.19291958212852478,True,0.17503388226032257
0.0,7804,0.9999999403953552,True,0.950462818145752
0.6316999793052673,7805,0.3234550952911377,True,0.2963125705718994
0.630211353302002,7806,0.3299878239631653,True,0.3084346055984497
0.7986403703689575,7807,0.14338429272174835,True,0.1281672716140747
0.8399859666824341,7808,0.10496920347213745,True,0.0959865003824234
0.6625199317932129,7809,0.30126839876174927,True,0.28217488527297974
0.8049834966659546,7810,0.15038180351257324,True,0.14293518662452698
0.6867364048957825,7811,0.27178633213043213,True,0.2554909586906433
0.7374690175056458,7812,0.2233865112066269,True,0.2132197469472885
0.7193166017532349,7813,0.23177878558635712,True,0.22011685371398926
0.6547309160232544,7814,0.3151859641075134,True,0.2965580224990845
0.8091590404510498,7815,0.14680266380310059,True,0.13448461890220642
0.8374183177947998,7816,0.11845634132623672,True,0.11271703243255615
0.7997288703918457,7817,0.144429549574852,True,0.13086792826652527
0.6622806191444397,7818,0.2980242371559143,True,0.27460992336273193
0.5015435218811035,7819,0.4683903455734253,True,0.450283408164978
0.5143802165985107,7820,0.42175331711769104,True,0.3774716258049011
0.8719568848609924,7821,0.08200770616531372,True,0.07691357284784317
0.7682346701622009,7822,0.19304890930652618,True,0.18390333652496338
0.8219912648200989,7823,0.12759599089622498,True,0.12000654637813568
0.7562205791473389,7824,0.19965624809265137,True,0.19232277572155
0.8952952027320862,7825,0.06353159248828888,True,0.0597417913377285
0.5578669309616089,7826,0.38761210441589355,True,0.352294385433197
0.8487693071365356,7827,0.1040756106376648,True,0.09801945090293884
0.7496939897537231,7828,0.1965348720550537,True,0.1852235496044159
0.6137247085571289,7829,0.35084235668182373,True,0.3312914967536926
0.7274381518363953,7830,0.2327958345413208,True,0.22155548632144928
0.7148035168647766,7831,0.24706785380840302,True,0.2318994402885437
0.710993766784668,7832,0.24830369651317596,True,0.23277823626995087
0.6876354813575745,7833,0.26716068387031555,True,0.2524423897266388
0.5635111927986145,7834,0.40448668599128723,True,0.38441726565361023
0.5285273790359497,7835,0.44119831919670105,True,0.4257112145423889
0.6252862215042114,7836,0.33091655373573303,True,0.31490352749824524
0.7020097374916077,7837,0.15688592195510864,True,0.14845101535320282
0.5505563020706177,7838,0.41950488090515137,True,0.4025706946849823
0.7178287506103516,7839,0.23352092504501343,True,0.2216005176305771
0.548753023147583,7840,0.40880781412124634,True,0.3952144682407379
0.3925241529941559,7841,0.584975004196167,True,0.5527527332305908
0.6544493436813354,7842,0.303970068693161,True,0.291810005903244
0.41999492049217224,7843,0.5573610067367554,True,0.5288559198379517
0.5214077830314636,7844,0.4321901202201843,True,0.4143802225589752
0.45407313108444214,7845,0.5145635604858398,True,0.4860561788082123
0.8153105974197388,7846,0.1353856325149536,True,0.12638230621814728
0.40995752811431885,7847,0.5608348846435547,True,0.533331036567688
0.7609686255455017,7848,0.1916760951280594,True,0.18266339600086212
0.780940055847168,7849,0.1614879071712494,True,0.15104760229587555
0.789179801940918,7850,0.17091922461986542,True,0.1642664223909378
0.7730688452720642,7851,0.176029771566391,True,0.165659099817276
0.8010847568511963,7852,0.13979275524616241,True,0.1317775398492813
0.744395911693573,7853,0.21240663528442383,True,0.19894802570343018
0.5919110178947449,7854,0.3702564239501953,True,0.35411110520362854
0.5674716234207153,7855,0.38224929571151733,True,0.3497353494167328
0.7734911441802979,7856,0.1685817837715149,True,0.15756617486476898
0.7531348466873169,7857,0.1935255527496338,True,0.18438126146793365
0.7917588353157043,7858,0.152247354388237,True,0.14557957649230957
0.7897282242774963,7859,0.16706080734729767,True,0.15466620028018951
0.6610962748527527,7860,0.3060855269432068,True,0.2892475724220276
0.6121421456336975,7861,0.35751861333847046,True,0.33410900831222534
0.8670403957366943,7862,0.08952933549880981,True,0.07800033688545227
0.8013697862625122,7863,0.1500064581632614,True,0.142172709107399
0.9180343151092529,7864,0.02245129644870758,True,0.02053370140492916
0.5122120380401611,7865,0.45846137404441833,True,0.4333725571632385
0.626577615737915,7866,0.33344513177871704,True,0.313961386680603
0.5440511703491211,7867,0.4329870641231537,True,0.41613131761550903
0.8151893019676208,7868,0.13103298842906952,True,0.12443595379590988
0.722043514251709,7869,0.24592670798301697,True,0.23476727306842804
0.6487036943435669,7870,0.3135127127170563,True,0.2904447019100189
0.5762995481491089,7871,0.3722568154335022,True,0.3551832437515259
0.21106067299842834,7872,0.7625486254692078,True,0.7206114530563354
0.8825397491455078,7873,0.06892820447683334,True,0.06413477659225464
0.6624612808227539,7874,0.2924022972583771,True,0.27964115142822266
0.8312144875526428,7875,0.12551365792751312,True,0.11532527208328247
0.29487404227256775,7876,0.6862276792526245,True,0.6464319825172424
0.7436468601226807,7877,0.2056703120470047,True,0.19123674929141998
0.629987895488739,7878,0.3269190788269043,True,0.31572166085243225
0.744714081287384,7879,0.20006440579891205,True,0.18680612742900848
0.8592875599861145,7880,0.1012759879231453,True,0.09429382532835007
0.690305233001709,7881,0.25982484221458435,True,0.24248681962490082
0.7636837959289551,7882,0.18787100911140442,True,0.18051621317863464
0.5349183678627014,7883,0.42509725689888,True,0.40746405720710754
0.6314671039581299,7884,0.3285382091999054,True,0.3174111247062683
0.8878085613250732,7885,0.07723204046487808,True,0.0715654045343399
0.610304594039917,7886,0.33594200015068054,True,0.3212217092514038
0.8726085424423218,7887,0.07417161762714386,True,0.06420497596263885
0.7305249571800232,7888,0.22600845992565155,True,0.21833468973636627
0.663287341594696,7889,0.30208295583724976,True,0.28220927715301514
0.5469135642051697,7890,0.4118061065673828,True,0.38120654225349426
0.8279345631599426,7891,0.13452409207820892,True,0.12394227832555771
0.6463280916213989,7892,0.28580978512763977,True,0.25694453716278076
0.8439067602157593,7893,0.10697341710329056,True,0.10042566806077957
0.7752212285995483,7894,0.18716077506542206,True,0.17646054923534393
0.7696091532707214,7895,0.1894790381193161,True,0.17905959486961365
0.8186906576156616,7896,0.11986915022134781,True,0.11310645192861557
0.8354578018188477,7897,0.09883108735084534,True,0.08763495087623596
0.6750036478042603,7898,0.28477805852890015,True,0.2735913097858429
0.43624284863471985,7899,0.5357761383056641,True,0.5056720972061157
0.6812899112701416,7900,0.2785029113292694,True,0.26727503538131714
0.625453531742096,7901,0.3519163131713867,True,0.3376173973083496
0.8271560668945312,7902,0.11798344552516937,True,0.11165652424097061
0.7595773935317993,7903,0.20381860435009003,True,0.19416217505931854
0.5131735801696777,7904,0.4540436565876007,True,0.43674394488334656
0.7639605402946472,7905,0.19872309267520905,True,0.18868081271648407
0.8268709778785706,7906,0.11076479405164719,True,0.10288029164075851
0.774344265460968,7907,0.15807488560676575,True,0.14835946261882782
0.669500470161438,7908,0.26964637637138367,True,0.2562304735183716
0.8596278429031372,7909,0.09476973861455917,True,0.08942074328660965
0.6235170960426331,7910,0.3380419909954071,True,0.3174957036972046
0.5562301874160767,7911,0.4055427610874176,True,0.3922886252403259
0.7940621972084045,7912,0.15962786972522736,True,0.15127728879451752
0.7204788327217102,7913,0.24019363522529602,True,0.23042672872543335
0.7962943911552429,7914,0.16530539095401764,True,0.15284045040607452
0.702618420124054,7915,0.2514054775238037,True,0.23929435014724731
0.7365058064460754,7916,0.225542351603508,True,0.21539559960365295
0.8033998012542725,7917,0.15994872152805328,True,0.1513594090938568
0.7866041660308838,7918,0.17669668793678284,True,0.16732704639434814
0.7459592819213867,7919,0.21346960961818695,True,0.20520231127738953
0.8165148496627808,7920,0.13204722106456757,True,0.12359349429607391
0.5293525457382202,7921,0.43845677375793457,True,0.42223793268203735
0.8475171327590942,7922,0.11375826597213745,True,0.09907342493534088
0.7651061415672302,7923,0.18829326331615448,True,0.16879238188266754
0.5331031084060669,7924,0.4247324466705322,True,0.39566025137901306
0.8564529418945312,7925,0.09400340914726257,True,0.08764514327049255
0.7203133702278137,7926,0.18580080568790436,True,0.16171415150165558
0.6596312522888184,7927,0.2933950424194336,True,0.2788233160972595
0.5167800188064575,7928,0.4517396092414856,True,0.425558865070343
0.6520767211914062,7929,0.302314817905426,True,0.2797762155532837
0.5940738916397095,7930,0.3815845847129822,True,0.3612108826637268
0.8089812994003296,7931,0.13357844948768616,True,0.12256507575511932
0.6824942827224731,7932,0.28234878182411194,True,0.26752176880836487
0.7766775488853455,7933,0.1800738424062729,True,0.1702418476343155
0.8254876136779785,7934,0.13001029193401337,True,0.118821881711483
0.7551121115684509,7935,0.19103455543518066,True,0.1816505789756775
0.7744122743606567,7936,0.18907047808170319,True,0.17937877774238586
0.7344667911529541,7937,0.22833725810050964,True,0.21792647242546082
0.8335702419281006,7938,0.11071120202541351,True,0.10404525697231293
0.57313072681427,7939,0.393324613571167,True,0.36723899841308594
0.8698320388793945,7940,0.09642532467842102,True,0.08981401473283768
0.8127347230911255,7941,0.13095706701278687,True,0.12341456115245819
0.6829946041107178,7942,0.28033924102783203,True,0.2704142928123474
0.6945284605026245,7943,0.26416751742362976,True,0.23754866421222687
0.6476742625236511,7944,0.32129883766174316,True,0.29729199409484863
0.7896426916122437,7945,0.17546632885932922,True,0.16586804389953613
0.8552265167236328,7946,0.11120185256004333,True,0.10382383316755295
0.8777693510055542,7947,0.08651235699653625,True,0.08188435435295105
0.6413604021072388,7948,0.3047619163990021,True,0.29073449969291687
0.7354804277420044,7949,0.22280246019363403,True,0.20917373895645142
0.7206138372421265,7950,0.24106110632419586,True,0.2314303070306778
0.6656642556190491,7951,0.2965778112411499,True,0.27406802773475647
0.7813667058944702,7952,0.1606477051973343,True,0.15095363557338715
0.7316490411758423,7953,0.2196553349494934,True,0.20899459719657898
0.5916029810905457,7954,0.3727315366268158,True,0.36102259159088135
0.5983704328536987,7955,0.3666929006576538,True,0.3460070490837097
0.7255605459213257,7956,0.2019367665052414,True,0.18815383315086365
0.7807129621505737,7957,0.17602692544460297,True,0.1683395504951477
0.544215202331543,7958,0.4152498245239258,True,0.39743438363075256
0.9008665084838867,7959,0.06058729067444801,True,0.05322863534092903
0.7602201104164124,7960,0.20376747846603394,True,0.19425749778747559
0.800883948802948,7961,0.16623270511627197,True,0.15959422290325165
0.5108541250228882,7962,0.4585576057434082,True,0.4331096410751343
0.6131525039672852,7963,0.32133328914642334,True,0.3016229569911957
0.7398104667663574,7964,0.21105259656906128,True,0.20228415727615356
0.7234201431274414,7965,0.24913792312145233,True,0.24167612195014954
0.641375720500946,7966,0.3292606472969055,True,0.3105059862136841
0.8097752332687378,7967,0.13193072378635406,True,0.1256759911775589
0.5267099738121033,7968,0.4376218020915985,True,0.4139692485332489
0.8478348255157471,7969,0.10768453776836395,True,0.1001545861363411
0.7592610716819763,7970,0.19385926425457,True,0.18271657824516296
0.6043719053268433,7971,0.3586718440055847,True,0.3350874185562134
0.5700494647026062,7972,0.38688358664512634,True,0.3724813461303711
0.8405234813690186,7973,0.10627318918704987,True,0.10134917497634888
0.8016891479492188,7974,0.1565183699131012,True,0.14604318141937256
0.7881783843040466,7975,0.16518856585025787,True,0.15445144474506378
0.6010408401489258,7976,0.33842915296554565,True,0.30652037262916565
0.8677274584770203,7977,0.08280008286237717,True,0.07298552244901657
0.7678220868110657,7978,0.19447441399097443,True,0.18512271344661713
0.657228946685791,7979,0.30400675535202026,True,0.28765973448753357
0.7603095769882202,7980,0.18791672587394714,True,0.17794935405254364
0.620729923248291,7981,0.3401377201080322,True,0.3231024742126465
0.39056408405303955,7982,0.5776425004005432,True,0.5471670031547546
0.4315027892589569,7983,0.5408943295478821,True,0.5096392035484314
0.8622677326202393,7984,0.08679083734750748,True,0.08172818273305893
0.6286076307296753,7985,0.3349740505218506,True,0.31516724824905396
0.7705415487289429,7986,0.1718498170375824,True,0.14972038567066193
0.80921471118927,7987,0.1412489116191864,True,0.13011640310287476
0.8423454165458679,7988,0.1198439970612526,True,0.11103983968496323
0.834165096282959,7989,0.12855610251426697,True,0.1228315532207489
0.8278713226318359,7990,0.11993627995252609,True,0.11031769961118698
0.7207246422767639,7991,0.24159184098243713,True,0.2256200909614563
0.5970197319984436,7992,0.3719010353088379,True,0.35212817788124084
0.7875353097915649,7993,0.16895276308059692,True,0.1553521752357483
0.0,7994,1.0,True,0.939395546913147
0.8330514430999756,7995,0.06866015493869781,True,0.06235257908701897
0.830734372138977,7996,0.11916385591030121,True,0.10942897945642471
0.6844301223754883,7997,0.27728840708732605,True,0.2675226926803589
0.6970245838165283,7998,0.26215723156929016,True,0.24834038317203522
0.560225248336792,7999,0.4027373194694519,True,0.3868790566921234
0.6942964196205139,8000,0.2723946273326874,True,0.2627687156200409
0.7193202972412109,8001,0.23841741681098938,True,0.22508379817008972
0.7390096187591553,8002,0.21230806410312653,True,0.20269761979579926
0.843075156211853,8003,0.10695900768041611,True,0.09861961007118225
0.5490891933441162,8004,0.4028167128562927,True,0.38829782605171204
0.6882209181785583,8005,0.25748199224472046,True,0.24255535006523132
0.70082026720047,8006,0.2642323672771454,True,0.2523289620876312
0.7818249464035034,8007,0.13790927827358246,True,0.12928487360477448
0.8692513108253479,8008,0.09028887003660202,True,0.08248510956764221
0.8689358234405518,8009,0.08062107861042023,True,0.07526471465826035
0.5003039836883545,8010,0.46767520904541016,True,0.4491093158721924
0.7438427805900574,8011,0.21211819350719452,True,0.20227043330669403
0.7417014837265015,8012,0.21221184730529785,True,0.19851763546466827
0.8594939708709717,8013,0.09481443464756012,True,0.08874453604221344
0.7490100264549255,8014,0.2209758162498474,True,0.2136770784854889
0.5648232102394104,8015,0.40074390172958374,True,0.3777545392513275
0.0,8016,0.9999998807907104,True,0.9306763410568237
0.4862024188041687,8017,0.4476289749145508,True,0.432824969291687
0.7349976897239685,8018,0.21656683087348938,True,0.20768560469150543
0.7843811511993408,8019,0.1525437980890274,True,0.14357459545135498
0.6672435998916626,8020,0.2873368561267853,True,0.2760534882545471
0.6624325513839722,8021,0.2800646424293518,True,0.25846371054649353
0.7276273369789124,8022,0.23314794898033142,True,0.2240571230649948
0.7873896360397339,8023,0.168781578540802,True,0.15442055463790894
0.8399728536605835,8024,0.11259044706821442,True,0.10372307896614075
0.6742101311683655,8025,0.2867760956287384,True,0.2750641405582428
0.6804267764091492,8026,0.26651284098625183,True,0.2544051706790924
0.7593261003494263,8027,0.18108722567558289,True,0.17045387625694275
0.45231351256370544,8028,0.5065701603889465,True,0.48412254452705383
0.8232851624488831,8029,0.13222505152225494,True,0.12528981268405914
0.8067315816879272,8030,0.15001840889453888,True,0.14410300552845
0.7394833564758301,8031,0.21681129932403564,True,0.20728835463523865
0.7746120691299438,8032,0.18894048035144806,True,0.17972829937934875
0.7402727603912354,8033,0.2071739286184311,True,0.19438378512859344
0.8831967711448669,8034,0.07005635648965836,True,0.06357230991125107
0.6940444111824036,8035,0.2490212321281433,True,0.2375795543193817
0.6104429364204407,8036,0.3527233898639679,True,0.34069570899009705
0.5450028777122498,8037,0.41737237572669983,True,0.40305450558662415
0.7926390171051025,8038,0.16853459179401398,True,0.15799576044082642
0.6077710390090942,8039,0.35867148637771606,True,0.3420584499835968
0.816985011100769,8040,0.1379116177558899,True,0.1250878870487213
0.38455960154533386,8041,0.5855927467346191,True,0.553473174571991
0.8063592910766602,8042,0.1461336761713028,True,0.13671119511127472
0.6598553657531738,8043,0.2829652428627014,True,0.2679249942302704
0.6970402002334595,8044,0.2692123055458069,True,0.2578643560409546
0.7262090444564819,8045,0.21785861253738403,True,0.2068062424659729
0.5745280385017395,8046,0.3939303159713745,True,0.3635517358779907
0.7250779867172241,8047,0.22731730341911316,True,0.21636758744716644
0.5244832038879395,8048,0.43597447872161865,True,0.409530371427536
0.8739006519317627,8049,0.08869841694831848,True,0.07925350964069366
0.8089999556541443,8050,0.13199879229068756,True,0.12473063170909882
0.43718475103378296,8051,0.5353384017944336,True,0.514448881149292
0.7012605667114258,8052,0.24468490481376648,True,0.23071157932281494
0.8024466633796692,8053,0.13508985936641693,True,0.1203392967581749
0.6286289095878601,8054,0.32437145709991455,True,0.3038237690925598
0.5195146799087524,8055,0.4348740875720978,True,0.42063263058662415
0.8378758430480957,8056,0.11527121067047119,True,0.10921233892440796
0.6963991522789001,8057,0.266058087348938,True,0.2527441382408142
0.6132471561431885,8058,0.34797102212905884,True,0.3334030210971832
0.749226450920105,8059,0.19635696709156036,True,0.18333488702774048
0.6214197874069214,8060,0.3384261727333069,True,0.3103908598423004
0.8655335307121277,8061,0.08827953785657883,True,0.07941560447216034
0.4879639446735382,8062,0.46784794330596924,True,0.4400178790092468
0.8893289566040039,8063,0.07321497052907944,True,0.06777309626340866
0.5073359608650208,8064,0.4665008783340454,True,0.44495731592178345
0.6433408260345459,8065,0.3082376718521118,True,0.2947399914264679
0.6388027667999268,8066,0.31730949878692627,True,0.28901034593582153
0.7491551637649536,8067,0.20617519319057465,True,0.19423075020313263
0.6868245005607605,8068,0.26489758491516113,True,0.2498643398284912
0.6620638370513916,8069,0.3012833893299103,True,0.28978192806243896
0.7143589854240417,8070,0.233962744474411,True,0.22309477627277374
0.733220100402832,8071,0.2141289860010147,True,0.20111200213432312
0.8400201797485352,8072,0.09813697636127472,True,0.08779294043779373
0.4662178158760071,8073,0.5067614316940308,True,0.4812373220920563
0.769027590751648,8074,0.1821330487728119,True,0.17082370817661285
0.7965952754020691,8075,0.1558929830789566,True,0.14032642543315887
0.7765710353851318,8076,0.18205060064792633,True,0.17123235762119293
0.6164555549621582,8077,0.34966403245925903,True,0.33771809935569763
0.6086015701293945,8078,0.35925620794296265,True,0.34556400775909424
0.8427150845527649,8079,0.1048550084233284,True,0.09804348647594452
0.8769837617874146,8080,0.07941831648349762,True,0.07279346138238907
0.7921514511108398,8081,0.16723909974098206,True,0.1587218940258026
0.6730988025665283,8082,0.29624277353286743,True,0.27663499116897583
0.7139923572540283,8083,0.23779065907001495,True,0.2259564846754074
0.6757310628890991,8084,0.2765628695487976,True,0.26702091097831726
0.8204452395439148,8085,0.13706186413764954,True,0.12758927047252655
0.7207120656967163,8086,0.2390962690114975,True,0.22404378652572632
0.5651530623435974,8087,0.38803738355636597,True,0.3563055396080017
0.8275405168533325,8088,0.1168731227517128,True,0.10941962152719498
0.7482163906097412,8089,0.19921013712882996,True,0.18705569207668304
0.7256710529327393,8090,0.23468086123466492,True,0.2156243920326233
0.387348473072052,8091,0.5813091993331909,True,0.5547215938568115
0.0,8092,1.0,True,0.9485523104667664
0.6197070479393005,8093,0.3307664096355438,True,0.30825042724609375
0.7305408716201782,8094,0.22335880994796753,True,0.2113904058933258
0.733130156993866,8095,0.235563263297081,True,0.21676862239837646
0.829860270023346,8096,0.11482100933790207,True,0.10853699594736099
0.6976699829101562,8097,0.26536107063293457,True,0.2555137276649475
0.8187129497528076,8098,0.10766062885522842,True,0.09689968824386597
0.0,8099,0.9999999403953552,True,0.9567774534225464
0.8319660425186157,8100,0.12359518557786942,True,0.11648551374673843
0.7133089303970337,8101,0.23732686042785645,True,0.22289176285266876
0.8268505930900574,8102,0.12799085676670074,True,0.11778635531663895
0.4767480492591858,8103,0.48794248700141907,True,0.4612005949020386
0.7477054595947266,8104,0.21084581315517426,True,0.1998559534549713
0.7221957445144653,8105,0.22533395886421204,True,0.21183878183364868
0.6136125922203064,8106,0.3401380777359009,True,0.32268059253692627
0.6789779663085938,8107,0.2877788841724396,True,0.2768668234348297
0.7215484380722046,8108,0.24205484986305237,True,0.2286701202392578
0.777789831161499,8109,0.16841189563274384,True,0.1529526561498642
0.6608195304870605,8110,0.2772378921508789,True,0.26265108585357666
0.758786141872406,8111,0.20570960640907288,True,0.19511720538139343
0.7510868310928345,8112,0.20375551283359528,True,0.19506767392158508
0.7792781591415405,8113,0.14594000577926636,True,0.13007627427577972
0.521925151348114,8114,0.43591591715812683,True,0.40332096815109253
0.5508084297180176,8115,0.41804948449134827,True,0.39666181802749634
0.6647320985794067,8116,0.3018522262573242,True,0.2787569463253021
0.7637403607368469,8117,0.18904522061347961,True,0.17589382827281952
0.795224130153656,8118,0.16889801621437073,True,0.1619345247745514
0.5645009875297546,8119,0.3832695484161377,True,0.35282236337661743
0.8367924690246582,8120,0.06909442692995071,True,0.06001221761107445
0.5715353488922119,8121,0.3953242003917694,True,0.36989641189575195
0.726933479309082,8122,0.223722904920578,True,0.20868264138698578
0.8373955488204956,8123,0.12486845999956131,True,0.11618427187204361
0.6566463112831116,8124,0.3067197799682617,True,0.2784286439418793
0.804238498210907,8125,0.14073580503463745,True,0.13201886415481567
0.4872845411300659,8126,0.47133511304855347,True,0.4393860697746277
0.6556716561317444,8127,0.29503509402275085,True,0.27707430720329285
0.7468377947807312,8128,0.19563941657543182,True,0.18447832763195038
0.8208969831466675,8129,0.14278973639011383,True,0.13492393493652344
0.5931177735328674,8130,0.3775942921638489,True,0.3509264588356018
0.8368815779685974,8131,0.11273887753486633,True,0.10562817752361298
0.7970029711723328,8132,0.14185786247253418,True,0.13491778075695038
0.824860692024231,8133,0.1080746278166771,True,0.09680105745792389
0.5973442196846008,8134,0.37366586923599243,True,0.3519875407218933
0.8471516370773315,8135,0.10441164672374725,True,0.09753252565860748
0.8033769130706787,8136,0.16013985872268677,True,0.15031641721725464
0.5208334922790527,8137,0.4432516396045685,True,0.42943882942199707
0.5736048221588135,8138,0.3837129473686218,True,0.3637104332447052
0.675656259059906,8139,0.28848370909690857,True,0.2680762708187103
0.8879544734954834,8140,0.07188811153173447,True,0.0673699602484703
0.6573115587234497,8141,0.2977631688117981,True,0.288785457611084
0.4688015282154083,8142,0.4881543815135956,True,0.4669688642024994
0.8222630023956299,8143,0.1323307603597641,True,0.12670369446277618
0.7919489145278931,8144,0.14715851843357086,True,0.13426189124584198
0.7303834557533264,8145,0.2236112803220749,True,0.2129024863243103
0.8281209468841553,8146,0.11870453506708145,True,0.11105912178754807
0.8342798352241516,8147,0.11264271289110184,True,0.10093498975038528
0.7797093987464905,8148,0.16380566358566284,True,0.15236707031726837
0.6391679048538208,8149,0.302772581577301,True,0.28871503472328186
0.8139371871948242,8150,0.13540057837963104,True,0.12369804084300995
0.8054795861244202,8151,0.12650339305400848,True,0.11838672310113907
0.49071118235588074,8152,0.4735395908355713,True,0.4534791111946106
0.8992410898208618,8153,0.026566557586193085,True,0.024510135874152184
0.8718622922897339,8154,0.08152896165847778,True,0.07588978111743927
0.7636652588844299,8155,0.20304659008979797,True,0.1920647919178009
0.5163257718086243,8156,0.4383300542831421,True,0.41705021262168884
0.8693106770515442,8157,0.08970984816551208,True,0.08345168828964233
0.838151216506958,8158,0.11615549027919769,True,0.10622779279947281
0.8284311294555664,8159,0.11714750528335571,True,0.11074397712945938
0.8169568777084351,8160,0.13047926127910614,True,0.1218552216887474
0.6247667670249939,8161,0.3256242275238037,True,0.3126245141029358
0.8264822959899902,8162,0.12468954175710678,True,0.11755389720201492
0.8091577291488647,8163,0.1421934962272644,True,0.1324663758277893
0.6323697566986084,8164,0.29736652970314026,True,0.2856655716896057
0.9080667495727539,8165,0.052822213619947433,True,0.05015057697892189
0.4967647194862366,8166,0.47601932287216187,True,0.45161134004592896
0.786942720413208,8167,0.16782988607883453,True,0.1592007875442505
0.7832701206207275,8168,0.17258287966251373,True,0.15817075967788696
0.6985623836517334,8169,0.2469811588525772,True,0.22295694053173065
0.8058451414108276,8170,0.12746918201446533,True,0.12060467898845673
0.657089352607727,8171,0.2891838848590851,True,0.27015817165374756
0.7809374332427979,8172,0.17458511888980865,True,0.16542644798755646
0.5967397689819336,8173,0.36977270245552063,True,0.3517712652683258
0.6703119277954102,8174,0.2592456042766571,True,0.21776534616947174
0.6038579344749451,8175,0.35421204566955566,True,0.33605509996414185
0.773908257484436,8176,0.18620097637176514,True,0.17408472299575806
0.7487208843231201,8177,0.19493639469146729,True,0.18248720467090607
0.7248013615608215,8178,0.23341484367847443,True,0.21760764718055725
0.21686579287052155,8179,0.7620974183082581,True,0.7185287475585938
0.4281309247016907,8180,0.5333775877952576,True,0.5048514604568481
0.5896283388137817,8181,0.3765442371368408,True,0.3547348976135254
0.36349236965179443,8182,0.6190696954727173,True,0.6003550291061401
0.5818554759025574,8183,0.38089919090270996,True,0.36273127794265747
0.7270870804786682,8184,0.22013252973556519,True,0.20854498445987701
0.8312150239944458,8185,0.12140744179487228,True,0.11532451212406158
0.297809362411499,8186,0.6735786199569702,True,0.6457937359809875
0.7856050729751587,8187,0.16751544177532196,True,0.15861500799655914
0.610271155834198,8188,0.3456207513809204,True,0.33281418681144714
0.7526131868362427,8189,0.20094996690750122,True,0.19030983746051788
0.535412609577179,8190,0.43133115768432617,True,0.39829888939857483
0.8700569868087769,8191,0.08181820809841156,True,0.07349874824285507
