non_true_tail_warrant_mass,rank_after_tail_bias,rank_before_tail_bias,rank_gain_from_tail_path,sample_id,true_tail_attention_mass,true_tail_bias,true_tail_copy_mass,true_tail_in_history,true_tail_warrant_mass
0.9947120547294617,4226.0,4213.0,-13.0,6553,0.0,0.0,0.0,False,0.0
0.20781975984573364,2.0,7683.0,7681.0,6554,0.7906144261360168,11.155471801757812,0.7851947546005249,True,0.7868597507476807
0.9939010143280029,2931.0,2911.0,-20.0,6555,0.0,0.0,0.0,False,0.0
0.9949842691421509,2839.0,2817.0,-22.0,6556,0.0,0.0,0.0,False,0.0
0.9951118230819702,6735.0,6730.0,-5.0,6557,0.0,0.0,0.0,False,0.0
0.9946544170379639,279.0,240.0,-39.0,6558,0.0,0.0,0.0,False,0.0
0.37092477083206177,3.0,6409.0,6406.0,6559,0.6264683604240417,10.910144805908203,0.6483557224273682,True,0.6237074136734009
0.9943732023239136,1689.0,1662.0,-27.0,6560,0.0,0.0,0.0,False,0.0
0.9954368472099304,614.0,585.0,-29.0,6561,0.0,0.0,0.0,False,0.0
0.146364226937294,1.0,7194.0,7193.0,6562,0.852561354637146,11.316627502441406,0.8904430866241455,True,0.848610520362854
0.9942196607589722,2607.0,2584.0,-23.0,6563,0.0,0.0,0.0,False,0.0
0.9923950433731079,33.0,1731.0,1698.0,6564,0.001721033826470375,2.845630645751953,0.0010683347936719656,True,0.0017040172824636102
0.9949888586997986,197.0,168.0,-29.0,6565,0.0,0.0,0.0,False,0.0
0.9956002235412598,7464.0,7462.0,-2.0,6566,0.0,0.0,0.0,False,0.0
0.994960367679596,5947.0,5936.0,-11.0,6567,0.0,0.0,0.0,False,0.0
0.21392911672592163,1.0,6927.0,6926.0,6568,0.7841686606407166,11.264759063720703,0.8551133275032043,True,0.7796758413314819
0.9945822954177856,2906.0,2880.0,-26.0,6569,0.0,0.0,0.0,False,0.0
0.9945499897003174,3341.0,3315.0,-26.0,6570,0.0,0.0,0.0,False,0.0
0.9941158294677734,13.0,1000.0,987.0,6571,0.0013435109285637736,3.157527208328247,0.0013985986588522792,True,0.0013352291425690055
0.15869440138339996,1.0,7573.0,7572.0,6572,0.8402181267738342,11.311248779296875,0.8867130279541016,True,0.8364607691764832
0.9952617883682251,6675.0,6668.0,-7.0,6573,0.0,0.0,0.0,False,0.0
0.9936022162437439,4822.0,4807.0,-15.0,6574,0.0,0.0,0.0,False,0.0
0.9946523904800415,5528.0,5521.0,-7.0,6575,0.0,0.0,0.0,False,0.0
0.9901886582374573,11.0,3035.0,3024.0,6576,0.004234517924487591,4.556966304779053,0.0044263312593102455,True,0.004201037809252739
0.9958906173706055,2551.0,2530.0,-21.0,6577,0.0,0.0,0.0,False,0.0
0.9955837726593018,5681.0,5673.0,-8.0,6578,0.0,0.0,0.0,False,0.0
0.17490501701831818,1.0,7507.0,7506.0,6579,0.823643684387207,11.266114234924316,0.8560184240341187,True,0.8190661072731018
0.08811067044734955,1.0,7669.0,7668.0,6580,0.9112651348114014,11.370279312133789,0.9285234212875366,True,0.9069738388061523
0.9943095445632935,5485.0,5476.0,-9.0,6581,0.0,0.0,0.0,False,0.0
0.9928809404373169,971.0,945.0,-26.0,6582,0.0,0.0,0.0,False,0.0
0.9965307116508484,1569.0,1547.0,-22.0,6583,0.0,0.0,0.0,False,0.0
0.9941633343696594,1631.0,1607.0,-24.0,6584,0.0,0.0,0.0,False,0.0
0.9954463243484497,637.0,615.0,-22.0,6585,0.0,0.0,0.0,False,0.0
0.9947917461395264,30.0,10.0,-20.0,6586,0.0,0.0,0.0,False,0.0
0.9860104322433472,714.0,7639.0,6925.0,6587,0.009357275441288948,5.507122039794922,0.00943431630730629,True,0.009294956922531128
0.993783175945282,1571.0,1545.0,-26.0,6588,0.0,0.0,0.0,False,0.0
0.992059588432312,654.0,3140.0,2486.0,6589,0.0008669982198625803,1.866114854812622,0.00042791501618921757,True,0.0008566631586290896
0.9942521452903748,6.0,727.0,721.0,6590,0.0014162072911858559,3.1734185218811035,0.0014176748227328062,True,0.0014066577423363924
0.9955107569694519,5711.0,5700.0,-11.0,6591,0.0,0.0,0.0,False,0.0
0.99498051404953,1933.0,1906.0,-27.0,6592,0.0,0.0,0.0,False,0.0
0.9950461387634277,7135.0,7132.0,-3.0,6593,0.0,0.0,0.0,False,0.0
0.9957057237625122,276.0,252.0,-24.0,6594,0.0,0.0,0.0,False,0.0
0.19534149765968323,1.0,5801.0,5800.0,6595,0.8025730848312378,11.195137023925781,0.8098844885826111,True,0.7970296740531921
0.9953047037124634,3606.0,3581.0,-25.0,6596,0.0,0.0,0.0,False,0.0
0.9812881350517273,3.0,1344.0,1341.0,6597,0.013943846337497234,6.004729270935059,0.013972900807857513,True,0.013850001618266106
0.07845134288072586,1.0,7689.0,7688.0,6598,0.9208933711051941,11.361679077148438,0.9223110675811768,True,0.9158806800842285
0.9950189590454102,1881.0,1855.0,-26.0,6599,0.0,0.0,0.0,False,0.0
0.9945669770240784,3572.0,3559.0,-13.0,6600,0.0,0.0,0.0,False,0.0
0.1310092955827713,1.0,6823.0,6822.0,6601,0.8677915334701538,11.285511016845703,0.8690770864486694,True,0.8625231981277466
0.9957094192504883,1181.0,1159.0,-22.0,6602,0.0,0.0,0.0,False,0.0
0.9939738512039185,365.0,4422.0,4057.0,6603,0.0006814864464104176,2.3434183597564697,0.000679755408782512,True,0.0006761187105439603
0.9943675994873047,1983.0,1957.0,-26.0,6604,0.0,0.0,0.0,False,0.0
0.9958411455154419,5869.0,5865.0,-4.0,6605,0.0,0.0,0.0,False,0.0
0.9938367009162903,1302.0,1280.0,-22.0,6606,0.0,0.0,0.0,False,0.0
0.9954748153686523,755.0,728.0,-27.0,6607,0.0,0.0,0.0,False,0.0
0.9896295070648193,4.0,962.0,958.0,6608,0.004731323104351759,4.6377668380737305,0.004722900688648224,True,0.004696101415902376
0.9909391403198242,5956.0,5948.0,-8.0,6609,0.0,0.0,0.0,False,0.0
0.9939922094345093,22.0,1764.0,1742.0,6610,0.0014739251928403974,3.215900182723999,0.0014698473969474435,True,0.001463167485781014
0.9937100410461426,320.0,3429.0,3109.0,6611,0.0016185473650693893,3.327097177505493,0.0016148887807503343,True,0.001607326790690422
0.9939795732498169,3855.0,3836.0,-19.0,6612,0.0,0.0,0.0,False,0.0
0.9919160604476929,85.0,3241.0,3156.0,6613,0.0018881428986787796,3.5098819732666016,0.0018824300495907664,True,0.001870734035037458
0.9812416434288025,6.0,2838.0,2832.0,6614,0.012187717482447624,5.827972888946533,0.012155706994235516,True,0.012074458412826061
0.9948542714118958,10.0,344.0,334.0,6615,0.0011232133256271482,2.9011106491088867,0.001121361507102847,True,0.0011168436612933874
0.9936915636062622,4626.0,4617.0,-9.0,6616,0.0,0.0,0.0,False,0.0
0.9951143264770508,3562.0,3546.0,-16.0,6617,0.0,0.0,0.0,False,0.0
0.9948892593383789,6668.0,6667.0,-1.0,6618,0.0,0.0,0.0,False,0.0
0.9952147603034973,4394.0,4382.0,-12.0,6619,0.0,0.0,0.0,False,0.0
0.9933065176010132,21.0,1232.0,1211.0,6620,0.001029196078889072,2.799621820449829,0.0010260686976835132,True,0.0010202474659308791
0.9951686263084412,1500.0,1471.0,-29.0,6621,0.0,0.0,0.0,False,0.0
0.995517909526825,1336.0,1311.0,-25.0,6622,0.0,0.0,0.0,False,0.0
0.9952823519706726,667.0,642.0,-25.0,6623,0.0,0.0,0.0,False,0.0
0.9686091542243958,6.0,6057.0,6051.0,6624,0.024610057473182678,6.7231950759887695,0.02457692101597786,True,0.024405233561992645
0.9956895709037781,1035.0,1002.0,-33.0,6625,0.0,0.0,0.0,False,0.0
0.9908050298690796,2.0,69.0,67.0,6626,0.003695201827213168,4.329721927642822,0.0036858776584267616,True,0.003665496362373233
0.9962319135665894,4952.0,4943.0,-9.0,6627,0.0,0.0,0.0,False,0.0
0.9940763115882874,383.0,6303.0,5920.0,6628,0.0010073109297081828,2.775219202041626,0.001004259567707777,True,0.0009993142448365688
0.9956862926483154,2320.0,2294.0,-26.0,6629,0.0,0.0,0.0,False,0.0
0.9954897165298462,1777.0,1751.0,-26.0,6630,0.0,0.0,0.0,False,0.0
0.9938591718673706,2905.0,2879.0,-26.0,6631,0.0,0.0,0.0,False,0.0
0.9939196109771729,901.0,867.0,-34.0,6632,0.0,0.0,0.0,False,0.0
0.9950688481330872,5274.0,5265.0,-9.0,6633,0.0,0.0,0.0,False,0.0
0.9938665628433228,1201.0,1173.0,-28.0,6634,0.0,0.0,0.0,False,0.0
0.989289402961731,23.0,2425.0,2402.0,6635,0.0037226073909550905,4.3383965492248535,0.0037117991596460342,True,0.0036857242230325937
0.9936589002609253,432.0,397.0,-35.0,6636,0.0,0.0,0.0,False,0.0
0.9950293898582458,3925.0,3908.0,-17.0,6637,0.0,0.0,0.0,False,0.0
0.3413733243942261,2.0,7682.0,7680.0,6638,0.6564960479736328,10.92686653137207,0.6568742990493774,True,0.6535196304321289
0.9951210021972656,940.0,916.0,-24.0,6639,0.0,0.0,0.0,False,0.0
0.9957212209701538,7413.0,7411.0,-2.0,6640,0.0,0.0,0.0,False,0.0
0.24130550026893616,1.0,6933.0,6932.0,6641,0.7570633888244629,11.109333992004395,0.7574204206466675,True,0.7534422874450684
0.9940585494041443,5514.0,5505.0,-9.0,6642,0.0,0.0,0.0,False,0.0
0.9934072494506836,2085.0,2052.0,-33.0,6643,0.0,0.0,0.0,False,0.0
0.9933661222457886,4105.0,4086.0,-19.0,6644,0.0,0.0,0.0,False,0.0
0.9663527607917786,29.0,5984.0,5955.0,6645,0.028229115530848503,6.898683071136475,0.028203275054693222,True,0.028045278042554855
0.9936382174491882,913.0,883.0,-30.0,6646,0.0,0.0,0.0,False,0.0
0.9923333525657654,7195.0,7193.0,-2.0,6647,0.0,0.0,0.0,False,0.0
0.9930118918418884,2675.0,2646.0,-29.0,6648,0.0,0.0,0.0,False,0.0
0.9943699836730957,1568.0,1540.0,-28.0,6649,0.0,0.0,0.0,False,0.0
0.9954674243927002,1786.0,1754.0,-32.0,6650,0.0,0.0,0.0,False,0.0
0.995701253414154,4362.0,4348.0,-14.0,6651,0.0,0.0,0.0,False,0.0
0.9925104379653931,7.0,569.0,562.0,6652,0.0036433679051697254,4.313572883605957,0.003638087073341012,True,0.0036240238696336746
0.994168221950531,5703.0,5696.0,-7.0,6653,0.0,0.0,0.0,False,0.0
0.9945608377456665,1688.0,1663.0,-25.0,6654,0.0,0.0,0.0,False,0.0
0.9952719211578369,6552.0,6547.0,-5.0,6655,0.0,0.0,0.0,False,0.0
0.9953757524490356,2236.0,2206.0,-30.0,6656,0.0,0.0,0.0,False,0.0
0.9938916563987732,2519.0,2492.0,-27.0,6657,0.0,0.0,0.0,False,0.0
0.9848040342330933,6.0,502.0,496.0,6658,0.009638955816626549,5.5321478843688965,0.009622950106859207,True,0.00956880021840334
0.9902805089950562,65.0,4164.0,4099.0,6659,0.005663570482283831,4.8624372482299805,0.005652952007949352,True,0.005629833787679672
0.9956261515617371,1768.0,1742.0,-26.0,6660,0.0,0.0,0.0,False,0.0
0.9899709224700928,5.0,1085.0,1080.0,6661,0.005907833110541105,4.915477752685547,0.0058973548002541065,True,0.005872844252735376
0.9931918382644653,99.0,3493.0,3394.0,6662,0.00210864027030766,3.6443698406219482,0.002105135703459382,True,0.0020952143240720034
0.9943842887878418,1179.0,1149.0,-30.0,6663,0.0,0.0,0.0,False,0.0
0.9924556612968445,14.0,972.0,958.0,6664,0.0036400179378688335,4.312322616577148,0.0036344118416309357,True,0.0036201495677232742
0.9913566708564758,16.0,1097.0,1081.0,6665,0.0026675215922296047,3.928314208984375,0.002659607445821166,True,0.0026436506304889917
0.9941674470901489,4075.0,4061.0,-14.0,6666,0.0,0.0,0.0,False,0.0
0.9952152371406555,7646.0,7646.0,0.0,6667,0.0,0.0,0.0,False,0.0
0.9917507767677307,14.0,555.0,541.0,6668,0.0034085139632225037,4.231507301330566,0.0034043218474835157,True,0.0033877717796713114
0.9946498870849609,354.0,318.0,-36.0,6669,0.0,0.0,0.0,False,0.0
0.9951064586639404,1372.0,1342.0,-30.0,6670,0.0,0.0,0.0,False,0.0
0.28646934032440186,3.0,7684.0,7681.0,6671,0.7112700939178467,11.029838562011719,0.711850643157959,True,0.7077001929283142
0.99579918384552,967.0,934.0,-33.0,6672,0.0,0.0,0.0,False,0.0
0.0889119803905487,1.0,7686.0,7685.0,6673,0.9104811549186707,11.345427513122559,0.9106860756874084,True,0.9065883159637451
0.9958129525184631,4669.0,4653.0,-16.0,6674,0.0,0.0,0.0,False,0.0
0.9946607947349548,5567.0,5560.0,-7.0,6675,0.0,0.0,0.0,False,0.0
0.9961308240890503,973.0,944.0,-29.0,6676,0.0,0.0,0.0,False,0.0
0.9922592639923096,198.0,6002.0,5804.0,6677,0.002304431516677141,3.7501587867736816,0.0022975027095526457,True,0.002284968039020896
0.9902753829956055,8.0,1794.0,1786.0,6678,0.0038829403929412365,4.390649795532227,0.003871704451739788,True,0.0038489557337015867
0.9914313554763794,2.0,99.0,97.0,6679,0.0031410714145749807,4.128577709197998,0.0031315165106207132,True,0.0031144367530941963
0.9953653812408447,7219.0,7216.0,-3.0,6680,0.0,0.0,0.0,False,0.0
0.1379348486661911,1.0,7678.0,7677.0,6681,0.8610385656356812,11.274104118347168,0.8613730072975159,True,0.857072651386261
0.9954611659049988,977.0,950.0,-27.0,6682,0.0,0.0,0.0,False,0.0
0.9925948977470398,6.0,1057.0,1051.0,6683,0.0029974442441016436,4.0717597007751465,0.002990052802488208,True,0.002976811956614256
0.9896398782730103,4.0,2391.0,2387.0,6684,0.00519535643979907,4.753525733947754,0.0051817274652421474,True,0.005154754500836134
0.9960376620292664,5308.0,5305.0,-3.0,6685,0.0,0.0,0.0,False,0.0
0.9954028129577637,2432.0,2415.0,-17.0,6686,0.0,0.0,0.0,False,0.0
0.9956471920013428,6923.0,6918.0,-5.0,6687,0.0,0.0,0.0,False,0.0
0.9955127239227295,3782.0,3767.0,-15.0,6688,0.0,0.0,0.0,False,0.0
0.9947009086608887,6461.0,6453.0,-8.0,6689,0.0,0.0,0.0,False,0.0
0.9954842329025269,2906.0,2889.0,-17.0,6690,0.0,0.0,0.0,False,0.0
0.995447039604187,7494.0,7493.0,-1.0,6691,0.0,0.0,0.0,False,0.0
0.9939496517181396,6948.0,6944.0,-4.0,6692,0.0,0.0,0.0,False,0.0
0.9957968592643738,680.0,647.0,-33.0,6693,0.0,0.0,0.0,False,0.0
0.9954359531402588,4324.0,4307.0,-17.0,6694,0.0,0.0,0.0,False,0.0
0.995710551738739,3649.0,3635.0,-14.0,6695,0.0,0.0,0.0,False,0.0
0.9950156807899475,504.0,489.0,-15.0,6696,0.0,0.0,0.0,False,0.0
0.9960473775863647,1018.0,989.0,-29.0,6697,0.0,0.0,0.0,False,0.0
0.99098140001297,12.0,2212.0,2200.0,6698,0.004024705849587917,4.435153484344482,0.0040131318382918835,True,0.003992963116616011
0.9944527745246887,2714.0,2688.0,-26.0,6699,0.0,0.0,0.0,False,0.0
0.9931588172912598,5.0,369.0,364.0,6700,0.0026730408426374197,3.9307210445404053,0.002664852887392044,True,0.002653694013133645
0.995982825756073,7349.0,7347.0,-2.0,6701,0.0,0.0,0.0,False,0.0
0.9928033947944641,9.0,1135.0,1126.0,6702,0.002766959834843874,3.973098039627075,0.002758829854428768,True,0.0027465529274195433
0.9952372312545776,1604.0,1571.0,-33.0,6703,0.0,0.0,0.0,False,0.0
0.9952749013900757,7339.0,7338.0,-1.0,6704,0.0,0.0,0.0,False,0.0
0.9945442080497742,215.0,178.0,-37.0,6705,0.0,0.0,0.0,False,0.0
0.9955014586448669,1424.0,1404.0,-20.0,6706,0.0,0.0,0.0,False,0.0
0.9954990744590759,3708.0,3691.0,-17.0,6707,0.0,0.0,0.0,False,0.0
0.9942895770072937,2817.0,2800.0,-17.0,6708,0.0,0.0,0.0,False,0.0
0.9951899647712708,5302.0,5295.0,-7.0,6709,0.0,0.0,0.0,False,0.0
0.9930395483970642,403.0,4488.0,4085.0,6710,0.0011473665945231915,2.921541452407837,0.0011414746986702085,True,0.0011348249390721321
0.9946351051330566,1710.0,1683.0,-27.0,6711,0.0,0.0,0.0,False,0.0
0.9938486814498901,580.0,4871.0,4291.0,6712,0.0010940119391307235,2.869757890701294,0.0010911131976172328,True,0.0010855859145522118
0.9899629354476929,10.0,2227.0,2217.0,6713,0.00519658112898469,4.755596160888672,0.005190317519009113,True,0.005165030248463154
0.13382822275161743,1.0,7686.0,7685.0,6714,0.8653117418289185,11.280352592468262,0.8655852675437927,True,0.8618083000183105
0.9942449331283569,5545.0,5531.0,-14.0,6715,0.0,0.0,0.0,False,0.0
0.9848438501358032,11.0,5898.0,5887.0,6716,0.010830990970134735,5.67915153503418,0.010808559134602547,True,0.01076105423271656
0.9912204742431641,10.0,2741.0,2731.0,6717,0.004405132494866848,4.546082973480225,0.0043877954594790936,True,0.004368440248072147
0.9941810369491577,2.0,80.0,78.0,6718,0.001643748371861875,3.344910144805908,0.0016393152764067054,True,0.001632452243939042
0.994320273399353,4727.0,4711.0,-16.0,6719,0.0,0.0,0.0,False,0.0
0.9951915740966797,4559.0,4551.0,-8.0,6720,0.0,0.0,0.0,False,0.0
0.9959317445755005,2683.0,2668.0,-15.0,6721,0.0,0.0,0.0,False,0.0
0.11683759838342667,1.0,7684.0,7683.0,6722,0.8823409080505371,11.305314064025879,0.882614254951477,True,0.8784931302070618
0.9957029223442078,2452.0,2429.0,-23.0,6723,0.0,0.0,0.0,False,0.0
0.9942882657051086,5788.0,5779.0,-9.0,6724,0.0,0.0,0.0,False,0.0
0.9922364950180054,16.0,649.0,633.0,6725,0.002778208814561367,3.9775335788726807,0.0027688476257026196,True,0.002754979534074664
0.9903674125671387,17.0,2453.0,2436.0,6726,0.004453408066183329,4.562178134918213,0.004444902762770653,True,0.004421740770339966
0.9900768995285034,200.0,6087.0,5887.0,6727,0.004744201432913542,4.640900611877441,0.004734782036393881,True,0.004710099659860134
0.9775320291519165,9.0,3670.0,3661.0,6728,0.01719817891716957,6.267187595367432,0.017178669571876526,True,0.017086219042539597
0.9947492480278015,5888.0,5883.0,-5.0,6729,0.0,0.0,0.0,False,0.0
0.9932013750076294,21.0,749.0,728.0,6730,0.001314873923547566,3.0821897983551025,0.001311313477344811,True,0.001304108533076942
0.9944697022438049,794.0,763.0,-31.0,6731,0.0,0.0,0.0,False,0.0
0.9925256967544556,489.0,455.0,-34.0,6732,0.0,0.0,0.0,False,0.0
0.9929947853088379,1260.0,1236.0,-24.0,6733,0.0,0.0,0.0,False,0.0
0.9947572946548462,996.0,967.0,-29.0,6734,0.0,0.0,0.0,False,0.0
0.9946337342262268,2024.0,2001.0,-23.0,6735,0.0,0.0,0.0,False,0.0
0.9947313070297241,2780.0,2764.0,-16.0,6736,0.0,0.0,0.0,False,0.0
0.9947589635848999,239.0,206.0,-33.0,6737,0.0,0.0,0.0,False,0.0
0.9928408861160278,7069.0,7066.0,-3.0,6738,0.0,0.0,0.0,False,0.0
0.9943004250526428,1304.0,1273.0,-31.0,6739,0.0,0.0,0.0,False,0.0
0.3539101481437683,3.0,7038.0,7035.0,6740,0.6433514356613159,10.901467323303223,0.6439792513847351,True,0.6401616334915161
0.1805388182401657,1.0,7591.0,7590.0,6741,0.8182609677314758,11.208832740783691,0.8185881972312927,True,0.8146489858627319
0.9940406084060669,2909.0,2894.0,-15.0,6742,0.0,0.0,0.0,False,0.0
0.9906672239303589,16.0,2202.0,2186.0,6743,0.003937236964702606,4.4085869789123535,0.003928115591406822,True,0.00390680180862546
0.9897629022598267,6.0,873.0,867.0,6744,0.004727539606392384,4.637119293212891,0.004720446653664112,True,0.004694282077252865
0.9868229627609253,2257.0,7059.0,4802.0,6745,0.007945113815367222,5.2880473136901855,0.00793125294148922,True,0.00788931455463171
0.9921668171882629,872.0,4904.0,4032.0,6746,0.0031303956639021635,4.123940467834473,0.0031197345815598965,True,0.003104983828961849
0.9747843742370605,8.0,3843.0,3835.0,6747,0.019589640200138092,6.432918548583984,0.019568588584661484,True,0.01945587806403637
0.995076060295105,4260.0,4246.0,-14.0,6748,0.0,0.0,0.0,False,0.0
0.9662532210350037,3.0,2144.0,2141.0,6749,0.02754986099898815,6.867191314697266,0.02751542255282402,True,0.027339112013578415
0.9937347173690796,297.0,269.0,-28.0,6750,0.0,0.0,0.0,False,0.0
0.9904038906097412,164.0,5946.0,5782.0,6751,0.0050337109714746475,4.715289115905762,0.005025564692914486,True,0.00500247860327363
0.9938632249832153,31.0,1544.0,1513.0,6752,0.0012542899930849671,3.0258500576019287,0.0012493119575083256,True,0.0012431982904672623
0.9904286861419678,4065.0,4047.0,-18.0,6753,0.0,0.0,0.0,False,0.0
0.9900725483894348,7.0,743.0,736.0,6754,0.004670246504247189,4.621615409851074,0.004662113264203072,True,0.004637450911104679
0.9941970705986023,4097.0,4088.0,-9.0,6755,0.0,0.0,0.0,False,0.0
0.9946843385696411,1994.0,1974.0,-20.0,6756,0.0,0.0,0.0,False,0.0
0.9947635531425476,4576.0,4560.0,-16.0,6757,0.0,0.0,0.0,False,0.0
0.9952741265296936,1044.0,1015.0,-29.0,6758,0.0,0.0,0.0,False,0.0
0.16510924696922302,1.0,7488.0,7487.0,6759,0.8338778018951416,11.232963562011719,0.8341524600982666,True,0.8304389715194702
0.10521325469017029,1.0,5566.0,5565.0,6760,0.894152820110321,11.322218894958496,0.8943380117416382,True,0.8905394673347473
0.995250403881073,3466.0,3453.0,-13.0,6761,0.0,0.0,0.0,False,0.0
0.994072675704956,3930.0,3918.0,-12.0,6762,0.0,0.0,0.0,False,0.0
0.9954394102096558,4142.0,4126.0,-16.0,6763,0.0,0.0,0.0,False,0.0
0.9867411851882935,22.0,5950.0,5928.0,6764,0.007391741033643484,5.1975531578063965,0.007381577976047993,True,0.007337871938943863
0.9947397112846375,5050.0,5035.0,-15.0,6765,0.0,0.0,0.0,False,0.0
0.9947430491447449,2494.0,2474.0,-20.0,6766,0.0,0.0,0.0,False,0.0
0.978502094745636,814.0,6410.0,5596.0,6767,0.014674695208668709,6.064748287200928,0.014649199321866035,True,0.014547379687428474
0.9936190247535706,4041.0,4029.0,-12.0,6768,0.0,0.0,0.0,False,0.0
0.9951346516609192,4702.0,4693.0,-9.0,6769,0.0,0.0,0.0,False,0.0
0.9857747554779053,4.0,4361.0,4357.0,6770,0.008362953551113605,5.353261947631836,0.008352147415280342,True,0.008302681148052216
0.9944154024124146,2125.0,2101.0,-24.0,6771,0.0,0.0,0.0,False,0.0
0.9947381019592285,2239.0,2215.0,-24.0,6772,0.0,0.0,0.0,False,0.0
0.993998110294342,4508.0,4500.0,-8.0,6773,0.0,0.0,0.0,False,0.0
0.9922203421592712,10.0,1133.0,1123.0,6774,0.0027975160628557205,3.988657236099243,0.0027941225562244654,True,0.0027801531832665205
0.9934130311012268,2378.0,2358.0,-20.0,6775,0.0,0.0,0.0,False,0.0
0.11431939154863358,1.0,7653.0,7652.0,6776,0.8848504424095154,11.308876991271973,0.885072648525238,True,0.8803917765617371
0.9947686195373535,3756.0,3743.0,-13.0,6777,0.0,0.0,0.0,False,0.0
0.11038783937692642,1.0,7689.0,7688.0,6778,0.888717532157898,11.314522743225098,0.8889814019203186,True,0.8839317560195923
0.9958157539367676,3675.0,3659.0,-16.0,6779,0.0,0.0,0.0,False,0.0
0.9949595332145691,5309.0,5295.0,-14.0,6780,0.0,0.0,0.0,False,0.0
0.9950594902038574,113.0,919.0,806.0,6781,0.0002546807227190584,1.3872222900390625,0.00025391715462319553,True,0.0002527268370613456
0.9950150847434998,7677.0,7677.0,0.0,6782,0.0,0.0,0.0,False,0.0
0.9951997995376587,1058.0,1029.0,-29.0,6783,0.0,0.0,0.0,False,0.0
0.9957213401794434,7447.0,7444.0,-3.0,6784,0.0,0.0,0.0,False,0.0
0.9929080009460449,5327.0,5313.0,-14.0,6785,0.0,0.0,0.0,False,0.0
0.9941340684890747,1536.0,1507.0,-29.0,6786,0.0,0.0,0.0,False,0.0
0.9908896684646606,6.0,233.0,227.0,6787,0.0026809275150299072,3.9357447624206543,0.002675832249224186,True,0.0026585685554891825
0.9945952296257019,7031.0,7028.0,-3.0,6788,0.0,0.0,0.0,False,0.0
0.9946812391281128,522.0,495.0,-27.0,6789,0.0,0.0,0.0,False,0.0
0.9956562519073486,5763.0,5755.0,-8.0,6790,0.0,0.0,0.0,False,0.0
0.994459867477417,4205.0,4184.0,-21.0,6791,0.0,0.0,0.0,False,0.0
0.994388222694397,1850.0,1822.0,-28.0,6792,0.0,0.0,0.0,False,0.0
0.9920823574066162,314.0,6466.0,6152.0,6793,0.0032839756458997726,4.1843485832214355,0.003276609582826495,True,0.003261352889239788
0.9948815107345581,4614.0,4598.0,-16.0,6794,0.0,0.0,0.0,False,0.0
0.9886542558670044,20.0,3851.0,3831.0,6795,0.006550120189785957,5.043940544128418,0.006532954517751932,True,0.006501306314021349
0.9943190813064575,17.0,1595.0,1578.0,6796,0.001202116021886468,2.977773666381836,0.001198517857119441,True,0.001193139236420393
0.9948995113372803,1009.0,982.0,-27.0,6797,0.0,0.0,0.0,False,0.0
0.9904178380966187,2.0,115.0,113.0,6798,0.004459439776837826,4.563720703125,0.004450412467122078,True,0.0044274721294641495
0.9930116534233093,9.0,382.0,373.0,6799,0.0019053941359743476,3.5207643508911133,0.001899594091810286,True,0.001889909035526216
0.99490886926651,2314.0,2297.0,-17.0,6800,0.0,0.0,0.0,False,0.0
0.9845207333564758,11.0,3034.0,3023.0,6801,0.011469237506389618,5.752459526062012,0.011452612467110157,True,0.011405961588025093
0.10145395249128342,1.0,7648.0,7647.0,6802,0.897606611251831,11.3273286819458,0.8979114890098572,True,0.8923300504684448
0.9948081970214844,2347.0,2326.0,-21.0,6803,0.0,0.0,0.0,False,0.0
0.9885319471359253,7.0,1819.0,1812.0,6804,0.005204681307077408,4.755246639251709,0.005188866518437862,True,0.00515611469745636
0.9950422644615173,4090.0,4072.0,-18.0,6805,0.0,0.0,0.0,False,0.0
0.9953793287277222,4336.0,4323.0,-13.0,6806,0.0,0.0,0.0,False,0.0
0.9945586919784546,2858.0,2836.0,-22.0,6807,0.0,0.0,0.0,False,0.0
0.9944925308227539,99.0,70.0,-29.0,6808,0.0,0.0,0.0,False,0.0
0.9902513027191162,15.0,4592.0,4577.0,6809,0.0045340233482420444,4.584052085876465,0.004523669369518757,True,0.0044999257661402225
0.9902947545051575,215.0,6806.0,6591.0,6810,0.0036104219034314156,4.300691604614258,0.0036003971472382545,True,0.0035783378407359123
0.9950268864631653,4063.0,4043.0,-20.0,6811,0.0,0.0,0.0,False,0.0
0.19050192832946777,3.0,7630.0,7627.0,6812,0.8076741695404053,11.192499160766602,0.808218240737915,True,0.8028250932693481
0.9943448305130005,5951.0,5940.0,-11.0,6813,0.0,0.0,0.0,False,0.0
0.9952279925346375,2420.0,2399.0,-21.0,6814,0.0,0.0,0.0,False,0.0
0.9882445335388184,3.0,67.0,64.0,6815,0.00426087249070406,4.507228374481201,0.004252857994288206,True,0.004220814444124699
0.993183434009552,6261.0,6253.0,-8.0,6816,0.0,0.0,0.0,False,0.0
0.9895839691162109,12.0,782.0,770.0,6817,0.005217991769313812,4.760645389556885,0.005211323965340853,True,0.00518405856564641
0.1893649697303772,2.0,7672.0,7670.0,6818,0.8092367649078369,11.19470500946045,0.809610903263092,True,0.8052561283111572
0.9943172335624695,2693.0,2670.0,-23.0,6819,0.0,0.0,0.0,False,0.0
0.9864462614059448,9.0,2210.0,2201.0,6820,0.008174251765012741,5.324269771575928,0.00816238671541214,True,0.008118017576634884
0.9947128891944885,2588.0,2566.0,-22.0,6821,0.0,0.0,0.0,False,0.0
0.9943926334381104,5436.0,5424.0,-12.0,6822,0.0,0.0,0.0,False,0.0
0.9942763447761536,4604.0,4594.0,-10.0,6823,0.0,0.0,0.0,False,0.0
0.9948729276657104,291.0,262.0,-29.0,6824,0.0,0.0,0.0,False,0.0
0.9947447776794434,969.0,939.0,-30.0,6825,0.0,0.0,0.0,False,0.0
0.9952526688575745,5579.0,5573.0,-6.0,6826,0.0,0.0,0.0,False,0.0
0.9951438903808594,2321.0,2299.0,-22.0,6827,0.0,0.0,0.0,False,0.0
0.9929274320602417,14.0,463.0,449.0,6828,0.0012541519245132804,3.027686595916748,0.0012512902030721307,True,0.0012439970159903169
0.9846333265304565,7.0,906.0,899.0,6829,0.008792180567979813,5.415717601776123,0.008775824680924416,True,0.008717473596334457
0.9944181442260742,3528.0,3506.0,-22.0,6830,0.0,0.0,0.0,False,0.0
0.993179440498352,295.0,261.0,-34.0,6831,0.0,0.0,0.0,False,0.0
0.9930199980735779,833.0,802.0,-31.0,6832,0.0,0.0,0.0,False,0.0
0.9413192272186279,20.0,6507.0,6487.0,6833,0.05238289758563042,7.687514781951904,0.05230913311243057,True,0.05195744335651398
0.9567712545394897,1.0,556.0,555.0,6834,0.037289995700120926,7.25295877456665,0.037226952612400055,True,0.03699488937854767
0.9941039681434631,5565.0,5556.0,-9.0,6835,0.0,0.0,0.0,False,0.0
0.9944410920143127,2314.0,2296.0,-18.0,6836,0.0,0.0,0.0,False,0.0
0.9891089200973511,7.0,374.0,367.0,6837,0.004313672427088022,4.522157669067383,0.004304222762584686,True,0.00427574897184968
0.9932512044906616,1717.0,1691.0,-26.0,6838,0.0,0.0,0.0,False,0.0
0.9928849935531616,4383.0,4368.0,-15.0,6839,0.0,0.0,0.0,False,0.0
0.9936878085136414,4352.0,4342.0,-10.0,6840,0.0,0.0,0.0,False,0.0
0.9954433441162109,3761.0,3747.0,-14.0,6841,0.0,0.0,0.0,False,0.0
0.9928797483444214,3015.0,2994.0,-21.0,6842,0.0,0.0,0.0,False,0.0
0.9865396022796631,312.0,7422.0,7110.0,6843,0.008099609054625034,5.311703681945801,0.008081460371613503,True,0.008037636056542397
0.9935497045516968,3553.0,3537.0,-16.0,6844,0.0,0.0,0.0,False,0.0
0.9954290390014648,5498.0,5489.0,-9.0,6845,0.0,0.0,0.0,False,0.0
0.9104309678077698,1.0,4042.0,4041.0,6846,0.08367367088794708,8.285849571228027,0.08351673185825348,True,0.0829651951789856
0.9574195742607117,3.0,1969.0,1966.0,6847,0.03667772188782692,7.231294631958008,0.03660067543387413,True,0.036373499780893326
0.9933685064315796,2061.0,2039.0,-22.0,6848,0.0,0.0,0.0,False,0.0
0.9930063486099243,1102.0,1071.0,-31.0,6849,0.0,0.0,0.0,False,0.0
0.99357008934021,6000.0,5996.0,-4.0,6850,0.0,0.0,0.0,False,0.0
0.9940442442893982,649.0,614.0,-35.0,6851,0.0,0.0,0.0,False,0.0
0.9933781027793884,4768.0,4751.0,-17.0,6852,0.0,0.0,0.0,False,0.0
0.9926031231880188,1894.0,1863.0,-31.0,6853,0.0,0.0,0.0,False,0.0
0.9950512051582336,6488.0,6482.0,-6.0,6854,0.0,0.0,0.0,False,0.0
0.9940704107284546,124.0,103.0,-21.0,6855,0.0,0.0,0.0,False,0.0
0.9933210611343384,2168.0,2147.0,-21.0,6856,0.0,0.0,0.0,False,0.0
0.9938730597496033,3660.0,3642.0,-18.0,6857,0.0,0.0,0.0,False,0.0
0.9900676012039185,2910.0,2885.0,-25.0,6858,0.0,0.0,0.0,False,0.0
0.2907543182373047,4.0,7629.0,7625.0,6859,0.7067188024520874,11.021625518798828,0.7073014378547668,True,0.7026032209396362
0.9955266714096069,6556.0,6554.0,-2.0,6860,0.0,0.0,0.0,False,0.0
0.9942827224731445,2157.0,2133.0,-24.0,6861,0.0,0.0,0.0,False,0.0
0.9949250817298889,4047.0,4030.0,-17.0,6862,0.0,0.0,0.0,False,0.0
0.2757589817047119,2.0,6999.0,6997.0,6863,0.7217442393302917,11.048654556274414,0.7223827838897705,True,0.7175477147102356
0.22983229160308838,1.0,7686.0,7685.0,6864,0.768189549446106,11.128314018249512,0.7687251567840576,True,0.763930082321167
0.9933692812919617,4886.0,4870.0,-16.0,6865,0.0,0.0,0.0,False,0.0
0.9949615001678467,5810.0,5804.0,-6.0,6866,0.0,0.0,0.0,False,0.0
0.9934889078140259,1960.0,1935.0,-25.0,6867,0.0,0.0,0.0,False,0.0
0.9945520162582397,4126.0,4112.0,-14.0,6868,0.0,0.0,0.0,False,0.0
0.15539726614952087,1.0,7669.0,7668.0,6869,0.8436471223831177,11.247881889343262,0.8439227938652039,True,0.8402459621429443
0.2128494679927826,2.0,6867.0,6865.0,6870,0.7848848700523376,11.15601634979248,0.7855280041694641,True,0.7795854210853577
0.9943946003913879,4676.0,4658.0,-18.0,6871,0.0,0.0,0.0,False,0.0
0.9926888346672058,26.0,2992.0,2966.0,6872,0.0021382339764386415,3.659668445587158,0.0021319822408258915,True,0.0021209167316555977
0.9555076360702515,5.0,4912.0,4907.0,6873,0.037992626428604126,7.275827884674072,0.03789966553449631,True,0.03763996437191963
0.16558204591274261,1.0,6735.0,6734.0,6874,0.8324078321456909,11.23122501373291,0.8330214023590088,True,0.8260539770126343
0.9945850372314453,4142.0,4127.0,-15.0,6875,0.0,0.0,0.0,False,0.0
0.9951431751251221,2981.0,2961.0,-20.0,6876,0.0,0.0,0.0,False,0.0
0.9939226508140564,2841.0,2820.0,-21.0,6877,0.0,0.0,0.0,False,0.0
0.09467970579862595,2.0,7591.0,7589.0,6878,0.9045988321304321,11.337163925170898,0.9048309922218323,True,0.9001787900924683
0.9949943423271179,128.0,2297.0,2169.0,6879,0.000553022779058665,2.1220245361328125,0.0005512573989108205,True,0.0005488005699589849
0.9941269755363464,3985.0,3976.0,-9.0,6880,0.0,0.0,0.0,False,0.0
0.05508168786764145,1.0,7459.0,7458.0,6881,0.9444708824157715,11.392301559448242,0.944621741771698,True,0.9395636320114136
0.9944109916687012,1304.0,1272.0,-32.0,6882,0.0,0.0,0.0,False,0.0
0.9800810813903809,2.0,1593.0,1591.0,6883,0.014361001551151276,6.03612756729126,0.014322743751108646,True,0.01424142625182867
0.9799245595932007,3.0,3684.0,3681.0,6884,0.01589968428015709,6.166225433349609,0.015867216512560844,True,0.01579936593770981
0.9678491353988647,7.0,5071.0,5064.0,6885,0.0270747859030962,6.844125747680664,0.027022238820791245,True,0.026879800483584404
0.994705080986023,255.0,230.0,-25.0,6886,0.0,0.0,0.0,False,0.0
0.9947035312652588,3805.0,3788.0,-17.0,6887,0.0,0.0,0.0,False,0.0
0.9946966171264648,2892.0,2869.0,-23.0,6888,0.0,0.0,0.0,False,0.0
0.9953017830848694,2535.0,2513.0,-22.0,6889,0.0,0.0,0.0,False,0.0
0.9932482242584229,3.0,391.0,388.0,6890,0.0025472701527178288,3.8736467361450195,0.002543094800785184,True,0.002532364334911108
0.9941798448562622,1907.0,5070.0,3163.0,6891,0.0005381163209676743,2.0944299697875977,0.0005367421545088291,True,0.0005339047638699412
0.9927334189414978,1409.0,1389.0,-20.0,6892,0.0,0.0,0.0,False,0.0
0.9938039779663086,17.0,1510.0,1493.0,6893,0.0020156085956841707,3.58943247795105,0.0020113296341151,True,0.002002895809710026
0.049145571887493134,1.0,7608.0,7607.0,6894,0.9505444765090942,11.4004487991333,0.9506474137306213,True,0.9466609954833984
0.9946265816688538,5999.0,5992.0,-7.0,6895,0.0,0.0,0.0,False,0.0
0.9958605170249939,1039.0,1015.0,-24.0,6896,0.0,0.0,0.0,False,0.0
0.9947497248649597,1187.0,1159.0,-28.0,6897,0.0,0.0,0.0,False,0.0
0.9947470426559448,5818.0,5805.0,-13.0,6898,0.0,0.0,0.0,False,0.0
0.9958774447441101,1727.0,1707.0,-20.0,6899,0.0,0.0,0.0,False,0.0
0.9959020018577576,1059.0,1035.0,-24.0,6900,0.0,0.0,0.0,False,0.0
0.9943760633468628,2227.0,2212.0,-15.0,6901,0.0,0.0,0.0,False,0.0
0.9943771958351135,2526.0,2510.0,-16.0,6902,0.0,0.0,0.0,False,0.0
0.10299466550350189,1.0,4828.0,4827.0,6903,0.8961300253868103,11.325165748596191,0.8963965773582458,True,0.8911293148994446
0.9958875775337219,1086.0,1064.0,-22.0,6904,0.0,0.0,0.0,False,0.0
0.9867243766784668,6.0,5128.0,5122.0,6905,0.008316272869706154,5.346892833709717,0.00831009354442358,True,0.00826848391443491
0.9948412179946899,1919.0,1904.0,-15.0,6906,0.0,0.0,0.0,False,0.0
0.993229866027832,37.0,3516.0,3479.0,6907,0.002120490651577711,3.6516335010528564,0.0021178422030061483,True,0.0021079685539007187
0.9947190284729004,1694.0,1674.0,-20.0,6908,0.0,0.0,0.0,False,0.0
0.9943184852600098,3260.0,3241.0,-19.0,6909,0.0,0.0,0.0,False,0.0
0.9949082732200623,3915.0,3905.0,-10.0,6910,0.0,0.0,0.0,False,0.0
0.9947206974029541,3458.0,3440.0,-18.0,6911,0.0,0.0,0.0,False,0.0
0.9773993492126465,2.0,883.0,881.0,6912,0.017430350184440613,6.282756805419922,0.017390258610248566,True,0.01729804277420044
0.9938080906867981,5523.0,5514.0,-9.0,6913,0.0,0.0,0.0,False,0.0
0.9958095550537109,1481.0,1457.0,-24.0,6914,0.0,0.0,0.0,False,0.0
0.9946302175521851,5268.0,7263.0,1995.0,6915,0.00029885664116591215,1.5258828401565552,0.00029779935721307993,True,0.00029628846095874906
0.9955846667289734,2224.0,2206.0,-18.0,6916,0.0,0.0,0.0,False,0.0
0.9947165250778198,2344.0,2321.0,-23.0,6917,0.0,0.0,0.0,False,0.0
0.9949458837509155,656.0,625.0,-31.0,6918,0.0,0.0,0.0,False,0.0
0.9943619966506958,2807.0,2786.0,-21.0,6919,0.0,0.0,0.0,False,0.0
0.9945629835128784,7634.0,7633.0,-1.0,6920,0.0,0.0,0.0,False,0.0
0.0734381377696991,1.0,5656.0,5655.0,6921,0.9259861707687378,11.367013931274414,0.9261597394943237,True,0.9211173057556152
0.19754266738891602,1.0,7196.0,7195.0,6922,0.800258457660675,11.180805206298828,0.8008753061294556,True,0.7945125102996826
0.9915775060653687,37.0,5491.0,5454.0,6923,0.0035195534583181143,4.269168376922607,0.003509744070470333,True,0.0034924407955259085
0.9946715831756592,192.0,169.0,-23.0,6924,0.0,0.0,0.0,False,0.0
0.9937318563461304,3317.0,3297.0,-20.0,6925,0.0,0.0,0.0,False,0.0
0.9945029020309448,4640.0,4627.0,-13.0,6926,0.0,0.0,0.0,False,0.0
0.9829589128494263,3.0,3622.0,3619.0,6927,0.01189601980149746,5.79685640335083,0.011860962957143784,True,0.01179878506809473
0.9949184656143188,4395.0,4381.0,-14.0,6928,0.0,0.0,0.0,False,0.0
0.9800702333450317,4.0,5062.0,5058.0,6929,0.013994010165333748,6.005572319030762,0.013982188887894154,True,0.013897850178182125
0.9532080888748169,3.0,5680.0,5677.0,6930,0.04209693893790245,7.409126281738281,0.04206891357898712,True,0.04186149686574936
0.9956287145614624,3586.0,3569.0,-17.0,6931,0.0,0.0,0.0,False,0.0
0.9940722584724426,3066.0,3051.0,-15.0,6932,0.0,0.0,0.0,False,0.0
0.9587218761444092,2.0,1756.0,1754.0,6933,0.036336515098810196,7.219318389892578,0.03625898063182831,True,0.036070145666599274
0.9937143325805664,968.0,6404.0,5436.0,6934,0.0005432197940535843,2.1028048992156982,0.000541114539373666,True,0.0005380043876357377
0.9940478801727295,1314.0,1283.0,-31.0,6935,0.0,0.0,0.0,False,0.0
0.9813176393508911,23.0,5913.0,5890.0,6936,0.014486744999885559,6.048420429229736,0.014462064951658249,True,0.014400135725736618
0.9956845045089722,647.0,614.0,-33.0,6937,0.0,0.0,0.0,False,0.0
0.9851299524307251,8.0,971.0,963.0,6938,0.009468882344663143,5.50907564163208,0.009448910132050514,True,0.009397197514772415
0.9900488257408142,11.0,3708.0,3697.0,6939,0.0048562148585915565,4.670732498168945,0.004849371965974569,True,0.004824510775506496
0.9945211410522461,4151.0,4137.0,-14.0,6940,0.0,0.0,0.0,False,0.0
0.9944906234741211,7475.0,7475.0,0.0,6941,0.0,0.0,0.0,False,0.0
0.9945451021194458,5467.0,5458.0,-9.0,6942,0.0,0.0,0.0,False,0.0
0.9944760799407959,5836.0,5832.0,-4.0,6943,0.0,0.0,0.0,False,0.0
0.9943497180938721,1343.0,1312.0,-31.0,6944,0.0,0.0,0.0,False,0.0
0.9776344299316406,4.0,4323.0,4319.0,6945,0.01772916130721569,6.304652690887451,0.017692219465970993,True,0.017608050256967545
0.9780064821243286,10.0,5322.0,5312.0,6946,0.016760308295488358,6.235111713409424,0.016750767827033997,True,0.016661450266838074
0.9418594837188721,3.0,4165.0,4162.0,6947,0.053134214133024216,7.7066874504089355,0.053099654614925385,True,0.052816979587078094
0.9945365786552429,2539.0,2517.0,-22.0,6948,0.0,0.0,0.0,False,0.0
0.9937822818756104,1650.0,1622.0,-28.0,6949,0.0,0.0,0.0,False,0.0
0.995090901851654,579.0,553.0,-26.0,6950,0.0,0.0,0.0,False,0.0
0.9902093410491943,168.0,7018.0,6850.0,6951,0.004914896562695503,4.686750888824463,0.004912008531391621,True,0.004887926392257214
0.9935484528541565,5833.0,5825.0,-8.0,6952,0.0,0.0,0.0,False,0.0
0.9932236075401306,4859.0,4846.0,-13.0,6953,0.0,0.0,0.0,False,0.0
0.9919891357421875,7004.0,7000.0,-4.0,6954,0.0,0.0,0.0,False,0.0
0.9939145445823669,1587.0,1559.0,-28.0,6955,0.0,0.0,0.0,False,0.0
0.9951845407485962,4384.0,4367.0,-17.0,6956,0.0,0.0,0.0,False,0.0
0.9887614250183105,22.0,3498.0,3476.0,6957,0.005408924538642168,4.803442478179932,0.0053927358239889145,True,0.005361039657145739
0.98402339220047,15.0,3261.0,3246.0,6958,0.010630317032337189,5.6551432609558105,0.01060551404953003,True,0.0105479396879673
0.9952678680419922,3583.0,3567.0,-16.0,6959,0.0,0.0,0.0,False,0.0
0.9942494034767151,7180.0,7174.0,-6.0,6960,0.0,0.0,0.0,False,0.0
0.9925322532653809,601.0,6716.0,6115.0,6961,0.0017716444563120604,3.4319326877593994,0.0017636541742831469,True,0.0017535763327032328
0.9799710512161255,7.0,1688.0,1681.0,6962,0.01271805539727211,5.8836989402771,0.01270180195569992,True,0.012607535347342491
0.13507498800754547,1.0,7645.0,7644.0,6963,0.8636540174484253,11.278074264526367,0.8640466928482056,True,0.8584643602371216
0.9534167051315308,2.0,2959.0,2957.0,6964,0.042522747069597244,7.421064376831055,0.04246390610933304,True,0.042281217873096466
0.9939985275268555,12.0,384.0,372.0,6965,0.0010656514205038548,2.8398168087005615,0.0010629096068441868,True,0.0010576547356322408
0.9932098388671875,3272.0,3250.0,-22.0,6966,0.0,0.0,0.0,False,0.0
0.994592547416687,4530.0,4513.0,-17.0,6967,0.0,0.0,0.0,False,0.0
0.994251012802124,3780.0,3758.0,-22.0,6968,0.0,0.0,0.0,False,0.0
0.2187567502260208,1.0,7679.0,7678.0,6969,0.7797089219093323,11.147183418273926,0.7801307439804077,True,0.776183545589447
0.9955840110778809,1917.0,1894.0,-23.0,6970,0.0,0.0,0.0,False,0.0
0.9936072826385498,15.0,1150.0,1135.0,6971,0.0010317654814571142,2.80082106590271,0.0010271514765918255,True,0.001021634554490447
0.9940663576126099,2206.0,2177.0,-29.0,6972,0.0,0.0,0.0,False,0.0
0.9833725094795227,12.0,1608.0,1596.0,6973,0.011152220889925957,5.717082977294922,0.011137210763990879,True,0.011075375601649284
0.9942449927330017,4883.0,4869.0,-14.0,6974,0.0,0.0,0.0,False,0.0
0.9947926998138428,1735.0,1708.0,-27.0,6975,0.0,0.0,0.0,False,0.0
0.9939819574356079,832.0,805.0,-27.0,6976,0.0,0.0,0.0,False,0.0
0.9936242699623108,5144.0,5129.0,-15.0,6977,0.0,0.0,0.0,False,0.0
0.9949960708618164,3324.0,3306.0,-18.0,6978,0.0,0.0,0.0,False,0.0
0.9928869009017944,27.0,2035.0,2008.0,6979,0.001508859684690833,3.242586612701416,0.0015035170363262296,True,0.0014950701734051108
0.9819288849830627,7.0,900.0,893.0,6980,0.01039032731205225,5.6253533363342285,0.010358812287449837,True,0.010278086178004742
0.9941060543060303,252.0,230.0,-22.0,6981,0.0,0.0,0.0,False,0.0
0.9924873113632202,1863.0,1830.0,-33.0,6982,0.0,0.0,0.0,False,0.0
0.994586706161499,4230.0,4213.0,-17.0,6983,0.0,0.0,0.0,False,0.0
0.9933040142059326,56.0,28.0,-28.0,6984,0.0,0.0,0.0,False,0.0
0.9936084747314453,4826.0,4811.0,-15.0,6985,0.0,0.0,0.0,False,0.0
0.9935103058815002,4020.0,4004.0,-16.0,6986,0.0,0.0,0.0,False,0.0
0.9954127073287964,359.0,319.0,-40.0,6987,0.0,0.0,0.0,False,0.0
0.9954713582992554,6690.0,6687.0,-3.0,6988,0.0,0.0,0.0,False,0.0
0.9950835704803467,6562.0,6555.0,-7.0,6989,0.0,0.0,0.0,False,0.0
0.989998996257782,432.0,6054.0,5622.0,6990,0.004303307738155127,4.519322872161865,0.004294422920793295,True,0.004269810859113932
0.9931092262268066,7542.0,7539.0,-3.0,6991,0.0,0.0,0.0,False,0.0
0.9936951398849487,6504.0,6497.0,-7.0,6992,0.0,0.0,0.0,False,0.0
0.9936580061912537,7098.0,7092.0,-6.0,6993,0.0,0.0,0.0,False,0.0
0.9539282917976379,22.0,6461.0,6439.0,6994,0.038461074233055115,7.29148006439209,0.03836706280708313,True,0.03805966302752495
0.9945286512374878,3696.0,3677.0,-19.0,6995,0.0,0.0,0.0,False,0.0
0.28229379653930664,1.0,4991.0,4990.0,6996,0.7158929109573364,11.037938117980957,0.7163649797439575,True,0.7129773497581482
0.994712233543396,3970.0,3949.0,-21.0,6997,0.0,0.0,0.0,False,0.0
0.9948216676712036,6497.0,6492.0,-5.0,6998,0.0,0.0,0.0,False,0.0
0.9931483268737793,1949.0,1924.0,-25.0,6999,0.0,0.0,0.0,False,0.0
0.9945741891860962,94.0,59.0,-35.0,7000,0.0,0.0,0.0,False,0.0
0.9945710301399231,3016.0,2989.0,-27.0,7001,0.0,0.0,0.0,False,0.0
0.9916934967041016,18.0,587.0,569.0,7002,0.002243013819679618,3.718251943588257,0.0022378016728907824,True,0.002224190626293421
0.9912013411521912,17.0,1401.0,1384.0,7003,0.0038930748123675585,4.395401954650879,0.003886573016643524,True,0.0038674073293805122
0.17917874455451965,2.0,7628.0,7626.0,7004,0.8190796971321106,11.210391998291016,0.8195852637290955,True,0.8139703869819641
0.925919234752655,1.0,4270.0,4269.0,7005,0.0686131939291954,8.031311988830566,0.06844703108072281,True,0.06803308427333832
0.9952080249786377,38.0,7.0,-31.0,7006,0.0,0.0,0.0,False,0.0
0.9956991672515869,2573.0,2551.0,-22.0,7007,0.0,0.0,0.0,False,0.0
0.9956034421920776,1756.0,1732.0,-24.0,7008,0.0,0.0,0.0,False,0.0
0.9869399070739746,12.0,2131.0,2119.0,7009,0.006911035161465406,5.111903667449951,0.006895896978676319,True,0.006853094324469566
0.9931879043579102,4835.0,4826.0,-9.0,7010,0.0,0.0,0.0,False,0.0
0.9955054521560669,4796.0,4791.0,-5.0,7011,0.0,0.0,0.0,False,0.0
0.22429482638835907,2.0,7072.0,7070.0,7012,0.7735949754714966,11.137383460998535,0.7741867303848267,True,0.7689809799194336
0.9909508228302002,483.0,7206.0,6723.0,7013,0.0031051638070493937,4.114592552185059,0.003096112748607993,True,0.0030776241328567266
0.9934439063072205,2416.0,2391.0,-25.0,7014,0.0,0.0,0.0,False,0.0
0.9945856332778931,5022.0,5008.0,-14.0,7015,0.0,0.0,0.0,False,0.0
0.9955545663833618,696.0,665.0,-31.0,7016,0.0,0.0,0.0,False,0.0
0.9945488572120667,3307.0,3284.0,-23.0,7017,0.0,0.0,0.0,False,0.0
0.9942525625228882,3968.0,3955.0,-13.0,7018,0.0,0.0,0.0,False,0.0
0.9955127239227295,6470.0,6468.0,-2.0,7019,0.0,0.0,0.0,False,0.0
0.9942371845245361,5878.0,5869.0,-9.0,7020,0.0,0.0,0.0,False,0.0
0.9940032958984375,5196.0,5186.0,-10.0,7021,0.0,0.0,0.0,False,0.0
0.9934873580932617,4698.0,4682.0,-16.0,7022,0.0,0.0,0.0,False,0.0
0.9957099556922913,5090.0,5076.0,-14.0,7023,0.0,0.0,0.0,False,0.0
0.995550274848938,1106.0,1073.0,-33.0,7024,0.0,0.0,0.0,False,0.0
0.9925436973571777,5236.0,5219.0,-17.0,7025,0.0,0.0,0.0,False,0.0
0.9945806860923767,3883.0,3865.0,-18.0,7026,0.0,0.0,0.0,False,0.0
0.9950719475746155,3608.0,3591.0,-17.0,7027,0.0,0.0,0.0,False,0.0
0.9953280687332153,5899.0,5896.0,-3.0,7028,0.0,0.0,0.0,False,0.0
0.9681985974311829,10.0,5816.0,5806.0,7029,0.02752136066555977,6.865136623382568,0.02747112140059471,True,0.027348803356289864
0.9932736754417419,1736.0,1700.0,-36.0,7030,0.0,0.0,0.0,False,0.0
0.9936783313751221,46.0,4750.0,4704.0,7031,0.0012129609240218997,2.9889535903930664,0.0012101602042093873,True,0.0012039670255035162
0.9941572546958923,428.0,389.0,-39.0,7032,0.0,0.0,0.0,False,0.0
0.9949862957000732,1535.0,1507.0,-28.0,7033,0.0,0.0,0.0,False,0.0
0.9946720600128174,1535.0,1503.0,-32.0,7034,0.0,0.0,0.0,False,0.0
0.9934451580047607,3671.0,3652.0,-19.0,7035,0.0,0.0,0.0,False,0.0
0.2886126637458801,2.0,7635.0,7633.0,7036,0.7098149061203003,11.026771545410156,0.7101482152938843,True,0.7071120142936707
0.9949493408203125,2970.0,2950.0,-20.0,7037,0.0,0.0,0.0,False,0.0
0.9939560890197754,1735.0,1704.0,-31.0,7038,0.0,0.0,0.0,False,0.0
0.9946736693382263,3026.0,3005.0,-21.0,7039,0.0,0.0,0.0,False,0.0
0.9936972260475159,312.0,283.0,-29.0,7040,0.0,0.0,0.0,False,0.0
0.2588180899620056,1.0,7481.0,7480.0,7041,0.7395217418670654,11.07928466796875,0.7398619651794434,True,0.7361079454421997
0.9955398440361023,4673.0,4661.0,-12.0,7042,0.0,0.0,0.0,False,0.0
0.16934019327163696,1.0,7536.0,7535.0,7043,0.8295559883117676,11.226308822631836,0.8298311829566956,True,0.8257905840873718
0.1396225094795227,1.0,7675.0,7674.0,7044,0.8595669269561768,11.271739959716797,0.8597860336303711,True,0.8561590909957886
0.9934787750244141,164.0,6334.0,6170.0,7045,0.0017456944333389401,3.417268991470337,0.0017421063967049122,True,0.001733766170218587
0.12424119561910629,1.0,7682.0,7681.0,7046,0.8748696446418762,11.294378280639648,0.8751124143600464,True,0.8705832958221436
0.21522760391235352,2.0,5154.0,5152.0,7047,0.7830539345741272,11.152678489685059,0.7834840416908264,True,0.778821587562561
0.9945068955421448,6289.0,6281.0,-8.0,7048,0.0,0.0,0.0,False,0.0
0.1030493825674057,1.0,6943.0,6942.0,7049,0.8961045145988464,11.32510757446289,0.8963561058044434,True,0.8912144303321838
0.9951245188713074,7532.0,7530.0,-2.0,7050,0.0,0.0,0.0,False,0.0
0.9950730204582214,5811.0,5808.0,-3.0,7051,0.0,0.0,0.0,False,0.0
0.9929933547973633,4068.0,4050.0,-18.0,7052,0.0,0.0,0.0,False,0.0
0.9955176711082458,5657.0,5650.0,-7.0,7053,0.0,0.0,0.0,False,0.0
0.9933958649635315,45.0,3119.0,3074.0,7054,0.0016588972648605704,3.3571784496307373,0.0016563371755182743,True,0.0016481283819302917
0.9934052228927612,4421.0,4410.0,-11.0,7055,0.0,0.0,0.0,False,0.0
0.9949125647544861,5463.0,5450.0,-13.0,7056,0.0,0.0,0.0,False,0.0
0.9956463575363159,4031.0,4015.0,-16.0,7057,0.0,0.0,0.0,False,0.0
0.9947478175163269,5410.0,5396.0,-14.0,7058,0.0,0.0,0.0,False,0.0
0.9960269927978516,1758.0,1733.0,-25.0,7059,0.0,0.0,0.0,False,0.0
0.995832085609436,297.0,267.0,-30.0,7060,0.0,0.0,0.0,False,0.0
0.12346002459526062,1.0,6994.0,6993.0,7061,0.8755379915237427,11.295424461364746,0.8758277893066406,True,0.8708043694496155
0.9952552914619446,760.0,722.0,-38.0,7062,0.0,0.0,0.0,False,0.0
0.9930542707443237,4387.0,7587.0,3200.0,7063,0.0014962195418775082,3.2325968742370605,0.0014908311422914267,True,0.0014826867263764143
0.05536314472556114,1.0,7689.0,7688.0,7064,0.9442371726036072,11.391946792602539,0.9443604350090027,True,0.9396702647209167
0.993732750415802,1917.0,1889.0,-28.0,7065,0.0,0.0,0.0,False,0.0
0.9952466487884521,892.0,855.0,-37.0,7066,0.0,0.0,0.0,False,0.0
0.9947216510772705,2963.0,2946.0,-17.0,7067,0.0,0.0,0.0,False,0.0
0.9930567145347595,17.0,963.0,946.0,7068,0.0015915344702079892,3.305497646331787,0.001585721387527883,True,0.001577212242409587
0.994868278503418,6055.0,6048.0,-7.0,7069,0.0,0.0,0.0,False,0.0
0.9960063099861145,2026.0,2003.0,-23.0,7070,0.0,0.0,0.0,False,0.0
0.9936575889587402,847.0,821.0,-26.0,7071,0.0,0.0,0.0,False,0.0
0.08325774222612381,1.0,7597.0,7596.0,7072,0.9160494804382324,11.353240966796875,0.9162570834159851,True,0.9109483957290649
0.9952893257141113,2380.0,2358.0,-22.0,7073,0.0,0.0,0.0,False,0.0
0.9955102205276489,2866.0,2853.0,-13.0,7074,0.0,0.0,0.0,False,0.0
0.050267189741134644,1.0,6843.0,6842.0,7075,0.9493343234062195,11.39885139465332,0.9494632482528687,True,0.9443967342376709
0.9931273460388184,15.0,1036.0,1021.0,7076,0.0011879625963047147,2.9640157222747803,0.0011843291576951742,True,0.0011775842867791653
0.9944367408752441,7658.0,7658.0,0.0,7077,0.0,0.0,0.0,False,0.0
0.995110034942627,5444.0,5433.0,-11.0,7078,0.0,0.0,0.0,False,0.0
0.9952489137649536,1102.0,1072.0,-30.0,7079,0.0,0.0,0.0,False,0.0
0.9927963018417358,71.0,1544.0,1473.0,7080,0.0005747121176682413,2.1614747047424316,0.0005725595983676612,True,0.0005687606753781438
0.9941987991333008,4937.0,4924.0,-13.0,7081,0.0,0.0,0.0,False,0.0
0.9943221807479858,3460.0,3441.0,-19.0,7082,0.0,0.0,0.0,False,0.0
0.143855482339859,2.0,3273.0,3271.0,7083,0.854716420173645,11.264803886413574,0.8551435470581055,True,0.8492348194122314
0.9950652122497559,26.0,1058.0,1032.0,7084,0.0006657624035142362,2.3179502487182617,0.0006638187333010137,True,0.0006609817501157522
0.994816780090332,439.0,408.0,-31.0,7085,0.0,0.0,0.0,False,0.0
0.9945610165596008,6820.0,6815.0,-5.0,7086,0.0,0.0,0.0,False,0.0
0.037106744945049286,2.0,7285.0,7283.0,7087,0.9626051187515259,11.416593551635742,0.9627033472061157,True,0.9578018188476562
0.995281994342804,1023.0,1003.0,-20.0,7088,0.0,0.0,0.0,False,0.0
0.9941881895065308,99.0,3483.0,3384.0,7089,0.0007488515111617744,2.4441025257110596,0.0007459534099325538,True,0.0007421717164106667
0.9955872297286987,5125.0,5115.0,-10.0,7090,0.0,0.0,0.0,False,0.0
0.9956953525543213,2335.0,2316.0,-19.0,7091,0.0,0.0,0.0,False,0.0
0.9948672652244568,996.0,972.0,-24.0,7092,0.0,0.0,0.0,False,0.0
0.9947868585586548,66.0,50.0,-16.0,7093,0.0,0.0,0.0,False,0.0
0.9947988986968994,2290.0,7140.0,4850.0,7094,0.0005537424003705382,2.123143434524536,0.0005518526886589825,True,0.0005492856143973768
0.9957729578018188,2899.0,4620.0,1721.0,7095,0.00019093198352493346,1.1557011604309082,0.00019044654618483037,True,0.0001896776375360787
0.9948286414146423,3029.0,3010.0,-19.0,7096,0.0,0.0,0.0,False,0.0
0.9949809908866882,4156.0,4143.0,-13.0,7097,0.0,0.0,0.0,False,0.0
0.9946532249450684,6348.0,6342.0,-6.0,7098,0.0,0.0,0.0,False,0.0
0.07960599660873413,1.0,7649.0,7648.0,7099,0.9196968674659729,11.358353614807129,0.9199205636978149,True,0.9144822359085083
0.9940115213394165,7682.0,7682.0,0.0,7100,0.0,0.0,0.0,False,0.0
0.9877340197563171,3.0,2146.0,2143.0,7101,0.007344734854996204,5.189663410186768,0.00733547005802393,True,0.007299034856259823
0.9947991371154785,4911.0,4902.0,-9.0,7102,0.0,0.0,0.0,False,0.0
0.9941143989562988,4680.0,4671.0,-9.0,7103,0.0,0.0,0.0,False,0.0
0.10386058688163757,4.0,6936.0,6932.0,7104,0.8952667713165283,11.323921203613281,0.8955264687538147,True,0.8902723789215088
0.992761492729187,884.0,863.0,-21.0,7105,0.0,0.0,0.0,False,0.0
0.9941312074661255,1287.0,1258.0,-29.0,7106,0.0,0.0,0.0,False,0.0
0.9947437644004822,3756.0,3739.0,-17.0,7107,0.0,0.0,0.0,False,0.0
0.9858230352401733,5.0,1800.0,1795.0,7108,0.008796419948339462,5.417181015014648,0.008786000311374664,True,0.008738215081393719
0.995330810546875,6443.0,6439.0,-4.0,7109,0.0,0.0,0.0,False,0.0
0.9950542449951172,5416.0,5407.0,-9.0,7110,0.0,0.0,0.0,False,0.0
0.9943493604660034,5992.0,5985.0,-7.0,7111,0.0,0.0,0.0,False,0.0
0.12302713096141815,1.0,7678.0,7677.0,7112,0.8760225772857666,11.296117782592773,0.876301646232605,True,0.8715471029281616
0.9913697242736816,6.0,544.0,538.0,7113,0.0025545174721628428,3.8757312297821045,0.002547446871176362,True,0.0025319114793092012
0.9937047362327576,386.0,356.0,-30.0,7114,0.0,0.0,0.0,False,0.0
0.9955738186836243,2643.0,2622.0,-21.0,7115,0.0,0.0,0.0,False,0.0
0.9939110279083252,4490.0,4478.0,-12.0,7116,0.0,0.0,0.0,False,0.0
0.9933577179908752,19.0,444.0,425.0,7117,0.0011685056379064918,2.9445583820343018,0.001164521323516965,True,0.001158135011792183
0.9950328469276428,5121.0,5110.0,-11.0,7118,0.0,0.0,0.0,False,0.0
0.9915938377380371,89.0,3999.0,3910.0,7119,0.003258330514654517,4.175601482391357,0.0032534345518797636,True,0.0032366157975047827
0.9953949451446533,3988.0,3973.0,-15.0,7120,0.0,0.0,0.0,False,0.0
0.9954850673675537,2281.0,5726.0,3445.0,7121,0.0003027982311323285,1.5387314558029175,0.00030211114790290594,True,0.0003008380299434066
0.9937293529510498,7597.0,7595.0,-2.0,7122,0.0,0.0,0.0,False,0.0
0.9949422478675842,1672.0,1644.0,-28.0,7123,0.0,0.0,0.0,False,0.0
0.9921496510505676,284.0,6742.0,6458.0,7124,0.0019898596219718456,3.572381019592285,0.001983022317290306,True,0.001971364254131913
0.9929729700088501,1157.0,1129.0,-28.0,7125,0.0,0.0,0.0,False,0.0
0.9939117431640625,2324.0,2301.0,-23.0,7126,0.0,0.0,0.0,False,0.0
0.9953015446662903,4939.0,4930.0,-9.0,7127,0.0,0.0,0.0,False,0.0
0.9893728494644165,6.0,583.0,577.0,7128,0.003464324865490198,4.24920654296875,0.003453480079770088,True,0.0034286200534552336
0.9864869117736816,12.0,2346.0,2334.0,7129,0.008780243806540966,5.413531303405762,0.008760642260313034,True,0.008718639612197876
0.9660589098930359,6.0,5273.0,5267.0,7130,0.028741179034113884,6.920100212097168,0.028680816292762756,True,0.028525494039058685
0.9945066571235657,6839.0,6834.0,-5.0,7131,0.0,0.0,0.0,False,0.0
0.9942181706428528,7598.0,7598.0,0.0,7132,0.0,0.0,0.0,False,0.0
0.9859755039215088,13.0,5143.0,5130.0,7133,0.008743347600102425,5.408696174621582,0.00872715376317501,True,0.008680515922605991
0.9942423105239868,548.0,513.0,-35.0,7134,0.0,0.0,0.0,False,0.0
0.9936412572860718,4401.0,4385.0,-16.0,7135,0.0,0.0,0.0,False,0.0
0.9944047927856445,6236.0,6230.0,-6.0,7136,0.0,0.0,0.0,False,0.0
0.9888155460357666,15.0,2497.0,2482.0,7137,0.005764980334788561,4.8853044509887695,0.005757081788033247,True,0.005725655239075422
0.9891973733901978,20.0,5324.0,5304.0,7138,0.005522150080651045,4.830894947052002,0.00551233533769846,True,0.005483011715114117
0.995177149772644,2859.0,2835.0,-24.0,7139,0.0,0.0,0.0,False,0.0
0.9956966638565063,3516.0,3505.0,-11.0,7140,0.0,0.0,0.0,False,0.0
0.9956418871879578,627.0,598.0,-29.0,7141,0.0,0.0,0.0,False,0.0
0.1305696815252304,2.0,7652.0,7650.0,7142,0.8685702681541443,11.285134315490723,0.8688220977783203,True,0.8647931218147278
0.9940196871757507,5160.0,5151.0,-9.0,7143,0.0,0.0,0.0,False,0.0
0.9894628524780273,119.0,3038.0,2919.0,7144,0.00402643671259284,4.436074256896973,0.004016110673546791,True,0.003989815711975098
0.9871776700019836,4.0,102.0,98.0,7145,0.0050331829115748405,4.714126110076904,0.00502088712528348,True,0.004981519654393196
0.9934065937995911,1405.0,1376.0,-29.0,7146,0.0,0.0,0.0,False,0.0
0.9936673641204834,7419.0,7419.0,0.0,7147,0.0,0.0,0.0,False,0.0
0.9778333306312561,4.0,1361.0,1357.0,7148,0.016440393403172493,6.208863735198975,0.016408491879701614,True,0.016312431544065475
0.9957524538040161,1060.0,1030.0,-30.0,7149,0.0,0.0,0.0,False,0.0
0.9930523633956909,1107.0,1079.0,-28.0,7150,0.0,0.0,0.0,False,0.0
0.9942525625228882,444.0,409.0,-35.0,7151,0.0,0.0,0.0,False,0.0
0.9948124289512634,5173.0,5162.0,-11.0,7152,0.0,0.0,0.0,False,0.0
0.9944666028022766,6823.0,6818.0,-5.0,7153,0.0,0.0,0.0,False,0.0
0.995255708694458,422.0,390.0,-32.0,7154,0.0,0.0,0.0,False,0.0
0.9947156310081482,5427.0,5418.0,-9.0,7155,0.0,0.0,0.0,False,0.0
0.9944582581520081,612.0,580.0,-32.0,7156,0.0,0.0,0.0,False,0.0
0.9939473271369934,2705.0,2679.0,-26.0,7157,0.0,0.0,0.0,False,0.0
0.9955834746360779,5680.0,5674.0,-6.0,7158,0.0,0.0,0.0,False,0.0
0.9960585832595825,2042.0,2017.0,-25.0,7159,0.0,0.0,0.0,False,0.0
0.9950658082962036,1459.0,1435.0,-24.0,7160,0.0,0.0,0.0,False,0.0
0.9869894981384277,37.0,6668.0,6631.0,7161,0.007699985988438129,5.248719692230225,0.007687592878937721,True,0.00764635531231761
0.9868907928466797,10.0,834.0,824.0,7162,0.00605815090239048,4.944234371185303,0.006034151650965214,True,0.0059911999851465225
0.9926756620407104,665.0,637.0,-28.0,7163,0.0,0.0,0.0,False,0.0
0.9917177557945251,15.0,428.0,413.0,7164,0.0027149394154548645,3.9520339965820312,0.002711729146540165,True,0.002696582581847906
0.9423236846923828,4.0,2638.0,2634.0,7165,0.05269565433263779,7.6960859298706055,0.05266107618808746,True,0.05238228291273117
0.9826706647872925,35.0,4377.0,4342.0,7166,0.011030388064682484,5.704351425170898,0.011025814339518547,True,0.010955538600683212
0.9927968978881836,1944.0,1919.0,-25.0,7167,0.0,0.0,0.0,False,0.0
0.4137149155139923,4.0,7164.0,7160.0,7168,0.5829542279243469,10.775304794311523,0.5835824608802795,True,0.5797948241233826
0.9822354316711426,10.0,3510.0,3500.0,7169,0.011876575648784637,5.79634952545166,0.011856215074658394,True,0.011785323731601238
0.9843416213989258,21.0,3742.0,3721.0,7170,0.009756936691701412,5.54758358001709,0.00974114891141653,True,0.009682942181825638
0.9760475158691406,4.0,1670.0,1666.0,7171,0.01758401468396187,6.293862342834473,0.017542768269777298,True,0.017428316175937653
0.9908539056777954,234.0,6416.0,6182.0,7172,0.004541229922324419,4.586374282836914,0.004532110411673784,True,0.004511103965342045
0.9930524826049805,4571.0,4558.0,-13.0,7173,0.0,0.0,0.0,False,0.0
0.9854394197463989,15.0,2254.0,2239.0,7174,0.007641216274350882,5.239784240722656,0.0076332688331604,True,0.007579983677715063
0.995077908039093,987.0,961.0,-26.0,7175,0.0,0.0,0.0,False,0.0
0.9953426122665405,1218.0,1193.0,-25.0,7176,0.0,0.0,0.0,False,0.0
0.32650449872016907,5.0,7686.0,7681.0,7177,0.6712622046470642,10.955516815185547,0.6717296838760376,True,0.6681163311004639
0.9908943772315979,35.0,3495.0,3460.0,7178,0.0025701788254082203,3.8828048706054688,0.00256226840429008,True,0.0025454596616327763
0.9944648742675781,2716.0,2697.0,-19.0,7179,0.0,0.0,0.0,False,0.0
0.9945725202560425,4318.0,4304.0,-14.0,7180,0.0,0.0,0.0,False,0.0
0.9945328235626221,4081.0,4069.0,-12.0,7181,0.0,0.0,0.0,False,0.0
0.19092854857444763,2.0,1879.0,1877.0,7182,0.807894229888916,11.192496299743652,0.8082172870635986,True,0.8046175837516785
0.9930745959281921,7.0,2.0,-5.0,7183,0.0004938907222822309,2.0062499046325684,0.0004923983942717314,True,0.0004892292199656367
0.9923402667045593,6.0,379.0,373.0,7184,0.0021782424300909042,3.682703733444214,0.002173014683648944,True,0.002161066047847271
0.9881799221038818,133.0,3603.0,3470.0,7185,0.005572979804128408,4.841775417327881,0.005560450721532106,True,0.0055254497565329075
0.9948618412017822,2045.0,2016.0,-29.0,7186,0.0,0.0,0.0,False,0.0
0.9943352937698364,2632.0,2612.0,-20.0,7187,0.0,0.0,0.0,False,0.0
0.9937554597854614,53.0,19.0,-34.0,7188,0.0,0.0,0.0,False,0.0
0.994364857673645,2686.0,2662.0,-24.0,7189,0.0,0.0,0.0,False,0.0
0.9945886135101318,2874.0,2861.0,-13.0,7190,0.0,0.0,0.0,False,0.0
0.9905551671981812,4.0,250.0,246.0,7191,0.004008715972304344,4.430656433105469,0.003998617175966501,True,0.003976752050220966
0.9945846796035767,2302.0,2276.0,-26.0,7192,0.0,0.0,0.0,False,0.0
0.9933871030807495,3655.0,3639.0,-16.0,7193,0.0,0.0,0.0,False,0.0
0.9954169988632202,507.0,475.0,-32.0,7194,0.0,0.0,0.0,False,0.0
0.9939786195755005,3368.0,3356.0,-12.0,7195,0.0,0.0,0.0,False,0.0
0.9928054809570312,3.0,8.0,5.0,7196,0.0022226301953196526,3.7069942951202393,0.0022170895244926214,True,0.0022060296032577753
0.9938853979110718,4497.0,4486.0,-11.0,7197,0.0,0.0,0.0,False,0.0
0.9949948787689209,6955.0,6948.0,-7.0,7198,0.0,0.0,0.0,False,0.0
0.9936184287071228,1992.0,1968.0,-24.0,7199,0.0,0.0,0.0,False,0.0
0.17177200317382812,1.0,7172.0,7171.0,7200,0.8271853923797607,11.222657203674316,0.8274688720703125,True,0.8238279819488525
0.9948692917823792,2119.0,2097.0,-22.0,7201,0.0,0.0,0.0,False,0.0
0.9929753541946411,49.0,2561.0,2512.0,7202,0.0013648493913933635,3.125246286392212,0.0013605692656710744,True,0.0013528524432331324
0.9955068230628967,4986.0,4976.0,-10.0,7203,0.0,0.0,0.0,False,0.0
0.9945716857910156,2261.0,2236.0,-25.0,7204,0.0,0.0,0.0,False,0.0
0.9954072833061218,2652.0,2634.0,-18.0,7205,0.0,0.0,0.0,False,0.0
0.9949531555175781,6390.0,6380.0,-10.0,7206,0.0,0.0,0.0,False,0.0
0.987673819065094,20.0,4909.0,4889.0,7207,0.005646528676152229,4.859114170074463,0.005637974012643099,True,0.0056000519543886185
0.993754506111145,4409.0,4388.0,-21.0,7208,0.0,0.0,0.0,False,0.0
0.9943300485610962,3697.0,3683.0,-14.0,7209,0.0,0.0,0.0,False,0.0
0.9939723014831543,5486.0,5474.0,-12.0,7210,0.0,0.0,0.0,False,0.0
0.9946730136871338,6079.0,6070.0,-9.0,7211,0.0,0.0,0.0,False,0.0
0.9930967688560486,5341.0,5331.0,-10.0,7212,0.0,0.0,0.0,False,0.0
0.1641596257686615,1.0,7193.0,7192.0,7213,0.8343380689620972,11.233877182006836,0.8347482085227966,True,0.8292312622070312
0.9951539039611816,4224.0,4205.0,-19.0,7214,0.0,0.0,0.0,False,0.0
0.9948291778564453,2359.0,2333.0,-26.0,7215,0.0,0.0,0.0,False,0.0
0.9937280416488647,6625.0,6622.0,-3.0,7216,0.0,0.0,0.0,False,0.0
0.9927016496658325,260.0,1938.0,1678.0,7217,0.0016822575125843287,3.3717031478881836,0.0016767019405961037,True,0.0016672603087499738
0.9941294193267822,2591.0,2570.0,-21.0,7218,0.0,0.0,0.0,False,0.0
0.9946174621582031,1621.0,1594.0,-27.0,7219,0.0,0.0,0.0,False,0.0
0.9942724704742432,51.0,653.0,602.0,7220,0.0003538793243933469,1.6817799806594849,0.0003531531256157905,True,0.00035125447902828455
0.990136981010437,29.0,5876.0,5847.0,7221,0.0048568760976195335,4.669885635375977,0.004846080671995878,True,0.004821649752557278
0.9904242753982544,7.0,1548.0,1541.0,7222,0.0036237728781998158,4.304869174957275,0.003612579545006156,True,0.003590959357097745
0.9945675134658813,5748.0,5740.0,-8.0,7223,0.0,0.0,0.0,False,0.0
0.099815234541893,1.0,7605.0,7604.0,7224,0.8993920087814331,11.329788208007812,0.8996371030807495,True,0.8947282433509827
0.9949429035186768,7351.0,7349.0,-2.0,7225,0.0,0.0,0.0,False,0.0
0.1268150806427002,1.0,7683.0,7682.0,7226,0.8723235130310059,11.29063892364502,0.8725619912147522,True,0.8682970404624939
0.9944329261779785,6363.0,6357.0,-6.0,7227,0.0,0.0,0.0,False,0.0
0.9880754947662354,7.0,2169.0,2162.0,7228,0.006853392813354731,5.100518226623535,0.006833744700998068,True,0.006798716727644205
0.9927793145179749,112.0,6490.0,6378.0,7229,0.0024488584604114294,3.825610876083374,0.0024447389878332615,True,0.0024330345913767815
0.9843941926956177,5.0,1974.0,1969.0,7230,0.009122971445322037,5.46193790435791,0.009102928452193737,True,0.009043189696967602
0.9933198690414429,6.0,63.0,57.0,7231,0.0015970563981682062,3.3112080097198486,0.0015933847753331065,True,0.0015852667856961489
0.9898881912231445,20.0,4841.0,4821.0,7232,0.005385480355471373,4.799470901489258,0.0053756460547447205,True,0.005350048188120127
0.9941387176513672,6795.0,6791.0,-4.0,7233,0.0,0.0,0.0,False,0.0
0.986057460308075,2.0,328.0,326.0,7234,0.00965980812907219,5.534945964813232,0.009644271805882454,True,0.009602413512766361
0.9925957322120667,6.0,266.0,260.0,7235,0.001408809213899076,3.1631991863250732,0.0014053804334253073,True,0.0013969377614557743
0.9871662259101868,4.0,317.0,313.0,7236,0.007884007878601551,5.278219223022461,0.0078696608543396,True,0.007830285467207432
0.9940025806427002,4311.0,4298.0,-13.0,7237,0.0,0.0,0.0,False,0.0
0.9954745769500732,4071.0,4060.0,-11.0,7238,0.0,0.0,0.0,False,0.0
0.9946560859680176,101.0,70.0,-31.0,7239,0.0,0.0,0.0,False,0.0
0.9936123490333557,3678.0,3659.0,-19.0,7240,0.0,0.0,0.0,False,0.0
0.9937158823013306,6627.0,6624.0,-3.0,7241,0.0,0.0,0.0,False,0.0
0.9953275322914124,5729.0,5722.0,-7.0,7242,0.0,0.0,0.0,False,0.0
0.9940986633300781,7296.0,7294.0,-2.0,7243,0.0,0.0,0.0,False,0.0
0.9940556287765503,44.0,17.0,-27.0,7244,0.0,0.0,0.0,False,0.0
0.9903488755226135,44.0,5911.0,5867.0,7245,0.00433855876326561,4.529131889343262,0.004328422248363495,True,0.004305283073335886
0.11871885508298874,1.0,7687.0,7686.0,7246,0.8805014491081238,11.30257797241211,0.880731463432312,True,0.8766716718673706
0.9959570169448853,266.0,239.0,-27.0,7247,0.0,0.0,0.0,False,0.0
0.9962457418441772,705.0,681.0,-24.0,7248,0.0,0.0,0.0,False,0.0
0.9904921054840088,10.0,3705.0,3695.0,7249,0.004788052290678024,4.652497291564941,0.004779009614139795,True,0.004756301641464233
0.9951137900352478,5349.0,5344.0,-5.0,7250,0.0,0.0,0.0,False,0.0
0.9940484762191772,515.0,482.0,-33.0,7251,0.0,0.0,0.0,False,0.0
0.9950985908508301,184.0,150.0,-34.0,7252,0.0,0.0,0.0,False,0.0
0.14485159516334534,1.0,7669.0,7668.0,7253,0.8541275858879089,11.2637357711792,0.8544307947158813,True,0.850218653678894
0.9947465062141418,2459.0,2431.0,-28.0,7254,0.0,0.0,0.0,False,0.0
0.9951120615005493,2046.0,2024.0,-22.0,7255,0.0,0.0,0.0,False,0.0
0.9953652024269104,6753.0,6750.0,-3.0,7256,0.0,0.0,0.0,False,0.0
0.994592547416687,1376.0,1356.0,-20.0,7257,0.0,0.0,0.0,False,0.0
0.9936999678611755,2094.0,2066.0,-28.0,7258,0.0,0.0,0.0,False,0.0
0.994724452495575,6550.0,6545.0,-5.0,7259,0.0,0.0,0.0,False,0.0
0.9940931797027588,283.0,256.0,-27.0,7260,0.0,0.0,0.0,False,0.0
0.9908286333084106,4.0,1714.0,1710.0,7261,0.004546960815787315,4.588103771209717,0.0045384070836007595,True,0.004517285153269768
0.9941381216049194,1725.0,1697.0,-28.0,7262,0.0,0.0,0.0,False,0.0
0.9955121278762817,1202.0,1175.0,-27.0,7263,0.0,0.0,0.0,False,0.0
0.9945697784423828,5817.0,5811.0,-6.0,7264,0.0,0.0,0.0,False,0.0
0.0908869057893753,1.0,7619.0,7618.0,7265,0.908592939376831,11.342721939086914,0.9087646007537842,True,0.9052935242652893
0.9946081042289734,2052.0,2028.0,-24.0,7266,0.0,0.0,0.0,False,0.0
0.9933965802192688,259.0,224.0,-35.0,7267,0.0,0.0,0.0,False,0.0
0.07956293225288391,1.0,5915.0,5914.0,7268,0.9199380874633789,11.358591079711914,0.9200906753540039,True,0.9161015748977661
0.12103860080242157,3.0,7496.0,7493.0,7269,0.8777663707733154,11.298794746398926,0.8781346082687378,True,0.8721766471862793
0.052713699638843536,1.0,7260.0,7259.0,7270,0.9468634724617004,11.395528793334961,0.9470037817955017,True,0.9419542551040649
0.07182948291301727,1.0,7677.0,7676.0,7271,0.927649199962616,11.369302749633789,0.9278157949447632,True,0.9232577681541443
0.9951863288879395,7626.0,7626.0,0.0,7272,0.0,0.0,0.0,False,0.0
0.9959348440170288,93.0,68.0,-25.0,7273,0.0,0.0,0.0,False,0.0
0.9913650751113892,2.0,183.0,181.0,7274,0.004685256630182266,4.625432014465332,0.004676407668739557,True,0.004657809156924486
0.9910269975662231,1564.0,6525.0,4961.0,7275,0.003372729057446122,4.216508388519287,0.003363191382959485,True,0.0033442608546465635
0.9955976605415344,4334.0,4319.0,-15.0,7276,0.0,0.0,0.0,False,0.0
0.9951791763305664,730.0,708.0,-22.0,7277,0.0,0.0,0.0,False,0.0
0.9944682121276855,179.0,146.0,-33.0,7278,0.0,0.0,0.0,False,0.0
0.9947388172149658,7033.0,7028.0,-5.0,7279,0.0,0.0,0.0,False,0.0
0.9956018924713135,524.0,495.0,-29.0,7280,0.0,0.0,0.0,False,0.0
0.9873672723770142,3.0,1526.0,1523.0,7281,0.007193736266344786,5.161918640136719,0.00717556057497859,True,0.0071361190639436245
0.9939543008804321,2148.0,2127.0,-21.0,7282,0.0,0.0,0.0,False,0.0
0.9948821067810059,2552.0,2530.0,-22.0,7283,0.0,0.0,0.0,False,0.0
0.9956812858581543,2711.0,2689.0,-22.0,7284,0.0,0.0,0.0,False,0.0
0.9936724901199341,78.0,56.0,-22.0,7285,0.0,0.0,0.0,False,0.0
0.9929271936416626,3.0,36.0,33.0,7286,0.002099880948662758,3.6381642818450928,0.002094336785376072,True,0.002083888277411461
0.9948134422302246,2657.0,2630.0,-27.0,7287,0.0,0.0,0.0,False,0.0
0.992975115776062,18.0,1709.0,1691.0,7288,0.0013029261026531458,3.0710501670837402,0.0012988370144739747,True,0.0012913901591673493
0.9949410557746887,1981.0,1957.0,-24.0,7289,0.0,0.0,0.0,False,0.0
0.9953961372375488,3229.0,3214.0,-15.0,7290,0.0,0.0,0.0,False,0.0
0.9948395490646362,2153.0,2128.0,-25.0,7291,0.0,0.0,0.0,False,0.0
0.995894193649292,408.0,381.0,-27.0,7292,0.0,0.0,0.0,False,0.0
0.07870960235595703,1.0,7563.0,7562.0,7293,0.9205172657966614,11.359556198120117,0.9207844734191895,True,0.9149043560028076
0.9950268864631653,3350.0,3341.0,-9.0,7294,0.0,0.0,0.0,False,0.0
0.9920796155929565,5.0,1844.0,1839.0,7295,0.003597332863137126,4.29656982421875,0.0035884170792996883,True,0.003572816262021661
0.9955867528915405,2953.0,2935.0,-18.0,7296,0.0,0.0,0.0,False,0.0
0.06279182434082031,1.0,6660.0,6659.0,7297,0.9366552233695984,11.381711959838867,0.9368460774421692,True,0.9314743280410767
0.9957369565963745,1627.0,1600.0,-27.0,7298,0.0,0.0,0.0,False,0.0
0.9949119091033936,2197.0,2173.0,-24.0,7299,0.0,0.0,0.0,False,0.0
0.9958666563034058,7515.0,7514.0,-1.0,7300,0.0,0.0,0.0,False,0.0
0.9945206642150879,161.0,2177.0,2016.0,7301,0.0002588816569186747,1.401087999343872,0.00025809468934312463,True,0.000256746745435521
0.9944669604301453,6933.0,6931.0,-2.0,7302,0.0,0.0,0.0,False,0.0
0.07193397730588913,1.0,7215.0,7214.0,7303,0.9275867938995361,11.369199752807617,0.9277413487434387,True,0.9235748052597046
0.9931954145431519,1129.0,1102.0,-27.0,7304,0.0,0.0,0.0,False,0.0
0.9949904680252075,3464.0,3453.0,-11.0,7305,0.0,0.0,0.0,False,0.0
0.992393970489502,114.0,5689.0,5575.0,7306,0.001983674243092537,3.569444417953491,0.0019781854934990406,True,0.0019670305773615837
0.9948508143424988,748.0,721.0,-27.0,7307,0.0,0.0,0.0,False,0.0
0.9944407939910889,2470.0,2450.0,-20.0,7308,0.0,0.0,0.0,False,0.0
0.06355832517147064,1.0,7669.0,7668.0,7309,0.9359884858131409,11.380742073059082,0.9361377358436584,True,0.9316822290420532
0.9951285123825073,970.0,6043.0,5073.0,7310,0.0007168342126533389,2.3985743522644043,0.0007153744227252901,True,0.0007123991381376982
0.042972248047590256,1.0,7391.0,7390.0,7311,0.9567463397979736,11.408771514892578,0.956843376159668,True,0.9527547955513
0.9947915077209473,1871.0,1849.0,-22.0,7312,0.0,0.0,0.0,False,0.0
0.994663655757904,4462.0,4455.0,-7.0,7313,0.0,0.0,0.0,False,0.0
0.9949629306793213,513.0,483.0,-30.0,7314,0.0,0.0,0.0,False,0.0
0.9954800605773926,1119.0,1098.0,-21.0,7315,0.0,0.0,0.0,False,0.0
0.045124154537916183,1.0,7604.0,7603.0,7316,0.9545775651931763,11.405875205993652,0.9546827673912048,True,0.9506127238273621
0.9955759644508362,2062.0,2040.0,-22.0,7317,0.0,0.0,0.0,False,0.0
0.9940685033798218,6273.0,6271.0,-2.0,7318,0.0,0.0,0.0,False,0.0
0.993756115436554,6254.0,6248.0,-6.0,7319,0.0,0.0,0.0,False,0.0
0.991674542427063,98.0,6455.0,6357.0,7320,0.0032972199842333794,4.190186023712158,0.0032921633683145046,True,0.0032755380962044
0.9957284331321716,959.0,941.0,-18.0,7321,0.0,0.0,0.0,False,0.0
0.9952086210250854,4076.0,4063.0,-13.0,7322,0.0,0.0,0.0,False,0.0
0.9942921996116638,1094.0,1068.0,-26.0,7323,0.0,0.0,0.0,False,0.0
0.12055594474077225,1.0,7044.0,7043.0,7324,0.8784258961677551,11.299698829650879,0.878754198551178,True,0.8737540245056152
0.9938032627105713,20.0,208.0,188.0,7325,0.0002940692356787622,1.5122897624969482,0.00029328459640964866,True,0.0002915527147706598
0.9935355186462402,5.0,383.0,378.0,7326,0.0016419733874499798,3.343170404434204,0.001636914792470634,True,0.0016289997147396207
0.9948395490646362,6153.0,6141.0,-12.0,7327,0.0,0.0,0.0,False,0.0
0.9937008023262024,621.0,611.0,-10.0,7328,0.0,0.0,0.0,False,0.0
0.9901520013809204,3.0,2419.0,2416.0,7329,0.005790483206510544,4.889743804931641,0.005777512211352587,True,0.005753858480602503
0.9938811659812927,4457.0,4452.0,-5.0,7330,0.0,0.0,0.0,False,0.0
0.9949513077735901,809.0,795.0,-14.0,7331,0.0,0.0,0.0,False,0.0
0.9958586692810059,6387.0,6383.0,-4.0,7332,0.0,0.0,0.0,False,0.0
0.9951779842376709,7473.0,7472.0,-1.0,7333,0.0,0.0,0.0,False,0.0
0.9951910972595215,4663.0,4653.0,-10.0,7334,0.0,0.0,0.0,False,0.0
0.9953739643096924,4324.0,4312.0,-12.0,7335,0.0,0.0,0.0,False,0.0
0.9885989427566528,5.0,1732.0,1727.0,7336,0.006192787550389767,4.97429084777832,0.006180449388921261,True,0.006147983018308878
0.9953321218490601,473.0,444.0,-29.0,7337,0.0,0.0,0.0,False,0.0
0.9942200183868408,7133.0,7129.0,-4.0,7338,0.0,0.0,0.0,False,0.0
0.9868080615997314,8.0,5666.0,5658.0,7339,0.008791551925241947,5.416064739227295,0.008778235875070095,True,0.008739148266613483
0.9947181940078735,240.0,226.0,-14.0,7340,0.0,0.0,0.0,False,0.0
0.9949307441711426,4423.0,4404.0,-19.0,7341,0.0,0.0,0.0,False,0.0
0.993605375289917,4831.0,4822.0,-9.0,7342,0.0,0.0,0.0,False,0.0
0.07582026720046997,1.0,6004.0,6003.0,7343,0.9235585927963257,11.363689422607422,0.9237593412399292,True,0.918665885925293
0.9926605224609375,35.0,2256.0,2221.0,7344,0.0017910439055413008,3.4475650787353516,0.0017868983559310436,True,0.00177695881575346
0.9944707155227661,121.0,655.0,534.0,7345,0.0006933279801160097,2.3600668907165527,0.0006903457106091082,True,0.0006870028446428478
0.9851012229919434,5.0,3226.0,3221.0,7346,0.009461317211389542,5.507760047912598,0.009439078159630299,True,0.009387053549289703
0.9942490458488464,3930.0,3914.0,-16.0,7347,0.0,0.0,0.0,False,0.0
0.9959357976913452,176.0,157.0,-19.0,7348,0.0,0.0,0.0,False,0.0
0.08751831203699112,1.0,7688.0,7687.0,7349,0.9115926027297974,11.34710693359375,0.9118804931640625,True,0.9056589603424072
0.9932705163955688,6263.0,6258.0,-5.0,7350,0.0,0.0,0.0,False,0.0
0.9927512407302856,2423.0,2402.0,-21.0,7351,0.0,0.0,0.0,False,0.0
0.9868099689483643,3.0,1252.0,1249.0,7352,0.007551352493464947,5.222881317138672,0.007531533483415842,True,0.007488592993468046
0.06825099885463715,1.0,7674.0,7673.0,7353,0.93125319480896,11.374263763427734,0.9314148426055908,True,0.9268782138824463
0.9937405586242676,2280.0,2257.0,-23.0,7354,0.0,0.0,0.0,False,0.0
0.9907920360565186,4.0,2147.0,2143.0,7355,0.005004643462598324,4.707403659820557,0.004993933718651533,True,0.004972783382982016
0.06391214579343796,1.0,7659.0,7658.0,7356,0.9356659054756165,11.380290031433105,0.9358073472976685,True,0.9317178726196289
0.9952874183654785,7082.0,7078.0,-4.0,7357,0.0,0.0,0.0,False,0.0
0.9950376749038696,3713.0,3692.0,-21.0,7358,0.0,0.0,0.0,False,0.0
0.9947201013565063,1096.0,1065.0,-31.0,7359,0.0,0.0,0.0,False,0.0
0.9936925172805786,359.0,326.0,-33.0,7360,0.0,0.0,0.0,False,0.0
0.9935202598571777,4.0,108.0,104.0,7361,0.0014938433887436986,3.231621503829956,0.0014895974891260266,True,0.0014821531949564815
0.9955558776855469,162.0,139.0,-23.0,7362,0.0,0.0,0.0,False,0.0
0.9953362941741943,7190.0,7184.0,-6.0,7363,0.0,0.0,0.0,False,0.0
0.9943093061447144,5342.0,5332.0,-10.0,7364,0.0,0.0,0.0,False,0.0
0.986083984375,3.0,3723.0,3720.0,7365,0.009391582570970058,5.499399662017822,0.009376849047839642,True,0.009333883412182331
0.993405818939209,10.0,1868.0,1858.0,7366,0.0016200370155274868,3.3276286125183105,0.001615612767636776,True,0.0016075563617050648
0.9947713017463684,2167.0,2143.0,-24.0,7367,0.0,0.0,0.0,False,0.0
0.995128870010376,1356.0,1324.0,-32.0,7368,0.0,0.0,0.0,False,0.0
0.989341139793396,9.0,1401.0,1392.0,7369,0.0037688857410103083,4.3531365394592285,0.0037562462966889143,True,0.0037302204873412848
0.9951143860816956,6434.0,6430.0,-4.0,7370,0.0,0.0,0.0,False,0.0
0.9936751127243042,3882.0,3862.0,-20.0,7371,0.0,0.0,0.0,False,0.0
0.9882721900939941,38.0,5090.0,5052.0,7372,0.006561188027262688,5.047119617462158,0.006549508776515722,True,0.00651536975055933
0.9956762790679932,3640.0,3621.0,-19.0,7373,0.0,0.0,0.0,False,0.0
0.9947251081466675,3172.0,3157.0,-15.0,7374,0.0,0.0,0.0,False,0.0
0.9945422410964966,2203.0,2175.0,-28.0,7375,0.0,0.0,0.0,False,0.0
0.9943547248840332,49.0,1827.0,1778.0,7376,0.000752183492295444,2.450612783432007,0.0007504154345951974,True,0.0007467395043931901
0.9946635961532593,2613.0,2594.0,-19.0,7377,0.0,0.0,0.0,False,0.0
0.9940235614776611,11.0,450.0,439.0,7378,0.0015679753851145506,3.289813280105591,0.0015648480039089918,True,0.0015579337486997247
0.975861668586731,2.0,480.0,478.0,7379,0.019693734124302864,6.4391093254089355,0.019663982093334198,True,0.019574236124753952
0.9955565333366394,1976.0,1949.0,-27.0,7380,0.0,0.0,0.0,False,0.0
0.9945962429046631,1489.0,1466.0,-23.0,7381,0.0,0.0,0.0,False,0.0
0.9750971794128418,2.0,311.0,309.0,7382,0.020597035065293312,6.496145248413086,0.020564960315823555,True,0.02047387883067131
0.9934636950492859,1637.0,1611.0,-26.0,7383,0.0,0.0,0.0,False,0.0
0.11079302430152893,1.0,7665.0,7664.0,7384,0.8883429765701294,11.31399154663086,0.8886125683784485,True,0.8838714361190796
0.9957632422447205,3735.0,3721.0,-14.0,7385,0.0,0.0,0.0,False,0.0
0.9935462474822998,3965.0,3949.0,-16.0,7386,0.0,0.0,0.0,False,0.0
0.9938609004020691,4509.0,4490.0,-19.0,7387,0.0,0.0,0.0,False,0.0
0.9952154159545898,2004.0,1979.0,-25.0,7388,0.0,0.0,0.0,False,0.0
0.9961730241775513,5360.0,5351.0,-9.0,7389,0.0,0.0,0.0,False,0.0
0.9957013726234436,2996.0,2980.0,-16.0,7390,0.0,0.0,0.0,False,0.0
0.9944031238555908,1257.0,1232.0,-25.0,7391,0.0,0.0,0.0,False,0.0
0.9941093921661377,3076.0,3059.0,-17.0,7392,0.0,0.0,0.0,False,0.0
0.9947406649589539,948.0,915.0,-33.0,7393,0.0,0.0,0.0,False,0.0
0.9964033365249634,754.0,721.0,-33.0,7394,0.0,0.0,0.0,False,0.0
0.9948704242706299,6109.0,6100.0,-9.0,7395,0.0,0.0,0.0,False,0.0
0.969922661781311,2.0,5562.0,5560.0,7396,0.02528543397784233,6.756630897521973,0.025230102241039276,True,0.025104641914367676
0.9941614866256714,405.0,376.0,-29.0,7397,0.0,0.0,0.0,False,0.0
0.9955763816833496,3464.0,3447.0,-17.0,7398,0.0,0.0,0.0,False,0.0
0.9963915348052979,3089.0,3071.0,-18.0,7399,0.0,0.0,0.0,False,0.0
0.9948634505271912,35.0,2155.0,2120.0,7400,0.0012613986618816853,3.0341546535491943,0.0012582804774865508,True,0.0012533944100141525
0.9943618774414062,7594.0,7593.0,-1.0,7401,0.0,0.0,0.0,False,0.0
0.14256814122200012,1.0,7665.0,7664.0,7402,0.8564673662185669,11.267203330993652,0.8567460775375366,True,0.8526443839073181
0.9821653962135315,16.0,2696.0,2680.0,7403,0.012904387898743153,5.90240478515625,0.012890495359897614,True,0.012825931422412395
0.9272398948669434,3.0,1392.0,1389.0,7404,0.0675555095076561,8.014320373535156,0.06754366308450699,True,0.067165806889534
0.993703305721283,10.0,324.0,314.0,7405,0.001173170399852097,2.9504895210266113,0.0011705274228006601,True,0.0011645200429484248
0.9933079481124878,550.0,515.0,-35.0,7406,0.0,0.0,0.0,False,0.0
0.9930188655853271,1225.0,1195.0,-30.0,7407,0.0,0.0,0.0,False,0.0
0.9945962429046631,5458.0,5449.0,-9.0,7408,0.0,0.0,0.0,False,0.0
0.9951489567756653,219.0,185.0,-34.0,7409,0.0,0.0,0.0,False,0.0
0.9938494563102722,94.0,54.0,-40.0,7410,0.0,0.0,0.0,False,0.0
0.9954279065132141,4607.0,4594.0,-13.0,7411,0.0,0.0,0.0,False,0.0
0.387279748916626,3.0,7558.0,7555.0,7412,0.6101189851760864,10.833354949951172,0.6106348037719727,True,0.6073640584945679
0.9942727088928223,2154.0,2131.0,-23.0,7413,0.0,0.0,0.0,False,0.0
0.995024561882019,5179.0,5163.0,-16.0,7414,0.0,0.0,0.0,False,0.0
0.9899656772613525,24.0,4890.0,4866.0,7415,0.005283600650727749,4.776235580444336,0.005276708863675594,True,0.0052514709532260895
0.9933104515075684,11.0,444.0,433.0,7416,0.002147487597540021,3.6660778522491455,0.0021433252841234207,True,0.0021335603669285774
0.12855106592178345,1.0,7650.0,7649.0,7417,0.8706297874450684,11.288151741027832,0.8708705306053162,True,0.866969883441925
0.22156746685504913,1.0,4213.0,4212.0,7418,0.7770569324493408,11.14271354675293,0.777413547039032,True,0.7738545536994934
0.9815394878387451,10.0,7116.0,7106.0,7419,0.013474173843860626,5.957008361816406,0.013457342982292175,True,0.013389095664024353
0.9949637055397034,1601.0,1577.0,-24.0,7420,0.0,0.0,0.0,False,0.0
0.9950488805770874,3655.0,3638.0,-17.0,7421,0.0,0.0,0.0,False,0.0
0.9952219128608704,7603.0,7602.0,-1.0,7422,0.0,0.0,0.0,False,0.0
0.9948470592498779,4080.0,4066.0,-14.0,7423,0.0,0.0,0.0,False,0.0
0.9940900206565857,5626.0,5614.0,-12.0,7424,0.0,0.0,0.0,False,0.0
0.9951099753379822,2089.0,2061.0,-28.0,7425,0.0,0.0,0.0,False,0.0
0.9950155019760132,1626.0,1599.0,-27.0,7426,0.0,0.0,0.0,False,0.0
0.9959944486618042,2023.0,2001.0,-22.0,7427,0.0,0.0,0.0,False,0.0
0.9953470230102539,172.0,142.0,-30.0,7428,0.0,0.0,0.0,False,0.0
0.9959683418273926,6175.0,6166.0,-9.0,7429,0.0,0.0,0.0,False,0.0
0.9949860572814941,3389.0,3372.0,-17.0,7430,0.0,0.0,0.0,False,0.0
0.9952058792114258,132.0,115.0,-17.0,7431,0.0,0.0,0.0,False,0.0
0.9922659397125244,9.0,223.0,214.0,7432,0.0017187471967190504,3.3964192867279053,0.0017118905670940876,True,0.0017015635967254639
0.994583249092102,3269.0,3244.0,-25.0,7433,0.0,0.0,0.0,False,0.0
0.9961073398590088,2349.0,2328.0,-21.0,7434,0.0,0.0,0.0,False,0.0
0.11334268748760223,2.0,3957.0,3955.0,7435,0.8857877850532532,11.310310363769531,0.8860632181167603,True,0.8814431428909302
0.9956721067428589,2089.0,2061.0,-28.0,7436,0.0,0.0,0.0,False,0.0
0.9908561706542969,289.0,3496.0,3207.0,7437,0.00545416260138154,4.815581321716309,0.005445303861051798,True,0.0054250541143119335
0.2021649181842804,2.0,6712.0,6710.0,7438,0.7959455251693726,11.173742294311523,0.7964718341827393,True,0.7911368012428284
0.09173059463500977,1.0,6040.0,6039.0,7439,0.9075477123260498,11.341324806213379,0.9077746868133545,True,0.9029058814048767
0.9948849678039551,2073.0,2055.0,-18.0,7440,0.0,0.0,0.0,False,0.0
0.9958430528640747,3779.0,3761.0,-18.0,7441,0.0,0.0,0.0,False,0.0
0.9885278940200806,19.0,6323.0,6304.0,7442,0.007247293833643198,5.1728644371032715,0.007238232530653477,True,0.007207363378256559
0.9937678575515747,775.0,2018.0,1243.0,7443,0.0004390481917653233,1.887999176979065,0.0004375264106784016,True,0.00043499001185409725
0.9906389713287354,10.0,3866.0,3856.0,7444,0.004508518613874912,4.577241897583008,0.004499001428484917,True,0.004477029200643301
0.9948962926864624,741.0,717.0,-24.0,7445,0.0,0.0,0.0,False,0.0
0.9936487674713135,9.0,1509.0,1500.0,7446,0.001336993183940649,3.100879430770874,0.0013324908213689923,True,0.0013257944956421852
0.9947070479393005,4325.0,4314.0,-11.0,7447,0.0,0.0,0.0,False,0.0
0.9927939176559448,6.0,2053.0,2047.0,7448,0.002950582653284073,4.052900314331055,0.002944467356428504,True,0.0029318821616470814
0.9946654438972473,3205.0,3192.0,-13.0,7449,0.0,0.0,0.0,False,0.0
0.9948451519012451,4056.0,4036.0,-20.0,7450,0.0,0.0,0.0,False,0.0
0.99588942527771,1297.0,1281.0,-16.0,7451,0.0,0.0,0.0,False,0.0
0.9929249286651611,7.0,1113.0,1106.0,7452,0.0021782666444778442,3.6827688217163086,0.002173131098970771,True,0.0021624553482979536
0.10255400091409683,1.0,7603.0,7602.0,7453,0.8966879844665527,11.325910568237305,0.8969186544418335,True,0.8923294544219971
0.9952186346054077,1624.0,1601.0,-23.0,7454,0.0,0.0,0.0,False,0.0
0.9935877323150635,68.0,2354.0,2286.0,7455,0.0008117066463455558,2.5330312252044678,0.0008089086622931063,True,0.000804372422862798
0.9940128326416016,3164.0,3151.0,-13.0,7456,0.0,0.0,0.0,False,0.0
0.9925934076309204,39.0,4841.0,4802.0,7457,0.001435604295693338,3.18377947807312,0.00143024034332484,True,0.0014216804411262274
0.995353639125824,1551.0,1525.0,-26.0,7458,0.0,0.0,0.0,False,0.0
0.9910467863082886,1173.0,6969.0,5796.0,7459,0.004235714673995972,4.498901844024658,0.004224469419568777,True,0.004204408265650272
0.9918700456619263,5382.0,5372.0,-10.0,7460,0.0,0.0,0.0,False,0.0
0.9918639063835144,9.0,1366.0,1357.0,7461,0.0026505065616220236,3.9219627380371094,0.0026458140928298235,True,0.0026312493719160557
0.9956204295158386,874.0,851.0,-23.0,7462,0.0,0.0,0.0,False,0.0
0.9951052665710449,777.0,754.0,-23.0,7463,0.0,0.0,0.0,False,0.0
0.9841337203979492,12.0,2844.0,2832.0,7464,0.00997608806937933,5.576076984405518,0.009963109157979488,True,0.00990370288491249
0.9951846599578857,1343.0,1319.0,-24.0,7465,0.0,0.0,0.0,False,0.0
0.9942493438720703,6507.0,6502.0,-5.0,7466,0.0,0.0,0.0,False,0.0
0.9947793483734131,3842.0,3829.0,-13.0,7467,0.0,0.0,0.0,False,0.0
0.9949516654014587,1895.0,1874.0,-21.0,7468,0.0,0.0,0.0,False,0.0
0.9946432113647461,3219.0,3205.0,-14.0,7469,0.0,0.0,0.0,False,0.0
0.9945434927940369,7227.0,7225.0,-2.0,7470,0.0,0.0,0.0,False,0.0
0.9946672916412354,1141.0,1115.0,-26.0,7471,0.0,0.0,0.0,False,0.0
0.9950079321861267,280.0,248.0,-32.0,7472,0.0,0.0,0.0,False,0.0
0.9949829578399658,5708.0,5703.0,-5.0,7473,0.0,0.0,0.0,False,0.0
0.9637330770492554,3.0,2130.0,2127.0,7474,0.030795475468039513,7.010190486907959,0.030779356136918068,True,0.03060508891940117
0.9956382513046265,3335.0,3318.0,-17.0,7475,0.0,0.0,0.0,False,0.0
0.9937930107116699,6326.0,6322.0,-4.0,7476,0.0,0.0,0.0,False,0.0
0.9955236911773682,1079.0,1056.0,-23.0,7477,0.0,0.0,0.0,False,0.0
0.9831252098083496,83.0,4877.0,4794.0,7478,0.012429405003786087,5.853855609893799,0.012406396679580212,True,0.012350264936685562
0.9950160980224609,989.0,955.0,-34.0,7479,0.0,0.0,0.0,False,0.0
0.9944514632225037,1771.0,1741.0,-30.0,7480,0.0,0.0,0.0,False,0.0
0.9876134991645813,2.0,639.0,637.0,7481,0.007831213064491749,5.270118236541748,0.007819242775440216,True,0.007783249020576477
0.9943362474441528,2456.0,2436.0,-20.0,7482,0.0,0.0,0.0,False,0.0
0.9942377209663391,1792.0,1767.0,-25.0,7483,0.0,0.0,0.0,False,0.0
0.9956989288330078,2915.0,2893.0,-22.0,7484,0.0,0.0,0.0,False,0.0
0.9698343276977539,4.0,3778.0,3774.0,7485,0.025341106578707695,6.7615180015563965,0.025327002629637718,True,0.02520126849412918
0.9952189922332764,1029.0,1002.0,-27.0,7486,0.0,0.0,0.0,False,0.0
0.9955363869667053,7665.0,7665.0,0.0,7487,0.0,0.0,0.0,False,0.0
0.9955680966377258,935.0,906.0,-29.0,7488,0.0,0.0,0.0,False,0.0
0.993240237236023,10.0,54.0,44.0,7489,0.0008894308120943606,2.635651111602783,0.0008871997706592083,True,0.0008819849463179708
0.8598892092704773,2.0,1607.0,1605.0,7490,0.13463246822357178,8.896955490112305,0.13463306427001953,True,0.133780837059021
0.9922263622283936,4685.0,4672.0,-13.0,7491,0.0,0.0,0.0,False,0.0
0.9946651458740234,2932.0,2909.0,-23.0,7492,0.0,0.0,0.0,False,0.0
0.9933801889419556,1848.0,1822.0,-26.0,7493,0.0,0.0,0.0,False,0.0
0.9944251179695129,5091.0,5085.0,-6.0,7494,0.0,0.0,0.0,False,0.0
0.44736698269844055,9.0,7686.0,7677.0,7495,0.5494660139083862,10.699345588684082,0.5499862432479858,True,0.5467516183853149
0.9944891929626465,2221.0,2196.0,-25.0,7496,0.0,0.0,0.0,False,0.0
0.9879620671272278,6.0,1023.0,1017.0,7497,0.0071450164541602135,5.153427600860596,0.007127309218049049,True,0.0070920586585998535
0.993116021156311,2155.0,2129.0,-26.0,7498,0.0,0.0,0.0,False,0.0
0.9949524402618408,7558.0,7558.0,0.0,7499,0.0,0.0,0.0,False,0.0
0.9948540925979614,4495.0,4480.0,-15.0,7500,0.0,0.0,0.0,False,0.0
0.9943357706069946,2523.0,2499.0,-24.0,7501,0.0,0.0,0.0,False,0.0
0.9950340986251831,3764.0,3746.0,-18.0,7502,0.0,0.0,0.0,False,0.0
0.9902143478393555,279.0,6645.0,6366.0,7503,0.0033249605912715197,4.197256565093994,0.0033111004158854485,True,0.0032895912881940603
0.993034839630127,5795.0,5790.0,-5.0,7504,0.0,0.0,0.0,False,0.0
0.995629072189331,2748.0,2729.0,-19.0,7505,0.0,0.0,0.0,False,0.0
0.9919840097427368,1920.0,1886.0,-34.0,7506,0.0,0.0,0.0,False,0.0
0.9931032061576843,2601.0,2575.0,-26.0,7507,0.0,0.0,0.0,False,0.0
0.9932770729064941,718.0,680.0,-38.0,7508,0.0,0.0,0.0,False,0.0
0.9945669770240784,274.0,237.0,-37.0,7509,0.0,0.0,0.0,False,0.0
0.9930759072303772,867.0,835.0,-32.0,7510,0.0,0.0,0.0,False,0.0
0.9954140186309814,5723.0,5717.0,-6.0,7511,0.0,0.0,0.0,False,0.0
0.9793089628219604,3.0,890.0,887.0,7512,0.013784979470074177,5.9854841232299805,0.013762672431766987,True,0.013665989972651005
0.9807196855545044,7.0,2068.0,2061.0,7513,0.013278784230351448,5.938558578491211,0.013263106346130371,True,0.013182227499783039
0.994028627872467,1029.0,997.0,-32.0,7514,0.0,0.0,0.0,False,0.0
0.9912301301956177,560.0,522.0,-38.0,7515,0.0,0.0,0.0,False,0.0
0.9953194856643677,3038.0,3014.0,-24.0,7516,0.0,0.0,0.0,False,0.0
0.9912196397781372,9.0,127.0,118.0,7517,0.004477160982787609,4.569760799407959,0.00447205500677228,True,0.004452701658010483
0.9948209524154663,3307.0,3284.0,-23.0,7518,0.0,0.0,0.0,False,0.0
0.9923461675643921,5438.0,5426.0,-12.0,7519,0.0,0.0,0.0,False,0.0
0.9956567883491516,2415.0,2385.0,-30.0,7520,0.0,0.0,0.0,False,0.0
0.9924142956733704,967.0,932.0,-35.0,7521,0.0,0.0,0.0,False,0.0
0.9942150115966797,782.0,747.0,-35.0,7522,0.0,0.0,0.0,False,0.0
0.9936656951904297,2630.0,2606.0,-24.0,7523,0.0,0.0,0.0,False,0.0
0.9939377307891846,1022.0,985.0,-37.0,7524,0.0,0.0,0.0,False,0.0
0.26802700757980347,1.0,7607.0,7606.0,7525,0.7303844094276428,11.063464164733887,0.7307818531990051,True,0.7275484800338745
0.9923515915870667,5893.0,5884.0,-9.0,7526,0.0,0.0,0.0,False,0.0
0.9940226674079895,805.0,777.0,-28.0,7527,0.0,0.0,0.0,False,0.0
0.2987944781780243,2.0,7577.0,7575.0,7528,0.6994327902793884,11.008013725280762,0.6998265981674194,True,0.696611762046814
0.994426429271698,7253.0,7250.0,-3.0,7529,0.0,0.0,0.0,False,0.0
0.9947247505187988,1637.0,1607.0,-30.0,7530,0.0,0.0,0.0,False,0.0
0.9937021732330322,3998.0,3982.0,-16.0,7531,0.0,0.0,0.0,False,0.0
0.9934926629066467,2650.0,2627.0,-23.0,7532,0.0,0.0,0.0,False,0.0
0.9956847429275513,3973.0,3960.0,-13.0,7533,0.0,0.0,0.0,False,0.0
0.9955743551254272,1687.0,1666.0,-21.0,7534,0.0,0.0,0.0,False,0.0
0.9688922166824341,2.0,3948.0,3946.0,7535,0.025480538606643677,6.766603469848633,0.02542823739349842,True,0.025280049070715904
0.9946384429931641,3133.0,3108.0,-25.0,7536,0.0,0.0,0.0,False,0.0
0.9944915771484375,420.0,2946.0,2526.0,7537,0.0011873171897605062,2.9641547203063965,0.0011844717664644122,True,0.001179344137199223
0.9956701993942261,3986.0,3976.0,-10.0,7538,0.0,0.0,0.0,False,0.0
0.27810579538345337,1.0,7667.0,7666.0,7539,0.719622015953064,11.04472541809082,0.7201701998710632,True,0.7157332897186279
0.13736623525619507,1.0,7666.0,7665.0,7540,0.8617063760757446,11.275003433227539,0.8619781732559204,True,0.8578837513923645
0.9940361976623535,5973.0,5968.0,-5.0,7541,0.0,0.0,0.0,False,0.0
0.9914758801460266,220.0,3257.0,3037.0,7542,0.0025335776153951883,3.8655707836151123,0.0025263004936277866,True,0.0025111096911132336
0.9949734210968018,5805.0,5794.0,-11.0,7543,0.0,0.0,0.0,False,0.0
0.9850095510482788,3.0,2635.0,2632.0,7544,0.010908233933150768,5.688591480255127,0.010889438912272453,True,0.010844288393855095
0.9947091341018677,6420.0,6415.0,-5.0,7545,0.0,0.0,0.0,False,0.0
0.995944082736969,345.0,313.0,-32.0,7546,0.0,0.0,0.0,False,0.0
0.9949280619621277,3635.0,3624.0,-11.0,7547,0.0,0.0,0.0,False,0.0
0.9929980635643005,2579.0,2558.0,-21.0,7548,0.0,0.0,0.0,False,0.0
0.9955456852912903,6580.0,6578.0,-2.0,7549,0.0,0.0,0.0,False,0.0
0.9957653284072876,4793.0,4782.0,-11.0,7550,0.0,0.0,0.0,False,0.0
0.9932379722595215,15.0,1735.0,1720.0,7551,0.002320582279935479,3.7610068321228027,0.002318141283467412,True,0.002307815942913294
0.9884082078933716,14.0,3149.0,3135.0,7552,0.007006574422121048,5.128785133361816,0.006989073008298874,True,0.006956677418202162
0.9945679903030396,1871.0,1845.0,-26.0,7553,0.0,0.0,0.0,False,0.0
0.9953494071960449,1811.0,1791.0,-20.0,7554,0.0,0.0,0.0,False,0.0
0.9875302314758301,3.0,249.0,246.0,7555,0.0068719033151865005,5.104162216186523,0.006853578146547079,True,0.006814821623265743
0.9952820539474487,7415.0,7412.0,-3.0,7556,0.0,0.0,0.0,False,0.0
0.9959118366241455,946.0,919.0,-27.0,7557,0.0,0.0,0.0,False,0.0
0.9953798055648804,6935.0,6932.0,-3.0,7558,0.0,0.0,0.0,False,0.0
0.994704008102417,7183.0,7181.0,-2.0,7559,0.0,0.0,0.0,False,0.0
0.20738749206066132,1.0,7510.0,7509.0,7560,0.791145920753479,11.165763854980469,0.7915277481079102,True,0.7874090075492859
0.9942522644996643,1029.0,999.0,-30.0,7561,0.0,0.0,0.0,False,0.0
0.9941762685775757,615.0,583.0,-32.0,7562,0.0,0.0,0.0,False,0.0
0.9943984746932983,5413.0,5403.0,-10.0,7563,0.0,0.0,0.0,False,0.0
0.9957472085952759,2910.0,2883.0,-27.0,7564,0.0,0.0,0.0,False,0.0
0.16703267395496368,2.0,7671.0,7669.0,7565,0.831965982913971,11.230022430419922,0.8322397470474243,True,0.8286305069923401
0.9953799247741699,4849.0,4838.0,-11.0,7566,0.0,0.0,0.0,False,0.0
0.12976539134979248,1.0,6903.0,6902.0,7567,0.8693023920059204,11.286223411560059,0.8695603609085083,True,0.8650648593902588
0.08731161803007126,2.0,7382.0,7380.0,7568,0.9121078252792358,11.34766960144043,0.9122812151908875,True,0.9080462455749512
0.09413681924343109,1.0,7165.0,7164.0,7569,0.904982328414917,11.337773323059082,0.9052614569664001,True,0.8995115160942078
0.9960357546806335,6178.0,6175.0,-3.0,7570,0.0,0.0,0.0,False,0.0
0.9824814796447754,3.0,2945.0,2942.0,7571,0.01192987710237503,5.800980091094971,0.011899611912667751,True,0.011831944808363914
0.9940094947814941,237.0,212.0,-25.0,7572,0.0,0.0,0.0,False,0.0
0.9949010610580444,4689.0,4679.0,-10.0,7573,0.0,0.0,0.0,False,0.0
0.9942665696144104,3475.0,3455.0,-20.0,7574,0.0,0.0,0.0,False,0.0
0.9949199557304382,509.0,486.0,-23.0,7575,0.0,0.0,0.0,False,0.0
0.9944301843643188,4358.0,4341.0,-17.0,7576,0.0,0.0,0.0,False,0.0
0.9918390512466431,6.0,2263.0,2257.0,7577,0.003887580707669258,4.3925862312316895,0.003877756418660283,True,0.0038610827177762985
0.9942679405212402,6487.0,6484.0,-3.0,7578,0.0,0.0,0.0,False,0.0
0.08501730859279633,1.0,7560.0,7559.0,7579,0.9143832921981812,11.35089111328125,0.9145774841308594,True,0.9102395176887512
0.9947004914283752,3849.0,3831.0,-18.0,7580,0.0,0.0,0.0,False,0.0
0.9929829835891724,16.0,2219.0,2203.0,7581,0.001420956221409142,3.173175811767578,0.0014173815725371242,True,0.0014094336656853557
0.9958087801933289,4368.0,4359.0,-9.0,7582,0.0,0.0,0.0,False,0.0
0.98842453956604,4.0,3095.0,3091.0,7583,0.0072159781120717525,5.1678009033203125,0.0072091748006641865,True,0.007177468854933977
0.9948751926422119,266.0,244.0,-22.0,7584,0.0,0.0,0.0,False,0.0
0.9890937209129333,117.0,3319.0,3202.0,7585,0.005586945917457342,4.844407081604004,0.005572149064391851,True,0.005542260129004717
0.9956439733505249,5835.0,5828.0,-7.0,7586,0.0,0.0,0.0,False,0.0
0.9940512180328369,434.0,406.0,-28.0,7587,0.0,0.0,0.0,False,0.0
0.9952119588851929,213.0,189.0,-24.0,7588,0.0,0.0,0.0,False,0.0
0.9949002265930176,6753.0,6749.0,-4.0,7589,0.0,0.0,0.0,False,0.0
0.9955216646194458,3267.0,3245.0,-22.0,7590,0.0,0.0,0.0,False,0.0
0.9954006671905518,3654.0,3640.0,-14.0,7591,0.0,0.0,0.0,False,0.0
0.9951919317245483,7545.0,7542.0,-3.0,7592,0.0,0.0,0.0,False,0.0
0.9916074275970459,12.0,828.0,816.0,7593,0.0022572290617972612,3.7230961322784424,0.0022467700764536858,True,0.0022329306229948997
0.9950766563415527,1810.0,1782.0,-28.0,7594,0.0,0.0,0.0,False,0.0
0.10893437266349792,1.0,7625.0,7624.0,7595,0.8903951644897461,11.316835403442383,0.8905866742134094,True,0.8866878747940063
0.11497150361537933,1.0,7610.0,7609.0,7596,0.8841874599456787,11.307945251464844,0.8844287395477295,True,0.8798385262489319
0.9949132204055786,296.0,2797.0,2501.0,7597,0.0005018436349928379,2.021278142929077,0.0004997416981495917,True,0.0004974481998942792
0.994300365447998,22.0,1712.0,1690.0,7598,0.0008588328491896391,2.595212459564209,0.0008555975509807467,True,0.0008514493820257485
0.9941549301147461,229.0,199.0,-30.0,7599,0.0,0.0,0.0,False,0.0
0.9942903518676758,297.0,275.0,-22.0,7600,0.0,0.0,0.0,False,0.0
0.9945220947265625,5402.0,5393.0,-9.0,7601,0.0,0.0,0.0,False,0.0
0.9913215637207031,11.0,4710.0,4699.0,7602,0.003497819183394313,4.262772083282471,0.003491619834676385,True,0.003473445773124695
0.9931598901748657,12.0,2820.0,2808.0,7603,0.002407313557341695,3.803421974182129,0.002400536322966218,True,0.0023898533545434475
0.99553382396698,6981.0,6979.0,-2.0,7604,0.0,0.0,0.0,False,0.0
0.9951296448707581,499.0,469.0,-30.0,7605,0.0,0.0,0.0,False,0.0
0.994593620300293,2321.0,2300.0,-21.0,7606,0.0,0.0,0.0,False,0.0
0.9952722191810608,180.0,154.0,-26.0,7607,0.0,0.0,0.0,False,0.0
0.9942730665206909,442.0,2807.0,2365.0,7608,0.0015102504985406995,3.2452175617218018,0.0015068745706230402,True,0.001500505837611854
0.9946815967559814,2758.0,6810.0,4052.0,7609,0.000588799943216145,2.1879913806915283,0.0005872510373592377,True,0.0005844710394740105
0.9937683939933777,275.0,247.0,-28.0,7610,0.0,0.0,0.0,False,0.0
0.9946256279945374,4255.0,4238.0,-17.0,7611,0.0,0.0,0.0,False,0.0
0.9940606951713562,7182.0,7179.0,-3.0,7612,0.0,0.0,0.0,False,0.0
0.9956121444702148,1541.0,1516.0,-25.0,7613,0.0,0.0,0.0,False,0.0
0.9958004951477051,129.0,104.0,-25.0,7614,0.0,0.0,0.0,False,0.0
0.9936332702636719,3758.0,3743.0,-15.0,7615,0.0,0.0,0.0,False,0.0
0.9954379796981812,5735.0,5733.0,-2.0,7616,0.0,0.0,0.0,False,0.0
0.993086576461792,104.0,5735.0,5631.0,7617,0.0017317208694294095,3.4072396755218506,0.001727510360069573,True,0.0017185362521559
0.991045355796814,5.0,456.0,451.0,7618,0.0046609798446297646,4.618612766265869,0.004650896415114403,True,0.004630786832422018
0.13024213910102844,1.0,7688.0,7687.0,7619,0.8687085509300232,11.285392761230469,0.8689966201782227,True,0.8639466166496277
0.9957283735275269,308.0,278.0,-30.0,7620,0.0,0.0,0.0,False,0.0
0.9944658875465393,453.0,421.0,-32.0,7621,0.0,0.0,0.0,False,0.0
0.9945542812347412,29.0,1139.0,1110.0,7622,0.0008163003949448466,2.5387372970581055,0.0008130993810482323,True,0.0008093295036815107
0.9912020564079285,47.0,5335.0,5288.0,7623,0.003994136117398739,4.426403999328613,0.003984937444329262,True,0.003965681418776512
0.9952696561813354,3658.0,3640.0,-18.0,7624,0.0,0.0,0.0,False,0.0
0.3335117697715759,3.0,7053.0,7050.0,7625,0.6636547446250916,10.9412202835083,0.6642749309539795,True,0.6598957777023315
0.15800531208515167,3.0,7634.0,7631.0,7626,0.8410032987594604,11.243820190429688,0.8412507772445679,True,0.8373081684112549
0.9894940257072449,10.0,1933.0,1923.0,7627,0.0047167083248496056,4.633596897125244,0.004707132466137409,True,0.004679707810282707
0.9914263486862183,39.0,4380.0,4341.0,7628,0.0028655431233346462,4.015750408172607,0.0028566098771989346,True,0.0028402316384017467
0.08311103284358978,1.0,7620.0,7619.0,7629,0.9164119958877563,11.353641510009766,0.9165438413619995,True,0.9127542972564697
0.9948840141296387,3057.0,3040.0,-17.0,7630,0.0,0.0,0.0,False,0.0
0.18190231919288635,3.0,7676.0,7673.0,7631,0.816870927810669,11.206581115722656,0.8171513080596924,True,0.8129218220710754
0.9915685653686523,20.0,3535.0,3515.0,7632,0.0029229812789708376,4.040056228637695,0.0029138033278286457,True,0.0028976788744330406
0.9938715696334839,592.0,566.0,-26.0,7633,0.0,0.0,0.0,False,0.0
0.9929957389831543,388.0,4372.0,3984.0,7634,0.0009950033854693174,2.760495901107788,0.00099130067974329,True,0.0009853341616690159
0.993268609046936,24.0,3906.0,3882.0,7635,0.0022662081755697727,3.7309370040893555,0.0022613592445850372,True,0.00225122831761837
0.9949008226394653,2535.0,2517.0,-18.0,7636,0.0,0.0,0.0,False,0.0
0.12640973925590515,1.0,7419.0,7418.0,7637,0.8725420832633972,11.291040420532227,0.8728360533714294,True,0.8676587343215942
0.9939302206039429,4.0,37.0,33.0,7638,0.0012474479153752327,3.0212368965148926,0.0012443549931049347,True,0.0012383428402245045
0.9952243566513062,102.0,96.0,-6.0,7639,0.0,0.0,0.0,False,0.0
0.9961216449737549,638.0,617.0,-21.0,7640,0.0,0.0,0.0,False,0.0
0.995244562625885,4644.0,4635.0,-9.0,7641,0.0,0.0,0.0,False,0.0
0.9941263794898987,1022.0,999.0,-23.0,7642,0.0,0.0,0.0,False,0.0
0.05452398955821991,1.0,7644.0,7643.0,7643,0.9450280666351318,11.393056869506836,0.9451783895492554,True,0.9400458931922913
0.9958568811416626,6774.0,6772.0,-2.0,7644,0.0,0.0,0.0,False,0.0
0.9943232536315918,6446.0,6439.0,-7.0,7645,0.0,0.0,0.0,False,0.0
0.9949145317077637,165.0,141.0,-24.0,7646,0.0,0.0,0.0,False,0.0
0.05323786661028862,1.0,7683.0,7682.0,7647,0.9464423656463623,11.395255088806152,0.9468013048171997,True,0.9427614808082581
0.9954766035079956,3910.0,3896.0,-14.0,7648,0.0,0.0,0.0,False,0.0
0.9908139705657959,578.0,4007.0,3429.0,7649,0.002890405710786581,3.9980573654174805,0.0028156533371657133,True,0.0028647163417190313
0.9949814677238464,3342.0,3328.0,-14.0,7650,0.0,0.0,0.0,False,0.0
0.9951831102371216,499.0,473.0,-26.0,7651,0.0,0.0,0.0,False,0.0
0.9821826219558716,5.0,559.0,554.0,7652,0.011597669683396816,5.735905170440674,0.011303932406008244,True,0.011497787199914455
0.9899546504020691,13.0,3125.0,3112.0,7653,0.005603544879704714,4.816116809844971,0.005447635427117348,True,0.005567577667534351
0.9948293566703796,7338.0,7338.0,0.0,7654,0.0,0.0,0.0,False,0.0
0.9950714707374573,4022.0,4010.0,-12.0,7655,0.0,0.0,0.0,False,0.0
0.9933863282203674,7290.0,7289.0,-1.0,7656,0.0,0.0,0.0,False,0.0
0.994493842124939,3807.0,3789.0,-18.0,7657,0.0,0.0,0.0,False,0.0
0.9947156310081482,4831.0,4824.0,-7.0,7658,0.0,0.0,0.0,False,0.0
0.9853514432907104,82.0,7171.0,7089.0,7659,0.006894371472299099,5.1852850914001465,0.007310003507882357,True,0.0068186246789991856
0.9951594471931458,609.0,581.0,-28.0,7660,0.0,0.0,0.0,False,0.0
0.9943320751190186,1513.0,1490.0,-23.0,7661,0.0,0.0,0.0,False,0.0
0.9925999641418457,5736.0,5730.0,-6.0,7662,0.0,0.0,0.0,False,0.0
0.9935476779937744,794.0,770.0,-24.0,7663,0.0,0.0,0.0,False,0.0
0.9946169853210449,2670.0,2648.0,-22.0,7664,0.0,0.0,0.0,False,0.0
0.9948987364768982,1319.0,1293.0,-26.0,7665,0.0,0.0,0.0,False,0.0
0.9951286911964417,700.0,669.0,-31.0,7666,0.0,0.0,0.0,False,0.0
0.9949866533279419,7114.0,7113.0,-1.0,7667,0.0,0.0,0.0,False,0.0
0.9940342307090759,28.0,1082.0,1054.0,7668,0.0006262683891691267,2.314220666885376,0.0006615115562453866,True,0.0006209895946085453
0.9939045310020447,764.0,740.0,-24.0,7669,0.0,0.0,0.0,False,0.0
0.9952084422111511,4655.0,4643.0,-12.0,7670,0.0,0.0,0.0,False,0.0
0.9914452433586121,5.0,1710.0,1705.0,7671,0.0035481767263263464,4.344889163970947,0.0037313138600438833,True,0.0035210796631872654
0.9947433471679688,5923.0,5911.0,-12.0,7672,0.0,0.0,0.0,False,0.0
0.9957859516143799,5352.0,5344.0,-8.0,7673,0.0,0.0,0.0,False,0.0
0.9948529005050659,4425.0,4413.0,-12.0,7674,0.0,0.0,0.0,False,0.0
0.9939709305763245,6606.0,6602.0,-4.0,7675,0.0,0.0,0.0,False,0.0
0.9947937726974487,1817.0,1787.0,-30.0,7676,0.0,0.0,0.0,False,0.0
0.9923237562179565,70.0,3792.0,3722.0,7677,0.0012055236147716641,2.924743890762329,0.0011446567950770259,True,0.0011930341133847833
0.10246880352497101,1.0,7261.0,7260.0,7678,0.8967715501785278,11.322038650512695,0.89421147108078,True,0.8925161361694336
0.9946463108062744,3974.0,3957.0,-17.0,7679,0.0,0.0,0.0,False,0.0
0.9944193363189697,567.0,541.0,-26.0,7680,0.0,0.0,0.0,False,0.0
0.9863167405128479,10.0,3590.0,3580.0,7681,0.007556969299912453,5.2619099617004395,0.007768483366817236,True,0.007488969713449478
0.9936947226524353,2149.0,2127.0,-22.0,7682,0.0,0.0,0.0,False,0.0
0.9936120510101318,3300.0,3286.0,-14.0,7683,0.0,0.0,0.0,False,0.0
0.9932246208190918,50.0,2238.0,2188.0,7684,0.0014188041677698493,3.194183588027954,0.0014429606962949038,True,0.0014064174611121416
0.9950311779975891,5595.0,5588.0,-7.0,7685,0.0,0.0,0.0,False,0.0
0.9957509636878967,1603.0,1575.0,-28.0,7686,0.0,0.0,0.0,False,0.0
0.9896515011787415,13.0,3203.0,3190.0,7687,0.005045929457992315,4.74110221862793,0.00513047818094492,True,0.005005944520235062
0.9919698238372803,25.0,1610.0,1585.0,7688,0.001685493509285152,3.376452684402466,0.0016834113048389554,True,0.001669755787588656
0.9948607683181763,112.0,75.0,-37.0,7689,0.0,0.0,0.0,False,0.0
0.9934697151184082,7479.0,7479.0,0.0,7690,0.0,0.0,0.0,False,0.0
0.9933845400810242,6985.0,6982.0,-3.0,7691,0.0,0.0,0.0,False,0.0
0.9808290600776672,2.0,2215.0,2213.0,7692,0.015153461135923862,6.106555461883545,0.015139349736273289,True,0.015075093135237694
0.9911181926727295,7.0,1607.0,1600.0,7693,0.004330409225076437,4.526646137237549,0.004319782368838787,True,0.004299989901483059
0.9948832392692566,6948.0,6945.0,-3.0,7694,0.0,0.0,0.0,False,0.0
0.9942160248756409,2295.0,2274.0,-21.0,7695,0.0,0.0,0.0,False,0.0
0.9886717796325684,30.0,4588.0,4558.0,7696,0.006339935585856438,5.004680156707764,0.006331900600343943,True,0.006300062406808138
0.993419885635376,6845.0,6843.0,-2.0,7697,0.0,0.0,0.0,False,0.0
0.5462366938591003,10.0,7630.0,7620.0,7698,0.4488186836242676,10.441083908081055,0.44956886768341064,True,0.4461430013179779
0.987851619720459,7.0,287.0,280.0,7699,0.0060779326595366,4.950801372528076,0.006065824069082737,True,0.006028702482581139
0.9950394630432129,6437.0,6431.0,-6.0,7700,0.0,0.0,0.0,False,0.0
0.3010522723197937,4.0,7653.0,7649.0,7701,0.6969417929649353,11.00364875793457,0.6974457502365112,True,0.6939836144447327
0.9878061413764954,2.0,154.0,152.0,7702,0.006754348054528236,5.083716869354248,0.006743033416569233,True,0.006706029176712036
0.9937067031860352,2061.0,2037.0,-24.0,7703,0.0,0.0,0.0,False,0.0
0.24313339591026306,1.0,7674.0,7673.0,7704,0.7553550601005554,11.106496810913086,0.7557449340820312,True,0.7522745132446289
0.990738034248352,28.0,5353.0,5325.0,7705,0.003189935814589262,4.147738456726074,0.003180654952302575,True,0.0031612503807991743
0.9944248199462891,1565.0,1537.0,-28.0,7706,0.0,0.0,0.0,False,0.0
0.9956806898117065,5676.0,5671.0,-5.0,7707,0.0,0.0,0.0,False,0.0
0.9942870736122131,2800.0,2772.0,-28.0,7708,0.0,0.0,0.0,False,0.0
0.9947139620780945,6566.0,6561.0,-5.0,7709,0.0,0.0,0.0,False,0.0
0.9933404922485352,3096.0,3075.0,-21.0,7710,0.0,0.0,0.0,False,0.0
0.9951709508895874,7059.0,7055.0,-4.0,7711,0.0,0.0,0.0,False,0.0
0.9943739175796509,1229.0,1198.0,-31.0,7712,0.0,0.0,0.0,False,0.0
0.23297369480133057,1.0,6999.0,6998.0,7713,0.7652026414871216,11.123237609863281,0.7656854391098022,True,0.7613039612770081
0.11697903275489807,1.0,7600.0,7599.0,7714,0.8822392225265503,11.305109024047852,0.8824726939201355,True,0.8783555030822754
0.9915909767150879,935.0,914.0,-21.0,7715,0.0,0.0,0.0,False,0.0
0.10547618567943573,2.0,7689.0,7687.0,7716,0.8936467170715332,11.321586608886719,0.8938959240913391,True,0.8886060118675232
0.990584135055542,197.0,4517.0,4320.0,7717,0.0034586128313094378,4.249327659606934,0.0034538190811872482,True,0.0034331558272242546
0.9958320260047913,3174.0,3154.0,-20.0,7718,0.0,0.0,0.0,False,0.0
0.9935221672058105,6228.0,6223.0,-5.0,7719,0.0,0.0,0.0,False,0.0
0.9944219589233398,1894.0,1871.0,-23.0,7720,0.0,0.0,0.0,False,0.0
0.9952644109725952,4462.0,4448.0,-14.0,7721,0.0,0.0,0.0,False,0.0
0.9934174418449402,275.0,241.0,-34.0,7722,0.0,0.0,0.0,False,0.0
0.9944067597389221,6092.0,6086.0,-6.0,7723,0.0,0.0,0.0,False,0.0
0.9948936700820923,2256.0,2234.0,-22.0,7724,0.0,0.0,0.0,False,0.0
0.9949326515197754,2439.0,2415.0,-24.0,7725,0.0,0.0,0.0,False,0.0
0.99442058801651,4701.0,4688.0,-13.0,7726,0.0,0.0,0.0,False,0.0
0.9950457811355591,7335.0,7334.0,-1.0,7727,0.0,0.0,0.0,False,0.0
0.9951674938201904,7102.0,7100.0,-2.0,7728,0.0,0.0,0.0,False,0.0
0.9935779571533203,14.0,2040.0,2026.0,7729,0.002487598918378353,3.8452882766723633,0.0024845844600349665,True,0.002474777167662978
0.9948345422744751,88.0,59.0,-29.0,7730,0.0,0.0,0.0,False,0.0
0.9933984279632568,3557.0,3538.0,-19.0,7731,0.0,0.0,0.0,False,0.0
0.9959789514541626,6588.0,6581.0,-7.0,7732,0.0,0.0,0.0,False,0.0
0.9951622486114502,16.0,5.0,-11.0,7733,0.0,0.0,0.0,False,0.0
0.9934996366500854,1613.0,1581.0,-32.0,7734,0.0,0.0,0.0,False,0.0
0.9950342178344727,624.0,599.0,-25.0,7735,0.0,0.0,0.0,False,0.0
0.9952309131622314,6591.0,6587.0,-4.0,7736,0.0,0.0,0.0,False,0.0
0.9950309991836548,7545.0,7543.0,-2.0,7737,0.0,0.0,0.0,False,0.0
0.9950340390205383,213.0,183.0,-30.0,7738,0.0,0.0,0.0,False,0.0
0.09524451196193695,1.0,7636.0,7635.0,7739,0.9041856527328491,11.336470603942871,0.9043411016464233,True,0.9004235863685608
0.9946934580802917,3832.0,3813.0,-19.0,7740,0.0,0.0,0.0,False,0.0
0.09032019972801208,1.0,6008.0,6007.0,7741,0.9089508056640625,11.343269348144531,0.9091528654098511,True,0.9038781523704529
0.9953013062477112,375.0,355.0,-20.0,7742,0.0,0.0,0.0,False,0.0
0.9935085773468018,6728.0,6724.0,-4.0,7743,0.0,0.0,0.0,False,0.0
0.9945402145385742,1579.0,1553.0,-26.0,7744,0.0,0.0,0.0,False,0.0
0.062295444309711456,1.0,7394.0,7393.0,7745,0.9371483325958252,11.382344245910645,0.9373084306716919,True,0.9313859343528748
0.9917049407958984,4.0,817.0,813.0,7746,0.0025798596907407045,3.8882250785827637,0.002573681063950062,True,0.002558917971327901
0.9929078817367554,163.0,5580.0,5417.0,7747,0.0016211728798225522,3.328227996826172,0.00161642930470407,True,0.0016075639287009835
0.994610071182251,1387.0,1366.0,-21.0,7748,0.0,0.0,0.0,False,0.0
0.9939796924591064,2641.0,2625.0,-16.0,7749,0.0,0.0,0.0,False,0.0
0.9942156672477722,814.0,783.0,-31.0,7750,0.0,0.0,0.0,False,0.0
0.9892069697380066,20.0,4263.0,4243.0,7751,0.00417436333373189,4.480172157287598,0.004161283373832703,True,0.004133571404963732
0.9946510791778564,5836.0,5825.0,-11.0,7752,0.0,0.0,0.0,False,0.0
0.9934715628623962,5836.0,5828.0,-8.0,7753,0.0,0.0,0.0,False,0.0
0.9936549663543701,4384.0,4374.0,-10.0,7754,0.0,0.0,0.0,False,0.0
0.9941312074661255,703.0,667.0,-36.0,7755,0.0,0.0,0.0,False,0.0
0.9894633889198303,4026.0,7405.0,3379.0,7756,0.0035257041454315186,4.271071910858154,0.0035151545889675617,True,0.0034903858322650194
0.9945183992385864,4954.0,4947.0,-7.0,7757,0.0,0.0,0.0,False,0.0
0.9926646947860718,205.0,5780.0,5575.0,7758,0.002220973838120699,3.707967519760132,0.0022188727743923664,True,0.002207494806498289
0.9918156862258911,7.0,1457.0,1450.0,7759,0.003626011312007904,4.308244705200195,0.0036224517971277237,True,0.0036058665718883276
0.9937115907669067,4034.0,4016.0,-18.0,7760,0.0,0.0,0.0,False,0.0
0.09487153589725494,1.0,7427.0,7426.0,7761,0.9043754935264587,11.336806297302246,0.9045785665512085,True,0.8993659019470215
0.9950026273727417,6395.0,6385.0,-10.0,7762,0.0,0.0,0.0,False,0.0
0.9933850765228271,3240.0,3220.0,-20.0,7763,0.0,0.0,0.0,False,0.0
0.9932395219802856,1836.0,1807.0,-29.0,7764,0.0,0.0,0.0,False,0.0
0.11440487205982208,1.0,7657.0,7656.0,7765,0.8846889734268188,11.308696746826172,0.8849472999572754,True,0.8799641132354736
0.9944494962692261,520.0,487.0,-33.0,7766,0.0,0.0,0.0,False,0.0
0.9917213916778564,6169.0,6166.0,-3.0,7767,0.0,0.0,0.0,False,0.0
0.9947236776351929,4803.0,4787.0,-16.0,7768,0.0,0.0,0.0,False,0.0
0.9946810007095337,842.0,805.0,-37.0,7769,0.0,0.0,0.0,False,0.0
0.11912290751934052,1.0,7447.0,7446.0,7770,0.880001962184906,11.30190658569336,0.8802703022956848,True,0.8758091926574707
0.08827237039804459,1.0,7592.0,7591.0,7771,0.9111694693565369,11.346352577209473,0.9113439917564392,True,0.9074005484580994
0.9947188496589661,65.0,40.0,-25.0,7772,0.0,0.0,0.0,False,0.0
0.07568901032209396,1.0,7560.0,7559.0,7773,0.9235923290252686,11.36376667022705,0.9238154888153076,True,0.9178065061569214
0.9927691221237183,115.0,3428.0,3313.0,7774,0.0008546606404706836,2.589998722076416,0.0008515951340086758,True,0.0008461579564027488
0.9936208724975586,596.0,577.0,-19.0,7775,0.0,0.0,0.0,False,0.0
0.9935144186019897,4153.0,4138.0,-15.0,7776,0.0,0.0,0.0,False,0.0
0.99567711353302,2848.0,2820.0,-28.0,7777,0.0,0.0,0.0,False,0.0
0.9940749406814575,390.0,366.0,-24.0,7778,0.0,0.0,0.0,False,0.0
0.9945199489593506,5510.0,5503.0,-7.0,7779,0.0,0.0,0.0,False,0.0
0.9933346509933472,637.0,6045.0,5408.0,7780,0.0012005569878965616,2.9768056869506836,0.0011975144734606147,True,0.0011909587774425745
0.991554856300354,2.0,1481.0,1479.0,7781,0.003187167225405574,4.1467437744140625,0.0031780856661498547,True,0.0031612932216376066
0.9938773512840271,5053.0,5040.0,-13.0,7782,0.0,0.0,0.0,False,0.0
0.9949214458465576,4861.0,4848.0,-13.0,7783,0.0,0.0,0.0,False,0.0
0.9959603548049927,3304.0,3284.0,-20.0,7784,0.0,0.0,0.0,False,0.0
0.9956353902816772,2199.0,2177.0,-22.0,7785,0.0,0.0,0.0,False,0.0
0.9944318532943726,6786.0,6785.0,-1.0,7786,0.0,0.0,0.0,False,0.0
0.9947179555892944,7416.0,7413.0,-3.0,7787,0.0,0.0,0.0,False,0.0
0.9949175715446472,562.0,526.0,-36.0,7788,0.0,0.0,0.0,False,0.0
0.9949410557746887,5735.0,5721.0,-14.0,7789,0.0,0.0,0.0,False,0.0
0.9841076135635376,3.0,1078.0,1075.0,7790,0.008841153234243393,5.421834468841553,0.008818438276648521,True,0.008755502291023731
0.9859959483146667,3.0,2086.0,2083.0,7791,0.009321355260908604,5.489861488342285,0.009306344203650951,True,0.009262215346097946
0.9954445958137512,73.0,50.0,-23.0,7792,0.0,0.0,0.0,False,0.0
0.9939846992492676,365.0,351.0,-14.0,7793,0.0,0.0,0.0,False,0.0
0.9959681630134583,6908.0,6904.0,-4.0,7794,0.0,0.0,0.0,False,0.0
0.9945164918899536,6884.0,6883.0,-1.0,7795,0.0,0.0,0.0,False,0.0
0.9949381351470947,4545.0,4532.0,-13.0,7796,0.0,0.0,0.0,False,0.0
0.9935111403465271,3395.0,3378.0,-17.0,7797,0.0,0.0,0.0,False,0.0
0.9946502447128296,3156.0,3132.0,-24.0,7798,0.0,0.0,0.0,False,0.0
0.9946240782737732,134.0,109.0,-25.0,7799,0.0,0.0,0.0,False,0.0
0.9936400055885315,7467.0,7465.0,-2.0,7800,0.0,0.0,0.0,False,0.0
0.9960535764694214,6744.0,6738.0,-6.0,7801,0.0,0.0,0.0,False,0.0
0.9927205443382263,3932.0,3908.0,-24.0,7802,0.0,0.0,0.0,False,0.0
0.9935159087181091,999.0,966.0,-33.0,7803,0.0,0.0,0.0,False,0.0
0.9906589984893799,12.0,1856.0,1844.0,7804,0.0034776958636939526,4.252167701721191,0.003461770946159959,True,0.0034413477405905724
0.9953164458274841,1095.0,1066.0,-29.0,7805,0.0,0.0,0.0,False,0.0
0.9933547973632812,1464.0,1432.0,-32.0,7806,0.0,0.0,0.0,False,0.0
0.9937617182731628,864.0,832.0,-32.0,7807,0.0,0.0,0.0,False,0.0
0.9938207268714905,287.0,258.0,-29.0,7808,0.0,0.0,0.0,False,0.0
0.08632822334766388,1.0,7629.0,7628.0,7809,0.9130016565322876,11.348976135253906,0.9132122993469238,True,0.9083781242370605
0.9924269318580627,178.0,5776.0,5598.0,7810,0.002517256187275052,3.858398914337158,0.002511474071070552,True,0.0024987300857901573
0.9941209554672241,1622.0,1595.0,-27.0,7811,0.0,0.0,0.0,False,0.0
0.992773175239563,3185.0,3164.0,-21.0,7812,0.0,0.0,0.0,False,0.0
0.9895763993263245,5.0,314.0,309.0,7813,0.003225232707336545,4.161567687988281,0.0032165786251425743,True,0.0031933218706399202
0.9938768744468689,2761.0,2740.0,-21.0,7814,0.0,0.0,0.0,False,0.0
0.995222270488739,3640.0,3614.0,-26.0,7815,0.0,0.0,0.0,False,0.0
0.9950408935546875,6605.0,6602.0,-3.0,7816,0.0,0.0,0.0,False,0.0
0.9913033843040466,2935.0,2908.0,-27.0,7817,0.0,0.0,0.0,False,0.0
0.9952704310417175,1013.0,976.0,-37.0,7818,0.0,0.0,0.0,False,0.0
0.9913843870162964,23.0,3024.0,3001.0,7819,0.003785857232287526,4.361548900604248,0.00378184556029737,True,0.0037634954787790775
0.9943822026252747,1100.0,1068.0,-32.0,7820,0.0,0.0,0.0,False,0.0
0.9955254197120667,2097.0,2075.0,-22.0,7821,0.0,0.0,0.0,False,0.0
0.9831315279006958,10.0,3628.0,3618.0,7822,0.011205815710127354,5.7209086418151855,0.01117089856415987,True,0.01110653206706047
0.941400408744812,3.0,2096.0,2093.0,7823,0.05391756072640419,7.72480583190918,0.05385766923427582,True,0.053587742149829865
0.47458136081695557,8.0,7632.0,7624.0,7824,0.5225697755813599,10.634961128234863,0.5230275988578796,True,0.520405650138855
0.9873626828193665,12.0,2462.0,2450.0,7825,0.008328436873853207,5.347683906555176,0.008315305225551128,True,0.008279065601527691
0.224800705909729,3.0,7578.0,7575.0,7826,0.7735767960548401,11.137015342712402,0.7739638090133667,True,0.7697333097457886
0.987813413143158,46.0,6425.0,6379.0,7827,0.006090361624956131,4.951727390289307,0.006070301402360201,True,0.006032946985214949
0.993537425994873,369.0,342.0,-27.0,7828,0.0,0.0,0.0,False,0.0
0.9741559028625488,2.0,936.0,934.0,7829,0.020198535174131393,6.471827983856201,0.020175915211439133,True,0.02005920000374317
0.9952067136764526,2434.0,2415.0,-19.0,7830,0.0,0.0,0.0,False,0.0
0.9955031275749207,812.0,778.0,-34.0,7831,0.0,0.0,0.0,False,0.0
0.9918525218963623,32.0,3539.0,3507.0,7832,0.0023764001671224833,3.787407159805298,0.0023691055830568075,True,0.0023553837090730667
0.9950829744338989,2671.0,2655.0,-16.0,7833,0.0,0.0,0.0,False,0.0
0.9955475330352783,6677.0,6672.0,-5.0,7834,0.0,0.0,0.0,False,0.0
0.9941357970237732,3025.0,3004.0,-21.0,7835,0.0,0.0,0.0,False,0.0
0.9884992241859436,7.0,104.0,97.0,7836,0.004825367126613855,4.662079334259033,0.004815858323127031,True,0.004783508833497763
0.9952214956283569,3598.0,3579.0,-19.0,7837,0.0,0.0,0.0,False,0.0
0.9944446682929993,761.0,730.0,-31.0,7838,0.0,0.0,0.0,False,0.0
0.9943447709083557,23.0,4.0,-19.0,7839,0.0,0.0,0.0,False,0.0
0.9941676259040833,5577.0,7359.0,1782.0,7840,0.0012523969635367393,3.026838779449463,0.001250376575626433,True,0.0012446400942280889
0.9953722953796387,4508.0,4500.0,-8.0,7841,0.0,0.0,0.0,False,0.0
0.9935155510902405,437.0,405.0,-32.0,7842,0.0,0.0,0.0,False,0.0
0.9946387410163879,1276.0,1244.0,-32.0,7843,0.0,0.0,0.0,False,0.0
0.9951464533805847,392.0,354.0,-38.0,7844,0.0,0.0,0.0,False,0.0
0.9951479434967041,6329.0,6324.0,-5.0,7845,0.0,0.0,0.0,False,0.0
0.9870058298110962,10.0,3687.0,3677.0,7846,0.007840713486075401,5.272396564483643,0.007833389565348625,True,0.007792644202709198
0.9875878095626831,30.0,6091.0,6061.0,7847,0.006940700579434633,5.116312026977539,0.006920110899955034,True,0.006881840527057648
0.9938498735427856,1991.0,1965.0,-26.0,7848,0.0,0.0,0.0,False,0.0
0.9935353994369507,1047.0,1019.0,-28.0,7849,0.0,0.0,0.0,False,0.0
0.9909533858299255,4.0,628.0,624.0,7850,0.0045714545994997025,4.595409870147705,0.00456510204821825,True,0.004544549621641636
0.9946764707565308,5872.0,5863.0,-9.0,7851,0.0,0.0,0.0,False,0.0
0.9948750734329224,1097.0,1070.0,-27.0,7852,0.0,0.0,0.0,False,0.0
0.9937443137168884,1445.0,1414.0,-31.0,7853,0.0,0.0,0.0,False,0.0
0.9923344254493713,121.0,4715.0,4594.0,7854,0.001394349616020918,3.1491386890411377,0.0013886240776628256,True,0.0013798956060782075
0.9946848154067993,977.0,946.0,-31.0,7855,0.0,0.0,0.0,False,0.0
0.9916114211082458,5171.0,5155.0,-16.0,7856,0.0,0.0,0.0,False,0.0
0.9859258532524109,24.0,3718.0,3694.0,7857,0.009286785498261452,5.485191822052002,0.009272020310163498,True,0.009227078408002853
0.9952496290206909,6419.0,6413.0,-6.0,7858,0.0,0.0,0.0,False,0.0
0.9820194244384766,4.0,1165.0,1161.0,7859,0.012297281995415688,5.842061996459961,0.012291543185710907,True,0.012220745906233788
0.9748934507369995,8.0,4093.0,4085.0,7860,0.01895086094737053,6.3904547691345215,0.018926482647657394,True,0.01880725845694542
0.9655165672302246,89.0,7381.0,7292.0,7861,0.025474710389971733,6.767123699188232,0.025438625365495682,True,0.02520253136754036
0.9940032958984375,1710.0,1677.0,-33.0,7862,0.0,0.0,0.0,False,0.0
0.9929762482643127,2886.0,2864.0,-22.0,7863,0.0,0.0,0.0,False,0.0
0.9889057874679565,188.0,4667.0,4479.0,7864,0.003613469423726201,4.299860954284668,0.0035979794338345528,True,0.003570910543203354
0.9957118630409241,378.0,348.0,-30.0,7865,0.0,0.0,0.0,False,0.0
0.17397354543209076,1.0,7487.0,7486.0,7866,0.8245252370834351,11.21875,0.8249498009681702,True,0.8198757171630859
0.9855911731719971,12.0,4707.0,4695.0,7867,0.007846631109714508,5.269792556762695,0.007817222736775875,True,0.0077652884647250175
0.9946376085281372,679.0,650.0,-29.0,7868,0.0,0.0,0.0,False,0.0
0.9946655035018921,5950.0,5940.0,-10.0,7869,0.0,0.0,0.0,False,0.0
0.9940215945243835,54.0,19.0,-35.0,7870,0.0,0.0,0.0,False,0.0
0.9884459972381592,16.0,2814.0,2798.0,7871,0.005670259241014719,4.861353874206543,0.00564806442707777,True,0.005614517722278833
0.9942207336425781,5656.0,5648.0,-8.0,7872,0.0,0.0,0.0,False,0.0
0.9941689968109131,3791.0,3770.0,-21.0,7873,0.0,0.0,0.0,False,0.0
0.9885504245758057,5.0,1159.0,1154.0,7874,0.00600573793053627,4.934240341186523,0.005986260715872049,True,0.005953358951956034
0.9923998713493347,2521.0,2500.0,-21.0,7875,0.0,0.0,0.0,False,0.0
0.979031503200531,1.0,138.0,137.0,7876,0.014741694554686546,6.0702900886535645,0.01471325196325779,True,0.014619842171669006
0.9934146404266357,921.0,886.0,-35.0,7877,0.0,0.0,0.0,False,0.0
0.9950807094573975,59.0,39.0,-20.0,7878,0.0,0.0,0.0,False,0.0
0.9903953075408936,43.0,5311.0,5268.0,7879,0.003851073794066906,4.379705429077148,0.0038376704324036837,True,0.0038154530338943005
0.9943353533744812,2331.0,2307.0,-24.0,7880,0.0,0.0,0.0,False,0.0
0.9928888082504272,6097.0,6091.0,-6.0,7881,0.0,0.0,0.0,False,0.0
0.9394621849060059,6.0,4165.0,4159.0,7882,0.055278193205595016,7.757248878479004,0.055242039263248444,True,0.05493238568305969
0.972320020198822,11.0,4154.0,4143.0,7883,0.022348903119564056,6.60170316696167,0.022341983392834663,True,0.02221999503672123
0.28426820039749146,2.0,7515.0,7513.0,7884,0.7134730219841003,11.03371810913086,0.7140098810195923,True,0.709710955619812
0.9486243724822998,1.0,1762.0,1761.0,7885,0.045879900455474854,7.518836975097656,0.045841168612241745,True,0.04557527229189873
0.9374685883522034,2.0,4534.0,4532.0,7886,0.057471033185720444,7.806334495544434,0.057404324412345886,True,0.057092078030109406
0.9950551986694336,6947.0,6944.0,-3.0,7887,0.0,0.0,0.0,False,0.0
0.995214581489563,2424.0,2406.0,-18.0,7888,0.0,0.0,0.0,False,0.0
0.9941633939743042,4316.0,4304.0,-12.0,7889,0.0,0.0,0.0,False,0.0
0.9948011636734009,1823.0,1798.0,-25.0,7890,0.0,0.0,0.0,False,0.0
0.9940415620803833,1553.0,1523.0,-30.0,7891,0.0,0.0,0.0,False,0.0
0.9958088397979736,6389.0,6386.0,-3.0,7892,0.0,0.0,0.0,False,0.0
0.9956738352775574,323.0,292.0,-31.0,7893,0.0,0.0,0.0,False,0.0
0.9838807582855225,44.0,5812.0,5768.0,7894,0.008514993824064732,5.3747076988220215,0.008495303802192211,True,0.008429981768131256
0.9947898983955383,3521.0,3502.0,-19.0,7895,0.0,0.0,0.0,False,0.0
0.9940451383590698,6008.0,6001.0,-7.0,7896,0.0,0.0,0.0,False,0.0
0.9948835372924805,2880.0,2861.0,-19.0,7897,0.0,0.0,0.0,False,0.0
0.9909037351608276,638.0,611.0,-27.0,7898,0.0,0.0,0.0,False,0.0
0.9884927272796631,30.0,5325.0,5295.0,7899,0.005512867122888565,4.827323913574219,0.005496631842106581,True,0.005463410634547472
0.9931449294090271,4303.0,4286.0,-17.0,7900,0.0,0.0,0.0,False,0.0
0.9933074712753296,2643.0,2630.0,-13.0,7901,0.0,0.0,0.0,False,0.0
0.9945518970489502,1432.0,1404.0,-28.0,7902,0.0,0.0,0.0,False,0.0
0.9822603464126587,6.0,2160.0,2154.0,7903,0.012762580066919327,5.8888702392578125,0.012753693386912346,True,0.01268928311765194
0.9954704642295837,6807.0,6801.0,-6.0,7904,0.0,0.0,0.0,False,0.0
0.9951131343841553,4463.0,4445.0,-18.0,7905,0.0,0.0,0.0,False,0.0
0.9951125383377075,3975.0,3955.0,-20.0,7906,0.0,0.0,0.0,False,0.0
0.9953551292419434,1609.0,1584.0,-25.0,7907,0.0,0.0,0.0,False,0.0
0.9373675584793091,3.0,797.0,794.0,7908,0.05447414517402649,7.738419055938721,0.05443427339196205,True,0.05396232008934021
0.9942375421524048,997.0,964.0,-33.0,7909,0.0,0.0,0.0,False,0.0
0.9932819604873657,2628.0,2602.0,-26.0,7910,0.0,0.0,0.0,False,0.0
0.9838151931762695,12.0,2328.0,2316.0,7911,0.011083277873694897,5.708391189575195,0.01106103602796793,True,0.011003727093338966
0.9944599866867065,6326.0,6323.0,-3.0,7912,0.0,0.0,0.0,False,0.0
0.9920033812522888,14.0,1514.0,1500.0,7913,0.0024180326145142317,3.8097710609436035,0.0024131066165864468,True,0.002399600576609373
0.9927530288696289,8.0,559.0,551.0,7914,0.002954470459371805,4.055190563201904,0.0029499672818928957,True,0.00293725379742682
0.9936132431030273,4825.0,4814.0,-11.0,7915,0.0,0.0,0.0,False,0.0
0.968537449836731,2.0,1518.0,1516.0,7916,0.026509851217269897,6.817445755004883,0.02646273374557495,True,0.026326829567551613
0.9846429824829102,12.0,1897.0,1885.0,7917,0.00903306808322668,5.449827671051025,0.00901607982814312,True,0.008958389051258564
0.9938147068023682,5195.0,5186.0,-9.0,7918,0.0,0.0,0.0,False,0.0
0.9950013756752014,933.0,902.0,-31.0,7919,0.0,0.0,0.0,False,0.0
0.9937191605567932,5984.0,5975.0,-9.0,7920,0.0,0.0,0.0,False,0.0
0.9944167733192444,79.0,47.0,-32.0,7921,0.0,0.0,0.0,False,0.0
0.9956104755401611,3437.0,3419.0,-18.0,7922,0.0,0.0,0.0,False,0.0
0.9933686256408691,4260.0,4245.0,-15.0,7923,0.0,0.0,0.0,False,0.0
0.9945279359817505,292.0,257.0,-35.0,7924,0.0,0.0,0.0,False,0.0
0.9943233728408813,4966.0,4956.0,-10.0,7925,0.0,0.0,0.0,False,0.0
0.9942281246185303,5286.0,5273.0,-13.0,7926,0.0,0.0,0.0,False,0.0
0.993456244468689,918.0,888.0,-30.0,7927,0.0,0.0,0.0,False,0.0
0.9949729442596436,970.0,939.0,-31.0,7928,0.0,0.0,0.0,False,0.0
0.9931885004043579,7482.0,7479.0,-3.0,7929,0.0,0.0,0.0,False,0.0
0.9941967725753784,1745.0,1717.0,-28.0,7930,0.0,0.0,0.0,False,0.0
0.9742953181266785,4.0,2932.0,2928.0,7931,0.020193517208099365,6.470396518707275,0.02015324868261814,True,0.020039068534970284
0.9948116540908813,1451.0,1417.0,-34.0,7932,0.0,0.0,0.0,False,0.0
0.9496018886566162,8.0,3808.0,3800.0,7933,0.045818984508514404,7.517065525054932,0.04577765613794327,True,0.045556001365184784
0.9935628175735474,6358.0,6354.0,-4.0,7934,0.0,0.0,0.0,False,0.0
0.9930740594863892,7686.0,7686.0,0.0,7935,0.0,0.0,0.0,False,0.0
0.9857157468795776,38.0,6671.0,6633.0,7936,0.008125895634293556,5.315699100494385,0.008107107132673264,True,0.00805661827325821
0.9754445552825928,22.0,3965.0,3943.0,7937,0.01914549432694912,6.404611587524414,0.019138183444738388,True,0.01903248392045498
0.9447100162506104,2.0,1575.0,1573.0,7938,0.04922352358698845,7.608368873596191,0.04916813224554062,True,0.04885156452655792
0.990331768989563,7457.0,7454.0,-3.0,7939,0.0,0.0,0.0,False,0.0
0.9918702244758606,261.0,225.0,-36.0,7940,0.0,0.0,0.0,False,0.0
0.99294513463974,2972.0,2953.0,-19.0,7941,0.0,0.0,0.0,False,0.0
0.9933750629425049,7517.0,7515.0,-2.0,7942,0.0,0.0,0.0,False,0.0
0.9932986497879028,4682.0,4668.0,-14.0,7943,0.0,0.0,0.0,False,0.0
0.9923321604728699,3127.0,3103.0,-24.0,7944,0.0,0.0,0.0,False,0.0
0.9814455509185791,23.0,3901.0,3878.0,7945,0.012827735394239426,5.8946967124938965,0.012812409549951553,True,0.012737886980175972
0.9948726892471313,3878.0,3867.0,-11.0,7946,0.0,0.0,0.0,False,0.0
0.9944118857383728,5110.0,5098.0,-12.0,7947,0.0,0.0,0.0,False,0.0
0.9942612648010254,5471.0,5457.0,-14.0,7948,0.0,0.0,0.0,False,0.0
0.5624122619628906,10.0,7688.0,7678.0,7949,0.4331636428833008,10.395318031311035,0.4337908625602722,True,0.4308818578720093
0.9820657968521118,5.0,573.0,568.0,7950,0.012330695986747742,5.844829082489014,0.012318396009504795,True,0.012248354963958263
0.9948226809501648,4213.0,4203.0,-10.0,7951,0.0,0.0,0.0,False,0.0
0.9939889311790466,5459.0,5448.0,-11.0,7952,0.0,0.0,0.0,False,0.0
0.21239350736141205,2.0,7643.0,7641.0,7953,0.7861789464950562,11.157716751098633,0.7865710854530334,True,0.7827551364898682
0.9942908883094788,4018.0,3999.0,-19.0,7954,0.0,0.0,0.0,False,0.0
0.9945920705795288,3129.0,3109.0,-20.0,7955,0.0,0.0,0.0,False,0.0
0.9901731014251709,13.0,1056.0,1043.0,7956,0.004625183995813131,4.610071659088135,0.0046191345900297165,True,0.004594968166202307
0.12391375005245209,1.0,5174.0,5173.0,7957,0.8753763437271118,11.29503345489502,0.8755601644515991,True,0.871858537197113
0.9944251179695129,800.0,763.0,-37.0,7958,0.0,0.0,0.0,False,0.0
0.9765206575393677,2.0,531.0,529.0,7959,0.017765678465366364,6.307352066040039,0.017729803919792175,True,0.017626026645302773
0.9908481240272522,1241.0,5744.0,4503.0,7960,0.002688868436962366,3.93835711479187,0.0026815582532435656,True,0.0026641611475497484
0.986932635307312,4.0,922.0,918.0,7961,0.007770312950015068,5.258988857269287,0.007750497665256262,True,0.007708967197686434
0.9905027151107788,5335.0,5328.0,-7.0,7962,0.0,0.0,0.0,False,0.0
0.9943820238113403,2767.0,2753.0,-14.0,7963,0.0,0.0,0.0,False,0.0
0.9929796457290649,1031.0,1009.0,-22.0,7964,0.0,0.0,0.0,False,0.0
0.16924816370010376,2.0,7669.0,7667.0,7965,0.8295772075653076,11.226366996765137,0.8298685550689697,True,0.8255596160888672
0.9944091439247131,4082.0,4067.0,-15.0,7966,0.0,0.0,0.0,False,0.0
0.9946902394294739,4104.0,4086.0,-18.0,7967,0.0,0.0,0.0,False,0.0
0.9923908114433289,8.0,1214.0,1206.0,7968,0.002568667521700263,3.8828539848327637,0.0025623722467571497,True,0.0025494073051959276
0.9948846101760864,7174.0,7173.0,-1.0,7969,0.0,0.0,0.0,False,0.0
0.9919065833091736,26.0,4428.0,4402.0,7970,0.003011843888089061,4.077417373657227,0.0030038603581488132,True,0.0029885258991271257
0.14838218688964844,1.0,7639.0,7638.0,7971,0.8505302667617798,11.258305549621582,0.8508164882659912,True,0.8462463617324829
0.993025541305542,333.0,306.0,-27.0,7972,0.0,0.0,0.0,False,0.0
0.9944681525230408,4517.0,4508.0,-9.0,7973,0.0,0.0,0.0,False,0.0
0.9956237077713013,198.0,164.0,-34.0,7974,0.0,0.0,0.0,False,0.0
0.9937548041343689,2967.0,2945.0,-22.0,7975,0.0,0.0,0.0,False,0.0
0.9719138741493225,3.0,2372.0,2369.0,7976,0.023115742951631546,6.643019676208496,0.023078372702002525,True,0.02296007052063942
0.993911862373352,3047.0,6212.0,3165.0,7977,0.0007787920185364783,2.487140417098999,0.0007758757565170527,True,0.0007717509288340807
0.9951859712600708,4362.0,4357.0,-5.0,7978,0.0,0.0,0.0,False,0.0
0.9949026107788086,107.0,76.0,-31.0,7979,0.0,0.0,0.0,False,0.0
0.9944131374359131,148.0,115.0,-33.0,7980,0.0,0.0,0.0,False,0.0
0.9932923316955566,7402.0,7402.0,0.0,7981,0.0,0.0,0.0,False,0.0
0.9940160512924194,3810.0,3799.0,-11.0,7982,0.0,0.0,0.0,False,0.0
0.993829071521759,720.0,688.0,-32.0,7983,0.0,0.0,0.0,False,0.0
0.10169439017772675,1.0,7658.0,7657.0,7984,0.8974628448486328,11.327025413513184,0.8976991772651672,True,0.892376720905304
0.9945257306098938,3812.0,3793.0,-19.0,7985,0.0,0.0,0.0,False,0.0
0.9933916926383972,1644.0,1621.0,-23.0,7986,0.0,0.0,0.0,False,0.0
0.9944013357162476,5402.0,5389.0,-13.0,7987,0.0,0.0,0.0,False,0.0
0.9947561025619507,2101.0,2083.0,-18.0,7988,0.0,0.0,0.0,False,0.0
0.9944463968276978,6646.0,6643.0,-3.0,7989,0.0,0.0,0.0,False,0.0
0.9956876039505005,7048.0,7045.0,-3.0,7990,0.0,0.0,0.0,False,0.0
0.9865896701812744,3.0,298.0,295.0,7991,0.007224404718726873,5.166523456573486,0.007201859727501869,True,0.007156822830438614
0.9945422410964966,3187.0,3166.0,-21.0,7992,0.0,0.0,0.0,False,0.0
0.9936969876289368,4682.0,4671.0,-11.0,7993,0.0,0.0,0.0,False,0.0
0.9932693243026733,44.0,1706.0,1662.0,7994,0.0008627295028418303,2.6005027294158936,0.0008596754050813615,True,0.0008546239114366472
0.9802417755126953,5.0,4328.0,4323.0,7995,0.015565425157546997,6.1403961181640625,0.015547988004982471,True,0.015481492504477501
0.9957438111305237,939.0,915.0,-24.0,7996,0.0,0.0,0.0,False,0.0
0.9939796328544617,972.0,7294.0,6322.0,7997,0.0012390525080263615,3.013878107070923,0.0012364845024421811,True,0.0012305619893595576
0.995494544506073,5923.0,5914.0,-9.0,7998,0.0,0.0,0.0,False,0.0
0.09681389480829239,1.0,7627.0,7626.0,7999,0.9024695754051208,11.33409309387207,0.902665376663208,True,0.8978363871574402
0.9945660829544067,5589.0,5577.0,-12.0,8000,0.0,0.0,0.0,False,0.0
0.9952107667922974,855.0,834.0,-21.0,8001,0.0,0.0,0.0,False,0.0
0.9946563243865967,5715.0,5705.0,-10.0,8002,0.0,0.0,0.0,False,0.0
0.9937263131141663,1020.0,989.0,-31.0,8003,0.0,0.0,0.0,False,0.0
0.9942710399627686,989.0,957.0,-32.0,8004,0.0,0.0,0.0,False,0.0
0.15076330304145813,1.0,7415.0,7414.0,8005,0.8477816581726074,11.254392623901367,0.848222017288208,True,0.8425511121749878
0.08468905091285706,1.0,7653.0,7652.0,8006,0.9148058891296387,11.351438522338867,0.9149686098098755,True,0.9112851619720459
0.9322361350059509,2.0,4314.0,4312.0,8007,0.06267789006233215,7.916485786437988,0.0625690221786499,True,0.06222229078412056
0.9949023723602295,6196.0,6186.0,-10.0,8008,0.0,0.0,0.0,False,0.0
0.9933071136474609,45.0,1260.0,1215.0,8009,0.0012570543913170695,3.0289440155029297,0.0012526465579867363,True,0.0012458233395591378
0.9950801134109497,729.0,703.0,-26.0,8010,0.0,0.0,0.0,False,0.0
0.9956390857696533,6090.0,6084.0,-6.0,8011,0.0,0.0,0.0,False,0.0
0.994811475276947,3127.0,3111.0,-16.0,8012,0.0,0.0,0.0,False,0.0
0.9951838254928589,1338.0,1316.0,-22.0,8013,0.0,0.0,0.0,False,0.0
0.9930556416511536,932.0,6471.0,5539.0,8014,0.001204610918648541,2.9796102046966553,0.0012004231102764606,True,0.0011935196816921234
0.995398998260498,662.0,633.0,-29.0,8015,0.0,0.0,0.0,False,0.0
0.9921941757202148,2091.0,5255.0,3164.0,8016,0.0009139979374594986,2.662867546081543,0.0009090373641811311,True,0.0009027622290886939
0.9921824932098389,2503.0,2480.0,-23.0,8017,0.0,0.0,0.0,False,0.0
0.14472700655460358,1.0,7675.0,7674.0,8018,0.8542280197143555,11.263882637023926,0.854528546333313,True,0.8501554727554321
0.9940091967582703,4479.0,4468.0,-11.0,8019,0.0,0.0,0.0,False,0.0
0.995241105556488,7282.0,7281.0,-1.0,8020,0.0,0.0,0.0,False,0.0
0.994621992111206,2237.0,2215.0,-22.0,8021,0.0,0.0,0.0,False,0.0
0.9948362112045288,950.0,919.0,-31.0,8022,0.0,0.0,0.0,False,0.0
0.9944409728050232,385.0,3603.0,3218.0,8023,0.00039095012471079826,1.7727652788162231,0.0003887114580720663,True,0.00038670090725645423
0.9927147626876831,838.0,809.0,-29.0,8024,0.0,0.0,0.0,False,0.0
0.9947834014892578,3480.0,3466.0,-14.0,8025,0.0,0.0,0.0,False,0.0
0.9951492547988892,2513.0,2493.0,-20.0,8026,0.0,0.0,0.0,False,0.0
0.9956346750259399,6128.0,6122.0,-6.0,8027,0.0,0.0,0.0,False,0.0
0.9945187568664551,7198.0,7197.0,-1.0,8028,0.0,0.0,0.0,False,0.0
0.9937308430671692,4582.0,4568.0,-14.0,8029,0.0,0.0,0.0,False,0.0
0.9940359592437744,6994.0,6991.0,-3.0,8030,0.0,0.0,0.0,False,0.0
0.9945520758628845,4425.0,4409.0,-16.0,8031,0.0,0.0,0.0,False,0.0
0.9948176741600037,263.0,239.0,-24.0,8032,0.0,0.0,0.0,False,0.0
0.9946553707122803,7175.0,7174.0,-1.0,8033,0.0,0.0,0.0,False,0.0
0.03971979394555092,1.0,7686.0,7685.0,8034,0.9600129723548889,11.413131713867188,0.9601051807403564,True,0.955895185470581
0.9952141046524048,105.0,81.0,-24.0,8035,0.0,0.0,0.0,False,0.0
0.9956035017967224,5524.0,5519.0,-5.0,8036,0.0,0.0,0.0,False,0.0
0.9952945709228516,718.0,689.0,-29.0,8037,0.0,0.0,0.0,False,0.0
0.9949885606765747,154.0,120.0,-34.0,8038,0.0,0.0,0.0,False,0.0
0.9922372698783875,11.0,1297.0,1286.0,8039,0.0021208450198173523,3.650296688079834,0.002115498296916485,True,0.0021035263780504465
0.9902443289756775,5.0,1532.0,1527.0,8040,0.004230499267578125,4.497188568115234,0.004218652378767729,True,0.0041951946914196014
0.9960110187530518,548.0,522.0,-26.0,8041,0.0,0.0,0.0,False,0.0
0.9951145648956299,3274.0,3261.0,-13.0,8042,0.0,0.0,0.0,False,0.0
0.9943915009498596,3956.0,3941.0,-15.0,8043,0.0,0.0,0.0,False,0.0
0.993131160736084,52.0,3121.0,3069.0,8044,0.001411012257449329,3.161832332611084,0.0014037435175850987,True,0.0013960611540824175
0.9961397051811218,412.0,386.0,-26.0,8045,0.0,0.0,0.0,False,0.0
0.13561995327472687,1.0,5465.0,5464.0,8046,0.8632656335830688,11.27747631072998,0.863644003868103,True,0.8589821457862854
0.9956928491592407,3489.0,3471.0,-18.0,8047,0.0,0.0,0.0,False,0.0
0.9958411455154419,7131.0,7129.0,-2.0,8048,0.0,0.0,0.0,False,0.0
0.9913702607154846,58.0,6634.0,6576.0,8049,0.004717001225799322,4.634494304656982,0.004710521083325148,True,0.004691971931606531
0.9939078092575073,1921.0,1896.0,-25.0,8050,0.0,0.0,0.0,False,0.0
0.9952259063720703,5886.0,5879.0,-7.0,8051,0.0,0.0,0.0,False,0.0
0.9947139620780945,2846.0,2826.0,-20.0,8052,0.0,0.0,0.0,False,0.0
0.06763698160648346,1.0,7666.0,7665.0,8053,0.9318337440490723,11.375090599060059,0.9320169687271118,True,0.9272708892822266
0.9950290322303772,108.0,2212.0,2104.0,8054,0.0006509888917207718,2.2941529750823975,0.0006492111715488136,True,0.0006464036414399743
0.03921665996313095,1.0,7389.0,7388.0,8055,0.9605331420898438,11.413816452026367,0.9606181383132935,True,0.956588625907898
0.06998331844806671,1.0,7685.0,7684.0,8056,0.9295179843902588,11.37186336517334,0.9296717643737793,True,0.9251126646995544
0.9945014119148254,3202.0,3185.0,-17.0,8057,0.0,0.0,0.0,False,0.0
0.9955162405967712,1705.0,1683.0,-22.0,8058,0.0,0.0,0.0,False,0.0
0.994317352771759,4221.0,5595.0,1374.0,8059,0.00026089069433510303,1.4074479341506958,0.0002600260195322335,True,0.0002586156188044697
0.9956591725349426,3185.0,5978.0,2793.0,8060,0.00027393747586756945,1.4496639966964722,0.0002730916894506663,True,0.00027198053430765867
0.9938555955886841,6401.0,6394.0,-7.0,8061,0.0,0.0,0.0,False,0.0
0.9945331811904907,5716.0,5708.0,-8.0,8062,0.0,0.0,0.0,False,0.0
0.9940723180770874,8.0,447.0,439.0,8063,0.001521141966804862,3.252711296081543,0.0015164753422141075,True,0.0015097756404429674
0.994126558303833,2525.0,2504.0,-21.0,8064,0.0,0.0,0.0,False,0.0
0.07696309685707092,1.0,7278.0,7277.0,8065,0.9223039150238037,11.362005233764648,0.9225462079048157,True,0.9167013168334961
0.9949895143508911,1459.0,1434.0,-25.0,8066,0.0,0.0,0.0,False,0.0
0.9938298463821411,504.0,472.0,-32.0,8067,0.0,0.0,0.0,False,0.0
0.9943402409553528,193.0,4279.0,4086.0,8068,0.0005292341811582446,2.0772197246551514,0.0005278461612761021,True,0.0005251358961686492
0.9958152770996094,7448.0,7448.0,0.0,8069,0.0,0.0,0.0,False,0.0
0.99406498670578,1463.0,1433.0,-30.0,8070,0.0,0.0,0.0,False,0.0
0.994787335395813,1077.0,1044.0,-33.0,8071,0.0,0.0,0.0,False,0.0
0.9925714135169983,8.0,1528.0,1520.0,8072,0.0025820941664278507,3.889799118041992,0.00257700402289629,True,0.0025644691195338964
0.9955997467041016,131.0,101.0,-30.0,8073,0.0,0.0,0.0,False,0.0
0.9931648373603821,22.0,4023.0,4001.0,8074,0.002215927466750145,3.7040457725524902,0.0022116946056485176,True,0.002201446332037449
0.9948681592941284,4903.0,4892.0,-11.0,8075,0.0,0.0,0.0,False,0.0
0.9922746419906616,8.0,432.0,424.0,8076,0.0020439133513718843,3.6043434143066406,0.002036393852904439,True,0.0020247853826731443
0.9940103888511658,4588.0,4574.0,-14.0,8077,0.0,0.0,0.0,False,0.0
0.09136870503425598,1.0,7491.0,7490.0,8078,0.9079796075820923,11.341920852661133,0.9081964492797852,True,0.9038946628570557
0.9946846961975098,1917.0,1893.0,-24.0,8079,0.0,0.0,0.0,False,0.0
0.9948769807815552,3169.0,3154.0,-15.0,8080,0.0,0.0,0.0,False,0.0
0.085029736161232,1.0,7067.0,7066.0,8081,0.9141994118690491,11.350708961486816,0.9144478440284729,True,0.9088631868362427
0.9958664774894714,469.0,460.0,-9.0,8082,0.0,0.0,0.0,False,0.0
0.995058000087738,5941.0,5935.0,-6.0,8083,0.0,0.0,0.0,False,0.0
0.9945253133773804,805.0,776.0,-29.0,8084,0.0,0.0,0.0,False,0.0
0.9951169490814209,3655.0,3642.0,-13.0,8085,0.0,0.0,0.0,False,0.0
0.979417085647583,2.0,2402.0,2400.0,8086,0.015699883922934532,6.150827884674072,0.015676142647862434,True,0.015597999095916748
0.9949945211410522,6869.0,6865.0,-4.0,8087,0.0,0.0,0.0,False,0.0
0.9903116226196289,8.0,3242.0,3234.0,8088,0.004138293210417032,4.470959186553955,0.004130539484322071,True,0.004107487387955189
0.9943990111351013,966.0,936.0,-30.0,8089,0.0,0.0,0.0,False,0.0
0.9917656183242798,41.0,3243.0,3202.0,8090,0.0019641127437353134,3.557223081588745,0.001958172768354416,True,0.00194585882127285
0.9946397542953491,6948.0,6946.0,-2.0,8091,0.0,0.0,0.0,False,0.0
0.9955276250839233,1279.0,1261.0,-18.0,8092,0.0,0.0,0.0,False,0.0
0.9908308982849121,6930.0,6924.0,-6.0,8093,0.0,0.0,0.0,False,0.0
0.9952728748321533,1553.0,1527.0,-26.0,8094,0.0,0.0,0.0,False,0.0
0.09260735660791397,1.0,7684.0,7683.0,8095,0.9066691398620605,11.340084075927734,0.9068955183029175,True,0.9020527601242065
0.9952939748764038,2300.0,2275.0,-25.0,8096,0.0,0.0,0.0,False,0.0
0.9857457876205444,23.0,1232.0,1209.0,8097,0.008761567063629627,5.410720348358154,0.008741156198084354,True,0.008692541159689426
0.9957865476608276,1388.0,1362.0,-26.0,8098,0.0,0.0,0.0,False,0.0
0.9944424629211426,4185.0,4171.0,-14.0,8099,0.0,0.0,0.0,False,0.0
0.9856462478637695,8.0,3718.0,3710.0,8100,0.009604821912944317,5.527821063995361,0.009590073488652706,True,0.009543947875499725
0.9952789545059204,926.0,905.0,-21.0,8101,0.0,0.0,0.0,False,0.0
0.9796193242073059,4.0,5688.0,5684.0,8102,0.016191937029361725,6.189198017120361,0.016156604513525963,True,0.016087237745523453
0.9943642616271973,7092.0,7090.0,-2.0,8103,0.0,0.0,0.0,False,0.0
0.9945245385169983,6716.0,6713.0,-3.0,8104,0.0,0.0,0.0,False,0.0
0.9730994701385498,2.0,2970.0,2968.0,8105,0.02281378209590912,6.6256842613220215,0.02276650443673134,True,0.022670194506645203
0.9922643303871155,2058.0,5579.0,3521.0,8106,0.0012173091527074575,2.9905202388763428,0.0012117997976019979,True,0.0012038847198709846
0.9942660331726074,1582.0,1550.0,-32.0,8107,0.0,0.0,0.0,False,0.0
0.9935992956161499,4801.0,4787.0,-14.0,8108,0.0,0.0,0.0,False,0.0
0.9948470592498779,705.0,673.0,-32.0,8109,0.0,0.0,0.0,False,0.0
0.9948485493659973,351.0,316.0,-35.0,8110,0.0,0.0,0.0,False,0.0
0.9943970441818237,2677.0,2656.0,-21.0,8111,0.0,0.0,0.0,False,0.0
0.9945021867752075,4077.0,4063.0,-14.0,8112,0.0,0.0,0.0,False,0.0
0.9941012859344482,5049.0,5039.0,-10.0,8113,0.0,0.0,0.0,False,0.0
0.995044469833374,7226.0,7224.0,-2.0,8114,0.0,0.0,0.0,False,0.0
0.1978733390569687,2.0,5825.0,5823.0,8115,0.8007599115371704,11.181264877319336,0.8011624813079834,True,0.7972776889801025
0.9824541211128235,3.0,253.0,250.0,8116,0.013288446702063084,5.939143657684326,0.01326922606676817,True,0.013211715035140514
0.9955889582633972,1207.0,1184.0,-23.0,8117,0.0,0.0,0.0,False,0.0
0.9922298192977905,4.0,58.0,54.0,8118,0.003352197352796793,4.207907199859619,0.0033398212399333715,True,0.003324975026771426
0.9795664548873901,6.0,3118.0,3112.0,8119,0.015156292356550694,6.105464458465576,0.015126352198421955,True,0.015044840052723885
0.9948446750640869,6306.0,6305.0,-1.0,8120,0.0,0.0,0.0,False,0.0
0.9943418502807617,6717.0,6714.0,-3.0,8121,0.0,0.0,0.0,False,0.0
0.9940329194068909,2794.0,2769.0,-25.0,8122,0.0,0.0,0.0,False,0.0
0.9876665472984314,14.0,4999.0,4985.0,8123,0.006815003231167793,5.094201564788818,0.0067995027638971806,True,0.0067616174928843975
0.9958956241607666,6582.0,6572.0,-10.0,8124,0.0,0.0,0.0,False,0.0
0.9949284791946411,1556.0,1532.0,-24.0,8125,0.0,0.0,0.0,False,0.0
0.2565447688102722,2.0,7628.0,7626.0,8126,0.7413464784622192,11.0828857421875,0.7419447302818298,True,0.7376021146774292
0.9960379600524902,1237.0,1215.0,-22.0,8127,0.0,0.0,0.0,False,0.0
0.9424431920051575,3.0,2931.0,2928.0,8128,0.05232444405555725,7.685258865356445,0.05221690237522125,True,0.05192270502448082
0.9932636022567749,91.0,56.0,-35.0,8129,0.0,0.0,0.0,False,0.0
0.9943619966506958,2084.0,2058.0,-26.0,8130,0.0,0.0,0.0,False,0.0
0.9952114820480347,7203.0,7200.0,-3.0,8131,0.0,0.0,0.0,False,0.0
0.9946870803833008,1546.0,1515.0,-31.0,8132,0.0,0.0,0.0,False,0.0
0.2826828956604004,7.0,7390.0,7383.0,8133,0.7152897715568542,11.036935806274414,0.7158048748970032,True,0.7119960784912109
0.9946235418319702,109.0,73.0,-36.0,8134,0.0,0.0,0.0,False,0.0
0.9952917695045471,3887.0,3869.0,-18.0,8135,0.0,0.0,0.0,False,0.0
0.995165228843689,5470.0,5458.0,-12.0,8136,0.0,0.0,0.0,False,0.0
0.9938661456108093,27.0,2274.0,2247.0,8137,0.002061225939542055,3.6181018352508545,0.0020597807597368956,True,0.0020513718482106924
0.9952840209007263,6272.0,6268.0,-4.0,8138,0.0,0.0,0.0,False,0.0
0.8927923440933228,1.0,2836.0,2835.0,8139,0.10268881916999817,8.547769546508789,0.10248755663633347,True,0.1019485741853714
0.9953314065933228,1349.0,1318.0,-31.0,8140,0.0,0.0,0.0,False,0.0
0.9945107698440552,5029.0,5015.0,-14.0,8141,0.0,0.0,0.0,False,0.0
0.9953119158744812,2201.0,2181.0,-20.0,8142,0.0,0.0,0.0,False,0.0
0.9953742027282715,3165.0,3141.0,-24.0,8143,0.0,0.0,0.0,False,0.0
0.20018167793750763,2.0,7673.0,7671.0,8144,0.7986144423484802,11.177716255187988,0.7989468574523926,True,0.7954837083816528
0.14385832846164703,2.0,7688.0,7686.0,8145,0.854996919631958,11.265108108520508,0.8553462624549866,True,0.8506430387496948
0.9953474998474121,554.0,516.0,-38.0,8146,0.0,0.0,0.0,False,0.0
0.9919523000717163,17.0,822.0,805.0,8147,0.002763528609648347,3.9726169109344482,0.0027577457949519157,True,0.002743117045611143
0.9945147633552551,7160.0,7158.0,-2.0,8148,0.0,0.0,0.0,False,0.0
0.9944987893104553,7229.0,7228.0,-1.0,8149,0.0,0.0,0.0,False,0.0
0.9955387711524963,4251.0,4235.0,-16.0,8150,0.0,0.0,0.0,False,0.0
0.9958095550537109,4844.0,4829.0,-15.0,8151,0.0,0.0,0.0,False,0.0
0.9937261343002319,41.0,3934.0,3893.0,8152,0.0013914903393015265,3.1493334770202637,0.0013888546964153647,True,0.0013820608146488667
0.9947912693023682,5233.0,5225.0,-8.0,8153,0.0,0.0,0.0,False,0.0
0.9937049746513367,3891.0,3873.0,-18.0,8154,0.0,0.0,0.0,False,0.0
0.995409369468689,7031.0,7029.0,-2.0,8155,0.0,0.0,0.0,False,0.0
0.9948724508285522,5912.0,5899.0,-13.0,8156,0.0,0.0,0.0,False,0.0
0.23965725302696228,2.0,7551.0,7549.0,8157,0.7585448026657104,11.112056732177734,0.7590315341949463,True,0.7549013495445251
0.9951719641685486,6262.0,6256.0,-6.0,8158,0.0,0.0,0.0,False,0.0
0.9944924712181091,4550.0,4530.0,-20.0,8159,0.0,0.0,0.0,False,0.0
0.992363452911377,19.0,3663.0,3644.0,8160,0.0026817370671778917,3.9358041286468506,0.002675961935892701,True,0.002662651939317584
0.9957924485206604,2478.0,2452.0,-26.0,8161,0.0,0.0,0.0,False,0.0
0.9943037033081055,911.0,884.0,-27.0,8162,0.0,0.0,0.0,False,0.0
0.994949460029602,6882.0,6881.0,-1.0,8163,0.0,0.0,0.0,False,0.0
0.9936484694480896,5218.0,5206.0,-12.0,8164,0.0,0.0,0.0,False,0.0
0.9943513870239258,2844.0,7366.0,4522.0,8165,0.0004863463982474059,1.9901998043060303,0.0004846503143198788,True,0.0004821463953703642
0.9948744177818298,1872.0,1846.0,-26.0,8166,0.0,0.0,0.0,False,0.0
0.9958930611610413,5980.0,5972.0,-8.0,8167,0.0,0.0,0.0,False,0.0
0.9949976205825806,6726.0,6723.0,-3.0,8168,0.0,0.0,0.0,False,0.0
0.9964927434921265,4156.0,4141.0,-15.0,8169,0.0,0.0,0.0,False,0.0
0.994401216506958,6353.0,6345.0,-8.0,8170,0.0,0.0,0.0,False,0.0
0.9957567453384399,7257.0,7254.0,-3.0,8171,0.0,0.0,0.0,False,0.0
0.9948265552520752,3919.0,3896.0,-23.0,8172,0.0,0.0,0.0,False,0.0
0.9953133463859558,5895.0,5886.0,-9.0,8173,0.0,0.0,0.0,False,0.0
0.9947164058685303,1220.0,1186.0,-34.0,8174,0.0,0.0,0.0,False,0.0
0.9943759441375732,4521.0,4508.0,-13.0,8175,0.0,0.0,0.0,False,0.0
0.9956979751586914,1001.0,968.0,-33.0,8176,0.0,0.0,0.0,False,0.0
0.9954732656478882,522.0,487.0,-35.0,8177,0.0,0.0,0.0,False,0.0
0.10061336308717728,1.0,7611.0,7610.0,8178,0.8986005783081055,11.328666687011719,0.8988499641418457,True,0.8940809965133667
0.9937701225280762,7165.0,7161.0,-4.0,8179,0.0,0.0,0.0,False,0.0
0.9916152954101562,10.0,2325.0,2315.0,8180,0.0034286403097212315,4.238555908203125,0.003423817455768585,True,0.0034067737869918346
0.9947330951690674,3267.0,3239.0,-28.0,8181,0.0,0.0,0.0,False,0.0
0.9911086559295654,10.0,914.0,904.0,8182,0.0036650588735938072,4.319502830505371,0.0036555659025907516,True,0.003636355744674802
0.99481600522995,5556.0,5547.0,-9.0,8183,0.0,0.0,0.0,False,0.0
0.2510072588920593,1.0,1673.0,1672.0,8184,0.746308445930481,11.091666221618652,0.7470470666885376,True,0.7413008809089661
0.9938796758651733,3568.0,3544.0,-24.0,8185,0.0,0.0,0.0,False,0.0
0.9932988882064819,23.0,2445.0,2422.0,8186,0.00243775499984622,3.818535804748535,0.0024305616971105337,True,0.0024201564956456423
0.9950649738311768,5747.0,5735.0,-12.0,8187,0.0,0.0,0.0,False,0.0
0.99507737159729,906.0,872.0,-34.0,8188,0.0,0.0,0.0,False,0.0
0.9954861998558044,1606.0,1576.0,-30.0,8189,0.0,0.0,0.0,False,0.0
0.9940381050109863,5725.0,5715.0,-10.0,8190,0.0,0.0,0.0,False,0.0
0.9931615591049194,1892.0,1863.0,-29.0,8191,0.0,0.0,0.0,False,0.0
