distractor_warrant_mass,sample_id,support_attention_mass,support_present,support_warrant_mass
0.8326842784881592,6553,0.1673157513141632,True,0.1673157513141632
0.7708108425140381,6554,0.2291892021894455,True,0.2291892021894455
0.8168911337852478,6555,0.1831088811159134,True,0.1831088811159134
0.804397463798523,6556,0.19560247659683228,True,0.19560247659683228
0.8124906420707703,6557,0.18750935792922974,True,0.18750935792922974
0.8304334878921509,6558,0.1695665419101715,True,0.1695665419101715
0.551988422870636,6559,0.448011577129364,True,0.448011577129364
0.6709282994270325,6560,0.32907167077064514,True,0.32907167077064514
0.882287859916687,6561,0.11771210283041,True,0.11771210283041
0.6452778577804565,6562,0.35472220182418823,True,0.35472220182418823
0.6453491449356079,6563,0.3546507954597473,True,0.3546507954597473
0.8544583916664124,6564,0.14554160833358765,True,0.14554160833358765
0.8363507986068726,6565,0.16364920139312744,True,0.16364920139312744
0.8060548305511475,6566,0.19394519925117493,True,0.19394519925117493
0.6948990821838379,6567,0.3051009178161621,True,0.3051009178161621
0.8676596879959106,6568,0.13234031200408936,True,0.13234031200408936
0.8416300415992737,6569,0.15836988389492035,True,0.15836988389492035
0.45379480719566345,6570,0.5462051630020142,True,0.5462051630020142
0.7822521924972534,6571,0.21774782240390778,True,0.21774782240390778
0.8301988840103149,6572,0.16980114579200745,True,0.16980114579200745
0.8253562450408936,6573,0.17464378476142883,True,0.17464378476142883
0.8485513925552368,6574,0.15144868195056915,True,0.15144868195056915
0.2263307422399521,6575,0.7736692428588867,True,0.7736692428588867
0.8076221942901611,6576,0.1923777014017105,True,0.1923777014017105
0.8409420847892761,6577,0.15905790030956268,True,0.15905790030956268
0.8626372814178467,6578,0.13736270368099213,True,0.13736270368099213
0.7117578983306885,6579,0.2882421612739563,True,0.2882421612739563
0.6861575841903687,6580,0.31384241580963135,True,0.31384241580963135
0.7831587791442871,6581,0.2168412059545517,True,0.2168412059545517
0.6174752712249756,6582,0.38252466917037964,True,0.38252466917037964
0.8881539106369019,6583,0.11184610426425934,True,0.11184610426425934
0.8505896925926208,6584,0.14941029250621796,True,0.14941029250621796
0.4475191831588745,6585,0.5524808168411255,True,0.5524808168411255
0.6772406101226807,6586,0.32275938987731934,True,0.32275938987731934
0.8843657374382019,6587,0.11563419550657272,True,0.11563419550657272
0.7533400058746338,6588,0.24665991961956024,True,0.24665991961956024
0.3440804183483124,6589,0.6559195518493652,True,0.6559195518493652
0.8009052276611328,6590,0.1990947127342224,True,0.1990947127342224
0.5324021577835083,6591,0.4675978422164917,True,0.4675978422164917
0.7318992614746094,6592,0.268100768327713,True,0.268100768327713
0.6160289645195007,6593,0.38397109508514404,True,0.38397109508514404
0.765375018119812,6594,0.2346249222755432,True,0.2346249222755432
0.8320515155792236,6595,0.16794848442077637,True,0.16794848442077637
0.7907889485359192,6596,0.2092110812664032,True,0.2092110812664032
0.8790811896324158,6597,0.12091884762048721,True,0.12091884762048721
0.7518057227134705,6598,0.24819426238536835,True,0.24819426238536835
0.6132352948188782,6599,0.3867647051811218,True,0.3867647051811218
0.6343265175819397,6600,0.3656734526157379,True,0.3656734526157379
0.5276084542274475,6601,0.4723915457725525,True,0.4723915457725525
0.724854588508606,6602,0.27514541149139404,True,0.27514541149139404
0.5538093447685242,6603,0.44619062542915344,True,0.44619062542915344
0.8027881383895874,6604,0.1972118616104126,True,0.1972118616104126
0.7878109216690063,6605,0.21218915283679962,True,0.21218915283679962
0.7286682724952698,6606,0.2713317275047302,True,0.2713317275047302
0.7896638512611389,6607,0.21033619344234467,True,0.21033619344234467
0.738824188709259,6608,0.2611757814884186,True,0.2611757814884186
0.8085795044898987,6609,0.19142048060894012,True,0.19142048060894012
0.6378431916236877,6610,0.36215680837631226,True,0.36215680837631226
0.8509154319763184,6611,0.14908453822135925,True,0.14908453822135925
0.5768085718154907,6612,0.4231913983821869,True,0.4231913983821869
0.9145981669425964,6613,0.08540180325508118,True,0.08540180325508118
0.7596818208694458,6614,0.24031813442707062,True,0.24031813442707062
0.8140924572944641,6615,0.18590755760669708,True,0.18590755760669708
0.7512959241867065,6616,0.2487040013074875,True,0.2487040013074875
0.8046870231628418,6617,0.19531302154064178,True,0.19531302154064178
0.9113919138908386,6618,0.08860806375741959,True,0.08860806375741959
0.8617612719535828,6619,0.13823877274990082,True,0.13823877274990082
0.8882476687431335,6620,0.11175236850976944,True,0.11175236850976944
0.5591098070144653,6621,0.44089019298553467,True,0.44089019298553467
0.7327410578727722,6622,0.2672589421272278,True,0.2672589421272278
0.6109819412231445,6623,0.3890180289745331,True,0.3890180289745331
0.7405009269714355,6624,0.25949904322624207,True,0.25949904322624207
0.0,6625,0.9999999403953552,True,0.9999999403953552
0.5218913555145264,6626,0.478108674287796,True,0.478108674287796
0.9135541915893555,6627,0.08644586056470871,True,0.08644586056470871
0.8649346232414246,6628,0.13506539165973663,True,0.13506539165973663
0.8317139148712158,6629,0.16828614473342896,True,0.16828614473342896
0.8473351001739502,6630,0.15266482532024384,True,0.15266482532024384
0.6202057600021362,6631,0.37979423999786377,True,0.37979423999786377
0.8059940934181213,6632,0.19400593638420105,True,0.19400593638420105
0.6437153816223145,6633,0.35628464818000793,True,0.35628464818000793
0.6452043056488037,6634,0.3547956943511963,True,0.3547956943511963
0.8572095632553101,6635,0.14279046654701233,True,0.14279046654701233
0.583054780960083,6636,0.41694527864456177,True,0.41694527864456177
0.7760448455810547,6637,0.2239551693201065,True,0.2239551693201065
0.9122892618179321,6638,0.0877106711268425,True,0.0877106711268425
0.6248186230659485,6639,0.3751813769340515,True,0.3751813769340515
0.7254449725151062,6640,0.27455511689186096,True,0.27455511689186096
0.838588297367096,6641,0.16141170263290405,True,0.16141170263290405
0.7008695006370544,6642,0.29913049936294556,True,0.29913049936294556
0.7758755683898926,6643,0.2241244614124298,True,0.2241244614124298
0.7727112770080566,6644,0.2272886335849762,True,0.2272886335849762
0.6727206707000732,6645,0.32727935910224915,True,0.32727935910224915
0.7698308825492859,6646,0.23016904294490814,True,0.23016904294490814
0.8773781061172485,6647,0.12262193858623505,True,0.12262193858623505
0.7581385374069214,6648,0.24186155200004578,True,0.24186155200004578
0.8256499171257019,6649,0.17435014247894287,True,0.17435014247894287
0.49902042746543884,6650,0.5009795427322388,True,0.5009795427322388
0.7851542234420776,6651,0.2148457169532776,True,0.2148457169532776
0.8266192674636841,6652,0.17338071763515472,True,0.17338071763515472
0.7974662184715271,6653,0.2025337964296341,True,0.2025337964296341
0.48298346996307373,6654,0.5170164704322815,True,0.5170164704322815
0.8358117938041687,6655,0.16418810188770294,True,0.16418810188770294
0.5434620380401611,6656,0.4565379321575165,True,0.4565379321575165
0.7551312446594238,6657,0.24486882984638214,True,0.24486882984638214
0.8156439065933228,6658,0.18435607850551605,True,0.18435607850551605
0.6805954575538635,6659,0.3194045424461365,True,0.3194045424461365
0.7851700782775879,6660,0.21482990682125092,True,0.21482990682125092
0.5708589553833008,6661,0.42914098501205444,True,0.42914098501205444
0.7593411207199097,6662,0.24065887928009033,True,0.24065887928009033
0.8455478549003601,6663,0.1544521450996399,True,0.1544521450996399
0.887179970741272,6664,0.11282007396221161,True,0.11282007396221161
0.8393105268478394,6665,0.16068948805332184,True,0.16068948805332184
0.856379508972168,6666,0.14362046122550964,True,0.14362046122550964
0.7507889270782471,6667,0.24921104311943054,True,0.24921104311943054
0.6343799233436584,6668,0.36562013626098633,True,0.36562013626098633
0.8011854290962219,6669,0.19881457090377808,True,0.19881457090377808
0.7192448973655701,6670,0.28075510263442993,True,0.28075510263442993
0.7963564991950989,6671,0.20364348590373993,True,0.20364348590373993
0.6688777804374695,6672,0.33112215995788574,True,0.33112215995788574
0.8422809839248657,6673,0.15771901607513428,True,0.15771901607513428
0.6884241104125977,6674,0.31157588958740234,True,0.31157588958740234
0.6512758135795593,6675,0.34872421622276306,True,0.34872421622276306
0.6721690893173218,6676,0.3278309404850006,True,0.3278309404850006
0.7050812244415283,6677,0.2949187755584717,True,0.2949187755584717
0.6843655109405518,6678,0.31563448905944824,True,0.31563448905944824
0.8353106379508972,6679,0.16468936204910278,True,0.16468936204910278
0.6451844573020935,6680,0.3548154830932617,True,0.3548154830932617
0.7340985536575317,6681,0.26590147614479065,True,0.26590147614479065
0.6814010143280029,6682,0.31859898567199707,True,0.31859898567199707
0.8363617658615112,6683,0.1636381447315216,True,0.1636381447315216
0.8422211408615112,6684,0.15777882933616638,True,0.15777882933616638
0.5850871801376343,6685,0.4149128198623657,True,0.4149128198623657
0.8890529870986938,6686,0.11094701290130615,True,0.11094701290130615
0.8307280540466309,6687,0.16927188634872437,True,0.16927188634872437
0.5397260785102844,6688,0.4602739214897156,True,0.4602739214897156
0.8053860068321228,6689,0.19461403787136078,True,0.19461403787136078
0.8821223974227905,6690,0.11787759512662888,True,0.11787759512662888
0.6913740038871765,6691,0.3086259961128235,True,0.3086259961128235
0.8736585378646851,6692,0.12634149193763733,True,0.12634149193763733
0.6640682816505432,6693,0.3359317183494568,True,0.3359317183494568
0.7513405084609985,6694,0.24865947663784027,True,0.24865947663784027
0.842235803604126,6695,0.1577642560005188,True,0.1577642560005188
0.7880536913871765,6696,0.21194641292095184,True,0.21194641292095184
0.8476709127426147,6697,0.15232916176319122,True,0.15232916176319122
0.8880927562713623,6698,0.1119072288274765,True,0.1119072288274765
0.8803620338439941,6699,0.11963798850774765,True,0.11963798850774765
0.7225602865219116,6700,0.277439683675766,True,0.277439683675766
0.6607800722122192,6701,0.33921998739242554,True,0.33921998739242554
0.6106635332107544,6702,0.38933640718460083,True,0.38933640718460083
0.7597565650939941,6703,0.24024340510368347,True,0.24024340510368347
0.8105210065841675,6704,0.18947909772396088,True,0.18947909772396088
0.6654039025306702,6705,0.33459603786468506,True,0.33459603786468506
0.6428981423377991,6706,0.3571018874645233,True,0.3571018874645233
0.6746594905853271,6707,0.32534050941467285,True,0.32534050941467285
0.7084318399429321,6708,0.29156816005706787,True,0.29156816005706787
0.8684916496276855,6709,0.13150833547115326,True,0.13150833547115326
0.7807238698005676,6710,0.21927613019943237,True,0.21927613019943237
0.8732448816299438,6711,0.12675508856773376,True,0.12675508856773376
0.7063791155815125,6712,0.2936209440231323,True,0.2936209440231323
0.890792727470398,6713,0.10920724272727966,True,0.10920724272727966
0.7506632804870605,6714,0.24933664500713348,True,0.24933664500713348
0.559482991695404,6715,0.44051694869995117,True,0.44051694869995117
0.4540330171585083,6716,0.5459669828414917,True,0.5459669828414917
0.8192853331565857,6717,0.1807146966457367,True,0.1807146966457367
0.7057970762252808,6718,0.29420292377471924,True,0.29420292377471924
0.7444860935211182,6719,0.25551390647888184,True,0.25551390647888184
0.8582864999771118,6720,0.14171350002288818,True,0.14171350002288818
0.7210598587989807,6721,0.27894023060798645,True,0.27894023060798645
0.7856138348579407,6722,0.21438615024089813,True,0.21438615024089813
0.8917697668075562,6723,0.10823028534650803,True,0.10823028534650803
0.5912685394287109,6724,0.40873152017593384,True,0.40873152017593384
0.7854021191596985,6725,0.21459785103797913,True,0.21459785103797913
0.8419273495674133,6726,0.15807263553142548,True,0.15807263553142548
0.7238894701004028,6727,0.27611055970191956,True,0.27611055970191956
0.6248109936714172,6728,0.375188946723938,True,0.375188946723938
0.8666605949401855,6729,0.13333947956562042,True,0.13333947956562042
0.22893239557743073,6730,0.77106773853302,True,0.77106773853302
0.86883544921875,6731,0.1311645656824112,True,0.1311645656824112
0.8178532123565674,6732,0.18214671313762665,True,0.18214671313762665
0.8079604506492615,6733,0.1920395791530609,True,0.1920395791530609
0.6581116914749146,6734,0.3418882489204407,True,0.3418882489204407
0.69083571434021,6735,0.30916428565979004,True,0.30916428565979004
0.6452831625938416,6736,0.35471686720848083,True,0.35471686720848083
0.7564789056777954,6737,0.2435210645198822,True,0.2435210645198822
0.8572372198104858,6738,0.14276280999183655,True,0.14276280999183655
0.8392131328582764,6739,0.16078688204288483,True,0.16078688204288483
0.8234038949012756,6740,0.17659610509872437,True,0.17659610509872437
0.7872923612594604,6741,0.21270757913589478,True,0.21270757913589478
0.8199763298034668,6742,0.18002364039421082,True,0.18002364039421082
0.8593704700469971,6743,0.1406295746564865,True,0.1406295746564865
0.5972498059272766,6744,0.4027501344680786,True,0.4027501344680786
0.8404214978218079,6745,0.15957847237586975,True,0.15957847237586975
0.845790445804596,6746,0.15420959889888763,True,0.15420959889888763
0.6163215041160583,6747,0.3836784362792969,True,0.3836784362792969
0.7916331887245178,6748,0.20836684107780457,True,0.20836684107780457
0.873159646987915,6749,0.12684030830860138,True,0.12684030830860138
0.77256178855896,6750,0.22743819653987885,True,0.22743819653987885
0.7612254619598389,6751,0.23877456784248352,True,0.23877456784248352
0.7679681181907654,6752,0.23203179240226746,True,0.23203179240226746
0.7399851083755493,6753,0.2600148320198059,True,0.2600148320198059
0.7716077566146851,6754,0.22839228808879852,True,0.22839228808879852
0.7325037717819214,6755,0.2674962282180786,True,0.2674962282180786
0.8003513813018799,6756,0.1996486783027649,True,0.1996486783027649
0.683168888092041,6757,0.316831111907959,True,0.316831111907959
0.6736776828765869,6758,0.3263222575187683,True,0.3263222575187683
0.8212007284164429,6759,0.1787993311882019,True,0.1787993311882019
0.8493203520774841,6760,0.1506796032190323,True,0.1506796032190323
0.6079029440879822,6761,0.39209702610969543,True,0.39209702610969543
0.8614405393600464,6762,0.13855943083763123,True,0.13855943083763123
0.7899471521377563,6763,0.21005281805992126,True,0.21005281805992126
0.25836890935897827,6764,0.7416310906410217,True,0.7416310906410217
0.6618130803108215,6765,0.33818691968917847,True,0.33818691968917847
0.7782192826271057,6766,0.22178073227405548,True,0.22178073227405548
0.8499177694320679,6767,0.15008220076560974,True,0.15008220076560974
0.615827202796936,6768,0.3841727674007416,True,0.3841727674007416
0.7868289947509766,6769,0.21317102015018463,True,0.21317102015018463
0.7169973850250244,6770,0.2830025851726532,True,0.2830025851726532
0.8418874740600586,6771,0.1581125259399414,True,0.1581125259399414
0.823015570640564,6772,0.17698438465595245,True,0.17698438465595245
0.5455712080001831,6773,0.45442885160446167,True,0.45442885160446167
0.5878163576126099,6774,0.41218358278274536,True,0.41218358278274536
0.8201673626899719,6775,0.1798326075077057,True,0.1798326075077057
0.7943234443664551,6776,0.20567652583122253,True,0.20567652583122253
0.851120114326477,6777,0.14887987077236176,True,0.14887987077236176
0.8433916568756104,6778,0.15660834312438965,True,0.15660834312438965
0.6831758618354797,6779,0.3168240189552307,True,0.3168240189552307
0.6655678749084473,6780,0.33443203568458557,True,0.33443203568458557
0.20029523968696594,6781,0.7997046709060669,True,0.7997046709060669
0.8101150989532471,6782,0.18988490104675293,True,0.18988490104675293
0.8494980931282043,6783,0.15050183236598969,True,0.15050183236598969
0.7976111173629761,6784,0.20238880813121796,True,0.20238880813121796
0.8506217002868652,6785,0.14937825500965118,True,0.14937825500965118
0.85141921043396,6786,0.14858072996139526,True,0.14858072996139526
0.8740195035934448,6787,0.1259804666042328,True,0.1259804666042328
0.7134978771209717,6788,0.28650200366973877,True,0.28650200366973877
0.5494017601013184,6789,0.45059818029403687,True,0.45059818029403687
0.7323735952377319,6790,0.2676263749599457,True,0.2676263749599457
0.8417967557907104,6791,0.15820322930812836,True,0.15820322930812836
0.7817693948745728,6792,0.2182307243347168,True,0.2182307243347168
0.5467638373374939,6793,0.4532362222671509,True,0.4532362222671509
0.6610226631164551,6794,0.3389773666858673,True,0.3389773666858673
0.5943884253501892,6795,0.4056115746498108,True,0.4056115746498108
0.7424286603927612,6796,0.2575713098049164,True,0.2575713098049164
0.8742073774337769,6797,0.12579256296157837,True,0.12579256296157837
0.8528592586517334,6798,0.1471407115459442,True,0.1471407115459442
0.9129611253738403,6799,0.08703877776861191,True,0.08703877776861191
0.5738866925239563,6800,0.4261133372783661,True,0.4261133372783661
0.7398523688316345,6801,0.2601476311683655,True,0.2601476311683655
0.8730020523071289,6802,0.12699802219867706,True,0.12699802219867706
0.8444767594337463,6803,0.15552325546741486,True,0.15552325546741486
0.6881157159805298,6804,0.311884343624115,True,0.311884343624115
0.7212309837341309,6805,0.27876904606819153,True,0.27876904606819153
0.868388295173645,6806,0.13161173462867737,True,0.13161173462867737
0.7502343654632568,6807,0.24976567924022675,True,0.24976567924022675
0.8420596718788147,6808,0.1579403132200241,True,0.1579403132200241
0.8324392437934875,6809,0.16756080090999603,True,0.16756080090999603
0.7522642016410828,6810,0.24773578345775604,True,0.24773578345775604
0.8157262802124023,6811,0.1842736154794693,True,0.1842736154794693
0.7977042198181152,6812,0.20229575037956238,True,0.20229575037956238
0.7675147652626038,6813,0.23248520493507385,True,0.23248520493507385
0.7976720333099365,6814,0.2023279219865799,True,0.2023279219865799
0.7038236260414124,6815,0.29617637395858765,True,0.29617637395858765
0.6302716732025146,6816,0.36972832679748535,True,0.36972832679748535
0.6090624928474426,6817,0.3909375071525574,True,0.3909375071525574
0.8454508185386658,6818,0.15454913675785065,True,0.15454913675785065
0.6761635541915894,6819,0.32383641600608826,True,0.32383641600608826
0.7912298440933228,6820,0.20877012610435486,True,0.20877012610435486
0.7743387222290039,6821,0.22566130757331848,True,0.22566130757331848
0.543073296546936,6822,0.45692670345306396,True,0.45692670345306396
0.7657808065414429,6823,0.2342192530632019,True,0.2342192530632019
0.7660421133041382,6824,0.23395797610282898,True,0.23395797610282898
0.6594206690788269,6825,0.34057939052581787,True,0.34057939052581787
0.48522740602493286,6826,0.5147725939750671,True,0.5147725939750671
0.6484862565994263,6827,0.35151374340057373,True,0.35151374340057373
0.6463577747344971,6828,0.35364219546318054,True,0.35364219546318054
0.8784563541412354,6829,0.12154368311166763,True,0.12154368311166763
0.7452681064605713,6830,0.2547318935394287,True,0.2547318935394287
0.8074203729629517,6831,0.19257961213588715,True,0.19257961213588715
0.6456886529922485,6832,0.3543112576007843,True,0.3543112576007843
0.8474140763282776,6833,0.1525859832763672,True,0.1525859832763672
0.6457213163375854,6834,0.35427865386009216,True,0.35427865386009216
0.8722608089447021,6835,0.12773917615413666,True,0.12773917615413666
0.8686254024505615,6836,0.13137461245059967,True,0.13137461245059967
0.744362473487854,6837,0.255637526512146,True,0.255637526512146
0.7126417756080627,6838,0.28735822439193726,True,0.28735822439193726
0.8129691481590271,6839,0.1870308369398117,True,0.1870308369398117
0.893829882144928,6840,0.10617011040449142,True,0.10617011040449142
0.7916455268859863,6841,0.20835444331169128,True,0.20835444331169128
0.8527212738990784,6842,0.1472787708044052,True,0.1472787708044052
0.7808891534805298,6843,0.21911077201366425,True,0.21911077201366425
0.8452561497688293,6844,0.15474380552768707,True,0.15474380552768707
0.7765390276908875,6845,0.22346101701259613,True,0.22346101701259613
0.66431725025177,6846,0.3356827199459076,True,0.3356827199459076
0.904857337474823,6847,0.09514263272285461,True,0.09514263272285461
0.752597987651825,6848,0.24740199744701385,True,0.24740199744701385
0.8115854263305664,6849,0.18841460347175598,True,0.18841460347175598
0.6719406247138977,6850,0.3280593752861023,True,0.3280593752861023
0.5868819952011108,6851,0.41311800479888916,True,0.41311800479888916
0.874272346496582,6852,0.12572769820690155,True,0.12572769820690155
0.8643768429756165,6853,0.13562311232089996,True,0.13562311232089996
0.7810622453689575,6854,0.2189377397298813,True,0.2189377397298813
0.7815166711807251,6855,0.2184833288192749,True,0.2184833288192749
0.7097724676132202,6856,0.2902275323867798,True,0.2902275323867798
0.5303824543952942,6857,0.4696175456047058,True,0.4696175456047058
0.7624057531356812,6858,0.23759424686431885,True,0.23759424686431885
0.8424242734909058,6859,0.1575758308172226,True,0.1575758308172226
0.7644050717353821,6860,0.23559489846229553,True,0.23559489846229553
0.8958129286766052,6861,0.10418713837862015,True,0.10418713837862015
0.8546675443649292,6862,0.14533254504203796,True,0.14533254504203796
0.45329952239990234,6863,0.5467004776000977,True,0.5467004776000977
0.8399474620819092,6864,0.1600526124238968,True,0.1600526124238968
0.7149891257286072,6865,0.28501096367836,True,0.28501096367836
0.8760663270950317,6866,0.12393374741077423,True,0.12393374741077423
0.5943066477775574,6867,0.405693382024765,True,0.405693382024765
0.5561047792434692,6868,0.44389522075653076,True,0.44389522075653076
0.8999806642532349,6869,0.10001935064792633,True,0.10001935064792633
0.6283817291259766,6870,0.37161827087402344,True,0.37161827087402344
0.6932322978973389,6871,0.30676770210266113,True,0.30676770210266113
0.8773349523544312,6872,0.12266505509614944,True,0.12266505509614944
0.8131731748580933,6873,0.1868269145488739,True,0.1868269145488739
0.79048091173172,6874,0.2095191329717636,True,0.2095191329717636
0.8281622529029846,6875,0.17183782160282135,True,0.17183782160282135
0.7227848768234253,6876,0.2772150933742523,True,0.2772150933742523
0.8691860437393188,6877,0.1308140605688095,True,0.1308140605688095
0.8358923196792603,6878,0.16410765051841736,True,0.16410765051841736
0.8094133138656616,6879,0.19058671593666077,True,0.19058671593666077
0.7609926462173462,6880,0.239007368683815,True,0.239007368683815
0.8528266549110413,6881,0.14717328548431396,True,0.14717328548431396
0.7155464887619019,6882,0.28445345163345337,True,0.28445345163345337
0.5713882446289062,6883,0.428611695766449,True,0.428611695766449
0.8179262280464172,6884,0.18207372725009918,True,0.18207372725009918
0.7909002900123596,6885,0.20909970998764038,True,0.20909970998764038
0.7845253348350525,6886,0.21547462046146393,True,0.21547462046146393
0.7897071242332458,6887,0.21029280126094818,True,0.21029280126094818
0.5940859913825989,6888,0.4059140086174011,True,0.4059140086174011
0.8693811893463135,6889,0.13061872124671936,True,0.13061872124671936
0.7722559571266174,6890,0.22774408757686615,True,0.22774408757686615
0.8468232154846191,6891,0.15317685902118683,True,0.15317685902118683
0.7579900026321411,6892,0.2420099675655365,True,0.2420099675655365
0.6233564019203186,6893,0.37664365768432617,True,0.37664365768432617
0.6915401816368103,6894,0.3084597587585449,True,0.3084597587585449
0.15836739540100098,6895,0.8416324853897095,True,0.8416324853897095
0.6169888377189636,6896,0.3830111622810364,True,0.3830111622810364
0.8580066561698914,6897,0.14199340343475342,True,0.14199340343475342
0.5887083411216736,6898,0.4112916588783264,True,0.4112916588783264
0.6938940286636353,6899,0.30610597133636475,True,0.30610597133636475
0.0,6900,1.0,True,1.0
0.7110917568206787,6901,0.2889081835746765,True,0.2889081835746765
0.7533337473869324,6902,0.24666625261306763,True,0.24666625261306763
0.8209043741226196,6903,0.17909567058086395,True,0.17909567058086395
0.7115582823753357,6904,0.2884417474269867,True,0.2884417474269867
0.8601788878440857,6905,0.1398211270570755,True,0.1398211270570755
0.6272013187408447,6906,0.3727986812591553,True,0.3727986812591553
0.6170511841773987,6907,0.3829488158226013,True,0.3829488158226013
0.7687671780586243,6908,0.2312328964471817,True,0.2312328964471817
0.8971489071846008,6909,0.10285114496946335,True,0.10285114496946335
0.8572995662689209,6910,0.1427004486322403,True,0.1427004486322403
0.7599815726280212,6911,0.24001850187778473,True,0.24001850187778473
0.48785507678985596,6912,0.5121448636054993,True,0.5121448636054993
0.8269972801208496,6913,0.1730027198791504,True,0.1730027198791504
0.6904525756835938,6914,0.30954739451408386,True,0.30954739451408386
0.8664746880531311,6915,0.13352538645267487,True,0.13352538645267487
0.6482530236244202,6916,0.35174691677093506,True,0.35174691677093506
0.7095409631729126,6917,0.2904590368270874,True,0.2904590368270874
0.2501530051231384,6918,0.7498469352722168,True,0.7498469352722168
0.7410842180252075,6919,0.2589157521724701,True,0.2589157521724701
0.8852455615997314,6920,0.11475437879562378,True,0.11475437879562378
0.692420482635498,6921,0.30757951736450195,True,0.30757951736450195
0.7454556822776794,6922,0.25454431772232056,True,0.25454431772232056
0.8228788375854492,6923,0.1771211177110672,True,0.1771211177110672
0.7664945721626282,6924,0.2335054874420166,True,0.2335054874420166
0.8842237591743469,6925,0.11577622592449188,True,0.11577622592449188
0.8250308632850647,6926,0.17496909201145172,True,0.17496909201145172
0.6887223124504089,6927,0.31127774715423584,True,0.31127774715423584
0.848635196685791,6928,0.15136480331420898,True,0.15136480331420898
0.6204196810722351,6929,0.3795803189277649,True,0.3795803189277649
0.35478848218917847,6930,0.6452114582061768,True,0.6452114582061768
0.7281841039657593,6931,0.2718159556388855,True,0.2718159556388855
0.8262325525283813,6932,0.17376737296581268,True,0.17376737296581268
0.81183260679245,6933,0.18816737830638885,True,0.18816737830638885
0.6856023073196411,6934,0.3143976926803589,True,0.3143976926803589
0.40394681692123413,6935,0.5960531234741211,True,0.5960531234741211
0.7917354106903076,6936,0.20826458930969238,True,0.20826458930969238
0.8225311040878296,6937,0.1774689257144928,True,0.1774689257144928
0.7429361939430237,6938,0.2570638358592987,True,0.2570638358592987
0.7502685785293579,6939,0.2497314214706421,True,0.2497314214706421
0.6729856729507446,6940,0.32701432704925537,True,0.32701432704925537
0.8725086450576782,6941,0.12749139964580536,True,0.12749139964580536
0.8044548034667969,6942,0.19554521143436432,True,0.19554521143436432
0.8509734272956848,6943,0.14902660250663757,True,0.14902660250663757
0.532943606376648,6944,0.46705636382102966,True,0.46705636382102966
0.8367787599563599,6945,0.16322121024131775,True,0.16322121024131775
0.8333240747451782,6946,0.16667598485946655,True,0.16667598485946655
0.7385411262512207,6947,0.2614588439464569,True,0.2614588439464569
0.6803218126296997,6948,0.3196781575679779,True,0.3196781575679779
0.6035815477371216,6949,0.39641839265823364,True,0.39641839265823364
0.7732667326927185,6950,0.22673329710960388,True,0.22673329710960388
0.6303155422210693,6951,0.36968451738357544,True,0.36968451738357544
0.8063863515853882,6952,0.19361364841461182,True,0.19361364841461182
0.6691030263900757,6953,0.3308970034122467,True,0.3308970034122467
0.5758498907089233,6954,0.4241500794887543,True,0.4241500794887543
0.8577211499214172,6955,0.14227887988090515,True,0.14227887988090515
0.6824926137924194,6956,0.3175073564052582,True,0.3175073564052582
0.734727144241333,6957,0.2652728855609894,True,0.2652728855609894
0.795263409614563,6958,0.204736590385437,True,0.204736590385437
0.8205035924911499,6959,0.17949651181697845,True,0.17949651181697845
0.8093823194503784,6960,0.19061776995658875,True,0.19061776995658875
0.8034713864326477,6961,0.1965286284685135,True,0.1965286284685135
0.6075448393821716,6962,0.392455130815506,True,0.392455130815506
0.5349857807159424,6963,0.4650142192840576,True,0.4650142192840576
0.783679187297821,6964,0.21632084250450134,True,0.21632084250450134
0.8337739706039429,6965,0.16622602939605713,True,0.16622602939605713
0.44881772994995117,6966,0.551182210445404,True,0.551182210445404
0.8746581673622131,6967,0.12534186244010925,True,0.12534186244010925
0.6908633708953857,6968,0.3091365396976471,True,0.3091365396976471
0.6189770698547363,6969,0.3810229003429413,True,0.3810229003429413
0.7316846251487732,6970,0.2683153748512268,True,0.2683153748512268
0.8161779642105103,6971,0.18382208049297333,True,0.18382208049297333
0.6943410634994507,6972,0.3056589663028717,True,0.3056589663028717
0.8048859238624573,6973,0.19511407613754272,True,0.19511407613754272
0.796542763710022,6974,0.20345723628997803,True,0.20345723628997803
0.8056600093841553,6975,0.19434000551700592,True,0.19434000551700592
0.688008725643158,6976,0.31199124455451965,True,0.31199124455451965
0.6227815747261047,6977,0.3772183656692505,True,0.3772183656692505
0.7803916335105896,6978,0.21960832178592682,True,0.21960832178592682
0.5751741528511047,6979,0.42482590675354004,True,0.42482590675354004
0.8911422491073608,6980,0.1088576689362526,True,0.1088576689362526
0.7646154761314392,6981,0.2353845089673996,True,0.2353845089673996
0.8462039232254028,6982,0.1537960320711136,True,0.1537960320711136
0.6608867645263672,6983,0.3391132950782776,True,0.3391132950782776
0.7057386636734009,6984,0.2942613363265991,True,0.2942613363265991
0.7883961200714111,6985,0.21160392463207245,True,0.21160392463207245
0.8814007639884949,6986,0.11859918385744095,True,0.11859918385744095
0.8883294463157654,6987,0.1116705983877182,True,0.1116705983877182
0.8273904323577881,6988,0.17260949313640594,True,0.17260949313640594
0.6420990228652954,6989,0.3579009771347046,True,0.3579009771347046
0.7550702691078186,6990,0.24492979049682617,True,0.24492979049682617
0.6819374561309814,6991,0.31806254386901855,True,0.31806254386901855
0.4582034945487976,6992,0.5417964458465576,True,0.5417964458465576
0.4659323990345001,6993,0.534067690372467,True,0.534067690372467
0.8590298891067505,6994,0.1409701406955719,True,0.1409701406955719
0.6820371150970459,6995,0.3179629445075989,True,0.3179629445075989
0.8486419916152954,6996,0.151357963681221,True,0.151357963681221
0.805415689945221,6997,0.1945842206478119,True,0.1945842206478119
0.8906381726264954,6998,0.10936181247234344,True,0.10936181247234344
0.7640535235404968,6999,0.2359464168548584,True,0.2359464168548584
0.735156774520874,7000,0.26484328508377075,True,0.26484328508377075
0.75220787525177,7001,0.24779212474822998,True,0.24779212474822998
0.7794142961502075,7002,0.22058570384979248,True,0.22058570384979248
0.6617748737335205,7003,0.3382251262664795,True,0.3382251262664795
0.5726542472839355,7004,0.42734581232070923,True,0.42734581232070923
0.5546087026596069,7005,0.44539132714271545,True,0.44539132714271545
0.7418751120567322,7006,0.25812482833862305,True,0.25812482833862305
0.857056736946106,7007,0.14294323325157166,True,0.14294323325157166
0.6224853992462158,7008,0.3775145709514618,True,0.3775145709514618
0.8139024376869202,7009,0.18609759211540222,True,0.18609759211540222
0.6004199981689453,7010,0.39958006143569946,True,0.39958006143569946
0.7629882097244263,7011,0.23701176047325134,True,0.23701176047325134
0.0,7012,1.0,True,1.0
0.8262475728988647,7013,0.17375247180461884,True,0.17375247180461884
0.7340452671051025,7014,0.26595476269721985,True,0.26595476269721985
0.7346587777137756,7015,0.265341192483902,True,0.265341192483902
0.6980159282684326,7016,0.3019840717315674,True,0.3019840717315674
0.8795426487922668,7017,0.12045736610889435,True,0.12045736610889435
0.5997477173805237,7018,0.4002522826194763,True,0.4002522826194763
0.8546218276023865,7019,0.14537817239761353,True,0.14537817239761353
0.8967350125312805,7020,0.1032649502158165,True,0.1032649502158165
0.8063727617263794,7021,0.1936272829771042,True,0.1936272829771042
0.8691349625587463,7022,0.13086500763893127,True,0.13086500763893127
0.6902105808258057,7023,0.30978941917419434,True,0.30978941917419434
0.6101740598678589,7024,0.38982588052749634,True,0.38982588052749634
0.8572189807891846,7025,0.142781063914299,True,0.142781063914299
0.7998583316802979,7026,0.20014166831970215,True,0.20014166831970215
0.8654235601425171,7027,0.1345764845609665,True,0.1345764845609665
0.8135238289833069,7028,0.18647615611553192,True,0.18647615611553192
0.85943603515625,7029,0.14056396484375,True,0.14056396484375
0.8528422117233276,7030,0.14715781807899475,True,0.14715781807899475
0.8012327551841736,7031,0.19876721501350403,True,0.19876721501350403
0.694786787033081,7032,0.30521318316459656,True,0.30521318316459656
0.7444165349006653,7033,0.25558343529701233,True,0.25558343529701233
0.8530570268630981,7034,0.14694297313690186,True,0.14694297313690186
0.7172733545303345,7035,0.2827266454696655,True,0.2827266454696655
0.8630520105361938,7036,0.13694794476032257,True,0.13694794476032257
0.81927490234375,7037,0.1807250827550888,True,0.1807250827550888
0.7646881341934204,7038,0.23531192541122437,True,0.23531192541122437
0.5896249413490295,7039,0.41037508845329285,True,0.41037508845329285
0.7577056884765625,7040,0.2422943115234375,True,0.2422943115234375
0.8136360049247742,7041,0.18636396527290344,True,0.18636396527290344
0.8003624677658081,7042,0.1996375024318695,True,0.1996375024318695
0.701178789138794,7043,0.29882124066352844,True,0.29882124066352844
0.7806642055511475,7044,0.21933576464653015,True,0.21933576464653015
0.8637799024581909,7045,0.13622011244297028,True,0.13622011244297028
0.8783815503120422,7046,0.12161840498447418,True,0.12161840498447418
0.8187798261642456,7047,0.18122023344039917,True,0.18122023344039917
0.6026816368103027,7048,0.39731836318969727,True,0.39731836318969727
0.6591644287109375,7049,0.3408356010913849,True,0.3408356010913849
0.841998279094696,7050,0.15800166130065918,True,0.15800166130065918
0.4915247857570648,7051,0.5084752440452576,True,0.5084752440452576
0.8368090391159058,7052,0.16319100558757782,True,0.16319100558757782
0.6063172817230225,7053,0.39368271827697754,True,0.39368271827697754
0.8043283224105835,7054,0.19567160308361053,True,0.19567160308361053
0.5336188077926636,7055,0.46638116240501404,True,0.46638116240501404
0.8717194199562073,7056,0.12828056514263153,True,0.12828056514263153
0.7802425622940063,7057,0.21975745260715485,True,0.21975745260715485
0.867350697517395,7058,0.13264934718608856,True,0.13264934718608856
0.8522632122039795,7059,0.14773675799369812,True,0.14773675799369812
0.7661779522895813,7060,0.2338220626115799,True,0.2338220626115799
0.8218310475349426,7061,0.1781688928604126,True,0.1781688928604126
0.5927709341049194,7062,0.4072290062904358,True,0.4072290062904358
0.7997945547103882,7063,0.20020535588264465,True,0.20020535588264465
0.886797308921814,7064,0.11320272088050842,True,0.11320272088050842
0.8827232122421265,7065,0.11727681010961533,True,0.11727681010961533
0.5873761177062988,7066,0.41262394189834595,True,0.41262394189834595
0.5978833436965942,7067,0.40211665630340576,True,0.40211665630340576
0.8493479490280151,7068,0.1506519913673401,True,0.1506519913673401
0.6013585925102234,7069,0.39864134788513184,True,0.39864134788513184
0.8280446529388428,7070,0.171955406665802,True,0.171955406665802
0.8500043153762817,7071,0.14999575912952423,True,0.14999575912952423
0.8001768589019775,7072,0.19982311129570007,True,0.19982311129570007
0.7728229761123657,7073,0.22717705368995667,True,0.22717705368995667
0.8063274621963501,7074,0.1936725229024887,True,0.1936725229024887
0.8330960273742676,7075,0.1669040024280548,True,0.1669040024280548
0.9105713367462158,7076,0.08942855894565582,True,0.08942855894565582
0.7357631921768188,7077,0.2642368674278259,True,0.2642368674278259
0.8332153558731079,7078,0.16678473353385925,True,0.16678473353385925
0.8074802160263062,7079,0.19251976907253265,True,0.19251976907253265
0.608039915561676,7080,0.3919600546360016,True,0.3919600546360016
0.882302463054657,7081,0.11769755929708481,True,0.11769755929708481
0.822722315788269,7082,0.17727772891521454,True,0.17727772891521454
0.7753207683563232,7083,0.22467930614948273,True,0.22467930614948273
0.8838783502578735,7084,0.11612170189619064,True,0.11612170189619064
0.632789134979248,7085,0.36721089482307434,True,0.36721089482307434
0.8150631189346313,7086,0.18493689596652985,True,0.18493689596652985
0.8393672704696655,7087,0.1606326550245285,True,0.1606326550245285
0.8840188980102539,7088,0.1159810796380043,True,0.1159810796380043
0.632902979850769,7089,0.3670971393585205,True,0.3670971393585205
0.7858889102935791,7090,0.2141111046075821,True,0.2141111046075821
0.7530745267868042,7091,0.24692554771900177,True,0.24692554771900177
0.7220185995101929,7092,0.27798140048980713,True,0.27798140048980713
0.7790549993515015,7093,0.22094497084617615,True,0.22094497084617615
0.7868232727050781,7094,0.2131766825914383,True,0.2131766825914383
0.6174110174179077,7095,0.38258904218673706,True,0.38258904218673706
0.8718923330307007,7096,0.12810763716697693,True,0.12810763716697693
0.7133057713508606,7097,0.2866942882537842,True,0.2866942882537842
0.8586136102676392,7098,0.14138631522655487,True,0.14138631522655487
0.8262041211128235,7099,0.17379584908485413,True,0.17379584908485413
0.8617026209831238,7100,0.13829746842384338,True,0.13829746842384338
0.8352739214897156,7101,0.1647261381149292,True,0.1647261381149292
0.5980859994888306,7102,0.40191394090652466,True,0.40191394090652466
0.7858407497406006,7103,0.21415923535823822,True,0.21415923535823822
0.8261731863021851,7104,0.17382673919200897,True,0.17382673919200897
0.8659712672233582,7105,0.13402868807315826,True,0.13402868807315826
0.5384882092475891,7106,0.4615117609500885,True,0.4615117609500885
0.6023640036582947,7107,0.3976359963417053,True,0.3976359963417053
0.6287118196487427,7108,0.3712882399559021,True,0.3712882399559021
0.8637582063674927,7109,0.1362418681383133,True,0.1362418681383133
0.7632166147232056,7110,0.23678340017795563,True,0.23678340017795563
0.7955522537231445,7111,0.20444773137569427,True,0.20444773137569427
0.6942731142044067,7112,0.30572688579559326,True,0.30572688579559326
0.8835999965667725,7113,0.11639998108148575,True,0.11639998108148575
0.7453061938285828,7114,0.25469377636909485,True,0.25469377636909485
0.675129771232605,7115,0.32487016916275024,True,0.32487016916275024
0.831058144569397,7116,0.16894185543060303,True,0.16894185543060303
0.8590542078018188,7117,0.14094571769237518,True,0.14094571769237518
0.84317547082901,7118,0.1568244844675064,True,0.1568244844675064
0.8758358359336853,7119,0.1241641640663147,True,0.1241641640663147
0.799598217010498,7120,0.20040179789066315,True,0.20040179789066315
0.6303908824920654,7121,0.36960911750793457,True,0.36960911750793457
0.685580849647522,7122,0.3144191801548004,True,0.3144191801548004
0.8744930028915405,7123,0.12550699710845947,True,0.12550699710845947
0.7737250328063965,7124,0.2262749820947647,True,0.2262749820947647
0.8462977409362793,7125,0.1537022739648819,True,0.1537022739648819
0.7425743341445923,7126,0.2574256956577301,True,0.2574256956577301
0.8357493877410889,7127,0.1642506718635559,True,0.1642506718635559
0.7935945987701416,7128,0.2064054310321808,True,0.2064054310321808
0.7180286645889282,7129,0.2819712460041046,True,0.2819712460041046
0.8023492097854614,7130,0.1976507604122162,True,0.1976507604122162
0.7539178133010864,7131,0.2460821568965912,True,0.2460821568965912
0.7806079983711243,7132,0.21939198672771454,True,0.21939198672771454
0.6381097435951233,7133,0.3618903160095215,True,0.3618903160095215
0.5728870034217834,7134,0.42711299657821655,True,0.42711299657821655
0.8259055614471436,7135,0.17409448325634003,True,0.17409448325634003
0.812985897064209,7136,0.18701405823230743,True,0.18701405823230743
0.5500655770301819,7137,0.4499343931674957,True,0.4499343931674957
0.8862297534942627,7138,0.11377021670341492,True,0.11377021670341492
0.8492941856384277,7139,0.1507057398557663,True,0.1507057398557663
0.8272274732589722,7140,0.17277251183986664,True,0.17277251183986664
0.6821433305740356,7141,0.31785663962364197,True,0.31785663962364197
0.8483337759971619,7142,0.15166625380516052,True,0.15166625380516052
0.7988468408584595,7143,0.20115318894386292,True,0.20115318894386292
0.582335352897644,7144,0.41766464710235596,True,0.41766464710235596
0.566629946231842,7145,0.43337011337280273,True,0.43337011337280273
0.7177718281745911,7146,0.2822282016277313,True,0.2822282016277313
0.5833798050880432,7147,0.41662025451660156,True,0.41662025451660156
0.8474597334861755,7148,0.1525401771068573,True,0.1525401771068573
0.8317060470581055,7149,0.16829398274421692,True,0.16829398274421692
0.793098509311676,7150,0.20690152049064636,True,0.20690152049064636
0.7464094161987305,7151,0.25359058380126953,True,0.25359058380126953
0.5720407962799072,7152,0.4279592037200928,True,0.4279592037200928
0.6923057436943054,7153,0.3076941967010498,True,0.3076941967010498
0.6995548009872437,7154,0.30044516921043396,True,0.30044516921043396
0.8291136026382446,7155,0.1708863526582718,True,0.1708863526582718
0.8868815302848816,7156,0.11311851441860199,True,0.11311851441860199
0.48480385541915894,7157,0.5151962041854858,True,0.5151962041854858
0.15533064305782318,7158,0.8446693420410156,True,0.8446693420410156
0.8152742981910706,7159,0.18472573161125183,True,0.18472573161125183
0.8813794255256653,7160,0.11862055957317352,True,0.11862055957317352
0.8424608707427979,7161,0.15753908455371857,True,0.15753908455371857
0.6705515384674072,7162,0.3294484615325928,True,0.3294484615325928
0.6385370492935181,7163,0.36146295070648193,True,0.36146295070648193
0.6862949132919312,7164,0.31370505690574646,True,0.31370505690574646
0.5040061473846436,7165,0.49599385261535645,True,0.49599385261535645
0.7979673147201538,7166,0.202032670378685,True,0.202032670378685
0.8760621547698975,7167,0.12393791228532791,True,0.12393791228532791
0.4759938716888428,7168,0.524006187915802,True,0.524006187915802
0.8613280653953552,7169,0.13867193460464478,True,0.13867193460464478
0.8279117345809937,7170,0.17208831012248993,True,0.17208831012248993
0.8271074295043945,7171,0.17289257049560547,True,0.17289257049560547
0.5834788084030151,7172,0.41652119159698486,True,0.41652119159698486
0.8634048700332642,7173,0.13659514486789703,True,0.13659514486789703
0.6176618337631226,7174,0.38233813643455505,True,0.38233813643455505
0.620516836643219,7175,0.379483163356781,True,0.379483163356781
0.6157885193824768,7176,0.3842114508152008,True,0.3842114508152008
0.8979901671409607,7177,0.1020098403096199,True,0.1020098403096199
0.7894449234008789,7178,0.2105550765991211,True,0.2105550765991211
0.805905818939209,7179,0.1940941959619522,True,0.1940941959619522
0.8606089353561401,7180,0.1393910050392151,True,0.1393910050392151
0.6427815556526184,7181,0.3572184443473816,True,0.3572184443473816
0.797971248626709,7182,0.20202872157096863,True,0.20202872157096863
0.8656980991363525,7183,0.13430196046829224,True,0.13430196046829224
0.5307650566101074,7184,0.46923500299453735,True,0.46923500299453735
0.7291945815086365,7185,0.27080538868904114,True,0.27080538868904114
0.6944374442100525,7186,0.3055625557899475,True,0.3055625557899475
0.8889791965484619,7187,0.11102084070444107,True,0.11102084070444107
0.7817515134811401,7188,0.21824859082698822,True,0.21824859082698822
0.7763677835464478,7189,0.22363227605819702,True,0.22363227605819702
0.8213781714439392,7190,0.1786217838525772,True,0.1786217838525772
0.737618088722229,7191,0.26238179206848145,True,0.26238179206848145
0.7030195593833923,7192,0.29698044061660767,True,0.29698044061660767
0.8451971411705017,7193,0.15480299293994904,True,0.15480299293994904
0.7611644268035889,7194,0.23883551359176636,True,0.23883551359176636
0.855018138885498,7195,0.14498190581798553,True,0.14498190581798553
0.8001295924186707,7196,0.19987034797668457,True,0.19987034797668457
0.8460337519645691,7197,0.15396621823310852,True,0.15396621823310852
0.8732551336288452,7198,0.12674494087696075,True,0.12674494087696075
0.840369462966919,7199,0.15963056683540344,True,0.15963056683540344
0.5704221725463867,7200,0.4295777678489685,True,0.4295777678489685
0.8689903616905212,7201,0.13100966811180115,True,0.13100966811180115
0.8046905994415283,7202,0.19530938565731049,True,0.19530938565731049
0.653183102607727,7203,0.3468168079853058,True,0.3468168079853058
0.55687415599823,7204,0.4431258738040924,True,0.4431258738040924
0.7391939163208008,7205,0.26080605387687683,True,0.26080605387687683
0.7776463627815247,7206,0.22235360741615295,True,0.22235360741615295
0.0,7207,0.9999999403953552,True,0.9999999403953552
0.7773512601852417,7208,0.2226487249135971,True,0.2226487249135971
0.7781707048416138,7209,0.2218293398618698,True,0.2218293398618698
0.846045196056366,7210,0.1539548635482788,True,0.1539548635482788
0.7287706732749939,7211,0.2712292969226837,True,0.2712292969226837
0.7711883783340454,7212,0.22881165146827698,True,0.22881165146827698
0.6765079498291016,7213,0.3234920799732208,True,0.3234920799732208
0.5713009834289551,7214,0.4286990761756897,True,0.4286990761756897
0.8310223817825317,7215,0.16897769272327423,True,0.16897769272327423
0.11085629463195801,7216,0.889143705368042,True,0.889143705368042
0.41284430027008057,7217,0.5871557593345642,True,0.5871557593345642
0.8669099807739258,7218,0.13309000432491302,True,0.13309000432491302
0.8209249973297119,7219,0.17907500267028809,True,0.17907500267028809
0.7278308868408203,7220,0.2721691131591797,True,0.2721691131591797
0.6889702677726746,7221,0.31102970242500305,True,0.31102970242500305
0.5853971242904663,7222,0.41460293531417847,True,0.41460293531417847
0.5979992747306824,7223,0.4020007848739624,True,0.4020007848739624
0.874848484992981,7224,0.12515157461166382,True,0.12515157461166382
0.5626760125160217,7225,0.43732398748397827,True,0.43732398748397827
0.8056102991104126,7226,0.1943896859884262,True,0.1943896859884262
0.6133320331573486,7227,0.38666796684265137,True,0.38666796684265137
0.871468722820282,7228,0.12853124737739563,True,0.12853124737739563
0.6230983734130859,7229,0.3769015967845917,True,0.3769015967845917
0.6804077625274658,7230,0.3195921778678894,True,0.3195921778678894
0.7898043394088745,7231,0.21019569039344788,True,0.21019569039344788
0.7746826410293579,7232,0.22531737387180328,True,0.22531737387180328
0.8471164703369141,7233,0.15288348495960236,True,0.15288348495960236
0.7956832051277161,7234,0.20431675016880035,True,0.20431675016880035
0.6663942337036133,7235,0.33360573649406433,True,0.33360573649406433
0.7329720258712769,7236,0.26702800393104553,True,0.26702800393104553
0.8676059246063232,7237,0.13239414989948273,True,0.13239414989948273
0.8124597668647766,7238,0.1875402331352234,True,0.1875402331352234
0.7207092046737671,7239,0.2792907953262329,True,0.2792907953262329
0.7171788215637207,7240,0.28282108902931213,True,0.28282108902931213
0.7051166296005249,7241,0.2948833107948303,True,0.2948833107948303
0.8511841893196106,7242,0.14881578087806702,True,0.14881578087806702
0.8395723104476929,7243,0.16042767465114594,True,0.16042767465114594
0.7366446852684021,7244,0.26335522532463074,True,0.26335522532463074
0.7235824465751648,7245,0.2764175832271576,True,0.2764175832271576
0.7850955724716187,7246,0.21490448713302612,True,0.21490448713302612
0.7448099851608276,7247,0.25519001483917236,True,0.25519001483917236
0.8806973695755005,7248,0.11930262297391891,True,0.11930262297391891
0.7464925646781921,7249,0.25350743532180786,True,0.25350743532180786
0.5961645841598511,7250,0.4038354158401489,True,0.4038354158401489
0.7746046185493469,7251,0.22539542615413666,True,0.22539542615413666
0.7408028244972229,7252,0.2591972053050995,True,0.2591972053050995
0.8369335532188416,7253,0.16306647658348083,True,0.16306647658348083
0.6696919202804565,7254,0.3303080201148987,True,0.3303080201148987
0.9237567186355591,7255,0.07624325901269913,True,0.07624325901269913
0.8314507007598877,7256,0.1685492992401123,True,0.1685492992401123
0.7594121694564819,7257,0.24058787524700165,True,0.24058787524700165
0.7598905563354492,7258,0.24010947346687317,True,0.24010947346687317
0.7361668348312378,7259,0.263833224773407,True,0.263833224773407
0.6479328274726868,7260,0.35206714272499084,True,0.35206714272499084
0.5725102424621582,7261,0.4274897277355194,True,0.4274897277355194
0.8411735892295837,7262,0.15882647037506104,True,0.15882647037506104
0.7729156017303467,7263,0.22708435356616974,True,0.22708435356616974
0.8529567122459412,7264,0.14704325795173645,True,0.14704325795173645
0.7827042937278748,7265,0.21729572117328644,True,0.21729572117328644
0.8321837186813354,7266,0.16781622171401978,True,0.16781622171401978
0.8771780729293823,7267,0.1228218674659729,True,0.1228218674659729
0.7349704504013062,7268,0.26502954959869385,True,0.26502954959869385
0.6764490604400635,7269,0.32355090975761414,True,0.32355090975761414
0.8898929357528687,7270,0.11010698974132538,True,0.11010698974132538
0.7784713506698608,7271,0.22152867913246155,True,0.22152867913246155
0.7718388438224792,7272,0.22816112637519836,True,0.22816112637519836
0.5163756012916565,7273,0.48362433910369873,True,0.48362433910369873
0.7218030691146851,7274,0.27819693088531494,True,0.27819693088531494
0.8536399602890015,7275,0.1463601440191269,True,0.1463601440191269
0.8613194227218628,7276,0.13868054747581482,True,0.13868054747581482
0.6732655763626099,7277,0.3267344534397125,True,0.3267344534397125
0.8174163103103638,7278,0.18258364498615265,True,0.18258364498615265
0.763663649559021,7279,0.2363363802433014,True,0.2363363802433014
0.8244807720184326,7280,0.17551912367343903,True,0.17551912367343903
0.5377622842788696,7281,0.4622376561164856,True,0.4622376561164856
0.9066305756568909,7282,0.09336940199136734,True,0.09336940199136734
0.8551303148269653,7283,0.14486968517303467,True,0.14486968517303467
0.8421353101730347,7284,0.15786467492580414,True,0.15786467492580414
0.8575142621994019,7285,0.14248579740524292,True,0.14248579740524292
0.7458323240280151,7286,0.25416773557662964,True,0.25416773557662964
0.5128326416015625,7287,0.4871673882007599,True,0.4871673882007599
0.8781025409698486,7288,0.12189748138189316,True,0.12189748138189316
0.7977466583251953,7289,0.2022533267736435,True,0.2022533267736435
0.7612077593803406,7290,0.23879221081733704,True,0.23879221081733704
0.7896636724472046,7291,0.2103363424539566,True,0.2103363424539566
0.697507381439209,7292,0.302492618560791,True,0.302492618560791
0.6964826583862305,7293,0.3035173714160919,True,0.3035173714160919
0.6803252100944519,7294,0.31967484951019287,True,0.31967484951019287
0.8164709806442261,7295,0.18352898955345154,True,0.18352898955345154
0.779832124710083,7296,0.22016789019107819,True,0.22016789019107819
0.8534402847290039,7297,0.14655975997447968,True,0.14655975997447968
0.881258487701416,7298,0.1187414675951004,True,0.1187414675951004
0.8250492811203003,7299,0.1749507337808609,True,0.1749507337808609
0.8856968879699707,7300,0.11430312693119049,True,0.11430312693119049
0.7955926060676575,7301,0.20440734922885895,True,0.20440734922885895
0.6118761301040649,7302,0.3881239593029022,True,0.3881239593029022
0.8757072687149048,7303,0.12429266422986984,True,0.12429266422986984
0.7046113610267639,7304,0.2953886389732361,True,0.2953886389732361
0.8481308221817017,7305,0.15186913311481476,True,0.15186913311481476
0.7868611812591553,7306,0.2131389081478119,True,0.2131389081478119
0.42002636194229126,7307,0.5799736380577087,True,0.5799736380577087
0.6131162643432617,7308,0.3868837356567383,True,0.3868837356567383
0.8220465183258057,7309,0.17795345187187195,True,0.17795345187187195
0.8465009927749634,7310,0.15349899232387543,True,0.15349899232387543
0.5999771356582642,7311,0.40002280473709106,True,0.40002280473709106
0.7876578569412231,7312,0.21234223246574402,True,0.21234223246574402
0.7293559908866882,7313,0.27064403891563416,True,0.27064403891563416
0.6142887473106384,7314,0.3857112228870392,True,0.3857112228870392
0.7141710519790649,7315,0.28582891821861267,True,0.28582891821861267
0.6239189505577087,7316,0.37608107924461365,True,0.37608107924461365
0.6741575598716736,7317,0.3258424401283264,True,0.3258424401283264
0.7435834407806396,7318,0.25641655921936035,True,0.25641655921936035
0.8741401433944702,7319,0.12585990130901337,True,0.12585990130901337
0.6299920082092285,7320,0.37000802159309387,True,0.37000802159309387
0.8667898774147034,7321,0.13321009278297424,True,0.13321009278297424
0.6801173090934753,7322,0.31988272070884705,True,0.31988272070884705
0.7498246431350708,7323,0.2501753568649292,True,0.2501753568649292
0.682045042514801,7324,0.317954957485199,True,0.317954957485199
0.8751673698425293,7325,0.12483255565166473,True,0.12483255565166473
0.7606555819511414,7326,0.23934443295001984,True,0.23934443295001984
0.5472418069839478,7327,0.45275813341140747,True,0.45275813341140747
0.6376623511314392,7328,0.3623376786708832,True,0.3623376786708832
0.8111376762390137,7329,0.1888623982667923,True,0.1888623982667923
0.8103843927383423,7330,0.18961560726165771,True,0.18961560726165771
0.7176594734191895,7331,0.28234046697616577,True,0.28234046697616577
0.8286993503570557,7332,0.17130054533481598,True,0.17130054533481598
0.8059133887290955,7333,0.19408658146858215,True,0.19408658146858215
0.8290438652038574,7334,0.1709561049938202,True,0.1709561049938202
0.3245726525783539,7335,0.6754273176193237,True,0.6754273176193237
0.8114291429519653,7336,0.18857091665267944,True,0.18857091665267944
0.873005747795105,7337,0.1269942969083786,True,0.1269942969083786
0.7356169819831848,7338,0.2643830180168152,True,0.2643830180168152
0.8333344459533691,7339,0.16666559875011444,True,0.16666559875011444
0.8796697854995728,7340,0.12033025920391083,True,0.12033025920391083
0.6966550946235657,7341,0.3033449053764343,True,0.3033449053764343
0.8386578559875488,7342,0.1613420844078064,True,0.1613420844078064
0.8634117841720581,7343,0.1365882158279419,True,0.1365882158279419
0.8748559951782227,7344,0.12514394521713257,True,0.12514394521713257
0.771514356136322,7345,0.22848570346832275,True,0.22848570346832275
0.61772620677948,7346,0.38227379322052,True,0.38227379322052
0.7650480270385742,7347,0.23495200276374817,True,0.23495200276374817
0.633284330368042,7348,0.366715669631958,True,0.366715669631958
0.7992813587188721,7349,0.20071867108345032,True,0.20071867108345032
0.8840954303741455,7350,0.1159045621752739,True,0.1159045621752739
0.7891436815261841,7351,0.2108563482761383,True,0.2108563482761383
0.3298023045063019,7352,0.6701977252960205,True,0.6701977252960205
0.8031786680221558,7353,0.19682131707668304,True,0.19682131707668304
0.8779052495956421,7354,0.12209479510784149,True,0.12209479510784149
0.7857974767684937,7355,0.21420256793498993,True,0.21420256793498993
0.5951201915740967,7356,0.4048798382282257,True,0.4048798382282257
0.6916480660438538,7357,0.30835187435150146,True,0.30835187435150146
0.6443523168563843,7358,0.35564762353897095,True,0.35564762353897095
0.8146021366119385,7359,0.18539784848690033,True,0.18539784848690033
0.7333247065544128,7360,0.2666752338409424,True,0.2666752338409424
0.8539851903915405,7361,0.14601479470729828,True,0.14601479470729828
0.8775720000267029,7362,0.12242797017097473,True,0.12242797017097473
0.7746272087097168,7363,0.2253728210926056,True,0.2253728210926056
0.6420276165008545,7364,0.35797229409217834,True,0.35797229409217834
0.8606237173080444,7365,0.13937628269195557,True,0.13937628269195557
0.5623054504394531,7366,0.4376944303512573,True,0.4376944303512573
0.8047667145729065,7367,0.1952333301305771,True,0.1952333301305771
0.6973113417625427,7368,0.3026886582374573,True,0.3026886582374573
0.9063669443130493,7369,0.09363303333520889,True,0.09363303333520889
0.7749730348587036,7370,0.22502700984477997,True,0.22502700984477997
0.8278621435165405,7371,0.1721378117799759,True,0.1721378117799759
0.9129844307899475,7372,0.08701557666063309,True,0.08701557666063309
0.825614869594574,7373,0.17438514530658722,True,0.17438514530658722
0.8553966879844666,7374,0.14460335671901703,True,0.14460335671901703
0.762112021446228,7375,0.23788797855377197,True,0.23788797855377197
0.8560019135475159,7376,0.14399804174900055,True,0.14399804174900055
0.7014902830123901,7377,0.2985096275806427,True,0.2985096275806427
0.8089402914047241,7378,0.19105976819992065,True,0.19105976819992065
0.9149485230445862,7379,0.08505141735076904,True,0.08505141735076904
0.7385678291320801,7380,0.2614322006702423,True,0.2614322006702423
0.7244621515274048,7381,0.2755378782749176,True,0.2755378782749176
0.4366946518421173,7382,0.5633053779602051,True,0.5633053779602051
0.8196213841438293,7383,0.18037861585617065,True,0.18037861585617065
0.753377377986908,7384,0.24662260711193085,True,0.24662260711193085
0.7681764364242554,7385,0.23182348906993866,True,0.23182348906993866
0.7127221822738647,7386,0.28727781772613525,True,0.28727781772613525
0.579500675201416,7387,0.420499324798584,True,0.420499324798584
0.8466657400131226,7388,0.1533343642950058,True,0.1533343642950058
0.8372370004653931,7389,0.16276299953460693,True,0.16276299953460693
0.8501535654067993,7390,0.14984636008739471,True,0.14984636008739471
0.8307113647460938,7391,0.16928869485855103,True,0.16928869485855103
0.8185268044471741,7392,0.18147318065166473,True,0.18147318065166473
0.7506109476089478,7393,0.24938912689685822,True,0.24938912689685822
0.7925409078598022,7394,0.20745903253555298,True,0.20745903253555298
0.7293146252632141,7395,0.2706853449344635,True,0.2706853449344635
0.6590442657470703,7396,0.34095579385757446,True,0.34095579385757446
0.8579645156860352,7397,0.14203543961048126,True,0.14203543961048126
0.8123204708099365,7398,0.1876794993877411,True,0.1876794993877411
0.7686207294464111,7399,0.23137922585010529,True,0.23137922585010529
0.7926760911941528,7400,0.20732390880584717,True,0.20732390880584717
0.8203346729278564,7401,0.17966541647911072,True,0.17966541647911072
0.8195148706436157,7402,0.18048514425754547,True,0.18048514425754547
0.8557389378547668,7403,0.14426112174987793,True,0.14426112174987793
0.8957070708274841,7404,0.10429296642541885,True,0.10429296642541885
0.7055143713951111,7405,0.2944856584072113,True,0.2944856584072113
0.7636950612068176,7406,0.23630490899085999,True,0.23630490899085999
0.6692327857017517,7407,0.3307671546936035,True,0.3307671546936035
0.21865011751651764,7408,0.7813498973846436,True,0.7813498973846436
0.8278996348381042,7409,0.17210033535957336,True,0.17210033535957336
0.7322224378585815,7410,0.26777759194374084,True,0.26777759194374084
0.786509096622467,7411,0.21349091827869415,True,0.21349091827869415
0.7224845886230469,7412,0.2775154113769531,True,0.2775154113769531
0.5389136075973511,7413,0.4610863924026489,True,0.4610863924026489
0.7751849293708801,7414,0.22481505572795868,True,0.22481505572795868
0.7491683959960938,7415,0.25083157420158386,True,0.25083157420158386
0.6318448185920715,7416,0.36815524101257324,True,0.36815524101257324
0.908129096031189,7417,0.09187089651823044,True,0.09187089651823044
0.7256022691726685,7418,0.2743977904319763,True,0.2743977904319763
0.7955498695373535,7419,0.20445005595684052,True,0.20445005595684052
0.8593488931655884,7420,0.14065112173557281,True,0.14065112173557281
0.6880816221237183,7421,0.31191834807395935,True,0.31191834807395935
0.8549350500106812,7422,0.14506496489048004,True,0.14506496489048004
0.8060858249664307,7423,0.19391418993473053,True,0.19391418993473053
0.8051668405532837,7424,0.1948332041501999,True,0.1948332041501999
0.7628501057624817,7425,0.2371499091386795,True,0.2371499091386795
0.5238090753555298,7426,0.4761909246444702,True,0.4761909246444702
0.8680885434150696,7427,0.13191145658493042,True,0.13191145658493042
0.5839946866035461,7428,0.41600531339645386,True,0.41600531339645386
0.7555685639381409,7429,0.24443137645721436,True,0.24443137645721436
0.8097007870674133,7430,0.19029922783374786,True,0.19029922783374786
0.701210618019104,7431,0.29878944158554077,True,0.29878944158554077
0.814463198184967,7432,0.18553686141967773,True,0.18553686141967773
0.5765541195869446,7433,0.4234459400177002,True,0.4234459400177002
0.8469527363777161,7434,0.15304724872112274,True,0.15304724872112274
0.6774387359619141,7435,0.3225613534450531,True,0.3225613534450531
0.8122662901878357,7436,0.18773376941680908,True,0.18773376941680908
0.899612307548523,7437,0.10038766264915466,True,0.10038766264915466
0.8353325724601746,7438,0.16466747224330902,True,0.16466747224330902
0.8846590518951416,7439,0.11534097045660019,True,0.11534097045660019
0.7791267037391663,7440,0.22087325155735016,True,0.22087325155735016
0.7481577396392822,7441,0.2518422603607178,True,0.2518422603607178
0.6054232120513916,7442,0.3945767879486084,True,0.3945767879486084
0.8362828493118286,7443,0.16371718049049377,True,0.16371718049049377
0.7844542264938354,7444,0.21554575860500336,True,0.21554575860500336
0.0,7445,1.0,True,1.0
0.6509243249893188,7446,0.34907570481300354,True,0.34907570481300354
0.8023386001586914,7447,0.1976613998413086,True,0.1976613998413086
0.7112311124801636,7448,0.2887689173221588,True,0.2887689173221588
0.8440542221069336,7449,0.15594573318958282,True,0.15594573318958282
0.6767712831497192,7450,0.32322874665260315,True,0.32322874665260315
0.5772488713264465,7451,0.42275112867355347,True,0.42275112867355347
0.6914654970169067,7452,0.30853450298309326,True,0.30853450298309326
0.8843334913253784,7453,0.11566659063100815,True,0.11566659063100815
0.7630270719528198,7454,0.23697301745414734,True,0.23697301745414734
0.8426573872566223,7455,0.15734264254570007,True,0.15734264254570007
0.5259623527526855,7456,0.47403764724731445,True,0.47403764724731445
0.7818771600723267,7457,0.21812282502651215,True,0.21812282502651215
0.7295741438865662,7458,0.2704258859157562,True,0.2704258859157562
0.8655977845191956,7459,0.13440226018428802,True,0.13440226018428802
0.7537475824356079,7460,0.24625244736671448,True,0.24625244736671448
0.7313783168792725,7461,0.2686217427253723,True,0.2686217427253723
0.8426629304885864,7462,0.15733714401721954,True,0.15733714401721954
0.8661327362060547,7463,0.13386721909046173,True,0.13386721909046173
0.7814125418663025,7464,0.21858742833137512,True,0.21858742833137512
0.6969463229179382,7465,0.30305370688438416,True,0.30305370688438416
0.9075802564620972,7466,0.09241972118616104,True,0.09241972118616104
0.7026716470718384,7467,0.297328382730484,True,0.297328382730484
0.7857940196990967,7468,0.21420595049858093,True,0.21420595049858093
0.8112345933914185,7469,0.18876530230045319,True,0.18876530230045319
0.6087921857833862,7470,0.3912077248096466,True,0.3912077248096466
0.7028714418411255,7471,0.29712849855422974,True,0.29712849855422974
0.8487549424171448,7472,0.15124507248401642,True,0.15124507248401642
0.6685466766357422,7473,0.3314533233642578,True,0.3314533233642578
0.8278600573539734,7474,0.17213991284370422,True,0.17213991284370422
0.8341894149780273,7475,0.1658107340335846,True,0.1658107340335846
0.6241979002952576,7476,0.3758021593093872,True,0.3758021593093872
0.6718156337738037,7477,0.3281843364238739,True,0.3281843364238739
0.8334317207336426,7478,0.16656818985939026,True,0.16656818985939026
0.0,7479,1.0,True,1.0
0.6761870980262756,7480,0.32381290197372437,True,0.32381290197372437
0.6037501692771912,7481,0.39624983072280884,True,0.39624983072280884
0.768743634223938,7482,0.23125630617141724,True,0.23125630617141724
0.8678464889526367,7483,0.13215360045433044,True,0.13215360045433044
0.6598812341690063,7484,0.34011873602867126,True,0.34011873602867126
0.800620436668396,7485,0.1993795931339264,True,0.1993795931339264
0.7470318078994751,7486,0.2529681622982025,True,0.2529681622982025
0.8402023315429688,7487,0.15979766845703125,True,0.15979766845703125
0.815880537033081,7488,0.18411950767040253,True,0.18411950767040253
0.6647527813911438,7489,0.3352471888065338,True,0.3352471888065338
0.8424034714698792,7490,0.15759645402431488,True,0.15759645402431488
0.7888899445533752,7491,0.21111004054546356,True,0.21111004054546356
0.8565263748168945,7492,0.14347368478775024,True,0.14347368478775024
0.8544446229934692,7493,0.14555543661117554,True,0.14555543661117554
0.46882349252700806,7494,0.5311765074729919,True,0.5311765074729919
0.6716464161872864,7495,0.3283536434173584,True,0.3283536434173584
0.6557552814483643,7496,0.3442447781562805,True,0.3442447781562805
0.7676451206207275,7497,0.23235486447811127,True,0.23235486447811127
0.893545925617218,7498,0.10645413398742676,True,0.10645413398742676
0.8689792156219482,7499,0.13102073967456818,True,0.13102073967456818
0.7271117568016052,7500,0.27288818359375,True,0.27288818359375
0.5379683375358582,7501,0.46203160285949707,True,0.46203160285949707
0.7248703837394714,7502,0.27512967586517334,True,0.27512967586517334
0.8445688486099243,7503,0.1554311364889145,True,0.1554311364889145
0.8608006238937378,7504,0.1391993910074234,True,0.1391993910074234
0.8573899865150452,7505,0.14260995388031006,True,0.14260995388031006
0.8435554504394531,7506,0.15644454956054688,True,0.15644454956054688
0.8520230650901794,7507,0.14797692000865936,True,0.14797692000865936
0.8194703459739685,7508,0.18052957952022552,True,0.18052957952022552
0.5467987060546875,7509,0.4532012939453125,True,0.4532012939453125
0.7546296119689941,7510,0.24537038803100586,True,0.24537038803100586
0.8471908569335938,7511,0.1528092324733734,True,0.1528092324733734
0.769556999206543,7512,0.23044303059577942,True,0.23044303059577942
0.8028059601783752,7513,0.19719399511814117,True,0.19719399511814117
0.5736780166625977,7514,0.4263220429420471,True,0.4263220429420471
0.6847319602966309,7515,0.31526798009872437,True,0.31526798009872437
0.6654096245765686,7516,0.334590345621109,True,0.334590345621109
0.8203394412994385,7517,0.17966055870056152,True,0.17966055870056152
0.7265198826789856,7518,0.27348005771636963,True,0.27348005771636963
0.8195968866348267,7519,0.18040314316749573,True,0.18040314316749573
0.5912543535232544,7520,0.40874558687210083,True,0.40874558687210083
0.7906027436256409,7521,0.20939724147319794,True,0.20939724147319794
0.8030978441238403,7522,0.19690221548080444,True,0.19690221548080444
0.6711249351501465,7523,0.32887500524520874,True,0.32887500524520874
0.8822908997535706,7524,0.11770910769701004,True,0.11770910769701004
0.8726285696029663,7525,0.12737150490283966,True,0.12737150490283966
0.9003501534461975,7526,0.0996498093008995,True,0.0996498093008995
0.2857478857040405,7527,0.7142520546913147,True,0.7142520546913147
0.6878675818443298,7528,0.31213241815567017,True,0.31213241815567017
0.7650187611579895,7529,0.23498128354549408,True,0.23498128354549408
0.553855836391449,7530,0.4461442232131958,True,0.4461442232131958
0.8783226013183594,7531,0.1216774582862854,True,0.1216774582862854
0.7986984848976135,7532,0.20130155980587006,True,0.20130155980587006
0.8768531084060669,7533,0.12314686179161072,True,0.12314686179161072
0.46622657775878906,7534,0.5337734222412109,True,0.5337734222412109
0.8436201810836792,7535,0.1563797891139984,True,0.1563797891139984
0.6933086514472961,7536,0.30669131875038147,True,0.30669131875038147
0.20879459381103516,7537,0.7912054061889648,True,0.7912054061889648
0.8582721948623657,7538,0.14172780513763428,True,0.14172780513763428
0.7552736401557922,7539,0.24472633004188538,True,0.24472633004188538
0.5803210735321045,7540,0.41967886686325073,True,0.41967886686325073
0.861208438873291,7541,0.13879144191741943,True,0.13879144191741943
0.7593797445297241,7542,0.24062038958072662,True,0.24062038958072662
0.8400434851646423,7543,0.15995651483535767,True,0.15995651483535767
0.8704862594604492,7544,0.1295137256383896,True,0.1295137256383896
0.8472487926483154,7545,0.15275126695632935,True,0.15275126695632935
0.8112484216690063,7546,0.18875163793563843,True,0.18875163793563843
0.622771143913269,7547,0.37722885608673096,True,0.37722885608673096
0.8093328475952148,7548,0.19066716730594635,True,0.19066716730594635
0.8106438517570496,7549,0.18935611844062805,True,0.18935611844062805
0.7191836833953857,7550,0.2808162569999695,True,0.2808162569999695
0.6465487480163574,7551,0.35345128178596497,True,0.35345128178596497
0.8886628150939941,7552,0.11133723706007004,True,0.11133723706007004
0.7803935408592224,7553,0.2196064591407776,True,0.2196064591407776
0.6666156649589539,7554,0.33338430523872375,True,0.33338430523872375
0.6810613870620728,7555,0.31893861293792725,True,0.31893861293792725
0.8819301724433899,7556,0.11806987971067429,True,0.11806987971067429
0.7206175327301025,7557,0.27938249707221985,True,0.27938249707221985
0.5613973736763,7558,0.4386025667190552,True,0.4386025667190552
0.7037661075592041,7559,0.2962338626384735,True,0.2962338626384735
0.7944738268852234,7560,0.2055262327194214,True,0.2055262327194214
0.7905305624008179,7561,0.20946943759918213,True,0.20946943759918213
0.8550178408622742,7562,0.14498217403888702,True,0.14498217403888702
0.7509270906448364,7563,0.24907293915748596,True,0.24907293915748596
0.8006460666656494,7564,0.19935397803783417,True,0.19935397803783417
0.7918196320533752,7565,0.20818042755126953,True,0.20818042755126953
0.6362584829330444,7566,0.36374157667160034,True,0.36374157667160034
0.8573026061058044,7567,0.14269733428955078,True,0.14269733428955078
0.7189091444015503,7568,0.2810908555984497,True,0.2810908555984497
0.7375361919403076,7569,0.26246386766433716,True,0.26246386766433716
0.7436623573303223,7570,0.25633761286735535,True,0.25633761286735535
0.7472184896469116,7571,0.252781480550766,True,0.252781480550766
0.7587074041366577,7572,0.24129262566566467,True,0.24129262566566467
0.8323310613632202,7573,0.16766898334026337,True,0.16766898334026337
0.656176745891571,7574,0.34382328391075134,True,0.34382328391075134
0.6858655214309692,7575,0.3141344487667084,True,0.3141344487667084
0.7525336146354675,7576,0.2474663406610489,True,0.2474663406610489
0.8215988874435425,7577,0.17840105295181274,True,0.17840105295181274
0.6811633110046387,7578,0.3188367486000061,True,0.3188367486000061
0.5772348642349243,7579,0.4227651357650757,True,0.4227651357650757
0.8700123429298401,7580,0.12998762726783752,True,0.12998762726783752
0.8057677745819092,7581,0.19423216581344604,True,0.19423216581344604
0.7905557155609131,7582,0.2094443440437317,True,0.2094443440437317
0.8399776816368103,7583,0.16002234816551208,True,0.16002234816551208
0.5073655843734741,7584,0.49263447523117065,True,0.49263447523117065
0.6124332547187805,7585,0.3875667452812195,True,0.3875667452812195
0.8350775241851807,7586,0.16492250561714172,True,0.16492250561714172
0.8593994379043579,7587,0.14060062170028687,True,0.14060062170028687
0.7283419370651245,7588,0.2716580331325531,True,0.2716580331325531
0.8486908078193665,7589,0.15130914747714996,True,0.15130914747714996
0.8466982841491699,7590,0.1533016562461853,True,0.1533016562461853
0.732785701751709,7591,0.26721426844596863,True,0.26721426844596863
0.6418342590332031,7592,0.3581657409667969,True,0.3581657409667969
0.7824946641921997,7593,0.21750541031360626,True,0.21750541031360626
0.7217012643814087,7594,0.27829867601394653,True,0.27829867601394653
0.8854172229766846,7595,0.11458282172679901,True,0.11458282172679901
0.8396304845809937,7596,0.16036951541900635,True,0.16036951541900635
0.746904194355011,7597,0.253095805644989,True,0.253095805644989
0.46836620569229126,7598,0.5316337943077087,True,0.5316337943077087
0.8293219208717346,7599,0.17067809402942657,True,0.17067809402942657
0.7628970146179199,7600,0.23710301518440247,True,0.23710301518440247
0.7002477645874023,7601,0.29975220561027527,True,0.29975220561027527
0.8865126371383667,7602,0.11348744481801987,True,0.11348744481801987
0.7836825847625732,7603,0.21631743013858795,True,0.21631743013858795
0.7612399458885193,7604,0.23876003921031952,True,0.23876003921031952
0.5939847230911255,7605,0.40601521730422974,True,0.40601521730422974
0.673638641834259,7606,0.32636135816574097,True,0.32636135816574097
0.44471171498298645,7607,0.5552883148193359,True,0.5552883148193359
0.8911691904067993,7608,0.10883082449436188,True,0.10883082449436188
0.7225856781005859,7609,0.2774142920970917,True,0.2774142920970917
0.8713315725326538,7610,0.12866850197315216,True,0.12866850197315216
0.5517107248306274,7611,0.44828930497169495,True,0.44828930497169495
0.7993889451026917,7612,0.20061109960079193,True,0.20061109960079193
0.900213897228241,7613,0.09978608787059784,True,0.09978608787059784
0.8540237545967102,7614,0.14597627520561218,True,0.14597627520561218
0.7748249173164368,7615,0.2251751571893692,True,0.2251751571893692
0.8244107365608215,7616,0.17558926343917847,True,0.17558926343917847
0.6817278861999512,7617,0.31827211380004883,True,0.31827211380004883
0.8662481307983398,7618,0.13375192880630493,True,0.13375192880630493
0.7814525365829468,7619,0.21854737401008606,True,0.21854737401008606
0.7402785420417786,7620,0.25972145795822144,True,0.25972145795822144
0.8930850028991699,7621,0.10691496729850769,True,0.10691496729850769
0.6870768070220947,7622,0.31292322278022766,True,0.31292322278022766
0.8793915510177612,7623,0.12060841917991638,True,0.12060841917991638
0.8346501588821411,7624,0.1653498113155365,True,0.1653498113155365
0.8564482927322388,7625,0.14355170726776123,True,0.14355170726776123
0.8210363984107971,7626,0.17896364629268646,True,0.17896364629268646
0.7593545913696289,7627,0.24064548313617706,True,0.24064548313617706
0.912274181842804,7628,0.08772581815719604,True,0.08772581815719604
0.47889816761016846,7629,0.5211018323898315,True,0.5211018323898315
0.8070231676101685,7630,0.19297687709331512,True,0.19297687709331512
0.7796351909637451,7631,0.22036482393741608,True,0.22036482393741608
0.7495515942573547,7632,0.2504483759403229,True,0.2504483759403229
0.8154891729354858,7633,0.18451076745986938,True,0.18451076745986938
0.8485862612724304,7634,0.15141376852989197,True,0.15141376852989197
0.808516800403595,7635,0.1914832592010498,True,0.1914832592010498
0.8738658428192139,7636,0.12613411247730255,True,0.12613411247730255
0.8686371445655823,7637,0.13136279582977295,True,0.13136279582977295
0.8001782298088074,7638,0.19982175529003143,True,0.19982175529003143
0.6573663949966431,7639,0.3426336646080017,True,0.3426336646080017
0.0,7640,1.0,True,1.0
0.8431679010391235,7641,0.15683209896087646,True,0.15683209896087646
0.8319895267486572,7642,0.16801050305366516,True,0.16801050305366516
0.8095518350601196,7643,0.19044816493988037,True,0.19044816493988037
0.5793131589889526,7644,0.42068687081336975,True,0.42068687081336975
0.8524432182312012,7645,0.1475568264722824,True,0.1475568264722824
0.8196768760681152,7646,0.18032306432724,True,0.18032306432724
0.6966926455497742,7647,0.30330732464790344,True,0.30330732464790344
0.6414087414741516,7648,0.35859131813049316,True,0.35859131813049316
0.48762625455856323,7649,0.5123737454414368,True,0.5123737454414368
0.7200022339820862,7650,0.2799977660179138,True,0.2799977660179138
0.617906391620636,7651,0.3820935785770416,True,0.3820935785770416
0.8964837789535522,7652,0.10351620614528656,True,0.10351620614528656
0.7927185297012329,7653,0.20728157460689545,True,0.20728157460689545
0.7006093263626099,7654,0.29939067363739014,True,0.29939067363739014
0.7909787893295288,7655,0.20902119576931,True,0.20902119576931
0.7846845388412476,7656,0.21531543135643005,True,0.21531543135643005
0.15519186854362488,7657,0.8448081016540527,True,0.8448081016540527
0.8425784111022949,7658,0.15742158889770508,True,0.15742158889770508
0.3434784412384033,7659,0.6565215587615967,True,0.6565215587615967
0.8344420790672302,7660,0.16555795073509216,True,0.16555795073509216
0.5793540477752686,7661,0.4206460118293762,True,0.4206460118293762
0.5998175144195557,7662,0.40018245577812195,True,0.40018245577812195
0.664309561252594,7663,0.335690438747406,True,0.335690438747406
0.7933309078216553,7664,0.2066691666841507,True,0.2066691666841507
0.6329838633537292,7665,0.36701613664627075,True,0.36701613664627075
0.8408457040786743,7666,0.15915431082248688,True,0.15915431082248688
0.7361623048782349,7667,0.26383769512176514,True,0.26383769512176514
0.0,7668,1.0,True,1.0
0.7989006042480469,7669,0.20109936594963074,True,0.20109936594963074
0.8838746547698975,7670,0.11612537503242493,True,0.11612537503242493
0.8321555256843567,7671,0.16784444451332092,True,0.16784444451332092
0.7404202222824097,7672,0.25957974791526794,True,0.25957974791526794
0.6024065613746643,7673,0.3975934386253357,True,0.3975934386253357
0.7669060230255127,7674,0.2330939769744873,True,0.2330939769744873
0.71119225025177,7675,0.28880777955055237,True,0.28880777955055237
0.8207038640975952,7676,0.17929606139659882,True,0.17929606139659882
0.9030322432518005,7677,0.09696773439645767,True,0.09696773439645767
0.848877489566803,7678,0.15112249553203583,True,0.15112249553203583
0.7838358879089355,7679,0.21616418659687042,True,0.21616418659687042
0.7977887988090515,7680,0.20221124589443207,True,0.20221124589443207
0.6539391279220581,7681,0.3460608124732971,True,0.3460608124732971
0.8205474615097046,7682,0.17945252358913422,True,0.17945252358913422
0.8250632286071777,7683,0.17493674159049988,True,0.17493674159049988
0.8642277717590332,7684,0.1357721984386444,True,0.1357721984386444
0.8371289968490601,7685,0.16287094354629517,True,0.16287094354629517
0.7793071269989014,7686,0.22069288790225983,True,0.22069288790225983
0.8666022419929504,7687,0.13339777290821075,True,0.13339777290821075
0.7107871770858765,7688,0.2892128825187683,True,0.2892128825187683
0.8086525797843933,7689,0.19134734570980072,True,0.19134734570980072
0.8817689418792725,7690,0.1182311475276947,True,0.1182311475276947
0.4909685254096985,7691,0.5090315341949463,True,0.5090315341949463
0.8766899108886719,7692,0.1233101561665535,True,0.1233101561665535
0.7396992444992065,7693,0.26030078530311584,True,0.26030078530311584
0.8586339950561523,7694,0.14136601984500885,True,0.14136601984500885
0.7987679839134216,7695,0.20123204588890076,True,0.20123204588890076
0.6554363965988159,7696,0.3445636034011841,True,0.3445636034011841
0.696715235710144,7697,0.30328473448753357,True,0.30328473448753357
0.5947948694229126,7698,0.4052051603794098,True,0.4052051603794098
0.6997697949409485,7699,0.3002302050590515,True,0.3002302050590515
0.7837826013565063,7700,0.21621742844581604,True,0.21621742844581604
0.7379969358444214,7701,0.2620031237602234,True,0.2620031237602234
0.8320212960243225,7702,0.16797873377799988,True,0.16797873377799988
0.8814997673034668,7703,0.11850029230117798,True,0.11850029230117798
0.6809080839157104,7704,0.31909188628196716,True,0.31909188628196716
0.6533119082450867,7705,0.34668809175491333,True,0.34668809175491333
0.8436141610145569,7706,0.15638576447963715,True,0.15638576447963715
0.8544390201568604,7707,0.14556097984313965,True,0.14556097984313965
0.6062171459197998,7708,0.3937828540802002,True,0.3937828540802002
0.8105785846710205,7709,0.18942146003246307,True,0.18942146003246307
0.7205104231834412,7710,0.2794896364212036,True,0.2794896364212036
0.851179838180542,7711,0.1488201767206192,True,0.1488201767206192
0.46721553802490234,7712,0.5327844619750977,True,0.5327844619750977
0.8795092701911926,7713,0.12049072980880737,True,0.12049072980880737
0.6980210542678833,7714,0.3019789457321167,True,0.3019789457321167
0.844422459602356,7715,0.15557746589183807,True,0.15557746589183807
0.7287502884864807,7716,0.27124983072280884,True,0.27124983072280884
0.8520725965499878,7717,0.14792737364768982,True,0.14792737364768982
0.856802225112915,7718,0.14319771528244019,True,0.14319771528244019
0.6959239840507507,7719,0.3040759861469269,True,0.3040759861469269
0.7903804183006287,7720,0.20961955189704895,True,0.20961955189704895
0.0,7721,1.0,True,1.0
0.5300590395927429,7722,0.46994099020957947,True,0.46994099020957947
0.7292088270187378,7723,0.2707911729812622,True,0.2707911729812622
0.517492413520813,7724,0.4825076162815094,True,0.4825076162815094
0.8440604209899902,7725,0.15593960881233215,True,0.15593960881233215
0.6192532777786255,7726,0.3807467818260193,True,0.3807467818260193
0.5606615543365479,7727,0.43933844566345215,True,0.43933844566345215
0.6606130003929138,7728,0.3393869996070862,True,0.3393869996070862
0.908454179763794,7729,0.09154583513736725,True,0.09154583513736725
0.9014590382575989,7730,0.09854090213775635,True,0.09854090213775635
0.8968862295150757,7731,0.10311377048492432,True,0.10311377048492432
0.5525051355361938,7732,0.447494775056839,True,0.447494775056839
0.564191460609436,7733,0.43580853939056396,True,0.43580853939056396
0.7650361061096191,7734,0.23496392369270325,True,0.23496392369270325
0.8365535736083984,7735,0.16344641149044037,True,0.16344641149044037
0.8135757446289062,7736,0.18642422556877136,True,0.18642422556877136
0.8491004109382629,7737,0.15089960396289825,True,0.15089960396289825
0.7293214797973633,7738,0.2706785500049591,True,0.2706785500049591
0.8265182375907898,7739,0.17348173260688782,True,0.17348173260688782
0.8115507364273071,7740,0.18844924867153168,True,0.18844924867153168
0.7525283694267273,7741,0.24747170507907867,True,0.24747170507907867
0.8506460189819336,7742,0.1493539959192276,True,0.1493539959192276
0.7384176254272461,7743,0.2615824341773987,True,0.2615824341773987
0.8242849111557007,7744,0.17571502923965454,True,0.17571502923965454
0.8517274260520935,7745,0.1482725739479065,True,0.1482725739479065
0.8726864457130432,7746,0.12731362879276276,True,0.12731362879276276
0.5783473253250122,7747,0.4216527044773102,True,0.4216527044773102
0.8764709234237671,7748,0.1235290989279747,True,0.1235290989279747
0.7839715480804443,7749,0.21602845191955566,True,0.21602845191955566
0.7968086004257202,7750,0.20319142937660217,True,0.20319142937660217
0.8351080417633057,7751,0.16489194333553314,True,0.16489194333553314
0.8084307312965393,7752,0.1915692389011383,True,0.1915692389011383
0.6585482358932495,7753,0.3414517641067505,True,0.3414517641067505
0.8830046653747559,7754,0.11699531227350235,True,0.11699531227350235
0.8451576232910156,7755,0.15484237670898438,True,0.15484237670898438
0.5586733222007751,7756,0.44132670760154724,True,0.44132670760154724
0.7446407675743103,7757,0.2553592324256897,True,0.2553592324256897
0.8043095469474792,7758,0.19569049775600433,True,0.19569049775600433
0.6658837795257568,7759,0.3341161608695984,True,0.3341161608695984
0.7673475742340088,7760,0.2326524555683136,True,0.2326524555683136
0.6960117816925049,7761,0.3039882183074951,True,0.3039882183074951
0.7569340467453003,7762,0.24306590855121613,True,0.24306590855121613
0.8670065402984619,7763,0.13299351930618286,True,0.13299351930618286
0.41802889108657837,7764,0.5819711089134216,True,0.5819711089134216
0.7875518202781677,7765,0.21244820952415466,True,0.21244820952415466
0.6672102808952332,7766,0.33278965950012207,True,0.33278965950012207
0.7787237167358398,7767,0.22127631306648254,True,0.22127631306648254
0.6854397058486938,7768,0.3145603537559509,True,0.3145603537559509
0.8337823152542114,7769,0.1662176549434662,True,0.1662176549434662
0.5697751641273499,7770,0.43022483587265015,True,0.43022483587265015
0.6798220276832581,7771,0.32017800211906433,True,0.32017800211906433
0.4880151152610779,7772,0.5119848847389221,True,0.5119848847389221
0.8835903406143188,7773,0.11640965193510056,True,0.11640965193510056
0.742125391960144,7774,0.25787460803985596,True,0.25787460803985596
0.7203680276870728,7775,0.27963194251060486,True,0.27963194251060486
0.5827809572219849,7776,0.41721901297569275,True,0.41721901297569275
0.8486682772636414,7777,0.15133169293403625,True,0.15133169293403625
0.6261759400367737,7778,0.3738241195678711,True,0.3738241195678711
0.7615054249763489,7779,0.23849457502365112,True,0.23849457502365112
0.7035752534866333,7780,0.2964247465133667,True,0.2964247465133667
0.8604061007499695,7781,0.1395939737558365,True,0.1395939737558365
0.821416974067688,7782,0.17858310043811798,True,0.17858310043811798
0.8119426965713501,7783,0.18805727362632751,True,0.18805727362632751
0.8004403114318848,7784,0.19955961406230927,True,0.19955961406230927
0.8491237163543701,7785,0.15087631344795227,True,0.15087631344795227
0.8172987699508667,7786,0.1827012151479721,True,0.1827012151479721
0.7942195534706116,7787,0.20578043162822723,True,0.20578043162822723
0.8812952041625977,7788,0.11870481073856354,True,0.11870481073856354
0.846545934677124,7789,0.15345408022403717,True,0.15345408022403717
0.825316846370697,7790,0.17468322813510895,True,0.17468322813510895
0.7350703477859497,7791,0.2649296820163727,True,0.2649296820163727
0.8848313093185425,7792,0.11516864597797394,True,0.11516864597797394
0.8582022190093994,7793,0.1417977511882782,True,0.1417977511882782
0.8133809566497803,7794,0.18661907315254211,True,0.18661907315254211
0.8470377326011658,7795,0.15296229720115662,True,0.15296229720115662
0.26131725311279297,7796,0.738682746887207,True,0.738682746887207
0.8345295190811157,7797,0.16547046601772308,True,0.16547046601772308
0.5476773977279663,7798,0.4523226320743561,True,0.4523226320743561
0.7555358409881592,7799,0.2444642037153244,True,0.2444642037153244
0.8063927292823792,7800,0.19360733032226562,True,0.19360733032226562
0.7414830327033997,7801,0.25851693749427795,True,0.25851693749427795
0.8119795322418213,7802,0.18802042305469513,True,0.18802042305469513
0.8134422302246094,7803,0.18655772507190704,True,0.18655772507190704
0.0,7804,1.0,True,1.0
0.546312153339386,7805,0.453687846660614,True,0.453687846660614
0.47511914372444153,7806,0.5248808264732361,True,0.5248808264732361
0.8438136577606201,7807,0.1561863273382187,True,0.1561863273382187
0.7811274528503418,7808,0.21887248754501343,True,0.21887248754501343
0.6226071119308472,7809,0.37739282846450806,True,0.37739282846450806
0.7703924179077148,7810,0.22960756719112396,True,0.22960756719112396
0.8373430967330933,7811,0.16265687346458435,True,0.16265687346458435
0.6357724666595459,7812,0.3642275333404541,True,0.3642275333404541
0.7251016497612,7813,0.27489835023880005,True,0.27489835023880005
0.6270766258239746,7814,0.3729233145713806,True,0.3729233145713806
0.735582709312439,7815,0.2644173502922058,True,0.2644173502922058
0.883171558380127,7816,0.11682846397161484,True,0.11682846397161484
0.7694343328475952,7817,0.23056568205356598,True,0.23056568205356598
0.7457221746444702,7818,0.254277765750885,True,0.254277765750885
0.7901356220245361,7819,0.20986439287662506,True,0.20986439287662506
0.584295392036438,7820,0.4157046377658844,True,0.4157046377658844
0.8478018045425415,7821,0.15219812095165253,True,0.15219812095165253
0.8074066042900085,7822,0.19259338080883026,True,0.19259338080883026
0.8593710660934448,7823,0.14062897861003876,True,0.14062897861003876
0.7088788151741028,7824,0.2911211848258972,True,0.2911211848258972
0.8839057683944702,7825,0.116094209253788,True,0.116094209253788
0.5742440223693848,7826,0.4257560074329376,True,0.4257560074329376
0.8344537615776062,7827,0.1655462384223938,True,0.1655462384223938
0.8280129432678223,7828,0.17198701202869415,True,0.17198701202869415
0.6650159358978271,7829,0.33498409390449524,True,0.33498409390449524
0.7807474136352539,7830,0.21925264596939087,True,0.21925264596939087
0.7691566348075867,7831,0.23084339499473572,True,0.23084339499473572
0.7104281783103943,7832,0.2895718216896057,True,0.2895718216896057
0.7148171663284302,7833,0.2851828634738922,True,0.2851828634738922
0.6824449896812439,7834,0.3175550103187561,True,0.3175550103187561
0.7592975497245789,7835,0.24070237576961517,True,0.24070237576961517
0.8291009068489075,7836,0.1708991527557373,True,0.1708991527557373
0.8900713324546814,7837,0.1099286749958992,True,0.1099286749958992
0.6378849744796753,7838,0.3621150255203247,True,0.3621150255203247
0.8070962429046631,7839,0.19290384650230408,True,0.19290384650230408
0.7062413692474365,7840,0.29375872015953064,True,0.29375872015953064
0.2848796248435974,7841,0.7151204347610474,True,0.7151204347610474
0.7737793326377869,7842,0.22622063755989075,True,0.22622063755989075
0.4278163015842438,7843,0.5721836686134338,True,0.5721836686134338
0.7471444606781006,7844,0.252855509519577,True,0.252855509519577
0.6313336491584778,7845,0.36866632103919983,True,0.36866632103919983
0.7943745255470276,7846,0.2056254893541336,True,0.2056254893541336
0.49239468574523926,7847,0.5076053142547607,True,0.5076053142547607
0.8209947347640991,7848,0.17900525033473969,True,0.17900525033473969
0.8293007612228394,7849,0.17069923877716064,True,0.17069923877716064
0.8010097742080688,7850,0.19899024069309235,True,0.19899024069309235
0.802287757396698,7851,0.1977122575044632,True,0.1977122575044632
0.8215386867523193,7852,0.17846129834651947,True,0.17846129834651947
0.7407592535018921,7853,0.2592407464981079,True,0.2592407464981079
0.6999717950820923,7854,0.3000282645225525,True,0.3000282645225525
0.6122990250587463,7855,0.3877009153366089,True,0.3877009153366089
0.8571048974990845,7856,0.14289510250091553,True,0.14289510250091553
0.815340518951416,7857,0.18465952575206757,True,0.18465952575206757
0.8548963069915771,7858,0.14510364830493927,True,0.14510364830493927
0.8645752668380737,7859,0.13542477786540985,True,0.13542477786540985
0.5865065455436707,7860,0.41349348425865173,True,0.41349348425865173
0.6359060406684875,7861,0.3640938997268677,True,0.3640938997268677
0.8910427093505859,7862,0.10895732790231705,True,0.10895732790231705
0.7398741841316223,7863,0.2601258158683777,True,0.2601258158683777
0.6502686142921448,7864,0.3497313857078552,True,0.3497313857078552
0.6309904456138611,7865,0.3690095543861389,True,0.3690095543861389
0.5417982339859009,7866,0.4582017660140991,True,0.4582017660140991
0.7090780138969421,7867,0.29092201590538025,True,0.29092201590538025
0.8689942359924316,7868,0.13100573420524597,True,0.13100573420524597
0.7485729455947876,7869,0.25142702460289,True,0.25142702460289
0.7491685152053833,7870,0.2508315145969391,True,0.2508315145969391
0.7659250497817993,7871,0.23407499492168427,True,0.23407499492168427
0.29541754722595215,7872,0.7045823931694031,True,0.7045823931694031
0.8807564377784729,7873,0.11924362927675247,True,0.11924362927675247
0.825569748878479,7874,0.17443032562732697,True,0.17443032562732697
0.7666659355163574,7875,0.2333340048789978,True,0.2333340048789978
0.2648022770881653,7876,0.7351977229118347,True,0.7351977229118347
0.7918024063110352,7877,0.20819756388664246,True,0.20819756388664246
0.6374208927154541,7878,0.3625790774822235,True,0.3625790774822235
0.8059579133987427,7879,0.19404205679893494,True,0.19404205679893494
0.7202407121658325,7880,0.27975931763648987,True,0.27975931763648987
0.775497317314148,7881,0.22450263798236847,True,0.22450263798236847
0.8113466501235962,7882,0.1886533796787262,True,0.1886533796787262
0.6970478296279907,7883,0.3029521405696869,True,0.3029521405696869
0.8272233009338379,7884,0.17277668416500092,True,0.17277668416500092
0.8177772760391235,7885,0.18222278356552124,True,0.18222278356552124
0.7451630234718323,7886,0.2548369765281677,True,0.2548369765281677
0.9151831865310669,7887,0.08481691777706146,True,0.08481691777706146
0.7960076332092285,7888,0.2039923518896103,True,0.2039923518896103
0.5449670553207397,7889,0.45503294467926025,True,0.45503294467926025
0.565536379814148,7890,0.4344636797904968,True,0.4344636797904968
0.8145037889480591,7891,0.18549619615077972,True,0.18549619615077972
0.7978156805038452,7892,0.20218439400196075,True,0.20218439400196075
0.8356038331985474,7893,0.16439615190029144,True,0.16439615190029144
0.8496471643447876,7894,0.1503528207540512,True,0.1503528207540512
0.8316054940223694,7895,0.1683945208787918,True,0.1683945208787918
0.8490041494369507,7896,0.15099585056304932,True,0.15099585056304932
0.861885666847229,7897,0.138114333152771,True,0.138114333152771
0.7927652597427368,7898,0.20723475515842438,True,0.20723475515842438
0.5973825454711914,7899,0.40261751413345337,True,0.40261751413345337
0.8364890813827515,7900,0.16351093351840973,True,0.16351093351840973
0.5621025562286377,7901,0.4378974437713623,True,0.4378974437713623
0.828376054763794,7902,0.17162393033504486,True,0.17162393033504486
0.8632208108901978,7903,0.13677912950515747,True,0.13677912950515747
0.7869503498077393,7904,0.21304960548877716,True,0.21304960548877716
0.7771233916282654,7905,0.22287659347057343,True,0.22287659347057343
0.9292443990707397,7906,0.07075571268796921,True,0.07075571268796921
0.9124346375465393,7907,0.08756537735462189,True,0.08756537735462189
0.8267006278038025,7908,0.17329934239387512,True,0.17329934239387512
0.8590637445449829,7909,0.14093632996082306,True,0.14093632996082306
0.6553840637207031,7910,0.3446159362792969,True,0.3446159362792969
0.7138755321502686,7911,0.28612449765205383,True,0.28612449765205383
0.753822922706604,7912,0.246177077293396,True,0.246177077293396
0.8060755729675293,7913,0.1939244568347931,True,0.1939244568347931
0.6803793907165527,7914,0.31962063908576965,True,0.31962063908576965
0.7480771541595459,7915,0.2519227862358093,True,0.2519227862358093
0.7348874807357788,7916,0.2651124894618988,True,0.2651124894618988
0.7871389985084534,7917,0.21286101639270782,True,0.21286101639270782
0.8368673324584961,7918,0.16313263773918152,True,0.16313263773918152
0.7074196934700012,7919,0.2925802767276764,True,0.2925802767276764
0.8464593291282654,7920,0.15354065597057343,True,0.15354065597057343
0.5494019389152527,7921,0.45059800148010254,True,0.45059800148010254
0.8339411020278931,7922,0.1660589724779129,True,0.1660589724779129
0.8244210481643677,7923,0.17557892203330994,True,0.17557892203330994
0.6056513786315918,7924,0.3943486213684082,True,0.3943486213684082
0.8099247813224792,7925,0.19007515907287598,True,0.19007515907287598
0.8285037279129028,7926,0.17149625718593597,True,0.17149625718593597
0.7920698523521423,7927,0.20793014764785767,True,0.20793014764785767
0.5883228778839111,7928,0.41167712211608887,True,0.41167712211608887
0.6443918347358704,7929,0.3556082248687744,True,0.3556082248687744
0.6033419370651245,7930,0.39665812253952026,True,0.39665812253952026
0.8310500979423523,7931,0.16894984245300293,True,0.16894984245300293
0.862869143486023,7932,0.13713085651397705,True,0.13713085651397705
0.7606611251831055,7933,0.2393389493227005,True,0.2393389493227005
0.8036631345748901,7934,0.19633686542510986,True,0.19633686542510986
0.7813899517059326,7935,0.2186099886894226,True,0.2186099886894226
0.815237820148468,7936,0.1847621202468872,True,0.1847621202468872
0.7302698493003845,7937,0.2697301506996155,True,0.2697301506996155
0.8536375761032104,7938,0.14636239409446716,True,0.14636239409446716
0.7403673529624939,7939,0.2596326172351837,True,0.2596326172351837
0.8943846821784973,7940,0.10561536997556686,True,0.10561536997556686
0.9079480171203613,7941,0.0920519232749939,True,0.0920519232749939
0.7251722812652588,7942,0.274827778339386,True,0.274827778339386
0.5693359375,7943,0.4306640326976776,True,0.4306640326976776
0.6737624406814575,7944,0.3262375295162201,True,0.3262375295162201
0.7637622356414795,7945,0.23623773455619812,True,0.23623773455619812
0.8615601658821106,7946,0.1384398639202118,True,0.1384398639202118
0.8248437643051147,7947,0.17515620589256287,True,0.17515620589256287
0.8034050464630127,7948,0.1965949386358261,True,0.1965949386358261
0.6216605305671692,7949,0.3783394694328308,True,0.3783394694328308
0.8193318843841553,7950,0.18066808581352234,True,0.18066808581352234
0.6235220432281494,7951,0.3764778971672058,True,0.3764778971672058
0.8509255647659302,7952,0.1490744650363922,True,0.1490744650363922
0.7306148409843445,7953,0.2693851590156555,True,0.2693851590156555
0.7500302791595459,7954,0.2499696910381317,True,0.2499696910381317
0.6482251882553101,7955,0.35177481174468994,True,0.35177481174468994
0.872872531414032,7956,0.12712745368480682,True,0.12712745368480682
0.7767517566680908,7957,0.22324813902378082,True,0.22324813902378082
0.5928072929382324,7958,0.40719273686408997,True,0.40719273686408997
0.8541602492332458,7959,0.14583978056907654,True,0.14583978056907654
0.6457198858261108,7960,0.35428014397621155,True,0.35428014397621155
0.8596044182777405,7961,0.1403956413269043,True,0.1403956413269043
0.5875346064567566,7962,0.4124653935432434,True,0.4124653935432434
0.659648060798645,7963,0.340351939201355,True,0.340351939201355
0.7969897389411926,7964,0.20301030576229095,True,0.20301030576229095
0.8731148838996887,7965,0.12688510119915009,True,0.12688510119915009
0.6398801803588867,7966,0.36011984944343567,True,0.36011984944343567
0.8045627474784851,7967,0.19543731212615967,True,0.19543731212615967
0.5618791580200195,7968,0.4381208121776581,True,0.4381208121776581
0.8285753130912781,7969,0.17142465710639954,True,0.17142465710639954
0.8742539286613464,7970,0.12574610114097595,True,0.12574610114097595
0.656678318977356,7971,0.34332165122032166,True,0.34332165122032166
0.7567112445831299,7972,0.2432887852191925,True,0.2432887852191925
0.8656083345413208,7973,0.13439162075519562,True,0.13439162075519562
0.7663681507110596,7974,0.23363187909126282,True,0.23363187909126282
0.855208694934845,7975,0.14479133486747742,True,0.14479133486747742
0.6723031997680664,7976,0.32769685983657837,True,0.32769685983657837
0.8394731879234314,7977,0.1605268269777298,True,0.1605268269777298
0.76900315284729,7978,0.23099680244922638,True,0.23099680244922638
0.612045407295227,7979,0.38795456290245056,True,0.38795456290245056
0.7873395681381226,7980,0.21266046166419983,True,0.21266046166419983
0.8163501620292664,7981,0.18364977836608887,True,0.18364977836608887
0.5990167856216431,7982,0.4009832739830017,True,0.4009832739830017
0.5325654745101929,7983,0.46743449568748474,True,0.46743449568748474
0.8739455938339233,7984,0.12605434656143188,True,0.12605434656143188
0.5529395341873169,7985,0.4470605254173279,True,0.4470605254173279
0.850479006767273,7986,0.14952105283737183,True,0.14952105283737183
0.7370587587356567,7987,0.26294127106666565,True,0.26294127106666565
0.8080810308456421,7988,0.19191904366016388,True,0.19191904366016388
0.7915332317352295,7989,0.20846666395664215,True,0.20846666395664215
0.7855314016342163,7990,0.21446864306926727,True,0.21446864306926727
0.7348235845565796,7991,0.2651764452457428,True,0.2651764452457428
0.7124284505844116,7992,0.2875714898109436,True,0.2875714898109436
0.6639087796211243,7993,0.33609122037887573,True,0.33609122037887573
0.0,7994,1.0000001192092896,True,1.0000001192092896
0.9289128184318542,7995,0.07108710706233978,True,0.07108710706233978
0.7842099666595459,7996,0.21579012274742126,True,0.21579012274742126
0.7508026361465454,7997,0.24919730424880981,True,0.24919730424880981
0.7598272562026978,7998,0.24017269909381866,True,0.24017269909381866
0.5032931566238403,7999,0.49670684337615967,True,0.49670684337615967
0.8005709052085876,8000,0.19942905008792877,True,0.19942905008792877
0.775322675704956,8001,0.22467729449272156,True,0.22467729449272156
0.7615320086479187,8002,0.2384680211544037,True,0.2384680211544037
0.759192705154419,8003,0.24080730974674225,True,0.24080730974674225
0.7592865228652954,8004,0.2407134622335434,True,0.2407134622335434
0.7459020614624023,8005,0.25409793853759766,True,0.25409793853759766
0.821868896484375,8006,0.17813114821910858,True,0.17813114821910858
0.8755436539649963,8007,0.12445632368326187,True,0.12445632368326187
0.9165211915969849,8008,0.08347883820533752,True,0.08347883820533752
0.8268685340881348,8009,0.17313143610954285,True,0.17313143610954285
0.561220645904541,8010,0.43877938389778137,True,0.43877938389778137
0.7341919541358948,8011,0.26580801606178284,True,0.26580801606178284
0.6487357020378113,8012,0.3512642979621887,True,0.3512642979621887
0.8810871243476868,8013,0.11891287565231323,True,0.11891287565231323
0.6494865417480469,8014,0.3505134582519531,True,0.3505134582519531
0.692299485206604,8015,0.307700514793396,True,0.307700514793396
0.0,8016,1.0,True,1.0
0.6616166830062866,8017,0.338383287191391,True,0.338383287191391
0.8186300992965698,8018,0.18136993050575256,True,0.18136993050575256
0.8478155136108398,8019,0.15218450129032135,True,0.15218450129032135
0.6962851285934448,8020,0.3037148714065552,True,0.3037148714065552
0.8410566449165344,8021,0.15894334018230438,True,0.15894334018230438
0.8736488819122314,8022,0.12635116279125214,True,0.12635116279125214
0.7339944839477539,8023,0.2660055160522461,True,0.2660055160522461
0.6822521686553955,8024,0.31774789094924927,True,0.31774789094924927
0.6276842951774597,8025,0.3723156452178955,True,0.3723156452178955
0.7677700519561768,8026,0.23222988843917847,True,0.23222988843917847
0.8062189221382141,8027,0.1937810629606247,True,0.1937810629606247
0.519095242023468,8028,0.48090481758117676,True,0.48090481758117676
0.8968132734298706,8029,0.1031867042183876,True,0.1031867042183876
0.789888858795166,8030,0.21011120080947876,True,0.21011120080947876
0.7326036095619202,8031,0.26739636063575745,True,0.26739636063575745
0.8397687077522278,8032,0.16023123264312744,True,0.16023123264312744
0.6683928370475769,8033,0.3316071629524231,True,0.3316071629524231
0.6609556674957275,8034,0.33904436230659485,True,0.33904436230659485
0.6891034245491028,8035,0.310896635055542,True,0.310896635055542
0.8196603059768677,8036,0.18033964931964874,True,0.18033964931964874
0.6651707291603088,8037,0.33482933044433594,True,0.33482933044433594
0.7347084879875183,8038,0.2652915418148041,True,0.2652915418148041
0.8527241945266724,8039,0.14727582037448883,True,0.14727582037448883
0.8223596811294556,8040,0.17764034867286682,True,0.17764034867286682
0.5330494046211243,8041,0.46695059537887573,True,0.46695059537887573
0.7700679302215576,8042,0.2299320548772812,True,0.2299320548772812
0.880395770072937,8043,0.11960428208112717,True,0.11960428208112717
0.787914514541626,8044,0.2120855152606964,True,0.2120855152606964
0.7150294780731201,8045,0.28497061133384705,True,0.28497061133384705
0.73418128490448,8046,0.26581871509552,True,0.26581871509552
0.7769144773483276,8047,0.2230854481458664,True,0.2230854481458664
0.6533685922622681,8048,0.34663140773773193,True,0.34663140773773193
0.8754265308380127,8049,0.12457352876663208,True,0.12457352876663208
0.8674151301383972,8050,0.13258488476276398,True,0.13258488476276398
0.6004850268363953,8051,0.39951497316360474,True,0.39951497316360474
0.750786304473877,8052,0.24921369552612305,True,0.24921369552612305
0.8627927303314209,8053,0.13720721006393433,True,0.13720721006393433
0.6473597884178162,8054,0.35264021158218384,True,0.35264021158218384
0.6943308711051941,8055,0.30566906929016113,True,0.30566906929016113
0.8794878125190735,8056,0.12051218748092651,True,0.12051218748092651
0.7949864864349365,8057,0.20501349866390228,True,0.20501349866390228
0.7055608034133911,8058,0.2944392263889313,True,0.2944392263889313
0.7761470079421997,8059,0.2238529473543167,True,0.2238529473543167
0.6966394186019897,8060,0.30336061120033264,True,0.30336061120033264
0.7508724927902222,8061,0.24912744760513306,True,0.24912744760513306
0.5223096609115601,8062,0.47769033908843994,True,0.47769033908843994
0.7674028873443604,8063,0.23259714245796204,True,0.23259714245796204
0.5960442423820496,8064,0.4039557874202728,True,0.4039557874202728
0.7219854593276978,8065,0.27801454067230225,True,0.27801454067230225
0.7476933598518372,8066,0.25230664014816284,True,0.25230664014816284
0.7825660109519958,8067,0.21743404865264893,True,0.21743404865264893
0.646472692489624,8068,0.35352736711502075,True,0.35352736711502075
0.803581953048706,8069,0.19641806185245514,True,0.19641806185245514
0.7301838994026184,8070,0.269816130399704,True,0.269816130399704
0.7589859366416931,8071,0.24101407825946808,True,0.24101407825946808
0.7643280029296875,8072,0.2356719672679901,True,0.2356719672679901
0.5894498825073242,8073,0.41055014729499817,True,0.41055014729499817
0.7979916930198669,8074,0.20200829207897186,True,0.20200829207897186
0.743311882019043,8075,0.25668802857398987,True,0.25668802857398987
0.7767899036407471,8076,0.22321009635925293,True,0.22321009635925293
0.7010313272476196,8077,0.29896873235702515,True,0.29896873235702515
0.87076735496521,8078,0.12923264503479004,True,0.12923264503479004
0.9018557071685791,8079,0.09814433753490448,True,0.09814433753490448
0.684380292892456,8080,0.31561967730522156,True,0.31561967730522156
0.6803858280181885,8081,0.3196142315864563,True,0.3196142315864563
0.5758627653121948,8082,0.4241372048854828,True,0.4241372048854828
0.7914755344390869,8083,0.2085244357585907,True,0.2085244357585907
0.7343579530715942,8084,0.26564210653305054,True,0.26564210653305054
0.823697566986084,8085,0.17630238831043243,True,0.17630238831043243
0.6295394897460938,8086,0.37046051025390625,True,0.37046051025390625
0.6094325184822083,8087,0.390567421913147,True,0.390567421913147
0.8065704703330994,8088,0.19342957437038422,True,0.19342957437038422
0.80025315284729,8089,0.19974681735038757,True,0.19974681735038757
0.6801392436027527,8090,0.31986069679260254,True,0.31986069679260254
0.5817545652389526,8091,0.41824543476104736,True,0.41824543476104736
0.0,8092,1.0,True,1.0
0.4143262505531311,8093,0.5856737494468689,True,0.5856737494468689
0.8645373582839966,8094,0.135462686419487,True,0.135462686419487
0.666070818901062,8095,0.33392924070358276,True,0.33392924070358276
0.8684890866279602,8096,0.1315108984708786,True,0.1315108984708786
0.8231257200241089,8097,0.1768742948770523,True,0.1768742948770523
0.7640736103057861,8098,0.23592638969421387,True,0.23592638969421387
0.0,8099,1.0,True,1.0
0.8361749649047852,8100,0.16382497549057007,True,0.16382497549057007
0.7547944784164429,8101,0.24520546197891235,True,0.24520546197891235
0.8338351249694824,8102,0.16616488993167877,True,0.16616488993167877
0.6018158197402954,8103,0.3981841802597046,True,0.3981841802597046
0.7681422233581543,8104,0.23185786604881287,True,0.23185786604881287
0.6475623846054077,8105,0.3524376451969147,True,0.3524376451969147
0.7821496725082397,8106,0.21785031259059906,True,0.21785031259059906
0.8806950449943542,8107,0.11930495500564575,True,0.11930495500564575
0.8318924307823181,8108,0.1681075543165207,True,0.1681075543165207
0.8345284461975098,8109,0.165471613407135,True,0.165471613407135
0.8458956480026245,8110,0.15410436689853668,True,0.15410436689853668
0.7337529063224792,8111,0.26624709367752075,True,0.26624709367752075
0.8277771472930908,8112,0.17222292721271515,True,0.17222292721271515
0.7714515328407288,8113,0.22854846715927124,True,0.22854846715927124
0.5344153642654419,8114,0.4655846059322357,True,0.4655846059322357
0.6152847409248352,8115,0.3847152590751648,True,0.3847152590751648
0.5880342721939087,8116,0.41196566820144653,True,0.41196566820144653
0.6226738095283508,8117,0.37732619047164917,True,0.37732619047164917
0.8078582286834717,8118,0.1921418160200119,True,0.1921418160200119
0.541378915309906,8119,0.4586211144924164,True,0.4586211144924164
0.7259947061538696,8120,0.27400538325309753,True,0.27400538325309753
0.5455803871154785,8121,0.4544196128845215,True,0.4544196128845215
0.6233444213867188,8122,0.37665557861328125,True,0.37665557861328125
0.8871976137161255,8123,0.11280237138271332,True,0.11280237138271332
0.5821267366409302,8124,0.4178732633590698,True,0.4178732633590698
0.8369437456130981,8125,0.16305626928806305,True,0.16305626928806305
0.7620917558670044,8126,0.23790821433067322,True,0.23790821433067322
0.7868624925613403,8127,0.21313749253749847,True,0.21313749253749847
0.8601771593093872,8128,0.139822855591774,True,0.139822855591774
0.8176711201667786,8129,0.18232889473438263,True,0.18232889473438263
0.5580028295516968,8130,0.441997230052948,True,0.441997230052948
0.8494958877563477,8131,0.1505042314529419,True,0.1505042314529419
0.8479911088943481,8132,0.15200889110565186,True,0.15200889110565186
0.7830655574798584,8133,0.2169344574213028,True,0.2169344574213028
0.6149613857269287,8134,0.3850386142730713,True,0.3850386142730713
0.8028556108474731,8135,0.19714443385601044,True,0.19714443385601044
0.7756394147872925,8136,0.2243606150150299,True,0.2243606150150299
0.7146567106246948,8137,0.2853432893753052,True,0.2853432893753052
0.6173950433731079,8138,0.38260501623153687,True,0.38260501623153687
0.6727434396743774,8139,0.32725653052330017,True,0.32725653052330017
0.8444129228591919,8140,0.15558703243732452,True,0.15558703243732452
0.7360307574272156,8141,0.26396921277046204,True,0.26396921277046204
0.757961630821228,8142,0.24203838407993317,True,0.24203838407993317
0.8439145088195801,8143,0.15608546137809753,True,0.15608546137809753
0.888234555721283,8144,0.11176547408103943,True,0.11176547408103943
0.7496801018714905,8145,0.25031986832618713,True,0.25031986832618713
0.8638874888420105,8146,0.13611248135566711,True,0.13611248135566711
0.8757812976837158,8147,0.1242186650633812,True,0.1242186650633812
0.7015137672424316,8148,0.2984861731529236,True,0.2984861731529236
0.8049870729446411,8149,0.1950128674507141,True,0.1950128674507141
0.8334335684776306,8150,0.166566401720047,True,0.166566401720047
0.8585007190704346,8151,0.14149925112724304,True,0.14149925112724304
0.7269389629364014,8152,0.2730610966682434,True,0.2730610966682434
0.8125682473182678,8153,0.1874317079782486,True,0.1874317079782486
0.8764707446098328,8154,0.12352926284074783,True,0.12352926284074783
0.7832126617431641,8155,0.21678726375102997,True,0.21678726375102997
0.83085036277771,8156,0.16914959251880646,True,0.16914959251880646
0.7727850079536438,8157,0.2272149920463562,True,0.2272149920463562
0.8086862564086914,8158,0.1913137584924698,True,0.1913137584924698
0.7981836795806885,8159,0.20181633532047272,True,0.20181633532047272
0.9053322076797485,8160,0.09466782957315445,True,0.09466782957315445
0.7814309000968933,8161,0.21856904029846191,True,0.21856904029846191
0.81731778383255,8162,0.18268224596977234,True,0.18268224596977234
0.8229755163192749,8163,0.17702452838420868,True,0.17702452838420868
0.7792383432388306,8164,0.22076168656349182,True,0.22076168656349182
0.8706637620925903,8165,0.12933626770973206,True,0.12933626770973206
0.5820968151092529,8166,0.41790324449539185,True,0.41790324449539185
0.813462495803833,8167,0.18653751909732819,True,0.18653751909732819
0.7849172949790955,8168,0.21508264541625977,True,0.21508264541625977
0.7829306721687317,8169,0.21706928312778473,True,0.21706928312778473
0.793358325958252,8170,0.20664167404174805,True,0.20664167404174805
0.6872735023498535,8171,0.31272655725479126,True,0.31272655725479126
0.7281748652458191,8172,0.2718251347541809,True,0.2718251347541809
0.6288990378379822,8173,0.3711010813713074,True,0.3711010813713074
0.7904611825942993,8174,0.20953881740570068,True,0.20953881740570068
0.7329932451248169,8175,0.2670067846775055,True,0.2670067846775055
0.7443544864654541,8176,0.2556455433368683,True,0.2556455433368683
0.8467330932617188,8177,0.15326686203479767,True,0.15326686203479767
0.7660976648330688,8178,0.2339022159576416,True,0.2339022159576416
0.3421056270599365,8179,0.6578944325447083,True,0.6578944325447083
0.5344536900520325,8180,0.4655463397502899,True,0.4655463397502899
0.5988426208496094,8181,0.4011573791503906,True,0.4011573791503906
0.5528807640075684,8182,0.44711926579475403,True,0.44711926579475403
0.5900623202323914,8183,0.40993767976760864,True,0.40993767976760864
0.6887483596801758,8184,0.31125161051750183,True,0.31125161051750183
0.853003978729248,8185,0.14699606597423553,True,0.14699606597423553
0.5692510008811951,8186,0.43074899911880493,True,0.43074899911880493
0.7432172298431396,8187,0.2567828595638275,True,0.2567828595638275
0.7129710912704468,8188,0.2870289087295532,True,0.2870289087295532
0.7201657891273499,8189,0.27983418107032776,True,0.27983418107032776
0.583740234375,8190,0.416259765625,True,0.416259765625
0.8317819833755493,8191,0.16821801662445068,True,0.16821801662445068
