distractor_warrant_mass,sample_id,support_attention_mass,support_present,support_warrant_mass
0.9339399337768555,6553,0.06606005877256393,True,0.06606005877256393
0.8080825209617615,6554,0.19191746413707733,True,0.19191746413707733
0.837158739566803,6555,0.1628413200378418,True,0.1628413200378418
0.6425238847732544,6556,0.357476145029068,True,0.357476145029068
0.8575353026390076,6557,0.14246472716331482,True,0.14246472716331482
0.8733037710189819,6558,0.1266961246728897,True,0.1266961246728897
0.6855610013008118,6559,0.314439058303833,True,0.314439058303833
0.583917498588562,6560,0.41608256101608276,True,0.41608256101608276
0.8702635169029236,6561,0.12973645329475403,True,0.12973645329475403
0.6590876579284668,6562,0.3409123420715332,True,0.3409123420715332
0.8220341205596924,6563,0.17796587944030762,True,0.17796587944030762
0.9109162092208862,6564,0.08908381313085556,True,0.08908381313085556
0.8176020383834839,6565,0.18239791691303253,True,0.18239791691303253
0.8453162908554077,6566,0.1546836793422699,True,0.1546836793422699
0.7065818905830383,6567,0.2934180498123169,True,0.2934180498123169
0.64133620262146,6568,0.35866379737854004,True,0.35866379737854004
0.719890832901001,6569,0.2801092267036438,True,0.2801092267036438
0.4293181598186493,6570,0.5706818103790283,True,0.5706818103790283
0.8219534754753113,6571,0.1780465841293335,True,0.1780465841293335
0.7212873697280884,6572,0.2787126898765564,True,0.2787126898765564
0.800459623336792,6573,0.199540376663208,True,0.199540376663208
0.8718397617340088,6574,0.12816031277179718,True,0.12816031277179718
0.2244924008846283,6575,0.7755075693130493,True,0.7755075693130493
0.5942050814628601,6576,0.4057949185371399,True,0.4057949185371399
0.7644279599189758,6577,0.23557204008102417,True,0.23557204008102417
0.92473965883255,6578,0.07526037842035294,True,0.07526037842035294
0.5265386700630188,6579,0.47346124053001404,True,0.47346124053001404
0.5296835899353027,6580,0.47031643986701965,True,0.47031643986701965
0.867158055305481,6581,0.13284197449684143,True,0.13284197449684143
0.447253942489624,6582,0.5527461767196655,True,0.5527461767196655
0.8670979738235474,6583,0.13290202617645264,True,0.13290202617645264
0.8692213296890259,6584,0.13077864050865173,True,0.13077864050865173
0.3970469832420349,6585,0.6029530763626099,True,0.6029530763626099
0.5891033411026001,6586,0.4108967185020447,True,0.4108967185020447
0.8782861232757568,6587,0.12171386182308197,True,0.12171386182308197
0.6388194561004639,6588,0.36118054389953613,True,0.36118054389953613
0.17479506134986877,6589,0.8252049088478088,True,0.8252049088478088
0.8768619298934937,6590,0.12313801050186157,True,0.12313801050186157
0.6604334115982056,6591,0.33956658840179443,True,0.33956658840179443
0.7026461958885193,6592,0.2973537743091583,True,0.2973537743091583
0.7394289374351501,6593,0.26057112216949463,True,0.26057112216949463
0.7445170879364014,6594,0.2554829716682434,True,0.2554829716682434
0.8024877905845642,6595,0.19751222431659698,True,0.19751222431659698
0.7510989904403687,6596,0.24890100955963135,True,0.24890100955963135
0.6278425455093384,6597,0.3721575438976288,True,0.3721575438976288
0.7551608681678772,6598,0.2448391616344452,True,0.2448391616344452
0.784831166267395,6599,0.21516874432563782,True,0.21516874432563782
0.6581023335456848,6600,0.3418976962566376,True,0.3418976962566376
0.3125866651535034,6601,0.6874133348464966,True,0.6874133348464966
0.706175684928894,6602,0.29382437467575073,True,0.29382437467575073
0.45886462926864624,6603,0.5411353707313538,True,0.5411353707313538
0.723203182220459,6604,0.27679675817489624,True,0.27679675817489624
0.6930739283561707,6605,0.3069261312484741,True,0.3069261312484741
0.7727575302124023,6606,0.22724243998527527,True,0.22724243998527527
0.8468770980834961,6607,0.1531228870153427,True,0.1531228870153427
0.9199904203414917,6608,0.08000961691141129,True,0.08000961691141129
0.6902379989624023,6609,0.3097619414329529,True,0.3097619414329529
0.4671238362789154,6610,0.5328761339187622,True,0.5328761339187622
0.8915088176727295,6611,0.10849128663539886,True,0.10849128663539886
0.7249575257301331,6612,0.27504247426986694,True,0.27504247426986694
0.9366270899772644,6613,0.0633728951215744,True,0.0633728951215744
0.8003767728805542,6614,0.1996232271194458,True,0.1996232271194458
0.8465766906738281,6615,0.15342329442501068,True,0.15342329442501068
0.8210626840591431,6616,0.17893734574317932,True,0.17893734574317932
0.7631410360336304,6617,0.23685894906520844,True,0.23685894906520844
0.908705472946167,6618,0.0912945345044136,True,0.0912945345044136
0.7250115275382996,6619,0.27498844265937805,True,0.27498844265937805
0.6348502039909363,6620,0.3651497960090637,True,0.3651497960090637
0.43863755464553833,6621,0.5613624453544617,True,0.5613624453544617
0.619084894657135,6622,0.3809150457382202,True,0.3809150457382202
0.7587012648582458,6623,0.24129879474639893,True,0.24129879474639893
0.6234182715415955,6624,0.37658169865608215,True,0.37658169865608215
0.0,6625,1.0000001192092896,True,1.0000001192092896
0.6449775695800781,6626,0.3550224006175995,True,0.3550224006175995
0.7449034452438354,6627,0.25509652495384216,True,0.25509652495384216
0.8120637536048889,6628,0.1879362165927887,True,0.1879362165927887
0.7526031732559204,6629,0.2473968118429184,True,0.2473968118429184
0.9149694442749023,6630,0.08503061532974243,True,0.08503061532974243
0.662263035774231,6631,0.33773690462112427,True,0.33773690462112427
0.7396289110183716,6632,0.2603711783885956,True,0.2603711783885956
0.627951443195343,6633,0.37204858660697937,True,0.37204858660697937
0.4385579526424408,6634,0.5614420771598816,True,0.5614420771598816
0.7330706715583801,6635,0.26692935824394226,True,0.26692935824394226
0.642478346824646,6636,0.3575216829776764,True,0.3575216829776764
0.8232132196426392,6637,0.17678682506084442,True,0.17678682506084442
0.8040714263916016,6638,0.19592861831188202,True,0.19592861831188202
0.7055467963218689,6639,0.2944532036781311,True,0.2944532036781311
0.774177074432373,6640,0.22582295536994934,True,0.22582295536994934
0.638869047164917,6641,0.3611309826374054,True,0.3611309826374054
0.8072215914726257,6642,0.19277849793434143,True,0.19277849793434143
0.8631414175033569,6643,0.13685856759548187,True,0.13685856759548187
0.7582135200500488,6644,0.24178645014762878,True,0.24178645014762878
0.7259571552276611,6645,0.27404284477233887,True,0.27404284477233887
0.7543140649795532,6646,0.24568593502044678,True,0.24568593502044678
0.9150944948196411,6647,0.0849054604768753,True,0.0849054604768753
0.8102452158927917,6648,0.18975481390953064,True,0.18975481390953064
0.9015172123908997,6649,0.09848280251026154,True,0.09848280251026154
0.4386443793773651,6650,0.5613555908203125,True,0.5613555908203125
0.6458761096000671,6651,0.35412392020225525,True,0.35412392020225525
0.7101136445999146,6652,0.28988632559776306,True,0.28988632559776306
0.8605799674987793,6653,0.1394200474023819,True,0.1394200474023819
0.6152156591415405,6654,0.38478437066078186,True,0.38478437066078186
0.6771116256713867,6655,0.3228882849216461,True,0.3228882849216461
0.7186222076416016,6656,0.28137779235839844,True,0.28137779235839844
0.8212690949440002,6657,0.17873096466064453,True,0.17873096466064453
0.8379437923431396,6658,0.16205622255802155,True,0.16205622255802155
0.7890499234199524,6659,0.21095004677772522,True,0.21095004677772522
0.7256187200546265,6660,0.27438119053840637,True,0.27438119053840637
0.6248610019683838,6661,0.3751389980316162,True,0.3751389980316162
0.8310078978538513,6662,0.16899217665195465,True,0.16899217665195465
0.8973379731178284,6663,0.10266195237636566,True,0.10266195237636566
0.8499385118484497,6664,0.1500614881515503,True,0.1500614881515503
0.8669799566268921,6665,0.1330200433731079,True,0.1330200433731079
0.9008280634880066,6666,0.09917184710502625,True,0.09917184710502625
0.7185465097427368,6667,0.2814534902572632,True,0.2814534902572632
0.6175413131713867,6668,0.38245871663093567,True,0.38245871663093567
0.6512852907180786,6669,0.348714679479599,True,0.348714679479599
0.8510493636131287,6670,0.1489506959915161,True,0.1489506959915161
0.9069517850875854,6671,0.09304825961589813,True,0.09304825961589813
0.7283664345741272,6672,0.271633505821228,True,0.271633505821228
0.7897449135780334,6673,0.2102549970149994,True,0.2102549970149994
0.7064916491508484,6674,0.293508380651474,True,0.293508380651474
0.6399356126785278,6675,0.3600643575191498,True,0.3600643575191498
0.6066333055496216,6676,0.3933666944503784,True,0.3933666944503784
0.831430196762085,6677,0.16856978833675385,True,0.16856978833675385
0.8164964914321899,6678,0.18350350856781006,True,0.18350350856781006
0.889977216720581,6679,0.11002279818058014,True,0.11002279818058014
0.7062587141990662,6680,0.2937413156032562,True,0.2937413156032562
0.8459423780441284,6681,0.1540576070547104,True,0.1540576070547104
0.8621094226837158,6682,0.13789057731628418,True,0.13789057731628418
0.7566954493522644,6683,0.24330459535121918,True,0.24330459535121918
0.8492345809936523,6684,0.15076543390750885,True,0.15076543390750885
0.6067085266113281,6685,0.39329153299331665,True,0.39329153299331665
0.9274951219558716,6686,0.07250485569238663,True,0.07250485569238663
0.8272908926010132,6687,0.17270921170711517,True,0.17270921170711517
0.5185545682907104,6688,0.4814453721046448,True,0.4814453721046448
0.8218216300010681,6689,0.17817842960357666,True,0.17817842960357666
0.9180138111114502,6690,0.08198612183332443,True,0.08198612183332443
0.8236501216888428,6691,0.17634987831115723,True,0.17634987831115723
0.9148797988891602,6692,0.08512024581432343,True,0.08512024581432343
0.6349118947982788,6693,0.3650881052017212,True,0.3650881052017212
0.8931172490119934,6694,0.10688283294439316,True,0.10688283294439316
0.8811951279640198,6695,0.11880490928888321,True,0.11880490928888321
0.8181053400039673,6696,0.18189473450183868,True,0.18189473450183868
0.9044747948646545,6697,0.09552519023418427,True,0.09552519023418427
0.9341877698898315,6698,0.06581214815378189,True,0.06581214815378189
0.85361647605896,6699,0.14638353884220123,True,0.14638353884220123
0.7277212738990784,6700,0.2722787857055664,True,0.2722787857055664
0.7181260585784912,6701,0.28187400102615356,True,0.28187400102615356
0.6948487758636475,6702,0.3051512837409973,True,0.3051512837409973
0.8110761642456055,6703,0.1889239251613617,True,0.1889239251613617
0.8318761587142944,6704,0.16812385618686676,True,0.16812385618686676
0.4594278633594513,6705,0.5405721068382263,True,0.5405721068382263
0.6596524119377136,6706,0.34034761786460876,True,0.34034761786460876
0.8254268169403076,6707,0.17457321286201477,True,0.17457321286201477
0.850846529006958,6708,0.14915353059768677,True,0.14915353059768677
0.5827287435531616,6709,0.41727128624916077,True,0.41727128624916077
0.7025986313819885,6710,0.2974013686180115,True,0.2974013686180115
0.8530871272087097,6711,0.14691290259361267,True,0.14691290259361267
0.4412038326263428,6712,0.5587961673736572,True,0.5587961673736572
0.6904491782188416,6713,0.30955085158348083,True,0.30955085158348083
0.8608359098434448,6714,0.13916409015655518,True,0.13916409015655518
0.6362067461013794,6715,0.3637932538986206,True,0.3637932538986206
0.3740232288837433,6716,0.6259768009185791,True,0.6259768009185791
0.8817379474639893,6717,0.11826205998659134,True,0.11826205998659134
0.7205226421356201,6718,0.27947738766670227,True,0.27947738766670227
0.8084310293197632,6719,0.191568985581398,True,0.191568985581398
0.6647171974182129,6720,0.33528274297714233,True,0.33528274297714233
0.7025083303451538,6721,0.29749172925949097,True,0.29749172925949097
0.7692045569419861,6722,0.23079544305801392,True,0.23079544305801392
0.883450448513031,6723,0.1165495365858078,True,0.1165495365858078
0.6725373864173889,6724,0.3274626135826111,True,0.3274626135826111
0.716556191444397,6725,0.28344377875328064,True,0.28344377875328064
0.8867174386978149,6726,0.11328256130218506,True,0.11328256130218506
0.7759755849838257,6727,0.22402432560920715,True,0.22402432560920715
0.6979857683181763,6728,0.30201414227485657,True,0.30201414227485657
0.9222167134284973,6729,0.0777832567691803,True,0.0777832567691803
0.36279070377349854,6730,0.6372092962265015,True,0.6372092962265015
0.8256157040596008,6731,0.1743842363357544,True,0.1743842363357544
0.8820440173149109,6732,0.11795592308044434,True,0.11795592308044434
0.6626080274581909,6733,0.3373919129371643,True,0.3373919129371643
0.7376049160957336,6734,0.26239511370658875,True,0.26239511370658875
0.7243834137916565,6735,0.2756165862083435,True,0.2756165862083435
0.5295522212982178,6736,0.47044771909713745,True,0.47044771909713745
0.8993491530418396,6737,0.10065080970525742,True,0.10065080970525742
0.737287163734436,6738,0.26271283626556396,True,0.26271283626556396
0.8791028261184692,6739,0.12089717388153076,True,0.12089717388153076
0.8959990739822388,6740,0.10400085896253586,True,0.10400085896253586
0.4984927177429199,6741,0.5015072822570801,True,0.5015072822570801
0.7122357487678528,6742,0.2877643406391144,True,0.2877643406391144
0.8157793879508972,6743,0.18422061204910278,True,0.18422061204910278
0.3935035467147827,6744,0.6064963936805725,True,0.6064963936805725
0.6513615250587463,6745,0.3486385643482208,True,0.3486385643482208
0.82343590259552,6746,0.1765640676021576,True,0.1765640676021576
0.7253653407096863,6747,0.27463462948799133,True,0.27463462948799133
0.7830482721328735,6748,0.21695177257061005,True,0.21695177257061005
0.8479326367378235,6749,0.1520673781633377,True,0.1520673781633377
0.6837806701660156,6750,0.31621935963630676,True,0.31621935963630676
0.8501278758049011,6751,0.1498720943927765,True,0.1498720943927765
0.8236076831817627,6752,0.1763923019170761,True,0.1763923019170761
0.8029791116714478,6753,0.19702084362506866,True,0.19702084362506866
0.8521143198013306,6754,0.14788568019866943,True,0.14788568019866943
0.9101670980453491,6755,0.0898328498005867,True,0.0898328498005867
0.718752384185791,6756,0.281247615814209,True,0.281247615814209
0.6943774223327637,6757,0.30562257766723633,True,0.30562257766723633
0.8407520055770874,6758,0.15924808382987976,True,0.15924808382987976
0.8567413091659546,6759,0.14325866103172302,True,0.14325866103172302
0.7088435888290405,6760,0.2911564111709595,True,0.2911564111709595
0.6435732841491699,6761,0.3564267158508301,True,0.3564267158508301
0.8232613801956177,6762,0.17673859000205994,True,0.17673859000205994
0.5039061307907104,6763,0.49609386920928955,True,0.49609386920928955
0.15727722644805908,6764,0.8427227139472961,True,0.8427227139472961
0.7896366119384766,6765,0.2103634476661682,True,0.2103634476661682
0.9142634868621826,6766,0.08573656529188156,True,0.08573656529188156
0.8239966630935669,6767,0.1760033667087555,True,0.1760033667087555
0.5700907111167908,6768,0.42990919947624207,True,0.42990919947624207
0.8817461729049683,6769,0.11825377494096756,True,0.11825377494096756
0.8048585653305054,6770,0.1951414942741394,True,0.1951414942741394
0.7914491295814514,6771,0.2085508406162262,True,0.2085508406162262
0.7216989994049072,6772,0.2783010005950928,True,0.2783010005950928
0.6699665784835815,6773,0.33003342151641846,True,0.33003342151641846
0.6857792139053345,6774,0.3142208456993103,True,0.3142208456993103
0.8733384609222412,6775,0.1266615241765976,True,0.1266615241765976
0.764849066734314,6776,0.2351507991552353,True,0.2351507991552353
0.8195438981056213,6777,0.18045614659786224,True,0.18045614659786224
0.845716118812561,6778,0.15428388118743896,True,0.15428388118743896
0.6604644656181335,6779,0.33953556418418884,True,0.33953556418418884
0.8572473526000977,6780,0.14275267720222473,True,0.14275267720222473
0.3202893137931824,6781,0.6797106862068176,True,0.6797106862068176
0.7324334979057312,6782,0.2675665616989136,True,0.2675665616989136
0.9027683138847351,6783,0.09723171591758728,True,0.09723171591758728
0.8717595338821411,6784,0.12824052572250366,True,0.12824052572250366
0.8830059170722961,6785,0.11699405312538147,True,0.11699405312538147
0.8759210109710693,6786,0.12407899647951126,True,0.12407899647951126
0.9051178693771362,6787,0.09488224238157272,True,0.09488224238157272
0.889866828918457,6788,0.11013318598270416,True,0.11013318598270416
0.6584999561309814,6789,0.34150004386901855,True,0.34150004386901855
0.8552097678184509,6790,0.14479027688503265,True,0.14479027688503265
0.8653870224952698,6791,0.13461296260356903,True,0.13461296260356903
0.5328127145767212,6792,0.4671873152256012,True,0.4671873152256012
0.6621698141098022,6793,0.33783015608787537,True,0.33783015608787537
0.7834951877593994,6794,0.21650482714176178,True,0.21650482714176178
0.4879232347011566,6795,0.5120767951011658,True,0.5120767951011658
0.7904092073440552,6796,0.20959079265594482,True,0.20959079265594482
0.856031060218811,6797,0.14396901428699493,True,0.14396901428699493
0.6792607307434082,6798,0.3207392692565918,True,0.3207392692565918
0.8712127208709717,6799,0.1287873536348343,True,0.1287873536348343
0.5695003867149353,6800,0.4304995536804199,True,0.4304995536804199
0.7960812449455261,6801,0.20391875505447388,True,0.20391875505447388
0.8169444799423218,6802,0.1830555647611618,True,0.1830555647611618
0.8465195894241333,6803,0.1534804254770279,True,0.1534804254770279
0.8205634355545044,6804,0.1794365495443344,True,0.1794365495443344
0.4494096636772156,6805,0.5505903363227844,True,0.5505903363227844
0.8575867414474487,6806,0.1424131691455841,True,0.1424131691455841
0.7436846494674683,6807,0.25631529092788696,True,0.25631529092788696
0.8833478093147278,6808,0.11665210872888565,True,0.11665210872888565
0.8334563374519348,6809,0.16654367744922638,True,0.16654367744922638
0.7790802717208862,6810,0.22091969847679138,True,0.22091969847679138
0.7642383575439453,6811,0.23576152324676514,True,0.23576152324676514
0.8796615600585938,6812,0.12033844739198685,True,0.12033844739198685
0.7563173770904541,6813,0.2436826527118683,True,0.2436826527118683
0.6808034181594849,6814,0.3191966116428375,True,0.3191966116428375
0.7096211314201355,6815,0.2903788685798645,True,0.2903788685798645
0.775391697883606,6816,0.22460827231407166,True,0.22460827231407166
0.7049211263656616,6817,0.295078843832016,True,0.295078843832016
0.8474744558334351,6818,0.15252554416656494,True,0.15252554416656494
0.7476982474327087,6819,0.25230175256729126,True,0.25230175256729126
0.8674299716949463,6820,0.13257013261318207,True,0.13257013261318207
0.772370457649231,6821,0.22762945294380188,True,0.22762945294380188
0.6075048446655273,6822,0.39249518513679504,True,0.39249518513679504
0.8850983381271362,6823,0.11490153521299362,True,0.11490153521299362
0.7583386898040771,6824,0.24166136980056763,True,0.24166136980056763
0.7330176830291748,6825,0.2669822871685028,True,0.2669822871685028
0.5775203704833984,6826,0.42247962951660156,True,0.42247962951660156
0.7295912504196167,6827,0.2704087197780609,True,0.2704087197780609
0.5093559622764587,6828,0.49064409732818604,True,0.49064409732818604
0.6613583564758301,6829,0.33864161372184753,True,0.33864161372184753
0.7506731748580933,6830,0.24932685494422913,True,0.24932685494422913
0.8741680979728699,6831,0.12583187222480774,True,0.12583187222480774
0.863575279712677,6832,0.13642475008964539,True,0.13642475008964539
0.7773906588554382,6833,0.22260937094688416,True,0.22260937094688416
0.5047687292098999,6834,0.4952312707901001,True,0.4952312707901001
0.7977570295333862,6835,0.20224300026893616,True,0.20224300026893616
0.9326213598251343,6836,0.06737853586673737,True,0.06737853586673737
0.6459693908691406,6837,0.3540304899215698,True,0.3540304899215698
0.7868754863739014,6838,0.21312445402145386,True,0.21312445402145386
0.798640251159668,6839,0.20135976374149323,True,0.20135976374149323
0.6842583417892456,6840,0.3157415986061096,True,0.3157415986061096
0.8405086994171143,6841,0.15949133038520813,True,0.15949133038520813
0.876573920249939,6842,0.12342604994773865,True,0.12342604994773865
0.7679616212844849,6843,0.23203836381435394,True,0.23203836381435394
0.7910301089286804,6844,0.208969846367836,True,0.208969846367836
0.7320184707641602,6845,0.2679814398288727,True,0.2679814398288727
0.8326891660690308,6846,0.16731080412864685,True,0.16731080412864685
0.78926682472229,6847,0.21073326468467712,True,0.21073326468467712
0.6466878652572632,6848,0.3533121347427368,True,0.3533121347427368
0.6858595609664917,6849,0.3141404688358307,True,0.3141404688358307
0.6731115579605103,6850,0.32688847184181213,True,0.32688847184181213
0.5650516748428345,6851,0.4349483549594879,True,0.4349483549594879
0.8155796527862549,6852,0.18442033231258392,True,0.18442033231258392
0.8822070360183716,6853,0.11779295653104782,True,0.11779295653104782
0.7257875204086304,6854,0.27421247959136963,True,0.27421247959136963
0.9063433408737183,6855,0.09365671128034592,True,0.09365671128034592
0.8133056163787842,6856,0.18669436872005463,True,0.18669436872005463
0.4856634736061096,6857,0.5143365263938904,True,0.5143365263938904
0.907164454460144,6858,0.09283550083637238,True,0.09283550083637238
0.7739704251289368,6859,0.22602954506874084,True,0.22602954506874084
0.8107688426971436,6860,0.18923109769821167,True,0.18923109769821167
0.8260670304298401,6861,0.17393293976783752,True,0.17393293976783752
0.7211794853210449,6862,0.27882060408592224,True,0.27882060408592224
0.5687393546104431,6863,0.43126073479652405,True,0.43126073479652405
0.9102635383605957,6864,0.08973638713359833,True,0.08973638713359833
0.6022067666053772,6865,0.3977932333946228,True,0.3977932333946228
0.7954736948013306,6866,0.20452630519866943,True,0.20452630519866943
0.7467978000640869,6867,0.25320225954055786,True,0.25320225954055786
0.4094579219818115,6868,0.590542197227478,True,0.590542197227478
0.8888220191001892,6869,0.1111779734492302,True,0.1111779734492302
0.47309190034866333,6870,0.5269080996513367,True,0.5269080996513367
0.7256852984428406,6871,0.27431467175483704,True,0.27431467175483704
0.9084214568138123,6872,0.09157846868038177,True,0.09157846868038177
0.5908399224281311,6873,0.4091600775718689,True,0.4091600775718689
0.8415358662605286,6874,0.15846417844295502,True,0.15846417844295502
0.8494834899902344,6875,0.15051651000976562,True,0.15051651000976562
0.7607304453849792,6876,0.23926948010921478,True,0.23926948010921478
0.8139482736587524,6877,0.18605174124240875,True,0.18605174124240875
0.8538262844085693,6878,0.14617374539375305,True,0.14617374539375305
0.8710703253746033,6879,0.12892967462539673,True,0.12892967462539673
0.8387653827667236,6880,0.16123463213443756,True,0.16123463213443756
0.6987353563308716,6881,0.3012646734714508,True,0.3012646734714508
0.5513501167297363,6882,0.4486498534679413,True,0.4486498534679413
0.435962975025177,6883,0.5640370845794678,True,0.5640370845794678
0.6990560293197632,6884,0.30094394087791443,True,0.30094394087791443
0.8429826498031616,6885,0.15701739490032196,True,0.15701739490032196
0.90389084815979,6886,0.09610918164253235,True,0.09610918164253235
0.8044214844703674,6887,0.19557850062847137,True,0.19557850062847137
0.7472573518753052,6888,0.25274258852005005,True,0.25274258852005005
0.8452104330062866,6889,0.15478955209255219,True,0.15478955209255219
0.8778337836265564,6890,0.12216616421937943,True,0.12216616421937943
0.9155107736587524,6891,0.08448923379182816,True,0.08448923379182816
0.7517889738082886,6892,0.24821101129055023,True,0.24821101129055023
0.6642704606056213,6893,0.33572956919670105,True,0.33572956919670105
0.7063074707984924,6894,0.2936924695968628,True,0.2936924695968628
0.298577219247818,6895,0.7014228701591492,True,0.7014228701591492
0.6900593638420105,6896,0.30994072556495667,True,0.30994072556495667
0.8504873514175415,6897,0.1495126187801361,True,0.1495126187801361
0.8336734771728516,6898,0.16632656753063202,True,0.16632656753063202
0.686069905757904,6899,0.31393009424209595,True,0.31393009424209595
0.0,6900,0.9999999403953552,True,0.9999999403953552
0.8292258977890015,6901,0.17077413201332092,True,0.17077413201332092
0.6991063356399536,6902,0.30089372396469116,True,0.30089372396469116
0.866680383682251,6903,0.1333196610212326,True,0.1333196610212326
0.5987118482589722,6904,0.40128809213638306,True,0.40128809213638306
0.9227390885353088,6905,0.07726096361875534,True,0.07726096361875534
0.5942792296409607,6906,0.4057208299636841,True,0.4057208299636841
0.38018694519996643,6907,0.619813084602356,True,0.619813084602356
0.8020080327987671,6908,0.19799192249774933,True,0.19799192249774933
0.90293288230896,6909,0.09706717729568481,True,0.09706717729568481
0.7044116854667664,6910,0.2955883741378784,True,0.2955883741378784
0.8684039115905762,6911,0.13159605860710144,True,0.13159605860710144
0.6376515626907349,6912,0.36234843730926514,True,0.36234843730926514
0.8430581092834473,6913,0.15694192051887512,True,0.15694192051887512
0.4382082521915436,6914,0.5617917776107788,True,0.5617917776107788
0.8856233358383179,6915,0.11437668651342392,True,0.11437668651342392
0.7946326732635498,6916,0.2053672969341278,True,0.2053672969341278
0.8077018857002258,6917,0.19229811429977417,True,0.19229811429977417
0.14394554495811462,6918,0.856054425239563,True,0.856054425239563
0.5894256234169006,6919,0.41057437658309937,True,0.41057437658309937
0.6797011494636536,6920,0.32029885053634644,True,0.32029885053634644
0.7699170112609863,6921,0.23008298873901367,True,0.23008298873901367
0.84438556432724,6922,0.15561451017856598,True,0.15561451017856598
0.8827410936355591,6923,0.11725891381502151,True,0.11725891381502151
0.6728309988975525,6924,0.32716894149780273,True,0.32716894149780273
0.8612919449806213,6925,0.13870806992053986,True,0.13870806992053986
0.8427839279174805,6926,0.15721605718135834,True,0.15721605718135834
0.8283827304840088,6927,0.17161719501018524,True,0.17161719501018524
0.6962395906448364,6928,0.3037603497505188,True,0.3037603497505188
0.642318606376648,6929,0.3576814532279968,True,0.3576814532279968
0.4433355927467346,6930,0.5566643476486206,True,0.5566643476486206
0.7810613512992859,6931,0.2189386636018753,True,0.2189386636018753
0.8322161436080933,6932,0.1677839159965515,True,0.1677839159965515
0.7561401128768921,6933,0.2438599169254303,True,0.2438599169254303
0.7812721133232117,6934,0.21872784197330475,True,0.21872784197330475
0.39367812871932983,6935,0.6063219308853149,True,0.6063219308853149
0.6868451833724976,6936,0.31315484642982483,True,0.31315484642982483
0.7934598922729492,6937,0.20654012262821198,True,0.20654012262821198
0.5992827415466309,6938,0.40071719884872437,True,0.40071719884872437
0.6590858697891235,6939,0.3409140706062317,True,0.3409140706062317
0.7411393523216248,6940,0.25886067748069763,True,0.25886067748069763
0.9201837778091431,6941,0.07981619983911514,True,0.07981619983911514
0.7863243818283081,6942,0.21367570757865906,True,0.21367570757865906
0.8440828323364258,6943,0.15591710805892944,True,0.15591710805892944
0.5751472115516663,6944,0.42485278844833374,True,0.42485278844833374
0.735993504524231,6945,0.26400649547576904,True,0.26400649547576904
0.7122374773025513,6946,0.28776243329048157,True,0.28776243329048157
0.458022803068161,6947,0.5419771671295166,True,0.5419771671295166
0.6891874074935913,6948,0.3108125925064087,True,0.3108125925064087
0.6738523244857788,6949,0.32614773511886597,True,0.32614773511886597
0.7760714888572693,6950,0.22392858564853668,True,0.22392858564853668
0.6555693745613098,6951,0.3444306552410126,True,0.3444306552410126
0.8534532785415649,6952,0.14654675126075745,True,0.14654675126075745
0.6083901524543762,6953,0.39160987734794617,True,0.39160987734794617
0.5535421967506409,6954,0.4464578330516815,True,0.4464578330516815
0.9189697504043579,6955,0.08103024959564209,True,0.08103024959564209
0.6381033658981323,6956,0.36189672350883484,True,0.36189672350883484
0.9010160565376282,6957,0.09898388385772705,True,0.09898388385772705
0.857619047164917,6958,0.14238093793392181,True,0.14238093793392181
0.824059247970581,6959,0.1759408563375473,True,0.1759408563375473
0.6742017269134521,6960,0.32579827308654785,True,0.32579827308654785
0.7351148724555969,6961,0.2648851275444031,True,0.2648851275444031
0.514807939529419,6962,0.48519209027290344,True,0.48519209027290344
0.6001588106155396,6963,0.39984118938446045,True,0.39984118938446045
0.8682928681373596,6964,0.13170714676380157,True,0.13170714676380157
0.8357154726982117,6965,0.16428455710411072,True,0.16428455710411072
0.43781471252441406,6966,0.5621852874755859,True,0.5621852874755859
0.9159796833992004,6967,0.08402036130428314,True,0.08402036130428314
0.7941467761993408,6968,0.2058531939983368,True,0.2058531939983368
0.8139774799346924,6969,0.18602254986763,True,0.18602254986763
0.5160369277000427,6970,0.4839630722999573,True,0.4839630722999573
0.8381249904632568,6971,0.16187505424022675,True,0.16187505424022675
0.6487481594085693,6972,0.3512518107891083,True,0.3512518107891083
0.8875361084938049,6973,0.11246387660503387,True,0.11246387660503387
0.8663805723190308,6974,0.13361945748329163,True,0.13361945748329163
0.8561626672744751,6975,0.14383737742900848,True,0.14383737742900848
0.785172700881958,6976,0.2148272693157196,True,0.2148272693157196
0.6169459819793701,6977,0.3830540180206299,True,0.3830540180206299
0.7967132329940796,6978,0.2032867670059204,True,0.2032867670059204
0.3423667550086975,6979,0.6576332449913025,True,0.6576332449913025
0.9166884422302246,6980,0.083311527967453,True,0.083311527967453
0.7147426605224609,6981,0.28525736927986145,True,0.28525736927986145
0.8506007194519043,6982,0.1493992954492569,True,0.1493992954492569
0.7032359838485718,6983,0.2967641055583954,True,0.2967641055583954
0.7379829287528992,6984,0.26201707124710083,True,0.26201707124710083
0.6116302013397217,6985,0.3883698880672455,True,0.3883698880672455
0.912524938583374,6986,0.08747511357069016,True,0.08747511357069016
0.89943528175354,6987,0.10056465119123459,True,0.10056465119123459
0.8752645254135132,6988,0.1247355043888092,True,0.1247355043888092
0.47477978467941284,6989,0.5252202749252319,True,0.5252202749252319
0.6970961093902588,6990,0.30290383100509644,True,0.30290383100509644
0.58329838514328,6991,0.4167015850543976,True,0.4167015850543976
0.46122443675994873,6992,0.5387755632400513,True,0.5387755632400513
0.47537142038345337,6993,0.5246286392211914,True,0.5246286392211914
0.9086734056472778,6994,0.09132660180330276,True,0.09132660180330276
0.838447093963623,6995,0.16155296564102173,True,0.16155296564102173
0.894011378288269,6996,0.10598849505186081,True,0.10598849505186081
0.6699697971343994,6997,0.330030232667923,True,0.330030232667923
0.9067375659942627,6998,0.0932624489068985,True,0.0932624489068985
0.7639855742454529,6999,0.23601438105106354,True,0.23601438105106354
0.7059597373008728,7000,0.2940402328968048,True,0.2940402328968048
0.6946048736572266,7001,0.305395245552063,True,0.305395245552063
0.8818700313568115,7002,0.11812995374202728,True,0.11812995374202728
0.2570769190788269,7003,0.7429231405258179,True,0.7429231405258179
0.47956016659736633,7004,0.5204398036003113,True,0.5204398036003113
0.6520440578460693,7005,0.34795597195625305,True,0.34795597195625305
0.776340126991272,7006,0.22365985810756683,True,0.22365985810756683
0.9096689820289612,7007,0.09033100306987762,True,0.09033100306987762
0.7462607026100159,7008,0.2537393271923065,True,0.2537393271923065
0.8686071038246155,7009,0.13139282166957855,True,0.13139282166957855
0.5464781522750854,7010,0.4535217881202698,True,0.4535217881202698
0.8129110932350159,7011,0.18708889186382294,True,0.18708889186382294
0.0,7012,1.0,True,1.0
0.8764714598655701,7013,0.12352854758501053,True,0.12352854758501053
0.9083689451217651,7014,0.09163108468055725,True,0.09163108468055725
0.7136425971984863,7015,0.28635743260383606,True,0.28635743260383606
0.7136541604995728,7016,0.28634583950042725,True,0.28634583950042725
0.9030461311340332,7017,0.09695394337177277,True,0.09695394337177277
0.7110989093780518,7018,0.28890109062194824,True,0.28890109062194824
0.7206511497497559,7019,0.27934882044792175,True,0.27934882044792175
0.8970437049865723,7020,0.10295633226633072,True,0.10295633226633072
0.8164132237434387,7021,0.18358665704727173,True,0.18358665704727173
0.8941993713378906,7022,0.10580067336559296,True,0.10580067336559296
0.7153060436248779,7023,0.2846939265727997,True,0.2846939265727997
0.5120428204536438,7024,0.4879571199417114,True,0.4879571199417114
0.9547691345214844,7025,0.04523083195090294,True,0.04523083195090294
0.7593039274215698,7026,0.24069610238075256,True,0.24069610238075256
0.8826348781585693,7027,0.11736511439085007,True,0.11736511439085007
0.8196557760238647,7028,0.18034417927265167,True,0.18034417927265167
0.9205597639083862,7029,0.07944018393754959,True,0.07944018393754959
0.865327000617981,7030,0.13467298448085785,True,0.13467298448085785
0.7826686501502991,7031,0.2173314243555069,True,0.2173314243555069
0.8240939974784851,7032,0.1759060025215149,True,0.1759060025215149
0.6546034812927246,7033,0.34539660811424255,True,0.34539660811424255
0.8615559339523315,7034,0.1384439915418625,True,0.1384439915418625
0.7961276769638062,7035,0.20387236773967743,True,0.20387236773967743
0.8935457468032837,7036,0.1064542904496193,True,0.1064542904496193
0.7867611646652222,7037,0.21323880553245544,True,0.21323880553245544
0.6430269479751587,7038,0.3569730818271637,True,0.3569730818271637
0.6539689898490906,7039,0.3460310101509094,True,0.3460310101509094
0.7855755090713501,7040,0.2144245207309723,True,0.2144245207309723
0.8702873587608337,7041,0.1297125667333603,True,0.1297125667333603
0.7938284873962402,7042,0.20617152750492096,True,0.20617152750492096
0.8043742179870605,7043,0.19562573730945587,True,0.19562573730945587
0.8649858832359314,7044,0.13501420617103577,True,0.13501420617103577
0.8473973274230957,7045,0.1526026874780655,True,0.1526026874780655
0.8941964507102966,7046,0.1058034896850586,True,0.1058034896850586
0.8903703689575195,7047,0.10962966084480286,True,0.10962966084480286
0.6484943628311157,7048,0.3515056371688843,True,0.3515056371688843
0.6407240629196167,7049,0.3592759370803833,True,0.3592759370803833
0.754065990447998,7050,0.24593403935432434,True,0.24593403935432434
0.4846220016479492,7051,0.5153779983520508,True,0.5153779983520508
0.7208579778671265,7052,0.2791420519351959,True,0.2791420519351959
0.6118139028549194,7053,0.3881860375404358,True,0.3881860375404358
0.7398794889450073,7054,0.2601204812526703,True,0.2601204812526703
0.5521402955055237,7055,0.4478597044944763,True,0.4478597044944763
0.8105481863021851,7056,0.18945179879665375,True,0.18945179879665375
0.7212936878204346,7057,0.2787063419818878,True,0.2787063419818878
0.9106829166412354,7058,0.08931706100702286,True,0.08931706100702286
0.8971550464630127,7059,0.10284498333930969,True,0.10284498333930969
0.8993847966194153,7060,0.10061521828174591,True,0.10061521828174591
0.7983229756355286,7061,0.2016771286725998,True,0.2016771286725998
0.3815332353115082,7062,0.6184667944908142,True,0.6184667944908142
0.8835180401802063,7063,0.11648201197385788,True,0.11648201197385788
0.8790885210037231,7064,0.12091143429279327,True,0.12091143429279327
0.8222144842147827,7065,0.1777855008840561,True,0.1777855008840561
0.55973219871521,7066,0.44026777148246765,True,0.44026777148246765
0.5946931838989258,7067,0.405306875705719,True,0.405306875705719
0.8202587962150574,7068,0.17974118888378143,True,0.17974118888378143
0.6498492956161499,7069,0.3501507341861725,True,0.3501507341861725
0.8000298738479614,7070,0.19997018575668335,True,0.19997018575668335
0.8407638072967529,7071,0.15923623740673065,True,0.15923623740673065
0.8027858138084412,7072,0.19721418619155884,True,0.19721418619155884
0.6863605380058289,7073,0.31363943219184875,True,0.31363943219184875
0.789299488067627,7074,0.21070054173469543,True,0.21070054173469543
0.7533450722694397,7075,0.24665482342243195,True,0.24665482342243195
0.9401695728302002,7076,0.05983038246631622,True,0.05983038246631622
0.8375526070594788,7077,0.16244734823703766,True,0.16244734823703766
0.5995920300483704,7078,0.40040796995162964,True,0.40040796995162964
0.709762454032898,7079,0.29023751616477966,True,0.29023751616477966
0.6765449643135071,7080,0.32345500588417053,True,0.32345500588417053
0.8560308218002319,7081,0.14396919310092926,True,0.14396919310092926
0.8093609809875488,7082,0.19063900411128998,True,0.19063900411128998
0.691636323928833,7083,0.3083636462688446,True,0.3083636462688446
0.8614637851715088,7084,0.13853618502616882,True,0.13853618502616882
0.4105246365070343,7085,0.5894753336906433,True,0.5894753336906433
0.919923722743988,7086,0.08007621020078659,True,0.08007621020078659
0.8371083736419678,7087,0.1628916710615158,True,0.1628916710615158
0.8951688408851624,7088,0.10483121126890182,True,0.10483121126890182
0.5053155422210693,7089,0.49468445777893066,True,0.49468445777893066
0.6600618362426758,7090,0.3399381637573242,True,0.3399381637573242
0.6688541173934937,7091,0.33114591240882874,True,0.33114591240882874
0.8538760542869568,7092,0.14612387120723724,True,0.14612387120723724
0.61188805103302,7093,0.3881118595600128,True,0.3881118595600128
0.8648159503936768,7094,0.13518400490283966,True,0.13518400490283966
0.5156620144844055,7095,0.48433804512023926,True,0.48433804512023926
0.7548708915710449,7096,0.24512910842895508,True,0.24512910842895508
0.775094747543335,7097,0.22490517795085907,True,0.22490517795085907
0.8809005618095398,7098,0.11909936368465424,True,0.11909936368465424
0.8750887513160706,7099,0.12491121888160706,True,0.12491121888160706
0.8644061088562012,7100,0.1355939507484436,True,0.1355939507484436
0.8619226217269897,7101,0.1380772739648819,True,0.1380772739648819
0.7195569276809692,7102,0.28044313192367554,True,0.28044313192367554
0.6011322140693665,7103,0.39886781573295593,True,0.39886781573295593
0.8840685486793518,7104,0.11593138426542282,True,0.11593138426542282
0.8948912620544434,7105,0.10510870814323425,True,0.10510870814323425
0.5666220188140869,7106,0.4333780109882355,True,0.4333780109882355
0.6297401189804077,7107,0.3702598214149475,True,0.3702598214149475
0.726362943649292,7108,0.2736370265483856,True,0.2736370265483856
0.803695559501648,7109,0.19630441069602966,True,0.19630441069602966
0.7093002796173096,7110,0.29069969058036804,True,0.29069969058036804
0.8112064599990845,7111,0.18879346549510956,True,0.18879346549510956
0.6793031692504883,7112,0.32069680094718933,True,0.32069680094718933
0.7951784133911133,7113,0.20482149720191956,True,0.20482149720191956
0.6989489793777466,7114,0.3010510802268982,True,0.3010510802268982
0.5019063949584961,7115,0.4980935752391815,True,0.4980935752391815
0.7816718816757202,7116,0.21832811832427979,True,0.21832811832427979
0.7944928407669067,7117,0.2055070996284485,True,0.2055070996284485
0.7128283977508545,7118,0.2871716022491455,True,0.2871716022491455
0.8876410722732544,7119,0.11235883831977844,True,0.11235883831977844
0.6988524198532104,7120,0.3011476397514343,True,0.3011476397514343
0.5940737724304199,7121,0.40592628717422485,True,0.40592628717422485
0.7928028106689453,7122,0.20719721913337708,True,0.20719721913337708
0.9154751300811768,7123,0.08452486991882324,True,0.08452486991882324
0.77313631772995,7124,0.22686371207237244,True,0.22686371207237244
0.9200273156166077,7125,0.07997269183397293,True,0.07997269183397293
0.8804858922958374,7126,0.11951412260532379,True,0.11951412260532379
0.9089803099632263,7127,0.0910196378827095,True,0.0910196378827095
0.8068782091140747,7128,0.19312182068824768,True,0.19312182068824768
0.6619359254837036,7129,0.3380640745162964,True,0.3380640745162964
0.8489974141120911,7130,0.15100258588790894,True,0.15100258588790894
0.8199290037155151,7131,0.18007108569145203,True,0.18007108569145203
0.8517144322395325,7132,0.14828553795814514,True,0.14828553795814514
0.6447008848190308,7133,0.35529905557632446,True,0.35529905557632446
0.6138888001441956,7134,0.38611117005348206,True,0.38611117005348206
0.9015888571739197,7135,0.09841117262840271,True,0.09841117262840271
0.8217918872833252,7136,0.17820817232131958,True,0.17820817232131958
0.6012251377105713,7137,0.3987749218940735,True,0.3987749218940735
0.6164218783378601,7138,0.3835780918598175,True,0.3835780918598175
0.7176793217658997,7139,0.28232067823410034,True,0.28232067823410034
0.7733184099197388,7140,0.22668154537677765,True,0.22668154537677765
0.8362962007522583,7141,0.1637037694454193,True,0.1637037694454193
0.7637427449226379,7142,0.23625728487968445,True,0.23625728487968445
0.794655442237854,7143,0.20534463226795197,True,0.20534463226795197
0.5406606197357178,7144,0.4593393802642822,True,0.4593393802642822
0.6819553375244141,7145,0.31804466247558594,True,0.31804466247558594
0.8810467720031738,7146,0.11895326524972916,True,0.11895326524972916
0.6877613067626953,7147,0.3122387230396271,True,0.3122387230396271
0.8772364854812622,7148,0.12276356667280197,True,0.12276356667280197
0.8011549115180969,7149,0.1988450437784195,True,0.1988450437784195
0.7881330251693726,7150,0.21186700463294983,True,0.21186700463294983
0.8008800148963928,7151,0.19912002980709076,True,0.19912002980709076
0.6681053638458252,7152,0.3318946659564972,True,0.3318946659564972
0.7419888973236084,7153,0.2580110728740692,True,0.2580110728740692
0.7208977341651917,7154,0.27910229563713074,True,0.27910229563713074
0.7709887623786926,7155,0.2290111631155014,True,0.2290111631155014
0.8942797780036926,7156,0.105720154941082,True,0.105720154941082
0.38871675729751587,7157,0.6112831830978394,True,0.6112831830978394
0.12723936140537262,7158,0.8727606534957886,True,0.8727606534957886
0.7064233422279358,7159,0.2935766577720642,True,0.2935766577720642
0.8961141109466553,7160,0.10388583689928055,True,0.10388583689928055
0.9246653318405151,7161,0.07533463835716248,True,0.07533463835716248
0.6726261973381042,7162,0.32737380266189575,True,0.32737380266189575
0.705325186252594,7163,0.29467475414276123,True,0.29467475414276123
0.6584091186523438,7164,0.3415908217430115,True,0.3415908217430115
0.6995541453361511,7165,0.30044591426849365,True,0.30044591426849365
0.8015251159667969,7166,0.1984749138355255,True,0.1984749138355255
0.8549113273620605,7167,0.14508859813213348,True,0.14508859813213348
0.3619709312915802,7168,0.6380290389060974,True,0.6380290389060974
0.9297090768814087,7169,0.07029086351394653,True,0.07029086351394653
0.869933009147644,7170,0.13006700575351715,True,0.13006700575351715
0.7979010343551636,7171,0.2020990252494812,True,0.2020990252494812
0.6921877264976501,7172,0.30781233310699463,True,0.30781233310699463
0.7953518629074097,7173,0.2046482264995575,True,0.2046482264995575
0.5210638046264648,7174,0.47893622517585754,True,0.47893622517585754
0.8127357959747314,7175,0.18726421892642975,True,0.18726421892642975
0.6781752109527588,7176,0.321824848651886,True,0.321824848651886
0.9418826103210449,7177,0.05811745673418045,True,0.05811745673418045
0.9461610913276672,7178,0.05383884534239769,True,0.05383884534239769
0.7192509174346924,7179,0.2807491421699524,True,0.2807491421699524
0.6392761468887329,7180,0.3607238829135895,True,0.3607238829135895
0.5813212990760803,7181,0.4186787009239197,True,0.4186787009239197
0.8638042211532593,7182,0.13619573414325714,True,0.13619573414325714
0.8509426712989807,7183,0.1490572988986969,True,0.1490572988986969
0.42450636625289917,7184,0.575493574142456,True,0.575493574142456
0.7644500136375427,7185,0.23554998636245728,True,0.23554998636245728
0.6528306603431702,7186,0.3471693992614746,True,0.3471693992614746
0.8387512564659119,7187,0.16124871373176575,True,0.16124871373176575
0.7499853372573853,7188,0.25001460313796997,True,0.25001460313796997
0.8066670298576355,7189,0.1933329850435257,True,0.1933329850435257
0.8058187365531921,7190,0.19418126344680786,True,0.19418126344680786
0.8769835233688354,7191,0.12301653623580933,True,0.12301653623580933
0.6829594969749451,7192,0.3170405626296997,True,0.3170405626296997
0.8712218999862671,7193,0.12877815961837769,True,0.12877815961837769
0.7770624160766602,7194,0.22293756902217865,True,0.22293756902217865
0.8754618167877197,7195,0.12453821301460266,True,0.12453821301460266
0.653724730014801,7196,0.3462751805782318,True,0.3462751805782318
0.88422030210495,7197,0.11577965319156647,True,0.11577965319156647
0.831616222858429,7198,0.16838374733924866,True,0.16838374733924866
0.8184971809387207,7199,0.18150275945663452,True,0.18150275945663452
0.5873000025749207,7200,0.41269993782043457,True,0.41269993782043457
0.7911107540130615,7201,0.2088892161846161,True,0.2088892161846161
0.6744999289512634,7202,0.32550010085105896,True,0.32550010085105896
0.534023106098175,7203,0.46597689390182495,True,0.46597689390182495
0.658661961555481,7204,0.34133803844451904,True,0.34133803844451904
0.7858113050460815,7205,0.21418870985507965,True,0.21418870985507965
0.927757740020752,7206,0.07224222272634506,True,0.07224222272634506
0.0,7207,1.0,True,1.0
0.9111448526382446,7208,0.08885521441698074,True,0.08885521441698074
0.8801841139793396,7209,0.11981585621833801,True,0.11981585621833801
0.8053416013717651,7210,0.19465842843055725,True,0.19465842843055725
0.7108361721038818,7211,0.28916388750076294,True,0.28916388750076294
0.7956442832946777,7212,0.20435577630996704,True,0.20435577630996704
0.8312954902648926,7213,0.1687045693397522,True,0.1687045693397522
0.5513224005699158,7214,0.44867759943008423,True,0.44867759943008423
0.9164073467254639,7215,0.08359269052743912,True,0.08359269052743912
0.05669702589511871,7216,0.9433029890060425,True,0.9433029890060425
0.46765971183776855,7217,0.5323403477668762,True,0.5323403477668762
0.8637629747390747,7218,0.13623706996440887,True,0.13623706996440887
0.8825697898864746,7219,0.11743027716875076,True,0.11743027716875076
0.7134243249893188,7220,0.28657564520835876,True,0.28657564520835876
0.6166899800300598,7221,0.3833099901676178,True,0.3833099901676178
0.5639632344245911,7222,0.4360368251800537,True,0.4360368251800537
0.5840384364128113,7223,0.4159615635871887,True,0.4159615635871887
0.9281527996063232,7224,0.07184715569019318,True,0.07184715569019318
0.5768452882766724,7225,0.42315474152565,True,0.42315474152565
0.849685549736023,7226,0.15031437575817108,True,0.15031437575817108
0.5424043536186218,7227,0.4575956165790558,True,0.4575956165790558
0.9107332229614258,7228,0.08926679193973541,True,0.08926679193973541
0.6269961595535278,7229,0.3730038106441498,True,0.3730038106441498
0.8016518354415894,7230,0.19834813475608826,True,0.19834813475608826
0.5780118107795715,7231,0.42198824882507324,True,0.42198824882507324
0.7762050032615662,7232,0.22379499673843384,True,0.22379499673843384
0.9249033331871033,7233,0.07509670406579971,True,0.07509670406579971
0.7280559539794922,7234,0.2719441056251526,True,0.2719441056251526
0.4785309433937073,7235,0.521468997001648,True,0.521468997001648
0.7126214504241943,7236,0.28737857937812805,True,0.28737857937812805
0.8090668320655823,7237,0.1909332424402237,True,0.1909332424402237
0.8578871488571167,7238,0.14211276173591614,True,0.14211276173591614
0.670208752155304,7239,0.32979121804237366,True,0.32979121804237366
0.6624240875244141,7240,0.3375759720802307,True,0.3375759720802307
0.8733786344528198,7241,0.12662142515182495,True,0.12662142515182495
0.9288570880889893,7242,0.07114293426275253,True,0.07114293426275253
0.7680737972259521,7243,0.23192621767520905,True,0.23192621767520905
0.7664852142333984,7244,0.23351483047008514,True,0.23351483047008514
0.8300883769989014,7245,0.16991163790225983,True,0.16991163790225983
0.7840273976325989,7246,0.21597258746623993,True,0.21597258746623993
0.6808485984802246,7247,0.3191514313220978,True,0.3191514313220978
0.900420069694519,7248,0.09957990050315857,True,0.09957990050315857
0.6287878751754761,7249,0.3712121248245239,True,0.3712121248245239
0.7444758415222168,7250,0.255524218082428,True,0.255524218082428
0.6486467123031616,7251,0.35135331749916077,True,0.35135331749916077
0.9050723314285278,7252,0.09492765367031097,True,0.09492765367031097
0.8039076328277588,7253,0.1960923820734024,True,0.1960923820734024
0.6655351519584656,7254,0.33446481823921204,True,0.33446481823921204
0.9194446802139282,7255,0.08055534958839417,True,0.08055534958839417
0.8856838345527649,7256,0.11431613564491272,True,0.11431613564491272
0.7406556606292725,7257,0.2593443989753723,True,0.2593443989753723
0.6771667003631592,7258,0.32283326983451843,True,0.32283326983451843
0.6186387538909912,7259,0.3813612461090088,True,0.3813612461090088
0.7387588620185852,7260,0.2612411081790924,True,0.2612411081790924
0.539974570274353,7261,0.46002545952796936,True,0.46002545952796936
0.9084540605545044,7262,0.09154590964317322,True,0.09154590964317322
0.8160845041275024,7263,0.18391545116901398,True,0.18391545116901398
0.9048641920089722,7264,0.09513586014509201,True,0.09513586014509201
0.6758263111114502,7265,0.32417362928390503,True,0.32417362928390503
0.869388222694397,7266,0.13061177730560303,True,0.13061177730560303
0.9146319627761841,7267,0.08536799997091293,True,0.08536799997091293
0.8045066595077515,7268,0.1954934448003769,True,0.1954934448003769
0.5755504369735718,7269,0.4244495928287506,True,0.4244495928287506
0.870765209197998,7270,0.12923482060432434,True,0.12923482060432434
0.847110390663147,7271,0.1528896987438202,True,0.1528896987438202
0.8619192242622375,7272,0.1380808800458908,True,0.1380808800458908
0.5397512912750244,7273,0.4602487087249756,True,0.4602487087249756
0.5957428216934204,7274,0.4042571783065796,True,0.4042571783065796
0.8899878859519958,7275,0.11001206934452057,True,0.11001206934452057
0.9014468193054199,7276,0.09855320304632187,True,0.09855320304632187
0.7019973993301392,7277,0.2980026304721832,True,0.2980026304721832
0.7529278993606567,7278,0.24707214534282684,True,0.24707214534282684
0.8198436498641968,7279,0.18015627562999725,True,0.18015627562999725
0.8503105640411377,7280,0.1496894657611847,True,0.1496894657611847
0.594201385974884,7281,0.4057985544204712,True,0.4057985544204712
0.8814095854759216,7282,0.11859047412872314,True,0.11859047412872314
0.876483678817749,7283,0.1235162764787674,True,0.1235162764787674
0.7996615767478943,7284,0.2003384679555893,True,0.2003384679555893
0.8443196415901184,7285,0.15568040311336517,True,0.15568040311336517
0.8426213264465332,7286,0.15737856924533844,True,0.15737856924533844
0.44851529598236084,7287,0.5514847636222839,True,0.5514847636222839
0.8208194971084595,7288,0.17918048799037933,True,0.17918048799037933
0.6158605813980103,7289,0.38413941860198975,True,0.38413941860198975
0.8423250317573547,7290,0.15767499804496765,True,0.15767499804496765
0.8145521879196167,7291,0.18544787168502808,True,0.18544787168502808
0.7517058849334717,7292,0.24829407036304474,True,0.24829407036304474
0.8450875282287598,7293,0.154912531375885,True,0.154912531375885
0.684151291847229,7294,0.315848708152771,True,0.315848708152771
0.837476909160614,7295,0.1625230759382248,True,0.1625230759382248
0.878884494304657,7296,0.12111543864011765,True,0.12111543864011765
0.6914325952529907,7297,0.3085674047470093,True,0.3085674047470093
0.8958081603050232,7298,0.10419188439846039,True,0.10419188439846039
0.8503906726837158,7299,0.14960937201976776,True,0.14960937201976776
0.8682382106781006,7300,0.13176171481609344,True,0.13176171481609344
0.8910830020904541,7301,0.10891707986593246,True,0.10891707986593246
0.7090767025947571,7302,0.29092323780059814,True,0.29092323780059814
0.9285527467727661,7303,0.07144713401794434,True,0.07144713401794434
0.7963494062423706,7304,0.203650563955307,True,0.203650563955307
0.7407232522964478,7305,0.25927677750587463,True,0.25927677750587463
0.7943899631500244,7306,0.20561008155345917,True,0.20561008155345917
0.6075810194015503,7307,0.3924189805984497,True,0.3924189805984497
0.6722284555435181,7308,0.32777145504951477,True,0.32777145504951477
0.660893976688385,7309,0.33910608291625977,True,0.33910608291625977
0.9184117913246155,7310,0.08158820867538452,True,0.08158820867538452
0.7543873190879822,7311,0.2456127107143402,True,0.2456127107143402
0.6819759011268616,7312,0.3180241286754608,True,0.3180241286754608
0.7912018299102783,7313,0.20879821479320526,True,0.20879821479320526
0.7705810070037842,7314,0.2294190675020218,True,0.2294190675020218
0.8798652291297913,7315,0.12013483047485352,True,0.12013483047485352
0.5022411942481995,7316,0.49775874614715576,True,0.49775874614715576
0.6597813367843628,7317,0.3402186930179596,True,0.3402186930179596
0.8111999034881592,7318,0.1888001412153244,True,0.1888001412153244
0.767714262008667,7319,0.2322857528924942,True,0.2322857528924942
0.7400394678115845,7320,0.2599605321884155,True,0.2599605321884155
0.8241673707962036,7321,0.17583265900611877,True,0.17583265900611877
0.6367267370223999,7322,0.3632732331752777,True,0.3632732331752777
0.7692865133285522,7323,0.23071350157260895,True,0.23071350157260895
0.8113183975219727,7324,0.18868154287338257,True,0.18868154287338257
0.8820282220840454,7325,0.1179717555642128,True,0.1179717555642128
0.6495126485824585,7326,0.3504873514175415,True,0.3504873514175415
0.5810403823852539,7327,0.4189596176147461,True,0.4189596176147461
0.6406821012496948,7328,0.3593178689479828,True,0.3593178689479828
0.8061352968215942,7329,0.19386473298072815,True,0.19386473298072815
0.8416792154312134,7330,0.15832075476646423,True,0.15832075476646423
0.7283212542533875,7331,0.2716786861419678,True,0.2716786861419678
0.9263688325881958,7332,0.073631152510643,True,0.073631152510643
0.8394180536270142,7333,0.16058190166950226,True,0.16058190166950226
0.9064101576805115,7334,0.09358973801136017,True,0.09358973801136017
0.42080485820770264,7335,0.5791952013969421,True,0.5791952013969421
0.853462278842926,7336,0.1465376764535904,True,0.1465376764535904
0.8343566656112671,7337,0.1656433492898941,True,0.1656433492898941
0.9307348728179932,7338,0.06926515698432922,True,0.06926515698432922
0.8114668726921082,7339,0.18853314220905304,True,0.18853314220905304
0.7983523011207581,7340,0.20164771378040314,True,0.20164771378040314
0.6481859087944031,7341,0.3518141508102417,True,0.3518141508102417
0.7266845107078552,7342,0.27331551909446716,True,0.27331551909446716
0.913666307926178,7343,0.08633364737033844,True,0.08633364737033844
0.8182203769683838,7344,0.18177971243858337,True,0.18177971243858337
0.6814335584640503,7345,0.3185664117336273,True,0.3185664117336273
0.6527566909790039,7346,0.34724342823028564,True,0.34724342823028564
0.8146513104438782,7347,0.18534865975379944,True,0.18534865975379944
0.6341807842254639,7348,0.3658192455768585,True,0.3658192455768585
0.820512592792511,7349,0.1794874519109726,True,0.1794874519109726
0.7899337410926819,7350,0.21006622910499573,True,0.21006622910499573
0.8996164202690125,7351,0.10038359463214874,True,0.10038359463214874
0.3317396640777588,7352,0.6682603359222412,True,0.6682603359222412
0.7892217040061951,7353,0.21077832579612732,True,0.21077832579612732
0.7102192640304565,7354,0.2897808253765106,True,0.2897808253765106
0.762813925743103,7355,0.2371859848499298,True,0.2371859848499298
0.44913917779922485,7356,0.5508607625961304,True,0.5508607625961304
0.8338877558708191,7357,0.16611218452453613,True,0.16611218452453613
0.661946177482605,7358,0.338053822517395,True,0.338053822517395
0.789434552192688,7359,0.210565447807312,True,0.210565447807312
0.8642982840538025,7360,0.1357017457485199,True,0.1357017457485199
0.9219375848770142,7361,0.07806243002414703,True,0.07806243002414703
0.9060291051864624,7362,0.0939708799123764,True,0.0939708799123764
0.7864125967025757,7363,0.21358735859394073,True,0.21358735859394073
0.8086768388748169,7364,0.1913231909275055,True,0.1913231909275055
0.9237738847732544,7365,0.07622606307268143,True,0.07622606307268143
0.49227097630500793,7366,0.5077289938926697,True,0.5077289938926697
0.7053804397583008,7367,0.2946195900440216,True,0.2946195900440216
0.6162201166152954,7368,0.3837798833847046,True,0.3837798833847046
0.8203373551368713,7369,0.17966268956661224,True,0.17966268956661224
0.8630878925323486,7370,0.13691212236881256,True,0.13691212236881256
0.7223960757255554,7371,0.27760395407676697,True,0.27760395407676697
0.8743964433670044,7372,0.1256035417318344,True,0.1256035417318344
0.9289886951446533,7373,0.07101131975650787,True,0.07101131975650787
0.9271217584609985,7374,0.07287832349538803,True,0.07287832349538803
0.7758764028549194,7375,0.22412362694740295,True,0.22412362694740295
0.853561520576477,7376,0.14643843472003937,True,0.14643843472003937
0.8302003145217896,7377,0.16979967057704926,True,0.16979967057704926
0.6267216205596924,7378,0.37327840924263,True,0.37327840924263
0.8995678424835205,7379,0.10043210536241531,True,0.10043210536241531
0.48848533630371094,7380,0.5115146636962891,True,0.5115146636962891
0.7244036793708801,7381,0.27559638023376465,True,0.27559638023376465
0.5022402405738831,7382,0.49775975942611694,True,0.49775975942611694
0.8047628402709961,7383,0.19523712992668152,True,0.19523712992668152
0.7090661525726318,7384,0.29093390703201294,True,0.29093390703201294
0.7768718004226685,7385,0.22312825918197632,True,0.22312825918197632
0.8268178105354309,7386,0.17318220436573029,True,0.17318220436573029
0.5913593769073486,7387,0.40864068269729614,True,0.40864068269729614
0.8001521229743958,7388,0.1998479813337326,True,0.1998479813337326
0.9245144128799438,7389,0.07548559457063675,True,0.07548559457063675
0.9149051904678345,7390,0.08509478718042374,True,0.08509478718042374
0.8324828147888184,7391,0.16751712560653687,True,0.16751712560653687
0.7037452459335327,7392,0.29625487327575684,True,0.29625487327575684
0.8871479034423828,7393,0.11285209655761719,True,0.11285209655761719
0.7134164571762085,7394,0.2865835130214691,True,0.2865835130214691
0.7127523422241211,7395,0.28724759817123413,True,0.28724759817123413
0.7049378752708435,7396,0.29506218433380127,True,0.29506218433380127
0.8356508016586304,7397,0.16434918344020844,True,0.16434918344020844
0.7274615168571472,7398,0.27253854274749756,True,0.27253854274749756
0.37664511799812317,7399,0.6233548521995544,True,0.6233548521995544
0.7352365851402283,7400,0.26476338505744934,True,0.26476338505744934
0.5669060349464417,7401,0.4330939054489136,True,0.4330939054489136
0.6783751845359802,7402,0.3216248154640198,True,0.3216248154640198
0.8809524178504944,7403,0.11904758960008621,True,0.11904758960008621
0.7336398363113403,7404,0.26636022329330444,True,0.26636022329330444
0.746701717376709,7405,0.2532983720302582,True,0.2532983720302582
0.7354836463928223,7406,0.26451629400253296,True,0.26451629400253296
0.6420434713363647,7407,0.35795655846595764,True,0.35795655846595764
0.35704803466796875,7408,0.6429519653320312,True,0.6429519653320312
0.7833120822906494,7409,0.2166878581047058,True,0.2166878581047058
0.7260684370994568,7410,0.2739315330982208,True,0.2739315330982208
0.9373688101768494,7411,0.06263118982315063,True,0.06263118982315063
0.7137619853019714,7412,0.2862379848957062,True,0.2862379848957062
0.6047303676605225,7413,0.39526957273483276,True,0.39526957273483276
0.7360855937004089,7414,0.2639143764972687,True,0.2639143764972687
0.7252769470214844,7415,0.27472302317619324,True,0.27472302317619324
0.5863516926765442,7416,0.4136483371257782,True,0.4136483371257782
0.9125679135322571,7417,0.08743201941251755,True,0.08743201941251755
0.6456340551376343,7418,0.3543660044670105,True,0.3543660044670105
0.8696926832199097,7419,0.13030722737312317,True,0.13030722737312317
0.8374485969543457,7420,0.1625514179468155,True,0.1625514179468155
0.6301531195640564,7421,0.36984682083129883,True,0.36984682083129883
0.7848957777023315,7422,0.21510425209999084,True,0.21510425209999084
0.761349618434906,7423,0.2386503368616104,True,0.2386503368616104
0.7872495651245117,7424,0.21275050938129425,True,0.21275050938129425
0.8027452230453491,7425,0.19725482165813446,True,0.19725482165813446
0.39936795830726624,7426,0.6006320118904114,True,0.6006320118904114
0.9193660616874695,7427,0.0806339830160141,True,0.0806339830160141
0.6795675754547119,7428,0.3204324245452881,True,0.3204324245452881
0.9064390659332275,7429,0.09356097131967545,True,0.09356097131967545
0.8689598441123962,7430,0.13104020059108734,True,0.13104020059108734
0.7269834280014038,7431,0.2730165719985962,True,0.2730165719985962
0.7098270058631897,7432,0.2901729643344879,True,0.2901729643344879
0.4910740256309509,7433,0.5089259147644043,True,0.5089259147644043
0.8810326457023621,7434,0.11896733194589615,True,0.11896733194589615
0.6770192980766296,7435,0.32298076152801514,True,0.32298076152801514
0.8859859704971313,7436,0.11401400715112686,True,0.11401400715112686
0.8941332697868347,7437,0.10586673021316528,True,0.10586673021316528
0.890577495098114,7438,0.10942253470420837,True,0.10942253470420837
0.9037063121795654,7439,0.09629365801811218,True,0.09629365801811218
0.8375072479248047,7440,0.16249270737171173,True,0.16249270737171173
0.8183749914169312,7441,0.18162506818771362,True,0.18162506818771362
0.5086065530776978,7442,0.49139344692230225,True,0.49139344692230225
0.8551989197731018,7443,0.14480116963386536,True,0.14480116963386536
0.7542544603347778,7444,0.24574555456638336,True,0.24574555456638336
0.0,7445,1.0,True,1.0
0.6937757134437561,7446,0.3062242865562439,True,0.3062242865562439
0.8080028295516968,7447,0.19199718534946442,True,0.19199718534946442
0.7963058948516846,7448,0.20369413495063782,True,0.20369413495063782
0.9029541015625,7449,0.09704594314098358,True,0.09704594314098358
0.5637656450271606,7450,0.43623441457748413,True,0.43623441457748413
0.41270923614501953,7451,0.5872907638549805,True,0.5872907638549805
0.7428510189056396,7452,0.25714901089668274,True,0.25714901089668274
0.9439871311187744,7453,0.05601290240883827,True,0.05601290240883827
0.6630207300186157,7454,0.3369792699813843,True,0.3369792699813843
0.8742550611495972,7455,0.12574492394924164,True,0.12574492394924164
0.572062075138092,7456,0.4279378354549408,True,0.4279378354549408
0.8257980346679688,7457,0.17420196533203125,True,0.17420196533203125
0.7215592861175537,7458,0.2784406542778015,True,0.2784406542778015
0.9343564510345459,7459,0.0656435415148735,True,0.0656435415148735
0.8806562423706055,7460,0.11934374272823334,True,0.11934374272823334
0.8256173133850098,7461,0.17438267171382904,True,0.17438267171382904
0.9055343270301819,7462,0.09446567296981812,True,0.09446567296981812
0.9019180536270142,7463,0.09808193892240524,True,0.09808193892240524
0.6640968918800354,7464,0.3359031081199646,True,0.3359031081199646
0.7846968770027161,7465,0.21530315279960632,True,0.21530315279960632
0.847274124622345,7466,0.15272589027881622,True,0.15272589027881622
0.7056431770324707,7467,0.2943568229675293,True,0.2943568229675293
0.882303774356842,7468,0.11769624799489975,True,0.11769624799489975
0.8063684105873108,7469,0.19363152980804443,True,0.19363152980804443
0.681119978427887,7470,0.31887996196746826,True,0.31887996196746826
0.537406325340271,7471,0.46259361505508423,True,0.46259361505508423
0.8575620651245117,7472,0.14243793487548828,True,0.14243793487548828
0.6886500120162964,7473,0.311350017786026,True,0.311350017786026
0.7684776782989502,7474,0.23152229189872742,True,0.23152229189872742
0.8338091373443604,7475,0.16619089245796204,True,0.16619089245796204
0.5397036075592041,7476,0.4602964520454407,True,0.4602964520454407
0.7684641480445862,7477,0.2315358817577362,True,0.2315358817577362
0.862660825252533,7478,0.13733920454978943,True,0.13733920454978943
0.0,7479,1.0,True,1.0
0.6185488700866699,7480,0.3814510703086853,True,0.3814510703086853
0.6760968565940857,7481,0.32390308380126953,True,0.32390308380126953
0.8035526275634766,7482,0.1964474767446518,True,0.1964474767446518
0.7007485628128052,7483,0.2992514967918396,True,0.2992514967918396
0.8024269938468933,7484,0.19757302105426788,True,0.19757302105426788
0.8919305801391602,7485,0.10806935280561447,True,0.10806935280561447
0.8216679096221924,7486,0.17833203077316284,True,0.17833203077316284
0.8000088334083557,7487,0.19999125599861145,True,0.19999125599861145
0.7736640572547913,7488,0.22633594274520874,True,0.22633594274520874
0.7987565994262695,7489,0.20124340057373047,True,0.20124340057373047
0.8893945813179016,7490,0.11060541123151779,True,0.11060541123151779
0.5071070194244385,7491,0.49289295077323914,True,0.49289295077323914
0.8156015276908875,7492,0.18439845740795135,True,0.18439845740795135
0.899977445602417,7493,0.10002252459526062,True,0.10002252459526062
0.3941986858844757,7494,0.6058012843132019,True,0.6058012843132019
0.7060292959213257,7495,0.29397064447402954,True,0.29397064447402954
0.8267367482185364,7496,0.17326323688030243,True,0.17326323688030243
0.7826467752456665,7497,0.21735326945781708,True,0.21735326945781708
0.8350503444671631,7498,0.16494965553283691,True,0.16494965553283691
0.9085861444473267,7499,0.09141387790441513,True,0.09141387790441513
0.7173024415969849,7500,0.2826975882053375,True,0.2826975882053375
0.5098395943641663,7501,0.4901604950428009,True,0.4901604950428009
0.7743695378303528,7502,0.22563046216964722,True,0.22563046216964722
0.8379708528518677,7503,0.1620291918516159,True,0.1620291918516159
0.8394273519515991,7504,0.16057264804840088,True,0.16057264804840088
0.8298856616020203,7505,0.1701144278049469,True,0.1701144278049469
0.7498627305030823,7506,0.25013723969459534,True,0.25013723969459534
0.9010212421417236,7507,0.09897880256175995,True,0.09897880256175995
0.8386105298995972,7508,0.1613895446062088,True,0.1613895446062088
0.6848645210266113,7509,0.31513547897338867,True,0.31513547897338867
0.7679150104522705,7510,0.2320849746465683,True,0.2320849746465683
0.8842464685440063,7511,0.11575352400541306,True,0.11575352400541306
0.691031813621521,7512,0.30896812677383423,True,0.30896812677383423
0.6694016456604004,7513,0.330598384141922,True,0.330598384141922
0.4483233094215393,7514,0.5516767501831055,True,0.5516767501831055
0.6584531664848328,7515,0.3415468633174896,True,0.3415468633174896
0.8639731407165527,7516,0.13602687418460846,True,0.13602687418460846
0.6852842569351196,7517,0.31471577286720276,True,0.31471577286720276
0.8927901387214661,7518,0.10720992088317871,True,0.10720992088317871
0.7992794513702393,7519,0.20072051882743835,True,0.20072051882743835
0.7108951210975647,7520,0.2891049087047577,True,0.2891049087047577
0.5620322823524475,7521,0.4379676878452301,True,0.4379676878452301
0.747687041759491,7522,0.25231292843818665,True,0.25231292843818665
0.7153779864311218,7523,0.2846219539642334,True,0.2846219539642334
0.9057036638259888,7524,0.09429632872343063,True,0.09429632872343063
0.8709278106689453,7525,0.1290721595287323,True,0.1290721595287323
0.9157668352127075,7526,0.08423314988613129,True,0.08423314988613129
0.20961451530456543,7527,0.7903855443000793,True,0.7903855443000793
0.7769428491592407,7528,0.2230571210384369,True,0.2230571210384369
0.8395133018493652,7529,0.1604866087436676,True,0.1604866087436676
0.718556821346283,7530,0.28144314885139465,True,0.28144314885139465
0.83243328332901,7531,0.16756677627563477,True,0.16756677627563477
0.6472196578979492,7532,0.35278019309043884,True,0.35278019309043884
0.777191162109375,7533,0.2228088676929474,True,0.2228088676929474
0.24367433786392212,7534,0.7563257217407227,True,0.7563257217407227
0.8167663812637329,7535,0.1832336038351059,True,0.1832336038351059
0.8462700247764587,7536,0.15372994542121887,True,0.15372994542121887
0.2436753511428833,7537,0.7563245296478271,True,0.7563245296478271
0.8851561546325684,7538,0.11484381556510925,True,0.11484381556510925
0.790207028388977,7539,0.20979297161102295,True,0.20979297161102295
0.6821311712265015,7540,0.31786879897117615,True,0.31786879897117615
0.9039520025253296,7541,0.0960480347275734,True,0.0960480347275734
0.7954957485198975,7542,0.20450426638126373,True,0.20450426638126373
0.9001890420913696,7543,0.09981099516153336,True,0.09981099516153336
0.6708470582962036,7544,0.3291529715061188,True,0.3291529715061188
0.852614164352417,7545,0.14738580584526062,True,0.14738580584526062
0.8693024516105652,7546,0.13069748878479004,True,0.13069748878479004
0.677859902381897,7547,0.32214006781578064,True,0.32214006781578064
0.9353628754615784,7548,0.06463716179132462,True,0.06463716179132462
0.835647702217102,7549,0.16435229778289795,True,0.16435229778289795
0.7333052158355713,7550,0.2666947841644287,True,0.2666947841644287
0.7402854561805725,7551,0.2597145438194275,True,0.2597145438194275
0.8919967412948608,7552,0.10800332576036453,True,0.10800332576036453
0.7152761816978455,7553,0.28472381830215454,True,0.28472381830215454
0.7511590719223022,7554,0.24884092807769775,True,0.24884092807769775
0.7497808933258057,7555,0.2502190172672272,True,0.2502190172672272
0.7978253364562988,7556,0.20217464864253998,True,0.20217464864253998
0.7461728453636169,7557,0.25382721424102783,True,0.25382721424102783
0.5591192245483398,7558,0.44088077545166016,True,0.44088077545166016
0.6415956616401672,7559,0.358404278755188,True,0.358404278755188
0.7753536105155945,7560,0.22464632987976074,True,0.22464632987976074
0.7068918347358704,7561,0.29310816526412964,True,0.29310816526412964
0.849734902381897,7562,0.15026511251926422,True,0.15026511251926422
0.6891037821769714,7563,0.3108961582183838,True,0.3108961582183838
0.8468896746635437,7564,0.1531103253364563,True,0.1531103253364563
0.910926342010498,7565,0.08907363563776016,True,0.08907363563776016
0.5980325937271118,7566,0.401967316865921,True,0.401967316865921
0.8367362022399902,7567,0.16326381266117096,True,0.16326381266117096
0.5727230310440063,7568,0.4272770583629608,True,0.4272770583629608
0.776700496673584,7569,0.22329945862293243,True,0.22329945862293243
0.671584963798523,7570,0.3284151256084442,True,0.3284151256084442
0.8090405464172363,7571,0.19095942378044128,True,0.19095942378044128
0.7971705198287964,7572,0.20282942056655884,True,0.20282942056655884
0.8484358191490173,7573,0.15156419575214386,True,0.15156419575214386
0.4593300521373749,7574,0.5406699776649475,True,0.5406699776649475
0.7551482319831848,7575,0.24485176801681519,True,0.24485176801681519
0.8585929870605469,7576,0.1414070725440979,True,0.1414070725440979
0.6814072728157043,7577,0.31859278678894043,True,0.31859278678894043
0.7088133692741394,7578,0.2911866009235382,True,0.2911866009235382
0.7040150165557861,7579,0.29598498344421387,True,0.29598498344421387
0.8448054194450378,7580,0.155194491147995,True,0.155194491147995
0.8997877836227417,7581,0.10021224617958069,True,0.10021224617958069
0.7897952198982239,7582,0.2102048099040985,True,0.2102048099040985
0.8161786198616028,7583,0.18382136523723602,True,0.18382136523723602
0.7086874842643738,7584,0.2913125157356262,True,0.2913125157356262
0.7134926319122314,7585,0.28650739789009094,True,0.28650739789009094
0.7697746753692627,7586,0.23022529482841492,True,0.23022529482841492
0.8574238419532776,7587,0.1425761580467224,True,0.1425761580467224
0.6468460559844971,7588,0.35315388441085815,True,0.35315388441085815
0.8683468103408813,7589,0.13165324926376343,True,0.13165324926376343
0.8555583357810974,7590,0.1444416344165802,True,0.1444416344165802
0.6553831100463867,7591,0.34461694955825806,True,0.34461694955825806
0.6929134130477905,7592,0.30708661675453186,True,0.30708661675453186
0.7475934028625488,7593,0.2524065375328064,True,0.2524065375328064
0.7474969029426575,7594,0.25250303745269775,True,0.25250303745269775
0.7630994319915771,7595,0.23690058290958405,True,0.23690058290958405
0.8106065988540649,7596,0.18939341604709625,True,0.18939341604709625
0.48870885372161865,7597,0.5112911462783813,True,0.5112911462783813
0.43432939052581787,7598,0.5656705498695374,True,0.5656705498695374
0.825832724571228,7599,0.1741672158241272,True,0.1741672158241272
0.7500368356704712,7600,0.24996310472488403,True,0.24996310472488403
0.8677783012390137,7601,0.13222165405750275,True,0.13222165405750275
0.9069837927818298,7602,0.09301616996526718,True,0.09301616996526718
0.6613951921463013,7603,0.33860474824905396,True,0.33860474824905396
0.8939532041549683,7604,0.10604676604270935,True,0.10604676604270935
0.601998507976532,7605,0.398001492023468,True,0.398001492023468
0.7609553337097168,7606,0.2390446662902832,True,0.2390446662902832
0.47190433740615845,7607,0.5280956029891968,True,0.5280956029891968
0.8794612288475037,7608,0.12053875625133514,True,0.12053875625133514
0.6805481314659119,7609,0.31945186853408813,True,0.31945186853408813
0.8859559893608093,7610,0.11404398828744888,True,0.11404398828744888
0.6931057572364807,7611,0.3068942725658417,True,0.3068942725658417
0.8737622499465942,7612,0.12623773515224457,True,0.12623773515224457
0.9366164207458496,7613,0.06338363885879517,True,0.06338363885879517
0.9356321692466736,7614,0.06436780095100403,True,0.06436780095100403
0.8469840288162231,7615,0.15301597118377686,True,0.15301597118377686
0.7925859689712524,7616,0.20741404592990875,True,0.20741404592990875
0.8229739665985107,7617,0.17702601850032806,True,0.17702601850032806
0.9189806580543518,7618,0.08101929724216461,True,0.08101929724216461
0.7790752649307251,7619,0.22092483937740326,True,0.22092483937740326
0.7471247911453247,7620,0.2528752088546753,True,0.2528752088546753
0.8424348831176758,7621,0.1575651317834854,True,0.1575651317834854
0.8303380608558655,7622,0.1696619689464569,True,0.1696619689464569
0.8939607739448547,7623,0.10603917390108109,True,0.10603917390108109
0.8865633010864258,7624,0.11343672126531601,True,0.11343672126531601
0.778586208820343,7625,0.2214137464761734,True,0.2214137464761734
0.8830696940422058,7626,0.11693032830953598,True,0.11693032830953598
0.6751358509063721,7627,0.32486411929130554,True,0.32486411929130554
0.9350879192352295,7628,0.06491214036941528,True,0.06491214036941528
0.5126662254333496,7629,0.48733383417129517,True,0.48733383417129517
0.8770362138748169,7630,0.12296369671821594,True,0.12296369671821594
0.7410768270492554,7631,0.25892317295074463,True,0.25892317295074463
0.855940580368042,7632,0.144059419631958,True,0.144059419631958
0.5964763164520264,7633,0.40352365374565125,True,0.40352365374565125
0.891599178314209,7634,0.10840077698230743,True,0.10840077698230743
0.7866858839988708,7635,0.21331411600112915,True,0.21331411600112915
0.882328450679779,7636,0.11767154186964035,True,0.11767154186964035
0.858614981174469,7637,0.1413850039243698,True,0.1413850039243698
0.7403090000152588,7638,0.2596910297870636,True,0.2596910297870636
0.834359884262085,7639,0.16564013063907623,True,0.16564013063907623
0.0,7640,0.9999999403953552,True,0.9999999403953552
0.9273766875267029,7641,0.07262330502271652,True,0.07262330502271652
0.8284153342247009,7642,0.1715846061706543,True,0.1715846061706543
0.8684791326522827,7643,0.13152086734771729,True,0.13152086734771729
0.4476928412914276,7644,0.55230712890625,True,0.55230712890625
0.8766659498214722,7645,0.12333401292562485,True,0.12333401292562485
0.7213605046272278,7646,0.2786395251750946,True,0.2786395251750946
0.8347517848014832,7647,0.16524824500083923,True,0.16524824500083923
0.38807547092437744,7648,0.6119245290756226,True,0.6119245290756226
0.529184103012085,7649,0.4708159565925598,True,0.4708159565925598
0.7686503529548645,7650,0.2313496470451355,True,0.2313496470451355
0.5738717317581177,7651,0.4261282682418823,True,0.4261282682418823
0.8571903705596924,7652,0.1428096741437912,True,0.1428096741437912
0.8446799516677856,7653,0.15531998872756958,True,0.15531998872756958
0.6635465621948242,7654,0.33645346760749817,True,0.33645346760749817
0.8021059036254883,7655,0.19789405167102814,True,0.19789405167102814
0.7340179085731506,7656,0.26598215103149414,True,0.26598215103149414
0.1477184295654297,7657,0.8522816300392151,True,0.8522816300392151
0.8966988325119019,7658,0.1033012717962265,True,0.1033012717962265
0.37528592348098755,7659,0.6247140765190125,True,0.6247140765190125
0.7914995551109314,7660,0.20850041508674622,True,0.20850041508674622
0.6081200838088989,7661,0.3918799161911011,True,0.3918799161911011
0.5785912871360779,7662,0.4214087128639221,True,0.4214087128639221
0.7129113078117371,7663,0.2870887517929077,True,0.2870887517929077
0.8380731344223022,7664,0.16192685067653656,True,0.16192685067653656
0.6394423246383667,7665,0.3605576753616333,True,0.3605576753616333
0.7325761914253235,7666,0.2674237787723541,True,0.2674237787723541
0.8179569840431213,7667,0.18204298615455627,True,0.18204298615455627
0.0,7668,1.0,True,1.0
0.7649210691452026,7669,0.23507888615131378,True,0.23507888615131378
0.8678319454193115,7670,0.1321679800748825,True,0.1321679800748825
0.8482692241668701,7671,0.1517307311296463,True,0.1517307311296463
0.855527400970459,7672,0.14447256922721863,True,0.14447256922721863
0.6152095794677734,7673,0.38479045033454895,True,0.38479045033454895
0.7840415239334106,7674,0.21595856547355652,True,0.21595856547355652
0.6159669160842896,7675,0.38403308391571045,True,0.38403308391571045
0.8124716281890869,7676,0.1875283271074295,True,0.1875283271074295
0.8359403014183044,7677,0.16405965387821198,True,0.16405965387821198
0.9070056676864624,7678,0.09299436956644058,True,0.09299436956644058
0.7485125064849854,7679,0.25148749351501465,True,0.25148749351501465
0.7567274570465088,7680,0.2432725578546524,True,0.2432725578546524
0.6066352725028992,7681,0.3933647871017456,True,0.3933647871017456
0.8628814816474915,7682,0.13711847364902496,True,0.13711847364902496
0.7522962093353271,7683,0.24770376086235046,True,0.24770376086235046
0.7164003252983093,7684,0.2835996448993683,True,0.2835996448993683
0.9124813079833984,7685,0.0875185877084732,True,0.0875185877084732
0.8303588628768921,7686,0.16964106261730194,True,0.16964106261730194
0.8856977224349976,7687,0.11430220305919647,True,0.11430220305919647
0.8622221946716309,7688,0.1377778798341751,True,0.1377778798341751
0.9226857423782349,7689,0.07731430232524872,True,0.07731430232524872
0.7225120663642883,7690,0.2774879038333893,True,0.2774879038333893
0.650424063205719,7691,0.349575936794281,True,0.349575936794281
0.8037919998168945,7692,0.1962079554796219,True,0.1962079554796219
0.5340348482131958,7693,0.4659651219844818,True,0.4659651219844818
0.8696323037147522,7694,0.1303676813840866,True,0.1303676813840866
0.8178835511207581,7695,0.18211644887924194,True,0.18211644887924194
0.6938390731811523,7696,0.30616092681884766,True,0.30616092681884766
0.7695268392562866,7697,0.2304731160402298,True,0.2304731160402298
0.6231620907783508,7698,0.37683793902397156,True,0.37683793902397156
0.495210200548172,7699,0.5047898292541504,True,0.5047898292541504
0.7163584232330322,7700,0.28364163637161255,True,0.28364163637161255
0.7397283315658569,7701,0.2602715790271759,True,0.2602715790271759
0.8062133193016052,7702,0.19378669559955597,True,0.19378669559955597
0.8023538589477539,7703,0.1976461559534073,True,0.1976461559534073
0.690753698348999,7704,0.309246301651001,True,0.309246301651001
0.7252938747406006,7705,0.27470606565475464,True,0.27470606565475464
0.7327638864517212,7706,0.2672360837459564,True,0.2672360837459564
0.8541432619094849,7707,0.14585676789283752,True,0.14585676789283752
0.6920707821846008,7708,0.30792927742004395,True,0.30792927742004395
0.8908615112304688,7709,0.10913850367069244,True,0.10913850367069244
0.7973109483718872,7710,0.2026890069246292,True,0.2026890069246292
0.8142123222351074,7711,0.18578775227069855,True,0.18578775227069855
0.5355225801467896,7712,0.46447744965553284,True,0.46447744965553284
0.9218100905418396,7713,0.07818997651338577,True,0.07818997651338577
0.4773457646369934,7714,0.5226541757583618,True,0.5226541757583618
0.9359859228134155,7715,0.06401409208774567,True,0.06401409208774567
0.4327965974807739,7716,0.5672034025192261,True,0.5672034025192261
0.8626065850257874,7717,0.13739335536956787,True,0.13739335536956787
0.8813877105712891,7718,0.11861230432987213,True,0.11861230432987213
0.6433692574501038,7719,0.35663077235221863,True,0.35663077235221863
0.8344892263412476,7720,0.16551080346107483,True,0.16551080346107483
0.0,7721,1.0,True,1.0
0.7405849695205688,7722,0.25941503047943115,True,0.25941503047943115
0.8809043169021606,7723,0.11909570544958115,True,0.11909570544958115
0.5671597719192505,7724,0.4328402280807495,True,0.4328402280807495
0.7986618280410767,7725,0.20133817195892334,True,0.20133817195892334
0.4409796893596649,7726,0.5590202808380127,True,0.5590202808380127
0.7887195944786072,7727,0.21128036081790924,True,0.21128036081790924
0.6373783349990845,7728,0.3626216948032379,True,0.3626216948032379
0.8562303781509399,7729,0.14376962184906006,True,0.14376962184906006
0.8508261442184448,7730,0.14917393028736115,True,0.14917393028736115
0.9219149351119995,7731,0.07808507978916168,True,0.07808507978916168
0.6519321799278259,7732,0.34806784987449646,True,0.34806784987449646
0.3694227635860443,7733,0.6305772662162781,True,0.6305772662162781
0.7290143966674805,7734,0.27098557353019714,True,0.27098557353019714
0.8991461396217346,7735,0.10085389018058777,True,0.10085389018058777
0.7613921761512756,7736,0.23860786855220795,True,0.23860786855220795
0.8120641708374023,7737,0.18793579936027527,True,0.18793579936027527
0.8163481950759888,7738,0.18365176022052765,True,0.18365176022052765
0.7463731169700623,7739,0.25362682342529297,True,0.25362682342529297
0.8490935564041138,7740,0.15090641379356384,True,0.15090641379356384
0.6729899048805237,7741,0.3270101249217987,True,0.3270101249217987
0.7675656080245972,7742,0.23243430256843567,True,0.23243430256843567
0.7812345027923584,7743,0.21876537799835205,True,0.21876537799835205
0.7854800820350647,7744,0.2145199477672577,True,0.2145199477672577
0.8779271841049194,7745,0.12207286804914474,True,0.12207286804914474
0.8946436047554016,7746,0.1053563803434372,True,0.1053563803434372
0.7410178184509277,7747,0.25898218154907227,True,0.25898218154907227
0.8328999280929565,7748,0.16710004210472107,True,0.16710004210472107
0.5771398544311523,7749,0.42286017537117004,True,0.42286017537117004
0.7625780701637268,7750,0.23742195963859558,True,0.23742195963859558
0.8774520754814148,7751,0.12254783511161804,True,0.12254783511161804
0.5077009201049805,7752,0.4922991394996643,True,0.4922991394996643
0.8924304246902466,7753,0.10756959021091461,True,0.10756959021091461
0.9136970639228821,7754,0.08630287647247314,True,0.08630287647247314
0.8353575468063354,7755,0.16464252769947052,True,0.16464252769947052
0.7039035558700562,7756,0.29609644412994385,True,0.29609644412994385
0.8995410203933716,7757,0.10045898705720901,True,0.10045898705720901
0.8943604826927185,7758,0.10563942044973373,True,0.10563942044973373
0.6289129257202148,7759,0.37108704447746277,True,0.37108704447746277
0.8571274876594543,7760,0.14287248253822327,True,0.14287248253822327
0.8049135208129883,7761,0.19508640468120575,True,0.19508640468120575
0.8924170732498169,7762,0.10758283734321594,True,0.10758283734321594
0.9586079716682434,7763,0.041391946375370026,True,0.041391946375370026
0.2631893455982208,7764,0.736810564994812,True,0.736810564994812
0.7435417175292969,7765,0.25645822286605835,True,0.25645822286605835
0.8299804925918579,7766,0.1700195074081421,True,0.1700195074081421
0.8340368866920471,7767,0.16596312820911407,True,0.16596312820911407
0.6706579327583313,7768,0.3293420970439911,True,0.3293420970439911
0.8935680389404297,7769,0.10643190890550613,True,0.10643190890550613
0.5724825263023376,7770,0.4275174140930176,True,0.4275174140930176
0.8208105564117432,7771,0.17918938398361206,True,0.17918938398361206
0.5936237573623657,7772,0.4063762426376343,True,0.4063762426376343
0.8865815997123718,7773,0.11341850459575653,True,0.11341850459575653
0.7450966835021973,7774,0.25490331649780273,True,0.25490331649780273
0.802116870880127,7775,0.19788314402103424,True,0.19788314402103424
0.7181757092475891,7776,0.2818242907524109,True,0.2818242907524109
0.8821858167648315,7777,0.11781419813632965,True,0.11781419813632965
0.703754186630249,7778,0.296245813369751,True,0.296245813369751
0.8263717293739319,7779,0.1736282855272293,True,0.1736282855272293
0.7567833065986633,7780,0.24321675300598145,True,0.24321675300598145
0.8959879875183105,7781,0.10401196777820587,True,0.10401196777820587
0.8947704434394836,7782,0.10522961616516113,True,0.10522961616516113
0.86504065990448,7783,0.13495931029319763,True,0.13495931029319763
0.8588423132896423,7784,0.14115770161151886,True,0.14115770161151886
0.8529913425445557,7785,0.14700868725776672,True,0.14700868725776672
0.8531118631362915,7786,0.14688818156719208,True,0.14688818156719208
0.8239840865135193,7787,0.17601603269577026,True,0.17601603269577026
0.9026715755462646,7788,0.09732840210199356,True,0.09732840210199356
0.7013552188873291,7789,0.2986448109149933,True,0.2986448109149933
0.8712981343269348,7790,0.12870188057422638,True,0.12870188057422638
0.8719186186790466,7791,0.12808142602443695,True,0.12808142602443695
0.9521350264549255,7792,0.04786492884159088,True,0.04786492884159088
0.8702117204666138,7793,0.1297883242368698,True,0.1297883242368698
0.9069088697433472,7794,0.09309116750955582,True,0.09309116750955582
0.9018213748931885,7795,0.09817864000797272,True,0.09817864000797272
0.2732733190059662,7796,0.7267266511917114,True,0.7267266511917114
0.9066855907440186,7797,0.09331446886062622,True,0.09331446886062622
0.4972156882286072,7798,0.5027843117713928,True,0.5027843117713928
0.86785489320755,7799,0.13214509189128876,True,0.13214509189128876
0.8171629309654236,7800,0.1828370839357376,True,0.1828370839357376
0.8338097333908081,7801,0.1661902517080307,True,0.1661902517080307
0.7983298897743225,7802,0.2016700804233551,True,0.2016700804233551
0.7996005415916443,7803,0.2003995031118393,True,0.2003995031118393
0.0,7804,1.0,True,1.0
0.6745032668113708,7805,0.3254967927932739,True,0.3254967927932739
0.6651046872138977,7806,0.3348952531814575,True,0.3348952531814575
0.8582962155342102,7807,0.14170381426811218,True,0.14170381426811218
0.8931169509887695,7808,0.1068829894065857,True,0.1068829894065857
0.7074499726295471,7809,0.2925499975681305,True,0.2925499975681305
0.8580397367477417,7810,0.1419602781534195,True,0.1419602781534195
0.7253544330596924,7811,0.2746456265449524,True,0.2746456265449524
0.7713569402694702,7812,0.2286430448293686,True,0.2286430448293686
0.7709746360778809,7813,0.22902537882328033,True,0.22902537882328033
0.6807917356491089,7814,0.3192082643508911,True,0.3192082643508911
0.850189208984375,7815,0.1498108208179474,True,0.1498108208179474
0.8854573965072632,7816,0.11454258114099503,True,0.11454258114099503
0.8436319828033447,7817,0.1563679575920105,True,0.1563679575920105
0.7027094960212708,7818,0.29729050397872925,True,0.29729050397872925
0.5237174034118652,7819,0.47628262639045715,True,0.47628262639045715
0.5781610012054443,7820,0.4218389689922333,True,0.4218389689922333
0.9192843437194824,7821,0.08071564882993698,True,0.08071564882993698
0.8090386390686035,7822,0.19096137583255768,True,0.19096137583255768
0.8692658543586731,7823,0.1307341605424881,True,0.1307341605424881
0.8128445148468018,7824,0.18715552985668182,True,0.18715552985668182
0.9389602541923523,7825,0.06103977560997009,True,0.06103977560997009
0.6162523031234741,7826,0.3837476670742035,True,0.3837476670742035
0.8998050093650818,7827,0.10019492357969284,True,0.10019492357969284
0.8051948547363281,7828,0.1948051154613495,True,0.1948051154613495
0.6609362363815308,7829,0.339063823223114,True,0.339063823223114
0.7673975825309753,7830,0.23260243237018585,True,0.23260243237018585
0.7514252662658691,7831,0.24857471883296967,True,0.24857471883296967
0.7471503615379333,7832,0.2528495192527771,True,0.2528495192527771
0.7509266138076782,7833,0.2490733563899994,True,0.2490733563899994
0.5986846685409546,7834,0.4013153910636902,True,0.4013153910636902
0.5546528100967407,7835,0.4453471004962921,True,0.4453471004962921
0.6614281535148621,7836,0.33857184648513794,True,0.33857184648513794
0.8256208896636963,7837,0.1743791401386261,True,0.1743791401386261
0.5916364789009094,7838,0.4083635210990906,True,0.4083635210990906
0.767608642578125,7839,0.232391357421875,True,0.232391357421875
0.6041675806045532,7840,0.3958324193954468,True,0.3958324193954468
0.42432141304016113,7841,0.5756785869598389,True,0.5756785869598389
0.7062949538230896,7842,0.293705016374588,True,0.293705016374588
0.4562380313873291,7843,0.5437619686126709,True,0.5437619686126709
0.5782620906829834,7844,0.421737939119339,True,0.421737939119339
0.47995078563690186,7845,0.5200492143630981,True,0.5200492143630981
0.8591047525405884,7846,0.140895277261734,True,0.140895277261734
0.4331167936325073,7847,0.5668832659721375,True,0.5668832659721375
0.8126174211502075,7848,0.18738263845443726,True,0.18738263845443726
0.8390651345252991,7849,0.16093479096889496,True,0.16093479096889496
0.8231441378593445,7850,0.1768558770418167,True,0.1768558770418167
0.8191771507263184,7851,0.18082281947135925,True,0.18082281947135925
0.8626397252082825,7852,0.13736028969287872,True,0.13736028969287872
0.7862646579742432,7853,0.21373537182807922,True,0.21373537182807922
0.625454306602478,7854,0.374545693397522,True,0.374545693397522
0.6336341500282288,7855,0.36636584997177124,True,0.36636584997177124
0.8308711051940918,7856,0.16912904381752014,True,0.16912904381752014
0.8082915544509888,7857,0.19170846045017242,True,0.19170846045017242
0.8499422073364258,7858,0.15005771815776825,True,0.15005771815776825
0.8279339671134949,7859,0.1720660775899887,True,0.1720660775899887
0.6958481073379517,7860,0.3041519522666931,True,0.3041519522666931
0.6412261724472046,7861,0.35877376794815063,True,0.35877376794815063
0.9099558591842651,7862,0.09004415571689606,True,0.09004415571689606
0.8542019724845886,7863,0.14579805731773376,True,0.14579805731773376
0.9792383909225464,7864,0.02076166495680809,True,0.02076166495680809
0.5338874459266663,7865,0.4661126136779785,True,0.4661126136779785
0.6784871816635132,7866,0.32151272892951965,True,0.32151272892951965
0.5810837745666504,7867,0.41891616582870483,True,0.41891616582870483
0.8731571435928345,7868,0.1268429011106491,True,0.1268429011106491
0.7466474771499634,7869,0.2533525228500366,True,0.2533525228500366
0.6844335794448853,7870,0.31556636095046997,True,0.31556636095046997
0.6403013467788696,7871,0.3596985936164856,True,0.3596985936164856
0.23882076144218445,7872,0.7611793279647827,True,0.7611793279647827
0.9321122169494629,7873,0.06788776069879532,True,0.06788776069879532
0.7050650119781494,7874,0.294935017824173,True,0.294935017824173
0.8710306286811829,7875,0.12896928191184998,True,0.12896928191184998
0.3228563070297241,7876,0.6771436929702759,True,0.6771436929702759
0.7899847030639648,7877,0.21001528203487396,True,0.21001528203487396
0.670542299747467,7878,0.32945773005485535,True,0.32945773005485535
0.7914175987243652,7879,0.20858246088027954,True,0.20858246088027954
0.9036910533905029,7880,0.09630896896123886,True,0.09630896896123886
0.7340753674507141,7881,0.2659246027469635,True,0.2659246027469635
0.8178333044052124,7882,0.18216674029827118,True,0.18216674029827118
0.5730500221252441,7883,0.42695000767707825,True,0.42695000767707825
0.6812681555747986,7884,0.31873181462287903,True,0.31873181462287903
0.9221825003623962,7885,0.07781749963760376,True,0.07781749963760376
0.6716386079788208,7886,0.3283613324165344,True,0.3283613324165344
0.9289801120758057,7887,0.07101993262767792,True,0.07101993262767792
0.7875127792358398,7888,0.21248719096183777,True,0.21248719096183777
0.7056965231895447,7889,0.2943034768104553,True,0.2943034768104553
0.5764945149421692,7890,0.4235054850578308,True,0.4235054850578308
0.8729161620140076,7891,0.12708380818367004,True,0.12708380818367004
0.7197690010070801,7892,0.28023096919059753,True,0.28023096919059753
0.8960384130477905,7893,0.10396160185337067,True,0.10396160185337067
0.8142797946929932,7894,0.18572020530700684,True,0.18572020530700684
0.8076510429382324,7895,0.19234894216060638,True,0.19234894216060638
0.8837889432907104,7896,0.11621106415987015,True,0.11621106415987015
0.9014320969581604,7897,0.098567895591259,True,0.098567895591259
0.7108150720596313,7898,0.28918495774269104,True,0.28918495774269104
0.475433886051178,7899,0.5245661735534668,True,0.5245661735534668
0.71494060754776,7900,0.28505939245224,True,0.28505939245224
0.6584975719451904,7901,0.3415023982524872,True,0.3415023982524872
0.8820909261703491,7902,0.1179090216755867,True,0.1179090216755867
0.7989656329154968,7903,0.2010343372821808,True,0.2010343372821808
0.5495439171791077,7904,0.45045605301856995,True,0.45045605301856995
0.7926464080810547,7905,0.2073536217212677,True,0.2073536217212677
0.8891477584838867,7906,0.11085216701030731,True,0.11085216701030731
0.8411195874214172,7907,0.15888044238090515,True,0.15888044238090515
0.7289074659347534,7908,0.27109259366989136,True,0.27109259366989136
0.9064597487449646,7909,0.0935402363538742,True,0.0935402363538742
0.6603075265884399,7910,0.33969247341156006,True,0.33969247341156006
0.5884594917297363,7911,0.41154050827026367,True,0.41154050827026367
0.8390620946884155,7912,0.16093790531158447,True,0.16093790531158447
0.7516149282455444,7913,0.2483849674463272,True,0.2483849674463272
0.8370386958122253,7914,0.16296128928661346,True,0.16296128928661346
0.7456101179122925,7915,0.25438985228538513,True,0.25438985228538513
0.7784878611564636,7916,0.22151213884353638,True,0.22151213884353638
0.8411051034927368,7917,0.15889494121074677,True,0.15889494121074677
0.818766713142395,7918,0.1812332421541214,True,0.1812332421541214
0.7828512191772461,7919,0.2171487957239151,True,0.2171487957239151
0.8646395206451416,7920,0.1353604644536972,True,0.1353604644536972
0.5668734908103943,7921,0.4331265687942505,True,0.4331265687942505
0.8840190172195435,7922,0.11598099023103714,True,0.11598099023103714
0.8047552704811096,7923,0.1952446699142456,True,0.1952446699142456
0.5682159066200256,7924,0.43178418278694153,True,0.43178418278694153
0.908772349357605,7925,0.0912277027964592,True,0.0912277027964592
0.8104286789894104,7926,0.189571350812912,True,0.189571350812912
0.7090213894844055,7927,0.2909786105155945,True,0.2909786105155945
0.5522199869155884,7928,0.447780042886734,True,0.447780042886734
0.7102041244506836,7929,0.2897959053516388,True,0.2897959053516388
0.6164318919181824,7930,0.38356807827949524,True,0.38356807827949524
0.8719580769538879,7931,0.12804195284843445,True,0.12804195284843445
0.7030155062675476,7932,0.2969845235347748,True,0.2969845235347748
0.8222470283508301,7933,0.1777530163526535,True,0.1777530163526535
0.8681074380874634,7934,0.13189254701137543,True,0.13189254701137543
0.8052991032600403,7935,0.19470086693763733,True,0.19470086693763733
0.8035365343093872,7936,0.19646349549293518,True,0.19646349549293518
0.7720900774002075,7937,0.2279098927974701,True,0.2279098927974701
0.8931068778038025,7938,0.1068931445479393,True,0.1068931445479393
0.6040834188461304,7939,0.3959166407585144,True,0.3959166407585144
0.9039396643638611,7940,0.0960603579878807,True,0.0960603579878807
0.8687678575515747,7941,0.13123221695423126,True,0.13123221695423126
0.7181823253631592,7942,0.2818176746368408,True,0.2818176746368408
0.7376006245613098,7943,0.2623993158340454,True,0.2623993158340454
0.6787561774253845,7944,0.32124385237693787,True,0.32124385237693787
0.8265211582183838,7945,0.1734788864850998,True,0.1734788864850998
0.8884649872779846,7946,0.11153502762317657,True,0.11153502762317657
0.9148834347724915,7947,0.08511658757925034,True,0.08511658757925034
0.7059087753295898,7948,0.2940913736820221,True,0.2940913736820221
0.7872458696365356,7949,0.21275417506694794,True,0.21275417506694794
0.7644748091697693,7950,0.2355252504348755,True,0.2355252504348755
0.7086899280548096,7951,0.29131007194519043,True,0.29131007194519043
0.8410193920135498,7952,0.15898065268993378,True,0.15898065268993378
0.7818236351013184,7953,0.21817632019519806,True,0.21817632019519806
0.6281790733337402,7954,0.3718208968639374,True,0.3718208968639374
0.6308351159095764,7955,0.3691648542881012,True,0.3691648542881012
0.7894734740257263,7956,0.21052654087543488,True,0.21052654087543488
0.8191208839416504,7957,0.1808791607618332,True,0.1808791607618332
0.5897152423858643,7958,0.41028475761413574,True,0.41028475761413574
0.9407740831375122,7959,0.05922587588429451,True,0.05922587588429451
0.7982136011123657,7960,0.20178644359111786,True,0.20178644359111786
0.8265997171401978,7961,0.17340026795864105,True,0.17340026795864105
0.5279448628425598,7962,0.4720551073551178,True,0.4720551073551178
0.6800161600112915,7963,0.3199838399887085,True,0.3199838399887085
0.7814216613769531,7964,0.2185783088207245,True,0.2185783088207245
0.7603521347045898,7965,0.23964790999889374,True,0.23964790999889374
0.6682835221290588,7966,0.33171647787094116,True,0.33171647787094116
0.8749598860740662,7967,0.12504015862941742,True,0.12504015862941742
0.5523951053619385,7968,0.4476049244403839,True,0.4476049244403839
0.8968388438224792,7969,0.10316110402345657,True,0.10316110402345657
0.8070639371871948,7970,0.19293607771396637,True,0.19293607771396637
0.6316013336181641,7971,0.36839866638183594,True,0.36839866638183594
0.6235538721084595,7972,0.3764461874961853,True,0.3764461874961853
0.9014111757278442,7973,0.09858881682157516,True,0.09858881682157516
0.8476614952087402,7974,0.15233853459358215,True,0.15233853459358215
0.8327877521514893,7975,0.16721229255199432,True,0.16721229255199432
0.6518406867980957,7976,0.3481592535972595,True,0.3481592535972595
0.9123748540878296,7977,0.08762510865926743,True,0.08762510865926743
0.8070600628852844,7978,0.19293992221355438,True,0.19293992221355438
0.7050783634185791,7979,0.2949216067790985,True,0.2949216067790985
0.8165609240531921,7980,0.18343910574913025,True,0.18343910574913025
0.6536239981651306,7981,0.3463759422302246,True,0.3463759422302246
0.4344823956489563,7982,0.5655175447463989,True,0.5655175447463989
0.4620262384414673,7983,0.5379737615585327,True,0.5379737615585327
0.9147021770477295,7984,0.08529778569936752,True,0.08529778569936752
0.6631125211715698,7985,0.3368874788284302,True,0.3368874788284302
0.8364880084991455,7986,0.16351200640201569,True,0.16351200640201569
0.857754647731781,7987,0.14224529266357422,True,0.14224529266357422
0.884865939617157,7988,0.1151341050863266,True,0.1151341050863266
0.875407338142395,7989,0.12459265440702438,True,0.12459265440702438
0.872854471206665,7990,0.12714549899101257,True,0.12714549899101257
0.7582072019577026,7991,0.24179276823997498,True,0.24179276823997498
0.6296576857566833,7992,0.37034234404563904,True,0.37034234404563904
0.8317028880119324,7993,0.1682971715927124,True,0.1682971715927124
0.0,7994,1.0,True,1.0
0.936192512512207,7995,0.06380748003721237,True,0.06380748003721237
0.8806028366088867,7996,0.11939717829227448,True,0.11939717829227448
0.714144766330719,7997,0.285855233669281,True,0.285855233669281
0.7376731038093567,7998,0.2623268961906433,True,0.2623268961906433
0.6072601675987244,7999,0.39273980259895325,True,0.39273980259895325
0.7284479141235352,8000,0.27155208587646484,True,0.27155208587646484
0.7743484973907471,8001,0.22565145790576935,True,0.22565145790576935
0.7883010506629944,8002,0.21169893443584442,True,0.21169893443584442
0.8926101326942444,8003,0.10738992691040039,True,0.10738992691040039
0.5958302021026611,8004,0.40416982769966125,True,0.40416982769966125
0.7438940405845642,8005,0.2561059594154358,True,0.2561059594154358
0.7150670289993286,8006,0.284932941198349,True,0.284932941198349
0.8565176725387573,8007,0.14348237216472626,True,0.14348237216472626
0.9101132750511169,8008,0.08988676965236664,True,0.08988676965236664
0.9188851118087769,8009,0.08111495524644852,True,0.08111495524644852
0.5347820520401001,8010,0.4652179479598999,True,0.4652179479598999
0.7958054542541504,8011,0.2041945904493332,True,0.2041945904493332
0.7914317846298218,8012,0.2085682451725006,True,0.2085682451725006
0.9050872921943665,8013,0.09491274505853653,True,0.09491274505853653
0.7768905162811279,8014,0.22310960292816162,True,0.22310960292816162
0.6059107780456543,8015,0.3940891623497009,True,0.3940891623497009
0.0,8016,0.9999999403953552,True,0.9999999403953552
0.5677659511566162,8017,0.4322340786457062,True,0.4322340786457062
0.7837883234024048,8018,0.21621166169643402,True,0.21621166169643402
0.8521232008934021,8019,0.14787684381008148,True,0.14787684381008148
0.730193018913269,8020,0.2698071002960205,True,0.2698071002960205
0.7194759845733643,8021,0.2805240750312805,True,0.2805240750312805
0.7662194967269897,8022,0.23378044366836548,True,0.23378044366836548
0.8329753279685974,8023,0.1670246720314026,True,0.1670246720314026
0.8893455266952515,8024,0.11065448820590973,True,0.11065448820590973
0.7161188721656799,8025,0.28388118743896484,True,0.28388118743896484
0.7188088297843933,8026,0.2811912000179291,True,0.2811912000179291
0.8201113343238831,8027,0.17988866567611694,True,0.17988866567611694
0.4991638660430908,8028,0.5008361339569092,True,0.5008361339569092
0.872829020023346,8029,0.12717103958129883,True,0.12717103958129883
0.8538259863853455,8030,0.14617399871349335,True,0.14617399871349335
0.7836737632751465,8031,0.2163262516260147,True,0.2163262516260147
0.811988353729248,8032,0.18801161646842957,True,0.18801161646842957
0.791248619556427,8033,0.20875133574008942,True,0.20875133574008942
0.9361832141876221,8034,0.06381675601005554,True,0.06381675601005554
0.7604920864105225,8035,0.23950788378715515,True,0.23950788378715515
0.6478472352027893,8036,0.3521527945995331,True,0.3521527945995331
0.5847488641738892,8037,0.4152511954307556,True,0.4152511954307556
0.830754280090332,8038,0.16924570500850677,True,0.16924570500850677
0.648004412651062,8039,0.351995587348938,True,0.351995587348938
0.8651300668716431,8040,0.13486997783184052,True,0.13486997783184052
0.39462223649024963,8041,0.6053777933120728,True,0.6053777933120728
0.855255126953125,8042,0.14474479854106903,True,0.14474479854106903
0.7193757891654968,8043,0.28062427043914795,True,0.28062427043914795
0.740642786026001,8044,0.25935718417167664,True,0.25935718417167664
0.7770529389381409,8045,0.2229471355676651,True,0.2229471355676651
0.6007872223854065,8046,0.3992128074169159,True,0.3992128074169159
0.7797905206680298,8047,0.22020944952964783,True,0.22020944952964783
0.5667520761489868,8048,0.4332478642463684,True,0.4332478642463684
0.9115983247756958,8049,0.08840176463127136,True,0.08840176463127136
0.8711338639259338,8050,0.1288660764694214,True,0.1288660764694214
0.4567301273345947,8051,0.5432699918746948,True,0.5432699918746948
0.7602589130401611,8052,0.23974120616912842,True,0.23974120616912842
0.8632162809371948,8053,0.13678371906280518,True,0.13678371906280518
0.6806589365005493,8054,0.3193410634994507,True,0.3193410634994507
0.5628684759140015,8055,0.43713152408599854,True,0.43713152408599854
0.8887939453125,8056,0.1112060472369194,True,0.1112060472369194
0.7251754999160767,8057,0.2748245596885681,True,0.2748245596885681
0.6526522636413574,8058,0.34734779596328735,True,0.34734779596328735
0.8015636205673218,8059,0.19843634963035583,True,0.19843634963035583
0.6681826114654541,8060,0.3318173885345459,True,0.3318173885345459
0.9096230268478394,8061,0.09037687629461288,True,0.09037687629461288
0.544701874256134,8062,0.45529818534851074,True,0.45529818534851074
0.9229118824005127,8063,0.07708808779716492,True,0.07708808779716492
0.532242476940155,8064,0.4677574038505554,True,0.4677574038505554
0.6802929639816284,8065,0.31970706582069397,True,0.31970706582069397
0.6858122944831848,8066,0.3141877055168152,True,0.3141877055168152
0.7935366630554199,8067,0.20646332204341888,True,0.20646332204341888
0.7337802648544312,8068,0.26621976494789124,True,0.26621976494789124
0.7003130912780762,8069,0.29968690872192383,True,0.29968690872192383
0.7781866788864136,8070,0.22181327641010284,True,0.22181327641010284
0.7859557867050171,8071,0.2140442132949829,True,0.2140442132949829
0.896844744682312,8072,0.10315533727407455,True,0.10315533727407455
0.49258261919021606,8073,0.5074173808097839,True,0.5074173808097839
0.8215152025222778,8074,0.17848482728004456,True,0.17848482728004456
0.8401591777801514,8075,0.15984083712100983,True,0.15984083712100983
0.8132021427154541,8076,0.18679779767990112,True,0.18679779767990112
0.6300722360610962,8077,0.3699277639389038,True,0.3699277639389038
0.6277128458023071,8078,0.37228721380233765,True,0.37228721380233765
0.8959987163543701,8079,0.1040012314915657,True,0.1040012314915657
0.9227769374847412,8080,0.07722306996583939,True,0.07722306996583939
0.83100825548172,8081,0.1689917892217636,True,0.1689917892217636
0.7033299207687378,8082,0.2966700792312622,True,0.2966700792312622
0.7646313905715942,8083,0.23536866903305054,True,0.23536866903305054
0.7192732095718384,8084,0.28072673082351685,True,0.28072673082351685
0.8560611009597778,8085,0.14393888413906097,True,0.14393888413906097
0.7574800252914429,8086,0.2425200343132019,True,0.2425200343132019
0.613978922367096,8087,0.3860210180282593,True,0.3860210180282593
0.8866851329803467,8088,0.1133149117231369,True,0.1133149117231369
0.80635666847229,8089,0.19364328682422638,True,0.19364328682422638
0.7678483724594116,8090,0.23215165734291077,True,0.23215165734291077
0.42343297600746155,8091,0.5765670537948608,True,0.5765670537948608
0.0,8092,1.0,True,1.0
0.6816906929016113,8093,0.31830933690071106,True,0.31830933690071106
0.7809000611305237,8094,0.21909992396831512,True,0.21909992396831512
0.7783911228179932,8095,0.22160887718200684,True,0.22160887718200684
0.8847172260284424,8096,0.11528284102678299,True,0.11528284102678299
0.7295348644256592,8097,0.27046510577201843,True,0.27046510577201843
0.900321364402771,8098,0.09967862814664841,True,0.09967862814664841
0.0,8099,1.0,True,1.0
0.8778018355369568,8100,0.12219824641942978,True,0.12219824641942978
0.7639126777648926,8101,0.23608729243278503,True,0.23608729243278503
0.8680993318557739,8102,0.13190066814422607,True,0.13190066814422607
0.4881231188774109,8103,0.5118768811225891,True,0.5118768811225891
0.781376838684082,8104,0.21862319111824036,True,0.21862319111824036
0.779121458530426,8105,0.2208784818649292,True,0.2208784818649292
0.6474411487579346,8106,0.3525588810443878,True,0.3525588810443878
0.7168838977813721,8107,0.28311610221862793,True,0.28311610221862793
0.7634995579719543,8108,0.23650042712688446,True,0.23650042712688446
0.8349136114120483,8109,0.16508644819259644,True,0.16508644819259644
0.7289172410964966,8110,0.27108263969421387,True,0.27108263969421387
0.8036970496177673,8111,0.19630293548107147,True,0.19630293548107147
0.8009027242660522,8112,0.19909727573394775,True,0.19909727573394775
0.8478073477745056,8113,0.1521926075220108,True,0.1521926075220108
0.5681542158126831,8114,0.4318458139896393,True,0.4318458139896393
0.5840305089950562,8115,0.41596949100494385,True,0.41596949100494385
0.7034317255020142,8116,0.29656821489334106,True,0.29656821489334106
0.7935698628425598,8117,0.20643019676208496,True,0.20643019676208496
0.8321773409843445,8118,0.16782265901565552,True,0.16782265901565552
0.6217010617256165,8119,0.37829893827438354,True,0.37829893827438354
0.9181957244873047,8120,0.08180423825979233,True,0.08180423825979233
0.5986441373825073,8121,0.4013558328151703,True,0.4013558328151703
0.7737681269645691,8122,0.22623184323310852,True,0.22623184323310852
0.877124547958374,8123,0.12287550419569016,True,0.12287550419569016
0.681550920009613,8124,0.3184491693973541,True,0.3184491693973541
0.8609396815299988,8125,0.13906031847000122,True,0.13906031847000122
0.5342689156532288,8126,0.465731143951416,True,0.465731143951416
0.7053266763687134,8127,0.294673353433609,True,0.294673353433609
0.7930439710617065,8128,0.20695596933364868,True,0.20695596933364868
0.8559966683387756,8129,0.14400333166122437,True,0.14400333166122437
0.6088811159133911,8130,0.39111894369125366,True,0.39111894369125366
0.8888166546821594,8131,0.11118339747190475,True,0.11118339747190475
0.8626521825790405,8132,0.13734781742095947,True,0.13734781742095947
0.8924557566642761,8133,0.1075441911816597,True,0.1075441911816597
0.6255119442939758,8134,0.3744880259037018,True,0.3744880259037018
0.8944572806358337,8135,0.10554270446300507,True,0.10554270446300507
0.8322067856788635,8136,0.16779322922229767,True,0.16779322922229767
0.5670090913772583,8137,0.4329909384250641,True,0.4329909384250641
0.6274904608726501,8138,0.37250959873199463,True,0.37250959873199463
0.708067774772644,8139,0.29193222522735596,True,0.29193222522735596
0.9293241500854492,8140,0.0706758052110672,True,0.0706758052110672
0.7069671750068665,8141,0.29303279519081116,True,0.29303279519081116
0.46819788217544556,8142,0.5318021178245544,True,0.5318021178245544
0.8723450899124146,8143,0.12765488028526306,True,0.12765488028526306
0.854436993598938,8144,0.14556299149990082,True,0.14556299149990082
0.7666885852813721,8145,0.23331142961978912,True,0.23331142961978912
0.881159245967865,8146,0.1188407689332962,True,0.1188407689332962
0.8873335719108582,8147,0.11266644299030304,True,0.11266644299030304
0.8335255980491638,8148,0.16647443175315857,True,0.16647443175315857
0.6982593536376953,8149,0.3017406165599823,True,0.3017406165599823
0.8589930534362793,8150,0.1410069763660431,True,0.1410069763660431
0.8755375146865845,8151,0.1244625374674797,True,0.1244625374674797
0.5261927843093872,8152,0.4738072156906128,True,0.4738072156906128
0.9763697385787964,8153,0.023630304262042046,True,0.023630304262042046
0.9190471172332764,8154,0.08095293492078781,True,0.08095293492078781
0.7923876047134399,8155,0.20761236548423767,True,0.20761236548423767
0.5671399831771851,8156,0.43286001682281494,True,0.43286001682281494
0.910923957824707,8157,0.08907609432935715,True,0.08907609432935715
0.8825000524520874,8158,0.11749996989965439,True,0.11749996989965439
0.8865168690681458,8159,0.11348304152488708,True,0.11348304152488708
0.8784786462783813,8160,0.12152133136987686,True,0.12152133136987686
0.6793773770332336,8161,0.32062268257141113,True,0.32062268257141113
0.8746688365936279,8162,0.1253311187028885,True,0.1253311187028885
0.8600908517837524,8163,0.13990916311740875,True,0.13990916311740875
0.710091233253479,8164,0.28990882635116577,True,0.28990882635116577
0.9492261409759521,8165,0.05077389255166054,True,0.05077389255166054
0.5257017612457275,8166,0.4742981791496277,True,0.4742981791496277
0.8413799405097961,8167,0.15862005949020386,True,0.15862005949020386
0.8188998699188232,8168,0.1811000555753708,True,0.1811000555753708
0.7433297634124756,8169,0.25667017698287964,True,0.25667017698287964
0.8778132200241089,8170,0.12218673527240753,True,0.12218673527240753
0.70103919506073,8171,0.29896080493927,True,0.29896080493927
0.8256544470787048,8172,0.17434555292129517,True,0.17434555292129517
0.6297434568405151,8173,0.37025654315948486,True,0.37025654315948486
0.7784854769706726,8174,0.22151456773281097,True,0.22151456773281097
0.6431917548179626,8175,0.35680821537971497,True,0.35680821537971497
0.8177988529205322,8176,0.18220111727714539,True,0.18220111727714539
0.8027958869934082,8177,0.197204127907753,True,0.197204127907753
0.7612175941467285,8178,0.23878230154514313,True,0.23878230154514313
0.23469501733779907,8179,0.7653049826622009,True,0.7653049826622009
0.45898786187171936,8180,0.5410120487213135,True,0.5410120487213135
0.6250597834587097,8181,0.37494027614593506,True,0.37494027614593506
0.37893998622894287,8182,0.6210600137710571,True,0.6210600137710571
0.6287751197814941,8183,0.3712247908115387,True,0.3712247908115387
0.7827138900756836,8184,0.21728605031967163,True,0.21728605031967163
0.8843005895614624,8185,0.11569930613040924,True,0.11569930613040924
0.31695297360420227,8186,0.6830470561981201,True,0.6830470561981201
0.8388640880584717,8187,0.1611359417438507,True,0.1611359417438507
0.6565120220184326,8188,0.34348800778388977,True,0.34348800778388977
0.8035752773284912,8189,0.19642476737499237,True,0.19642476737499237
0.5698938965797424,8190,0.4301060438156128,True,0.4301060438156128
0.9214593172073364,8191,0.07854069769382477,True,0.07854069769382477
