non_true_tail_warrant_mass,rank_after_tail_bias,rank_before_tail_bias,rank_gain_from_tail_path,sample_id,true_tail_attention_mass,true_tail_bias,true_tail_copy_mass,true_tail_in_history,true_tail_warrant_mass
0.9999998807907104,1969.0,1969.0,0.0,6553,0.0,0.0,0.0,False,0.0
0.9806717038154602,1.0,1.0,0.0,6554,0.019328290596604347,0.0,0.0,True,0.019328290596604347
0.9999999403953552,4.0,4.0,0.0,6555,0.0,0.0,0.0,False,0.0
0.9999999403953552,6483.0,6483.0,0.0,6556,0.0,0.0,0.0,False,0.0
1.0,2768.0,2768.0,0.0,6557,0.0,0.0,0.0,False,0.0
1.0,140.0,140.0,0.0,6558,0.0,0.0,0.0,False,0.0
0.9809377789497375,63.0,63.0,0.0,6559,0.01906224712729454,0.0,0.0,True,0.01906224712729454
0.9999998807907104,3198.0,3198.0,0.0,6560,0.0,0.0,0.0,False,0.0
0.9999999403953552,247.0,247.0,0.0,6561,0.0,0.0,0.0,False,0.0
0.9726349115371704,1.0,1.0,0.0,6562,0.02736518159508705,0.0,0.0,True,0.02736518159508705
1.0,3702.0,3702.0,0.0,6563,0.0,0.0,0.0,False,0.0
0.9852850437164307,2978.0,2978.0,0.0,6564,0.014714952558279037,0.0,0.0,True,0.014714952558279037
1.0,79.0,79.0,0.0,6565,0.0,0.0,0.0,False,0.0
1.0,7227.0,7227.0,0.0,6566,0.0,0.0,0.0,False,0.0
1.0,6899.0,6899.0,0.0,6567,0.0,0.0,0.0,False,0.0
0.9757478833198547,1.0,1.0,0.0,6568,0.024252094328403473,0.0,0.0,True,0.024252094328403473
1.0000001192092896,164.0,164.0,0.0,6569,0.0,0.0,0.0,False,0.0
1.0,4952.0,4952.0,0.0,6570,0.0,0.0,0.0,False,0.0
0.9785172939300537,1572.0,1572.0,0.0,6571,0.021482668817043304,0.0,0.0,True,0.021482668817043304
0.9601145386695862,1.0,1.0,0.0,6572,0.039885539561510086,0.0,0.0,True,0.039885539561510086
0.9999998807907104,4897.0,4897.0,0.0,6573,0.0,0.0,0.0,False,0.0
1.0,4516.0,4516.0,0.0,6574,0.0,0.0,0.0,False,0.0
1.0,4664.0,4664.0,0.0,6575,0.0,0.0,0.0,False,0.0
0.9654802680015564,3728.0,3728.0,0.0,6576,0.034519586712121964,0.0,0.0,True,0.034519586712121964
1.0,3741.0,3741.0,0.0,6577,0.0,0.0,0.0,False,0.0
1.0,5802.0,5802.0,0.0,6578,0.0,0.0,0.0,False,0.0
0.9579761624336243,1.0,1.0,0.0,6579,0.04202377796173096,0.0,0.0,True,0.04202377796173096
0.9579129219055176,1.0,1.0,0.0,6580,0.04208710789680481,0.0,0.0,True,0.04208710789680481
0.9999999403953552,4849.0,4849.0,0.0,6581,0.0,0.0,0.0,False,0.0
1.0,319.0,319.0,0.0,6582,0.0,0.0,0.0,False,0.0
1.0,5592.0,5592.0,0.0,6583,0.0,0.0,0.0,False,0.0
1.0,552.0,552.0,0.0,6584,0.0,0.0,0.0,False,0.0
1.0,1229.0,1229.0,0.0,6585,0.0,0.0,0.0,False,0.0
1.0,23.0,23.0,0.0,6586,0.0,0.0,0.0,False,0.0
0.9657034873962402,7536.0,7536.0,0.0,6587,0.034296516329050064,0.0,0.0,True,0.034296516329050064
0.9999999403953552,680.0,680.0,0.0,6588,0.0,0.0,0.0,False,0.0
0.9668211936950684,4189.0,4189.0,0.0,6589,0.033178865909576416,0.0,0.0,True,0.033178865909576416
0.9122763276100159,328.0,328.0,0.0,6590,0.08772362768650055,0.0,0.0,True,0.08772362768650055
1.0,5570.0,5570.0,0.0,6591,0.0,0.0,0.0,False,0.0
1.0,390.0,390.0,0.0,6592,0.0,0.0,0.0,False,0.0
1.0,5117.0,5117.0,0.0,6593,0.0,0.0,0.0,False,0.0
1.0000001192092896,403.0,403.0,0.0,6594,0.0,0.0,0.0,False,0.0
0.9206833243370056,6.0,6.0,0.0,6595,0.0793166533112526,0.0,0.0,True,0.0793166533112526
1.0,4598.0,4598.0,0.0,6596,0.0,0.0,0.0,False,0.0
0.896674633026123,2403.0,2403.0,0.0,6597,0.10332538187503815,0.0,0.0,True,0.10332538187503815
0.9232800602912903,1.0,1.0,0.0,6598,0.0767199769616127,0.0,0.0,True,0.0767199769616127
1.0,2097.0,2097.0,0.0,6599,0.0,0.0,0.0,False,0.0
1.0000001192092896,4311.0,4311.0,0.0,6600,0.0,0.0,0.0,False,0.0
0.9300805330276489,1.0,1.0,0.0,6601,0.06991942971944809,0.0,0.0,True,0.06991942971944809
1.0,2237.0,2237.0,0.0,6602,0.0,0.0,0.0,False,0.0
0.9916892647743225,2745.0,2745.0,0.0,6603,0.00831074733287096,0.0,0.0,True,0.00831074733287096
0.9999999403953552,4932.0,4932.0,0.0,6604,0.0,0.0,0.0,False,0.0
1.0,2278.0,2278.0,0.0,6605,0.0,0.0,0.0,False,0.0
1.0,3.0,3.0,0.0,6606,0.0,0.0,0.0,False,0.0
1.0,959.0,959.0,0.0,6607,0.0,0.0,0.0,False,0.0
0.9881331920623779,860.0,860.0,0.0,6608,0.011866798624396324,0.0,0.0,True,0.011866798624396324
1.0,5310.0,5310.0,0.0,6609,0.0,0.0,0.0,False,0.0
0.9813663959503174,1929.0,1929.0,0.0,6610,0.018633609637618065,0.0,0.0,True,0.018633609637618065
0.9728588461875916,4694.0,4694.0,0.0,6611,0.027141148224473,0.0,0.0,True,0.027141148224473
1.0,1332.0,1332.0,0.0,6612,0.0,0.0,0.0,False,0.0
0.9759339094161987,5163.0,5163.0,0.0,6613,0.024066012352705002,0.0,0.0,True,0.024066012352705002
0.9515647292137146,4161.0,4161.0,0.0,6614,0.048435233533382416,0.0,0.0,True,0.048435233533382416
0.9947190880775452,5.0,5.0,0.0,6615,0.005280978046357632,0.0,0.0,True,0.005280978046357632
0.9999999403953552,6540.0,6540.0,0.0,6616,0.0,0.0,0.0,False,0.0
1.0,4180.0,4180.0,0.0,6617,0.0,0.0,0.0,False,0.0
1.0,1397.0,1397.0,0.0,6618,0.0,0.0,0.0,False,0.0
1.0,4037.0,4037.0,0.0,6619,0.0,0.0,0.0,False,0.0
0.9818174242973328,5013.0,5013.0,0.0,6620,0.018182599917054176,0.0,0.0,True,0.018182599917054176
1.0,60.0,60.0,0.0,6621,0.0,0.0,0.0,False,0.0
1.0,114.0,114.0,0.0,6622,0.0,0.0,0.0,False,0.0
1.0,691.0,691.0,0.0,6623,0.0,0.0,0.0,False,0.0
0.977247953414917,5429.0,5429.0,0.0,6624,0.022752031683921814,0.0,0.0,True,0.022752031683921814
1.0,452.0,452.0,0.0,6625,0.0,0.0,0.0,False,0.0
0.8761080503463745,51.0,51.0,0.0,6626,0.12389195710420609,0.0,0.0,True,0.12389195710420609
1.0000001192092896,2327.0,2327.0,0.0,6627,0.0,0.0,0.0,False,0.0
0.9826127290725708,5778.0,5778.0,0.0,6628,0.017387207597494125,0.0,0.0,True,0.017387207597494125
1.0,1410.0,1410.0,0.0,6629,0.0,0.0,0.0,False,0.0
1.0,5008.0,5008.0,0.0,6630,0.0,0.0,0.0,False,0.0
1.0000001192092896,2104.0,2104.0,0.0,6631,0.0,0.0,0.0,False,0.0
0.9999999403953552,414.0,414.0,0.0,6632,0.0,0.0,0.0,False,0.0
0.9999999403953552,4051.0,4051.0,0.0,6633,0.0,0.0,0.0,False,0.0
1.0,2769.0,2769.0,0.0,6634,0.0,0.0,0.0,False,0.0
0.9665724635124207,2690.0,2690.0,0.0,6635,0.033427610993385315,0.0,0.0,True,0.033427610993385315
1.0,549.0,549.0,0.0,6636,0.0,0.0,0.0,False,0.0
1.0,3421.0,3421.0,0.0,6637,0.0,0.0,0.0,False,0.0
0.977312445640564,1.0,1.0,0.0,6638,0.022687580436468124,0.0,0.0,True,0.022687580436468124
1.0,3407.0,3407.0,0.0,6639,0.0,0.0,0.0,False,0.0
1.0,7395.0,7395.0,0.0,6640,0.0,0.0,0.0,False,0.0
0.9684020280838013,2.0,2.0,0.0,6641,0.031598061323165894,0.0,0.0,True,0.031598061323165894
1.0,3258.0,3258.0,0.0,6642,0.0,0.0,0.0,False,0.0
0.9999999403953552,15.0,15.0,0.0,6643,0.0,0.0,0.0,False,0.0
1.0,2444.0,2444.0,0.0,6644,0.0,0.0,0.0,False,0.0
0.9710214734077454,3399.0,3399.0,0.0,6645,0.028978580608963966,0.0,0.0,True,0.028978580608963966
1.0,4493.0,4493.0,0.0,6646,0.0,0.0,0.0,False,0.0
1.0,7061.0,7061.0,0.0,6647,0.0,0.0,0.0,False,0.0
1.0,6501.0,6501.0,0.0,6648,0.0,0.0,0.0,False,0.0
1.0,1222.0,1222.0,0.0,6649,0.0,0.0,0.0,False,0.0
1.0,443.0,443.0,0.0,6650,0.0,0.0,0.0,False,0.0
1.0,4179.0,4179.0,0.0,6651,0.0,0.0,0.0,False,0.0
0.9888802170753479,2112.0,2112.0,0.0,6652,0.011119761504232883,0.0,0.0,True,0.011119761504232883
1.0,4565.0,4565.0,0.0,6653,0.0,0.0,0.0,False,0.0
1.0,3214.0,3214.0,0.0,6654,0.0,0.0,0.0,False,0.0
1.0,2752.0,2752.0,0.0,6655,0.0,0.0,0.0,False,0.0
1.0,7257.0,7257.0,0.0,6656,0.0,0.0,0.0,False,0.0
1.0,2564.0,2564.0,0.0,6657,0.0,0.0,0.0,False,0.0
0.9920711517333984,611.0,611.0,0.0,6658,0.007928840816020966,0.0,0.0,True,0.007928840816020966
0.9898805022239685,4973.0,4973.0,0.0,6659,0.010119487531483173,0.0,0.0,True,0.010119487531483173
1.0,659.0,659.0,0.0,6660,0.0,0.0,0.0,False,0.0
0.9881130456924438,168.0,168.0,0.0,6661,0.011887016706168652,0.0,0.0,True,0.011887016706168652
0.9889883995056152,3630.0,3630.0,0.0,6662,0.011011549271643162,0.0,0.0,True,0.011011549271643162
1.0,913.0,913.0,0.0,6663,0.0,0.0,0.0,False,0.0
0.9532086849212646,1021.0,1021.0,0.0,6664,0.04679124429821968,0.0,0.0,True,0.04679124429821968
0.9862432479858398,1844.0,1844.0,0.0,6665,0.01375662162899971,0.0,0.0,True,0.01375662162899971
1.0,3306.0,3306.0,0.0,6666,0.0,0.0,0.0,False,0.0
0.9999998807907104,7319.0,7319.0,0.0,6667,0.0,0.0,0.0,False,0.0
0.9793965816497803,221.0,221.0,0.0,6668,0.020603414624929428,0.0,0.0,True,0.020603414624929428
0.9999999403953552,125.0,125.0,0.0,6669,0.0,0.0,0.0,False,0.0
0.9999998807907104,1411.0,1411.0,0.0,6670,0.0,0.0,0.0,False,0.0
0.9850362539291382,1.0,1.0,0.0,6671,0.01496376283466816,0.0,0.0,True,0.01496376283466816
1.0,630.0,630.0,0.0,6672,0.0,0.0,0.0,False,0.0
0.967227041721344,1.0,1.0,0.0,6673,0.03277289494872093,0.0,0.0,True,0.03277289494872093
1.0,4439.0,4439.0,0.0,6674,0.0,0.0,0.0,False,0.0
1.0,6419.0,6419.0,0.0,6675,0.0,0.0,0.0,False,0.0
1.0,154.0,154.0,0.0,6676,0.0,0.0,0.0,False,0.0
0.9915212392807007,6681.0,6681.0,0.0,6677,0.008478783071041107,0.0,0.0,True,0.008478783071041107
0.9819861650466919,743.0,743.0,0.0,6678,0.018013864755630493,0.0,0.0,True,0.018013864755630493
0.9537398815155029,226.0,226.0,0.0,6679,0.046260107308626175,0.0,0.0,True,0.046260107308626175
1.0,5424.0,5424.0,0.0,6680,0.0,0.0,0.0,False,0.0
0.968966007232666,1.0,1.0,0.0,6681,0.031034009531140327,0.0,0.0,True,0.031034009531140327
1.0,777.0,777.0,0.0,6682,0.0,0.0,0.0,False,0.0
0.9690189957618713,807.0,807.0,0.0,6683,0.030980993062257767,0.0,0.0,True,0.030980993062257767
0.9704893827438354,2828.0,2828.0,0.0,6684,0.029510710388422012,0.0,0.0,True,0.029510710388422012
1.0,3754.0,3754.0,0.0,6685,0.0,0.0,0.0,False,0.0
1.0,1231.0,1231.0,0.0,6686,0.0,0.0,0.0,False,0.0
1.0,7409.0,7409.0,0.0,6687,0.0,0.0,0.0,False,0.0
0.9999999403953552,5453.0,5453.0,0.0,6688,0.0,0.0,0.0,False,0.0
1.0,3195.0,3195.0,0.0,6689,0.0,0.0,0.0,False,0.0
1.0,5523.0,5523.0,0.0,6690,0.0,0.0,0.0,False,0.0
1.0,4495.0,4495.0,0.0,6691,0.0,0.0,0.0,False,0.0
1.0,7065.0,7065.0,0.0,6692,0.0,0.0,0.0,False,0.0
1.0,3851.0,3851.0,0.0,6693,0.0,0.0,0.0,False,0.0
1.0,3963.0,3963.0,0.0,6694,0.0,0.0,0.0,False,0.0
1.0,2283.0,2283.0,0.0,6695,0.0,0.0,0.0,False,0.0
1.0,272.0,272.0,0.0,6696,0.0,0.0,0.0,False,0.0
1.0,114.0,114.0,0.0,6697,0.0,0.0,0.0,False,0.0
0.9792001247406006,2498.0,2498.0,0.0,6698,0.020799849182367325,0.0,0.0,True,0.020799849182367325
1.0,3461.0,3461.0,0.0,6699,0.0,0.0,0.0,False,0.0
0.965807318687439,288.0,288.0,0.0,6700,0.034192636609077454,0.0,0.0,True,0.034192636609077454
0.9999999403953552,7395.0,7395.0,0.0,6701,0.0,0.0,0.0,False,0.0
0.9723085761070251,788.0,788.0,0.0,6702,0.0276914294809103,0.0,0.0,True,0.0276914294809103
1.0,2729.0,2729.0,0.0,6703,0.0,0.0,0.0,False,0.0
1.0000001192092896,4426.0,4426.0,0.0,6704,0.0,0.0,0.0,False,0.0
1.0000001192092896,781.0,781.0,0.0,6705,0.0,0.0,0.0,False,0.0
0.9999999403953552,2038.0,2038.0,0.0,6706,0.0,0.0,0.0,False,0.0
1.0,4526.0,4526.0,0.0,6707,0.0,0.0,0.0,False,0.0
1.0,66.0,66.0,0.0,6708,0.0,0.0,0.0,False,0.0
1.0,1568.0,1568.0,0.0,6709,0.0,0.0,0.0,False,0.0
0.9864156246185303,6393.0,6393.0,0.0,6710,0.013584323227405548,0.0,0.0,True,0.013584323227405548
1.0,396.0,396.0,0.0,6711,0.0,0.0,0.0,False,0.0
0.9931707382202148,4729.0,4729.0,0.0,6712,0.0068292561918497086,0.0,0.0,True,0.0068292561918497086
0.9853498935699463,275.0,275.0,0.0,6713,0.014650172553956509,0.0,0.0,True,0.014650172553956509
0.9799773693084717,1.0,1.0,0.0,6714,0.020022623240947723,0.0,0.0,True,0.020022623240947723
1.0,5047.0,5047.0,0.0,6715,0.0,0.0,0.0,False,0.0
0.971505880355835,5234.0,5234.0,0.0,6716,0.028493985533714294,0.0,0.0,True,0.028493985533714294
0.9817322492599487,131.0,131.0,0.0,6717,0.018267732113599777,0.0,0.0,True,0.018267732113599777
0.975355863571167,86.0,86.0,0.0,6718,0.024644026532769203,0.0,0.0,True,0.024644026532769203
1.0,3952.0,3952.0,0.0,6719,0.0,0.0,0.0,False,0.0
1.0,2552.0,2552.0,0.0,6720,0.0,0.0,0.0,False,0.0
1.0,2206.0,2206.0,0.0,6721,0.0,0.0,0.0,False,0.0
0.9867972135543823,1.0,1.0,0.0,6722,0.013202832080423832,0.0,0.0,True,0.013202832080423832
1.0,1278.0,1278.0,0.0,6723,0.0,0.0,0.0,False,0.0
1.0,6081.0,6081.0,0.0,6724,0.0,0.0,0.0,False,0.0
0.9803354144096375,2909.0,2909.0,0.0,6725,0.019664645195007324,0.0,0.0,True,0.019664645195007324
0.9857165813446045,3490.0,3490.0,0.0,6726,0.014283536933362484,0.0,0.0,True,0.014283536933362484
0.9585005044937134,5009.0,5009.0,0.0,6727,0.04149952530860901,0.0,0.0,True,0.04149952530860901
0.9768180847167969,3935.0,3935.0,0.0,6728,0.023181892931461334,0.0,0.0,True,0.023181892931461334
1.0,5722.0,5722.0,0.0,6729,0.0,0.0,0.0,False,0.0
0.9906842708587646,777.0,777.0,0.0,6730,0.009315858595073223,0.0,0.0,True,0.009315858595073223
1.0,323.0,323.0,0.0,6731,0.0,0.0,0.0,False,0.0
1.0,223.0,223.0,0.0,6732,0.0,0.0,0.0,False,0.0
1.0,3735.0,3735.0,0.0,6733,0.0,0.0,0.0,False,0.0
1.0000001192092896,3968.0,3968.0,0.0,6734,0.0,0.0,0.0,False,0.0
0.9999999403953552,359.0,359.0,0.0,6735,0.0,0.0,0.0,False,0.0
0.9999999403953552,3850.0,3850.0,0.0,6736,0.0,0.0,0.0,False,0.0
1.0000001192092896,133.0,133.0,0.0,6737,0.0,0.0,0.0,False,0.0
0.9999999403953552,4039.0,4039.0,0.0,6738,0.0,0.0,0.0,False,0.0
0.9999999403953552,2242.0,2242.0,0.0,6739,0.0,0.0,0.0,False,0.0
0.9850831031799316,81.0,81.0,0.0,6740,0.014916951768100262,0.0,0.0,True,0.014916951768100262
0.9789347648620605,1.0,1.0,0.0,6741,0.02106529287993908,0.0,0.0,True,0.02106529287993908
1.0,2435.0,2435.0,0.0,6742,0.0,0.0,0.0,False,0.0
0.9822804927825928,2177.0,2177.0,0.0,6743,0.017719557508826256,0.0,0.0,True,0.017719557508826256
0.9778703451156616,275.0,275.0,0.0,6744,0.02212967723608017,0.0,0.0,True,0.02212967723608017
0.9698517322540283,6763.0,6763.0,0.0,6745,0.03014829382300377,0.0,0.0,True,0.03014829382300377
0.9887553453445435,6382.0,6382.0,0.0,6746,0.011244597844779491,0.0,0.0,True,0.011244597844779491
0.9522081613540649,274.0,274.0,0.0,6747,0.04779178649187088,0.0,0.0,True,0.04779178649187088
0.9999999403953552,1988.0,1988.0,0.0,6748,0.0,0.0,0.0,False,0.0
0.9265615940093994,94.0,94.0,0.0,6749,0.07343840599060059,0.0,0.0,True,0.07343840599060059
1.0000001192092896,3417.0,3417.0,0.0,6750,0.0,0.0,0.0,False,0.0
0.9709485769271851,6432.0,6432.0,0.0,6751,0.02905142679810524,0.0,0.0,True,0.02905142679810524
0.9834961295127869,532.0,532.0,0.0,6752,0.016503939405083656,0.0,0.0,True,0.016503939405083656
1.0,5831.0,5831.0,0.0,6753,0.0,0.0,0.0,False,0.0
0.965844988822937,1498.0,1498.0,0.0,6754,0.03415500372648239,0.0,0.0,True,0.03415500372648239
1.0,3151.0,3151.0,0.0,6755,0.0,0.0,0.0,False,0.0
1.0,1310.0,1310.0,0.0,6756,0.0,0.0,0.0,False,0.0
0.9999999403953552,3242.0,3242.0,0.0,6757,0.0,0.0,0.0,False,0.0
1.0000001192092896,2559.0,2559.0,0.0,6758,0.0,0.0,0.0,False,0.0
0.9691870212554932,1.0,1.0,0.0,6759,0.030812937766313553,0.0,0.0,True,0.030812937766313553
0.9642844200134277,2118.0,2118.0,0.0,6760,0.03571563959121704,0.0,0.0,True,0.03571563959121704
1.0,2237.0,2237.0,0.0,6761,0.0,0.0,0.0,False,0.0
1.0,2350.0,2350.0,0.0,6762,0.0,0.0,0.0,False,0.0
1.0,3028.0,3028.0,0.0,6763,0.0,0.0,0.0,False,0.0
0.9836448431015015,3548.0,3548.0,0.0,6764,0.01635521464049816,0.0,0.0,True,0.01635521464049816
0.9999999403953552,6342.0,6342.0,0.0,6765,0.0,0.0,0.0,False,0.0
1.0,323.0,323.0,0.0,6766,0.0,0.0,0.0,False,0.0
0.9645650386810303,5511.0,5511.0,0.0,6767,0.03543490171432495,0.0,0.0,True,0.03543490171432495
1.0,6308.0,6308.0,0.0,6768,0.0,0.0,0.0,False,0.0
1.0,4833.0,4833.0,0.0,6769,0.0,0.0,0.0,False,0.0
0.985805094242096,541.0,541.0,0.0,6770,0.01419483870267868,0.0,0.0,True,0.01419483870267868
1.0,343.0,343.0,0.0,6771,0.0,0.0,0.0,False,0.0
1.0,1127.0,1127.0,0.0,6772,0.0,0.0,0.0,False,0.0
1.0000001192092896,3422.0,3422.0,0.0,6773,0.0,0.0,0.0,False,0.0
0.9903741478919983,1316.0,1316.0,0.0,6774,0.009625880047678947,0.0,0.0,True,0.009625880047678947
1.0,3950.0,3950.0,0.0,6775,0.0,0.0,0.0,False,0.0
0.9675664901733398,1.0,1.0,0.0,6776,0.03243349492549896,0.0,0.0,True,0.03243349492549896
1.0,1174.0,1174.0,0.0,6777,0.0,0.0,0.0,False,0.0
0.9434374570846558,2.0,2.0,0.0,6778,0.05656252056360245,0.0,0.0,True,0.05656252056360245
1.0,3027.0,3027.0,0.0,6779,0.0,0.0,0.0,False,0.0
0.9999999403953552,6159.0,6159.0,0.0,6780,0.0,0.0,0.0,False,0.0
0.9839587211608887,101.0,101.0,0.0,6781,0.016041278839111328,0.0,0.0,True,0.016041278839111328
1.0,7210.0,7210.0,0.0,6782,0.0,0.0,0.0,False,0.0
1.0,5998.0,5998.0,0.0,6783,0.0,0.0,0.0,False,0.0
1.0,6148.0,6148.0,0.0,6784,0.0,0.0,0.0,False,0.0
1.0,1016.0,1016.0,0.0,6785,0.0,0.0,0.0,False,0.0
1.0,2011.0,2011.0,0.0,6786,0.0,0.0,0.0,False,0.0
0.9938904047012329,898.0,898.0,0.0,6787,0.0061096190474927425,0.0,0.0,True,0.0061096190474927425
0.9999999403953552,6918.0,6918.0,0.0,6788,0.0,0.0,0.0,False,0.0
0.9999998807907104,1368.0,1368.0,0.0,6789,0.0,0.0,0.0,False,0.0
1.0,7370.0,7370.0,0.0,6790,0.0,0.0,0.0,False,0.0
0.9999999403953552,1429.0,1429.0,0.0,6791,0.0,0.0,0.0,False,0.0
1.0,3581.0,3581.0,0.0,6792,0.0,0.0,0.0,False,0.0
0.9778050184249878,6233.0,6233.0,0.0,6793,0.02219511941075325,0.0,0.0,True,0.02219511941075325
1.0,2781.0,2781.0,0.0,6794,0.0,0.0,0.0,False,0.0
0.986995279788971,678.0,678.0,0.0,6795,0.013004690408706665,0.0,0.0,True,0.013004690408706665
0.9350800514221191,3765.0,3765.0,0.0,6796,0.06491997838020325,0.0,0.0,True,0.06491997838020325
1.0,1760.0,1760.0,0.0,6797,0.0,0.0,0.0,False,0.0
0.9767990112304688,1391.0,1391.0,0.0,6798,0.023200972005724907,0.0,0.0,True,0.023200972005724907
0.958538293838501,359.0,359.0,0.0,6799,0.04146166145801544,0.0,0.0,True,0.04146166145801544
1.0,3515.0,3515.0,0.0,6800,0.0,0.0,0.0,False,0.0
0.9220178127288818,3413.0,3413.0,0.0,6801,0.07798217236995697,0.0,0.0,True,0.07798217236995697
0.9696369171142578,1.0,1.0,0.0,6802,0.0303630568087101,0.0,0.0,True,0.0303630568087101
1.0,2134.0,2134.0,0.0,6803,0.0,0.0,0.0,False,0.0
0.9740972518920898,9.0,9.0,0.0,6804,0.02590266987681389,0.0,0.0,True,0.02590266987681389
1.0,3797.0,3797.0,0.0,6805,0.0,0.0,0.0,False,0.0
1.0,3279.0,3279.0,0.0,6806,0.0,0.0,0.0,False,0.0
1.0,5781.0,5781.0,0.0,6807,0.0,0.0,0.0,False,0.0
0.9999999403953552,290.0,290.0,0.0,6808,0.0,0.0,0.0,False,0.0
0.9765201807022095,5293.0,5293.0,0.0,6809,0.023479832336306572,0.0,0.0,True,0.023479832336306572
0.9678207635879517,6245.0,6245.0,0.0,6810,0.032179128378629684,0.0,0.0,True,0.032179128378629684
1.0,6499.0,6499.0,0.0,6811,0.0,0.0,0.0,False,0.0
0.9716317653656006,1.0,1.0,0.0,6812,0.028368238359689713,0.0,0.0,True,0.028368238359689713
1.0000001192092896,2493.0,2493.0,0.0,6813,0.0,0.0,0.0,False,0.0
1.0,925.0,925.0,0.0,6814,0.0,0.0,0.0,False,0.0
0.9887885451316833,181.0,181.0,0.0,6815,0.011211532168090343,0.0,0.0,True,0.011211532168090343
1.0,7164.0,7164.0,0.0,6816,0.0,0.0,0.0,False,0.0
0.987105131149292,2193.0,2193.0,0.0,6817,0.012894830666482449,0.0,0.0,True,0.012894830666482449
0.9628063440322876,1.0,1.0,0.0,6818,0.03719369322061539,0.0,0.0,True,0.03719369322061539
0.9999998807907104,4023.0,4023.0,0.0,6819,0.0,0.0,0.0,False,0.0
0.9777547121047974,5545.0,5545.0,0.0,6820,0.02224530279636383,0.0,0.0,True,0.02224530279636383
1.0,3510.0,3510.0,0.0,6821,0.0,0.0,0.0,False,0.0
1.0,3576.0,3576.0,0.0,6822,0.0,0.0,0.0,False,0.0
1.0,4408.0,4408.0,0.0,6823,0.0,0.0,0.0,False,0.0
1.0,283.0,283.0,0.0,6824,0.0,0.0,0.0,False,0.0
1.0,118.0,118.0,0.0,6825,0.0,0.0,0.0,False,0.0
1.0,6403.0,6403.0,0.0,6826,0.0,0.0,0.0,False,0.0
1.0,399.0,399.0,0.0,6827,0.0,0.0,0.0,False,0.0
0.974587082862854,819.0,819.0,0.0,6828,0.02541295625269413,0.0,0.0,True,0.02541295625269413
0.9618018865585327,1589.0,1589.0,0.0,6829,0.038198042660951614,0.0,0.0,True,0.038198042660951614
1.0,4240.0,4240.0,0.0,6830,0.0,0.0,0.0,False,0.0
1.0,317.0,317.0,0.0,6831,0.0,0.0,0.0,False,0.0
1.0,1433.0,1433.0,0.0,6832,0.0,0.0,0.0,False,0.0
0.9690173268318176,1032.0,1032.0,0.0,6833,0.030982665717601776,0.0,0.0,True,0.030982665717601776
0.9592008590698242,2.0,2.0,0.0,6834,0.040799036622047424,0.0,0.0,True,0.040799036622047424
1.0000001192092896,4688.0,4688.0,0.0,6835,0.0,0.0,0.0,False,0.0
1.0,112.0,112.0,0.0,6836,0.0,0.0,0.0,False,0.0
0.9839638471603394,2305.0,2305.0,0.0,6837,0.01603618636727333,0.0,0.0,True,0.01603618636727333
1.0,2388.0,2388.0,0.0,6838,0.0,0.0,0.0,False,0.0
1.0000001192092896,3717.0,3717.0,0.0,6839,0.0,0.0,0.0,False,0.0
0.9999999403953552,2421.0,2421.0,0.0,6840,0.0,0.0,0.0,False,0.0
1.0,676.0,676.0,0.0,6841,0.0,0.0,0.0,False,0.0
1.0,1878.0,1878.0,0.0,6842,0.0,0.0,0.0,False,0.0
0.9434210062026978,7036.0,7036.0,0.0,6843,0.056578975170850754,0.0,0.0,True,0.056578975170850754
1.0,5409.0,5409.0,0.0,6844,0.0,0.0,0.0,False,0.0
0.9999999403953552,2235.0,2235.0,0.0,6845,0.0,0.0,0.0,False,0.0
0.9673693776130676,8.0,8.0,0.0,6846,0.03263067454099655,0.0,0.0,True,0.03263067454099655
0.9526574611663818,2.0,2.0,0.0,6847,0.047342583537101746,0.0,0.0,True,0.047342583537101746
1.0,3298.0,3298.0,0.0,6848,0.0,0.0,0.0,False,0.0
0.9999999403953552,724.0,724.0,0.0,6849,0.0,0.0,0.0,False,0.0
1.0,2721.0,2721.0,0.0,6850,0.0,0.0,0.0,False,0.0
1.0,365.0,365.0,0.0,6851,0.0,0.0,0.0,False,0.0
1.0,4485.0,4485.0,0.0,6852,0.0,0.0,0.0,False,0.0
0.9999998807907104,573.0,573.0,0.0,6853,0.0,0.0,0.0,False,0.0
1.0,2482.0,2482.0,0.0,6854,0.0,0.0,0.0,False,0.0
0.9999999403953552,205.0,205.0,0.0,6855,0.0,0.0,0.0,False,0.0
0.9999998807907104,4774.0,4774.0,0.0,6856,0.0,0.0,0.0,False,0.0
1.0,577.0,577.0,0.0,6857,0.0,0.0,0.0,False,0.0
1.0,3774.0,3774.0,0.0,6858,0.0,0.0,0.0,False,0.0
0.9848527312278748,1.0,1.0,0.0,6859,0.01514720544219017,0.0,0.0,True,0.01514720544219017
1.0,6163.0,6163.0,0.0,6860,0.0,0.0,0.0,False,0.0
1.0000001192092896,561.0,561.0,0.0,6861,0.0,0.0,0.0,False,0.0
1.0,3158.0,3158.0,0.0,6862,0.0,0.0,0.0,False,0.0
0.9848924279212952,2.0,2.0,0.0,6863,0.015107514336705208,0.0,0.0,True,0.015107514336705208
0.9740003943443298,1.0,1.0,0.0,6864,0.0259996484965086,0.0,0.0,True,0.0259996484965086
1.0,2493.0,2493.0,0.0,6865,0.0,0.0,0.0,False,0.0
1.0,3497.0,3497.0,0.0,6866,0.0,0.0,0.0,False,0.0
1.0,2041.0,2041.0,0.0,6867,0.0,0.0,0.0,False,0.0
1.0,689.0,689.0,0.0,6868,0.0,0.0,0.0,False,0.0
0.9790404438972473,1.0,1.0,0.0,6869,0.020959539338946342,0.0,0.0,True,0.020959539338946342
0.9593857526779175,2206.0,2206.0,0.0,6870,0.04061423987150192,0.0,0.0,True,0.04061423987150192
1.0,6467.0,6467.0,0.0,6871,0.0,0.0,0.0,False,0.0
0.9807027578353882,3539.0,3539.0,0.0,6872,0.01929725520312786,0.0,0.0,True,0.01929725520312786
0.9688056707382202,3176.0,3176.0,0.0,6873,0.031194373965263367,0.0,0.0,True,0.031194373965263367
0.96067214012146,1.0,1.0,0.0,6874,0.03932775929570198,0.0,0.0,True,0.03932775929570198
0.9999999403953552,5065.0,5065.0,0.0,6875,0.0,0.0,0.0,False,0.0
1.0,7554.0,7554.0,0.0,6876,0.0,0.0,0.0,False,0.0
1.0,2357.0,2357.0,0.0,6877,0.0,0.0,0.0,False,0.0
0.935411810874939,1.0,1.0,0.0,6878,0.06458815187215805,0.0,0.0,True,0.06458815187215805
0.9802027940750122,2611.0,2611.0,0.0,6879,0.019797222688794136,0.0,0.0,True,0.019797222688794136
1.0,576.0,576.0,0.0,6880,0.0,0.0,0.0,False,0.0
0.9311038255691528,1.0,1.0,0.0,6881,0.06889619678258896,0.0,0.0,True,0.06889619678258896
1.0,1260.0,1260.0,0.0,6882,0.0,0.0,0.0,False,0.0
0.9245561957359314,824.0,824.0,0.0,6883,0.075443796813488,0.0,0.0,True,0.075443796813488
0.9199210405349731,2565.0,2565.0,0.0,6884,0.08007901906967163,0.0,0.0,True,0.08007901906967163
0.921694278717041,2218.0,2218.0,0.0,6885,0.07830574363470078,0.0,0.0,True,0.07830574363470078
1.0,72.0,72.0,0.0,6886,0.0,0.0,0.0,False,0.0
1.0,6766.0,6766.0,0.0,6887,0.0,0.0,0.0,False,0.0
0.9999998807907104,1662.0,1662.0,0.0,6888,0.0,0.0,0.0,False,0.0
1.0,5640.0,5640.0,0.0,6889,0.0,0.0,0.0,False,0.0
0.9721990823745728,517.0,517.0,0.0,6890,0.02780088223516941,0.0,0.0,True,0.02780088223516941
0.9848107099533081,4884.0,4884.0,0.0,6891,0.015189297497272491,0.0,0.0,True,0.015189297497272491
0.9999999403953552,2813.0,2813.0,0.0,6892,0.0,0.0,0.0,False,0.0
0.9810461401939392,847.0,847.0,0.0,6893,0.018953924998641014,0.0,0.0,True,0.018953924998641014
0.9250261783599854,1.0,1.0,0.0,6894,0.07497386634349823,0.0,0.0,True,0.07497386634349823
0.9999999403953552,5969.0,5969.0,0.0,6895,0.0,0.0,0.0,False,0.0
1.0,1358.0,1358.0,0.0,6896,0.0,0.0,0.0,False,0.0
1.0,1203.0,1203.0,0.0,6897,0.0,0.0,0.0,False,0.0
1.0,6528.0,6528.0,0.0,6898,0.0,0.0,0.0,False,0.0
1.0000001192092896,1885.0,1885.0,0.0,6899,0.0,0.0,0.0,False,0.0
1.0,220.0,220.0,0.0,6900,0.0,0.0,0.0,False,0.0
1.0,2066.0,2066.0,0.0,6901,0.0,0.0,0.0,False,0.0
1.0,2929.0,2929.0,0.0,6902,0.0,0.0,0.0,False,0.0
0.9045566320419312,2.0,2.0,0.0,6903,0.09544342756271362,0.0,0.0,True,0.09544342756271362
1.0,2172.0,2172.0,0.0,6904,0.0,0.0,0.0,False,0.0
0.9699597358703613,2769.0,2769.0,0.0,6905,0.03004029020667076,0.0,0.0,True,0.03004029020667076
1.0,1301.0,1301.0,0.0,6906,0.0,0.0,0.0,False,0.0
0.9913763403892517,2560.0,2560.0,0.0,6907,0.008623644709587097,0.0,0.0,True,0.008623644709587097
1.0,4097.0,4097.0,0.0,6908,0.0,0.0,0.0,False,0.0
1.0,3177.0,3177.0,0.0,6909,0.0,0.0,0.0,False,0.0
1.0,2416.0,2416.0,0.0,6910,0.0,0.0,0.0,False,0.0
1.0,3460.0,3460.0,0.0,6911,0.0,0.0,0.0,False,0.0
0.9402576088905334,2.0,2.0,0.0,6912,0.059742387384176254,0.0,0.0,True,0.059742387384176254
1.0,5045.0,5045.0,0.0,6913,0.0,0.0,0.0,False,0.0
0.9999998807907104,199.0,199.0,0.0,6914,0.0,0.0,0.0,False,0.0
0.9854312539100647,5170.0,5170.0,0.0,6915,0.01456871535629034,0.0,0.0,True,0.01456871535629034
0.9999999403953552,6302.0,6302.0,0.0,6916,0.0,0.0,0.0,False,0.0
1.0,1693.0,1693.0,0.0,6917,0.0,0.0,0.0,False,0.0
1.0,2718.0,2718.0,0.0,6918,0.0,0.0,0.0,False,0.0
1.0,1806.0,1806.0,0.0,6919,0.0,0.0,0.0,False,0.0
1.0,6137.0,6137.0,0.0,6920,0.0,0.0,0.0,False,0.0
0.9570097923278809,2246.0,2246.0,0.0,6921,0.042990271002054214,0.0,0.0,True,0.042990271002054214
0.9392756223678589,79.0,79.0,0.0,6922,0.06072435528039932,0.0,0.0,True,0.06072435528039932
0.9761286973953247,5049.0,5049.0,0.0,6923,0.023871323093771935,0.0,0.0,True,0.023871323093771935
1.0,132.0,132.0,0.0,6924,0.0,0.0,0.0,False,0.0
1.0,4329.0,4329.0,0.0,6925,0.0,0.0,0.0,False,0.0
1.0,1875.0,1875.0,0.0,6926,0.0,0.0,0.0,False,0.0
0.9440911412239075,3.0,3.0,0.0,6927,0.05590885505080223,0.0,0.0,True,0.05590885505080223
0.9999998807907104,4792.0,4792.0,0.0,6928,0.0,0.0,0.0,False,0.0
0.9653257131576538,2296.0,2296.0,0.0,6929,0.03467429801821709,0.0,0.0,True,0.03467429801821709
0.9319577217102051,3634.0,3634.0,0.0,6930,0.0680423229932785,0.0,0.0,True,0.0680423229932785
1.0,1446.0,1446.0,0.0,6931,0.0,0.0,0.0,False,0.0
1.0,4187.0,4187.0,0.0,6932,0.0,0.0,0.0,False,0.0
0.9353452920913696,2.0,2.0,0.0,6933,0.06465467810630798,0.0,0.0,True,0.06465467810630798
0.9888981580734253,6582.0,6582.0,0.0,6934,0.011101953685283661,0.0,0.0,True,0.011101953685283661
1.0,1188.0,1188.0,0.0,6935,0.0,0.0,0.0,False,0.0
0.9735754728317261,6146.0,6146.0,0.0,6936,0.026424553245306015,0.0,0.0,True,0.026424553245306015
0.9999999403953552,258.0,258.0,0.0,6937,0.0,0.0,0.0,False,0.0
0.9743787050247192,959.0,959.0,0.0,6938,0.025621235370635986,0.0,0.0,True,0.025621235370635986
0.9922550916671753,2283.0,2283.0,0.0,6939,0.007744938600808382,0.0,0.0,True,0.007744938600808382
1.0,5974.0,5974.0,0.0,6940,0.0,0.0,0.0,False,0.0
1.0,7623.0,7623.0,0.0,6941,0.0,0.0,0.0,False,0.0
1.0000001192092896,5955.0,5955.0,0.0,6942,0.0,0.0,0.0,False,0.0
1.0,6620.0,6620.0,0.0,6943,0.0,0.0,0.0,False,0.0
0.9999998807907104,3086.0,3086.0,0.0,6944,0.0,0.0,0.0,False,0.0
0.9614598751068115,46.0,46.0,0.0,6945,0.03854013979434967,0.0,0.0,True,0.03854013979434967
0.9882436990737915,2820.0,2820.0,0.0,6946,0.011756247840821743,0.0,0.0,True,0.011756247840821743
0.9355617761611938,2544.0,2544.0,0.0,6947,0.06443814933300018,0.0,0.0,True,0.06443814933300018
1.0,4150.0,4150.0,0.0,6948,0.0,0.0,0.0,False,0.0
1.0,102.0,102.0,0.0,6949,0.0,0.0,0.0,False,0.0
0.9999999403953552,258.0,258.0,0.0,6950,0.0,0.0,0.0,False,0.0
0.9772942662239075,5135.0,5135.0,0.0,6951,0.02270570769906044,0.0,0.0,True,0.02270570769906044
1.0,5850.0,5850.0,0.0,6952,0.0,0.0,0.0,False,0.0
1.0,3650.0,3650.0,0.0,6953,0.0,0.0,0.0,False,0.0
1.0,6534.0,6534.0,0.0,6954,0.0,0.0,0.0,False,0.0
1.0,2366.0,2366.0,0.0,6955,0.0,0.0,0.0,False,0.0
1.0,6709.0,6709.0,0.0,6956,0.0,0.0,0.0,False,0.0
0.9921835660934448,2869.0,2869.0,0.0,6957,0.007816383615136147,0.0,0.0,True,0.007816383615136147
0.9616038799285889,2939.0,2939.0,0.0,6958,0.03839615359902382,0.0,0.0,True,0.03839615359902382
1.0,4817.0,4817.0,0.0,6959,0.0,0.0,0.0,False,0.0
1.0,7579.0,7579.0,0.0,6960,0.0,0.0,0.0,False,0.0
0.9820287227630615,3838.0,3838.0,0.0,6961,0.01797124370932579,0.0,0.0,True,0.01797124370932579
0.966019868850708,1646.0,1646.0,0.0,6962,0.033980127424001694,0.0,0.0,True,0.033980127424001694
0.9853339195251465,1.0,1.0,0.0,6963,0.014665964990854263,0.0,0.0,True,0.014665964990854263
0.9654620289802551,124.0,124.0,0.0,6964,0.03453797847032547,0.0,0.0,True,0.03453797847032547
0.969578206539154,283.0,283.0,0.0,6965,0.030421776697039604,0.0,0.0,True,0.030421776697039604
1.0,6385.0,6385.0,0.0,6966,0.0,0.0,0.0,False,0.0
1.0,5586.0,5586.0,0.0,6967,0.0,0.0,0.0,False,0.0
0.9999999403953552,5497.0,5497.0,0.0,6968,0.0,0.0,0.0,False,0.0
0.9755170941352844,1.0,1.0,0.0,6969,0.024482812732458115,0.0,0.0,True,0.024482812732458115
1.0,11.0,11.0,0.0,6970,0.0,0.0,0.0,False,0.0
0.9814825057983398,4910.0,4910.0,0.0,6971,0.018517525866627693,0.0,0.0,True,0.018517525866627693
1.0,4644.0,4644.0,0.0,6972,0.0,0.0,0.0,False,0.0
0.9809651970863342,132.0,132.0,0.0,6973,0.01903493143618107,0.0,0.0,True,0.01903493143618107
0.9999998807907104,4250.0,4250.0,0.0,6974,0.0,0.0,0.0,False,0.0
1.0,3221.0,3221.0,0.0,6975,0.0,0.0,0.0,False,0.0
1.0,611.0,611.0,0.0,6976,0.0,0.0,0.0,False,0.0
1.0,4278.0,4278.0,0.0,6977,0.0,0.0,0.0,False,0.0
1.0,4659.0,4659.0,0.0,6978,0.0,0.0,0.0,False,0.0
0.9797260165214539,3641.0,3641.0,0.0,6979,0.02027410827577114,0.0,0.0,True,0.02027410827577114
0.9820069074630737,528.0,528.0,0.0,6980,0.01799307018518448,0.0,0.0,True,0.01799307018518448
0.9999998807907104,640.0,640.0,0.0,6981,0.0,0.0,0.0,False,0.0
1.0,1236.0,1236.0,0.0,6982,0.0,0.0,0.0,False,0.0
0.9999999403953552,2693.0,2693.0,0.0,6983,0.0,0.0,0.0,False,0.0
0.9999999403953552,113.0,113.0,0.0,6984,0.0,0.0,0.0,False,0.0
1.0,5374.0,5374.0,0.0,6985,0.0,0.0,0.0,False,0.0
1.0,4232.0,4232.0,0.0,6986,0.0,0.0,0.0,False,0.0
1.0,3117.0,3117.0,0.0,6987,0.0,0.0,0.0,False,0.0
0.9999998807907104,5410.0,5410.0,0.0,6988,0.0,0.0,0.0,False,0.0
1.0,6561.0,6561.0,0.0,6989,0.0,0.0,0.0,False,0.0
0.9848822355270386,4782.0,4782.0,0.0,6990,0.015117685310542583,0.0,0.0,True,0.015117685310542583
1.0,6541.0,6541.0,0.0,6991,0.0,0.0,0.0,False,0.0
1.0,7620.0,7620.0,0.0,6992,0.0,0.0,0.0,False,0.0
1.0,7359.0,7359.0,0.0,6993,0.0,0.0,0.0,False,0.0
0.9833210706710815,5295.0,5295.0,0.0,6994,0.016678933054208755,0.0,0.0,True,0.016678933054208755
1.0,2584.0,2584.0,0.0,6995,0.0,0.0,0.0,False,0.0
0.9797810912132263,1130.0,1130.0,0.0,6996,0.02021896280348301,0.0,0.0,True,0.02021896280348301
1.0,4663.0,4663.0,0.0,6997,0.0,0.0,0.0,False,0.0
0.9999999403953552,721.0,721.0,0.0,6998,0.0,0.0,0.0,False,0.0
1.0,1611.0,1611.0,0.0,6999,0.0,0.0,0.0,False,0.0
1.0,3.0,3.0,0.0,7000,0.0,0.0,0.0,False,0.0
0.9999998807907104,5246.0,5246.0,0.0,7001,0.0,0.0,0.0,False,0.0
0.9826719760894775,1028.0,1028.0,0.0,7002,0.017327988520264626,0.0,0.0,True,0.017327988520264626
0.9651617407798767,1686.0,1686.0,0.0,7003,0.034838251769542694,0.0,0.0,True,0.034838251769542694
0.9575802087783813,1.0,1.0,0.0,7004,0.04241975396871567,0.0,0.0,True,0.04241975396871567
0.9711350202560425,6.0,6.0,0.0,7005,0.028865011408925056,0.0,0.0,True,0.028865011408925056
0.9999999403953552,36.0,36.0,0.0,7006,0.0,0.0,0.0,False,0.0
1.0,2219.0,2219.0,0.0,7007,0.0,0.0,0.0,False,0.0
1.0,7077.0,7077.0,0.0,7008,0.0,0.0,0.0,False,0.0
0.9845389723777771,93.0,93.0,0.0,7009,0.015460992231965065,0.0,0.0,True,0.015460992231965065
0.9999999403953552,4552.0,4552.0,0.0,7010,0.0,0.0,0.0,False,0.0
1.0,3367.0,3367.0,0.0,7011,0.0,0.0,0.0,False,0.0
0.9659733176231384,1.0,1.0,0.0,7012,0.0340266227722168,0.0,0.0,True,0.0340266227722168
0.9926536679267883,7452.0,7452.0,0.0,7013,0.007346359547227621,0.0,0.0,True,0.007346359547227621
1.0000001192092896,3449.0,3449.0,0.0,7014,0.0,0.0,0.0,False,0.0
1.0,5941.0,5941.0,0.0,7015,0.0,0.0,0.0,False,0.0
1.0,1545.0,1545.0,0.0,7016,0.0,0.0,0.0,False,0.0
1.0,1442.0,1442.0,0.0,7017,0.0,0.0,0.0,False,0.0
1.0,3787.0,3787.0,0.0,7018,0.0,0.0,0.0,False,0.0
1.0,4828.0,4828.0,0.0,7019,0.0,0.0,0.0,False,0.0
0.9999998807907104,6266.0,6266.0,0.0,7020,0.0,0.0,0.0,False,0.0
1.0,3849.0,3849.0,0.0,7021,0.0,0.0,0.0,False,0.0
0.9999999403953552,1544.0,1544.0,0.0,7022,0.0,0.0,0.0,False,0.0
1.0,637.0,637.0,0.0,7023,0.0,0.0,0.0,False,0.0
1.0,7356.0,7356.0,0.0,7024,0.0,0.0,0.0,False,0.0
1.0,2585.0,2585.0,0.0,7025,0.0,0.0,0.0,False,0.0
0.9999999403953552,777.0,777.0,0.0,7026,0.0,0.0,0.0,False,0.0
1.0,1728.0,1728.0,0.0,7027,0.0,0.0,0.0,False,0.0
1.0,7557.0,7557.0,0.0,7028,0.0,0.0,0.0,False,0.0
0.9760273694992065,4800.0,4800.0,0.0,7029,0.02397257462143898,0.0,0.0,True,0.02397257462143898
0.9999999403953552,1960.0,1960.0,0.0,7030,0.0,0.0,0.0,False,0.0
0.9714237451553345,7234.0,7234.0,0.0,7031,0.028576314449310303,0.0,0.0,True,0.028576314449310303
1.0,179.0,179.0,0.0,7032,0.0,0.0,0.0,False,0.0
0.9999998807907104,2265.0,2265.0,0.0,7033,0.0,0.0,0.0,False,0.0
0.9999999403953552,1757.0,1757.0,0.0,7034,0.0,0.0,0.0,False,0.0
1.0,3025.0,3025.0,0.0,7035,0.0,0.0,0.0,False,0.0
0.9767430424690247,1.0,1.0,0.0,7036,0.023256948217749596,0.0,0.0,True,0.023256948217749596
0.9999999403953552,4305.0,4305.0,0.0,7037,0.0,0.0,0.0,False,0.0
1.0,3988.0,3988.0,0.0,7038,0.0,0.0,0.0,False,0.0
0.9999999403953552,2330.0,2330.0,0.0,7039,0.0,0.0,0.0,False,0.0
1.0,505.0,505.0,0.0,7040,0.0,0.0,0.0,False,0.0
0.9708347320556641,1.0,1.0,0.0,7041,0.02916526608169079,0.0,0.0,True,0.02916526608169079
0.9999999403953552,4419.0,4419.0,0.0,7042,0.0,0.0,0.0,False,0.0
0.9408431053161621,17.0,17.0,0.0,7043,0.05915684998035431,0.0,0.0,True,0.05915684998035431
0.9282492995262146,1.0,1.0,0.0,7044,0.07175078243017197,0.0,0.0,True,0.07175078243017197
0.9819287657737732,4269.0,4269.0,0.0,7045,0.018071267753839493,0.0,0.0,True,0.018071267753839493
0.9354751706123352,1.0,1.0,0.0,7046,0.0645248219370842,0.0,0.0,True,0.0645248219370842
0.9306924343109131,162.0,162.0,0.0,7047,0.06930764019489288,0.0,0.0,True,0.06930764019489288
1.0,5343.0,5343.0,0.0,7048,0.0,0.0,0.0,False,0.0
0.9205435514450073,1.0,1.0,0.0,7049,0.07945641130208969,0.0,0.0,True,0.07945641130208969
1.0,6014.0,6014.0,0.0,7050,0.0,0.0,0.0,False,0.0
0.9999998807907104,2208.0,2208.0,0.0,7051,0.0,0.0,0.0,False,0.0
1.0,2568.0,2568.0,0.0,7052,0.0,0.0,0.0,False,0.0
1.0,6812.0,6812.0,0.0,7053,0.0,0.0,0.0,False,0.0
0.9868570566177368,2471.0,2471.0,0.0,7054,0.01314285583794117,0.0,0.0,True,0.01314285583794117
1.0,2922.0,2922.0,0.0,7055,0.0,0.0,0.0,False,0.0
1.0000001192092896,1718.0,1718.0,0.0,7056,0.0,0.0,0.0,False,0.0
1.0,5903.0,5903.0,0.0,7057,0.0,0.0,0.0,False,0.0
1.0,6944.0,6944.0,0.0,7058,0.0,0.0,0.0,False,0.0
1.0,2360.0,2360.0,0.0,7059,0.0,0.0,0.0,False,0.0
1.0,2262.0,2262.0,0.0,7060,0.0,0.0,0.0,False,0.0
0.9154378175735474,5.0,5.0,0.0,7061,0.0845622569322586,0.0,0.0,True,0.0845622569322586
1.0,1132.0,1132.0,0.0,7062,0.0,0.0,0.0,False,0.0
0.9934644103050232,4427.0,4427.0,0.0,7063,0.006535530090332031,0.0,0.0,True,0.006535530090332031
0.90248703956604,1.0,1.0,0.0,7064,0.0975128784775734,0.0,0.0,True,0.0975128784775734
1.0000001192092896,1442.0,1442.0,0.0,7065,0.0,0.0,0.0,False,0.0
1.0,1328.0,1328.0,0.0,7066,0.0,0.0,0.0,False,0.0
1.0,4330.0,4330.0,0.0,7067,0.0,0.0,0.0,False,0.0
0.9686877131462097,1344.0,1344.0,0.0,7068,0.031312279403209686,0.0,0.0,True,0.031312279403209686
1.0,6185.0,6185.0,0.0,7069,0.0,0.0,0.0,False,0.0
1.0,6042.0,6042.0,0.0,7070,0.0,0.0,0.0,False,0.0
1.0,1621.0,1621.0,0.0,7071,0.0,0.0,0.0,False,0.0
0.9123486876487732,1.0,1.0,0.0,7072,0.0876513421535492,0.0,0.0,True,0.0876513421535492
1.0,1635.0,1635.0,0.0,7073,0.0,0.0,0.0,False,0.0
0.9999999403953552,5664.0,5664.0,0.0,7074,0.0,0.0,0.0,False,0.0
0.8619720935821533,1.0,1.0,0.0,7075,0.1380278468132019,0.0,0.0,True,0.1380278468132019
0.970590353012085,966.0,966.0,0.0,7076,0.029409687966108322,0.0,0.0,True,0.029409687966108322
1.0,7655.0,7655.0,0.0,7077,0.0,0.0,0.0,False,0.0
1.0,5457.0,5457.0,0.0,7078,0.0,0.0,0.0,False,0.0
0.9999999403953552,181.0,181.0,0.0,7079,0.0,0.0,0.0,False,0.0
0.9861283898353577,2045.0,2045.0,0.0,7080,0.013871614821255207,0.0,0.0,True,0.013871614821255207
1.0,5552.0,5552.0,0.0,7081,0.0,0.0,0.0,False,0.0
1.0,2469.0,2469.0,0.0,7082,0.0,0.0,0.0,False,0.0
0.8725470304489136,1180.0,1180.0,0.0,7083,0.12745285034179688,0.0,0.0,True,0.12745285034179688
0.9898940324783325,2438.0,2438.0,0.0,7084,0.010105895809829235,0.0,0.0,True,0.010105895809829235
1.0,131.0,131.0,0.0,7085,0.0,0.0,0.0,False,0.0
0.9999998807907104,6681.0,6681.0,0.0,7086,0.0,0.0,0.0,False,0.0
0.8738337755203247,9.0,9.0,0.0,7087,0.12616625428199768,0.0,0.0,True,0.12616625428199768
1.0,1072.0,1072.0,0.0,7088,0.0,0.0,0.0,False,0.0
0.990570604801178,5406.0,5406.0,0.0,7089,0.00942936260253191,0.0,0.0,True,0.00942936260253191
1.0,3503.0,3503.0,0.0,7090,0.0,0.0,0.0,False,0.0
1.0,4966.0,4966.0,0.0,7091,0.0,0.0,0.0,False,0.0
1.0,3934.0,3934.0,0.0,7092,0.0,0.0,0.0,False,0.0
0.9999998807907104,214.0,214.0,0.0,7093,0.0,0.0,0.0,False,0.0
0.9772757291793823,6411.0,6411.0,0.0,7094,0.022724218666553497,0.0,0.0,True,0.022724218666553497
0.9739862084388733,6799.0,6799.0,0.0,7095,0.026013823226094246,0.0,0.0,True,0.026013823226094246
0.9999999403953552,936.0,936.0,0.0,7096,0.0,0.0,0.0,False,0.0
1.0,4562.0,4562.0,0.0,7097,0.0,0.0,0.0,False,0.0
0.9999999403953552,3584.0,3584.0,0.0,7098,0.0,0.0,0.0,False,0.0
0.9279998540878296,907.0,907.0,0.0,7099,0.07200014591217041,0.0,0.0,True,0.07200014591217041
1.0,7637.0,7637.0,0.0,7100,0.0,0.0,0.0,False,0.0
0.9648123979568481,1304.0,1304.0,0.0,7101,0.03518756479024887,0.0,0.0,True,0.03518756479024887
0.9999998807907104,7442.0,7442.0,0.0,7102,0.0,0.0,0.0,False,0.0
1.0,2924.0,2924.0,0.0,7103,0.0,0.0,0.0,False,0.0
0.9135513305664062,6683.0,6683.0,0.0,7104,0.08644869923591614,0.0,0.0,True,0.08644869923591614
1.0,756.0,756.0,0.0,7105,0.0,0.0,0.0,False,0.0
1.0,348.0,348.0,0.0,7106,0.0,0.0,0.0,False,0.0
0.9999998807907104,6563.0,6563.0,0.0,7107,0.0,0.0,0.0,False,0.0
0.9678102731704712,1983.0,1983.0,0.0,7108,0.032189738005399704,0.0,0.0,True,0.032189738005399704
1.0,5043.0,5043.0,0.0,7109,0.0,0.0,0.0,False,0.0
1.0,2431.0,2431.0,0.0,7110,0.0,0.0,0.0,False,0.0
1.0,5718.0,5718.0,0.0,7111,0.0,0.0,0.0,False,0.0
0.9488723278045654,1.0,1.0,0.0,7112,0.05112770199775696,0.0,0.0,True,0.05112770199775696
0.9574824571609497,191.0,191.0,0.0,7113,0.042517513036727905,0.0,0.0,True,0.042517513036727905
1.0,1013.0,1013.0,0.0,7114,0.0,0.0,0.0,False,0.0
1.0,3341.0,3341.0,0.0,7115,0.0,0.0,0.0,False,0.0
1.0,4193.0,4193.0,0.0,7116,0.0,0.0,0.0,False,0.0
0.9763667583465576,114.0,114.0,0.0,7117,0.023633312433958054,0.0,0.0,True,0.023633312433958054
1.0,6191.0,6191.0,0.0,7118,0.0,0.0,0.0,False,0.0
0.9772427082061768,3928.0,3928.0,0.0,7119,0.02275727689266205,0.0,0.0,True,0.02275727689266205
1.0000001192092896,4304.0,4304.0,0.0,7120,0.0,0.0,0.0,False,0.0
0.9555118680000305,4422.0,4422.0,0.0,7121,0.04448813572525978,0.0,0.0,True,0.04448813572525978
1.0,7636.0,7636.0,0.0,7122,0.0,0.0,0.0,False,0.0
1.0,3268.0,3268.0,0.0,7123,0.0,0.0,0.0,False,0.0
0.9864610433578491,4284.0,4284.0,0.0,7124,0.013538949191570282,0.0,0.0,True,0.013538949191570282
1.0,853.0,853.0,0.0,7125,0.0,0.0,0.0,False,0.0
0.9999999403953552,3059.0,3059.0,0.0,7126,0.0,0.0,0.0,False,0.0
1.0,3000.0,3000.0,0.0,7127,0.0,0.0,0.0,False,0.0
0.9655364751815796,319.0,319.0,0.0,7128,0.034463461488485336,0.0,0.0,True,0.034463461488485336
0.9277656674385071,1043.0,1043.0,0.0,7129,0.07223436236381531,0.0,0.0,True,0.07223436236381531
0.9194592237472534,2711.0,2711.0,0.0,7130,0.08054077625274658,0.0,0.0,True,0.08054077625274658
1.0,4308.0,4308.0,0.0,7131,0.0,0.0,0.0,False,0.0
1.0,7418.0,7418.0,0.0,7132,0.0,0.0,0.0,False,0.0
0.9819106459617615,3648.0,3648.0,0.0,7133,0.01808926835656166,0.0,0.0,True,0.01808926835656166
0.9999999403953552,997.0,997.0,0.0,7134,0.0,0.0,0.0,False,0.0
1.0,4480.0,4480.0,0.0,7135,0.0,0.0,0.0,False,0.0
1.0,3432.0,3432.0,0.0,7136,0.0,0.0,0.0,False,0.0
0.9890531897544861,2181.0,2181.0,0.0,7137,0.010946810245513916,0.0,0.0,True,0.010946810245513916
0.9544559717178345,5729.0,5729.0,0.0,7138,0.04554404318332672,0.0,0.0,True,0.04554404318332672
1.0,5163.0,5163.0,0.0,7139,0.0,0.0,0.0,False,0.0
1.0,6192.0,6192.0,0.0,7140,0.0,0.0,0.0,False,0.0
1.0,740.0,740.0,0.0,7141,0.0,0.0,0.0,False,0.0
0.9746123552322388,1.0,1.0,0.0,7142,0.025387663394212723,0.0,0.0,True,0.025387663394212723
1.0,4991.0,4991.0,0.0,7143,0.0,0.0,0.0,False,0.0
0.9456997513771057,1556.0,1556.0,0.0,7144,0.054300203919410706,0.0,0.0,True,0.054300203919410706
0.9885551929473877,290.0,290.0,0.0,7145,0.011444782838225365,0.0,0.0,True,0.011444782838225365
1.0,539.0,539.0,0.0,7146,0.0,0.0,0.0,False,0.0
1.0,3994.0,3994.0,0.0,7147,0.0,0.0,0.0,False,0.0
0.8974518179893494,136.0,136.0,0.0,7148,0.10254816710948944,0.0,0.0,True,0.10254816710948944
1.0,1517.0,1517.0,0.0,7149,0.0,0.0,0.0,False,0.0
1.0,384.0,384.0,0.0,7150,0.0,0.0,0.0,False,0.0
0.9999998807907104,3898.0,3898.0,0.0,7151,0.0,0.0,0.0,False,0.0
1.0,5050.0,5050.0,0.0,7152,0.0,0.0,0.0,False,0.0
1.0,4968.0,4968.0,0.0,7153,0.0,0.0,0.0,False,0.0
0.9999998807907104,316.0,316.0,0.0,7154,0.0,0.0,0.0,False,0.0
1.0000001192092896,4796.0,4796.0,0.0,7155,0.0,0.0,0.0,False,0.0
1.0,744.0,744.0,0.0,7156,0.0,0.0,0.0,False,0.0
1.0000001192092896,4176.0,4176.0,0.0,7157,0.0,0.0,0.0,False,0.0
0.9999999403953552,5830.0,5830.0,0.0,7158,0.0,0.0,0.0,False,0.0
1.0,2734.0,2734.0,0.0,7159,0.0,0.0,0.0,False,0.0
1.0000001192092896,2358.0,2358.0,0.0,7160,0.0,0.0,0.0,False,0.0
0.9621189832687378,7094.0,7094.0,0.0,7161,0.037881020456552505,0.0,0.0,True,0.037881020456552505
0.9775359630584717,434.0,434.0,0.0,7162,0.022463981062173843,0.0,0.0,True,0.022463981062173843
1.0,25.0,25.0,0.0,7163,0.0,0.0,0.0,False,0.0
0.9544885158538818,483.0,483.0,0.0,7164,0.04551143944263458,0.0,0.0,True,0.04551143944263458
0.9933470487594604,48.0,48.0,0.0,7165,0.006652943789958954,0.0,0.0,True,0.006652943789958954
0.97111576795578,3452.0,3452.0,0.0,7166,0.02888426184654236,0.0,0.0,True,0.02888426184654236
0.9999999403953552,3607.0,3607.0,0.0,7167,0.0,0.0,0.0,False,0.0
0.9962982535362244,3986.0,3986.0,0.0,7168,0.003701726673170924,0.0,0.0,True,0.003701726673170924
0.9930713176727295,1692.0,1692.0,0.0,7169,0.006928668357431889,0.0,0.0,True,0.006928668357431889
0.9906288981437683,3841.0,3841.0,0.0,7170,0.009371159598231316,0.0,0.0,True,0.009371159598231316
0.9744491577148438,4.0,4.0,0.0,7171,0.025550926104187965,0.0,0.0,True,0.025550926104187965
0.990707516670227,5079.0,5079.0,0.0,7172,0.009292557835578918,0.0,0.0,True,0.009292557835578918
1.0,2890.0,2890.0,0.0,7173,0.0,0.0,0.0,False,0.0
0.9908037185668945,1946.0,1946.0,0.0,7174,0.009196299128234386,0.0,0.0,True,0.009196299128234386
1.0,137.0,137.0,0.0,7175,0.0,0.0,0.0,False,0.0
1.0,1689.0,1689.0,0.0,7176,0.0,0.0,0.0,False,0.0
0.9906902313232422,1.0,1.0,0.0,7177,0.009309705346822739,0.0,0.0,True,0.009309705346822739
0.9919378757476807,2056.0,2056.0,0.0,7178,0.008062093518674374,0.0,0.0,True,0.008062093518674374
1.0,518.0,518.0,0.0,7179,0.0,0.0,0.0,False,0.0
1.0,5272.0,5272.0,0.0,7180,0.0,0.0,0.0,False,0.0
1.0,429.0,429.0,0.0,7181,0.0,0.0,0.0,False,0.0
0.9796775579452515,764.0,764.0,0.0,7182,0.020322557538747787,0.0,0.0,True,0.020322557538747787
0.9847967028617859,4.0,4.0,0.0,7183,0.015203298069536686,0.0,0.0,True,0.015203298069536686
0.9533330202102661,784.0,784.0,0.0,7184,0.046666987240314484,0.0,0.0,True,0.046666987240314484
0.9831293225288391,2619.0,2619.0,0.0,7185,0.016870718449354172,0.0,0.0,True,0.016870718449354172
1.0,4572.0,4572.0,0.0,7186,0.0,0.0,0.0,False,0.0
0.9999999403953552,4476.0,4476.0,0.0,7187,0.0,0.0,0.0,False,0.0
1.0,10.0,10.0,0.0,7188,0.0,0.0,0.0,False,0.0
1.0,877.0,877.0,0.0,7189,0.0,0.0,0.0,False,0.0
0.9999999403953552,133.0,133.0,0.0,7190,0.0,0.0,0.0,False,0.0
0.9257454872131348,387.0,387.0,0.0,7191,0.07425441592931747,0.0,0.0,True,0.07425441592931747
1.0,6062.0,6062.0,0.0,7192,0.0,0.0,0.0,False,0.0
0.9999999403953552,1486.0,1486.0,0.0,7193,0.0,0.0,0.0,False,0.0
1.0,2366.0,2366.0,0.0,7194,0.0,0.0,0.0,False,0.0
1.0,1017.0,1017.0,0.0,7195,0.0,0.0,0.0,False,0.0
0.9683479070663452,4.0,4.0,0.0,7196,0.03165211156010628,0.0,0.0,True,0.03165211156010628
1.0,2004.0,2004.0,0.0,7197,0.0,0.0,0.0,False,0.0
0.9999999403953552,5950.0,5950.0,0.0,7198,0.0,0.0,0.0,False,0.0
0.9999998807907104,3917.0,3917.0,0.0,7199,0.0,0.0,0.0,False,0.0
0.9776349067687988,7.0,7.0,0.0,7200,0.022365152835845947,0.0,0.0,True,0.022365152835845947
1.0,86.0,86.0,0.0,7201,0.0,0.0,0.0,False,0.0
0.9597269892692566,480.0,480.0,0.0,7202,0.040273040533065796,0.0,0.0,True,0.040273040533065796
1.0,4644.0,4644.0,0.0,7203,0.0,0.0,0.0,False,0.0
1.0,2855.0,2855.0,0.0,7204,0.0,0.0,0.0,False,0.0
1.0,2326.0,2326.0,0.0,7205,0.0,0.0,0.0,False,0.0
0.9999998807907104,4977.0,4977.0,0.0,7206,0.0,0.0,0.0,False,0.0
0.985407829284668,2933.0,2933.0,0.0,7207,0.0145921241492033,0.0,0.0,True,0.0145921241492033
1.0,4061.0,4061.0,0.0,7208,0.0,0.0,0.0,False,0.0
0.9999999403953552,2492.0,2492.0,0.0,7209,0.0,0.0,0.0,False,0.0
1.0,6136.0,6136.0,0.0,7210,0.0,0.0,0.0,False,0.0
1.0,4372.0,4372.0,0.0,7211,0.0,0.0,0.0,False,0.0
1.0,3139.0,3139.0,0.0,7212,0.0,0.0,0.0,False,0.0
0.9705986976623535,19.0,19.0,0.0,7213,0.029401356354355812,0.0,0.0,True,0.029401356354355812
1.0,1665.0,1665.0,0.0,7214,0.0,0.0,0.0,False,0.0
1.0,3245.0,3245.0,0.0,7215,0.0,0.0,0.0,False,0.0
1.0,6578.0,6578.0,0.0,7216,0.0,0.0,0.0,False,0.0
0.956437349319458,1746.0,1746.0,0.0,7217,0.043562691658735275,0.0,0.0,True,0.043562691658735275
1.0000001192092896,370.0,370.0,0.0,7218,0.0,0.0,0.0,False,0.0
1.0,369.0,369.0,0.0,7219,0.0,0.0,0.0,False,0.0
0.9900233745574951,448.0,448.0,0.0,7220,0.009976595640182495,0.0,0.0,True,0.009976595640182495
0.9728976488113403,6173.0,6173.0,0.0,7221,0.027102328836917877,0.0,0.0,True,0.027102328836917877
0.9689145684242249,2720.0,2720.0,0.0,7222,0.031085412949323654,0.0,0.0,True,0.031085412949323654
1.0,4830.0,4830.0,0.0,7223,0.0,0.0,0.0,False,0.0
0.9732452630996704,1.0,1.0,0.0,7224,0.026754647493362427,0.0,0.0,True,0.026754647493362427
0.9999999403953552,5355.0,5355.0,0.0,7225,0.0,0.0,0.0,False,0.0
0.9693864583969116,1.0,1.0,0.0,7226,0.03061353601515293,0.0,0.0,True,0.03061353601515293
1.0,5656.0,5656.0,0.0,7227,0.0,0.0,0.0,False,0.0
0.96880704164505,1202.0,1202.0,0.0,7228,0.031192954629659653,0.0,0.0,True,0.031192954629659653
0.9745248556137085,2200.0,2200.0,0.0,7229,0.025475164875388145,0.0,0.0,True,0.025475164875388145
0.9736425876617432,122.0,122.0,0.0,7230,0.026357460767030716,0.0,0.0,True,0.026357460767030716
0.9917113780975342,40.0,40.0,0.0,7231,0.008288605138659477,0.0,0.0,True,0.008288605138659477
0.9933071732521057,1890.0,1890.0,0.0,7232,0.006692808121442795,0.0,0.0,True,0.006692808121442795
0.9999999403953552,7133.0,7133.0,0.0,7233,0.0,0.0,0.0,False,0.0
0.9777494072914124,102.0,102.0,0.0,7234,0.022250531241297722,0.0,0.0,True,0.022250531241297722
0.9439992904663086,138.0,138.0,0.0,7235,0.05600081384181976,0.0,0.0,True,0.05600081384181976
0.9061477780342102,105.0,105.0,0.0,7236,0.09385218471288681,0.0,0.0,True,0.09385218471288681
1.0,1612.0,1612.0,0.0,7237,0.0,0.0,0.0,False,0.0
1.0,1085.0,1085.0,0.0,7238,0.0,0.0,0.0,False,0.0
1.0,248.0,248.0,0.0,7239,0.0,0.0,0.0,False,0.0
1.0,3075.0,3075.0,0.0,7240,0.0,0.0,0.0,False,0.0
1.0,6096.0,6096.0,0.0,7241,0.0,0.0,0.0,False,0.0
1.0,4652.0,4652.0,0.0,7242,0.0,0.0,0.0,False,0.0
0.9999999403953552,7572.0,7572.0,0.0,7243,0.0,0.0,0.0,False,0.0
1.0,69.0,69.0,0.0,7244,0.0,0.0,0.0,False,0.0
0.9846036434173584,5539.0,5539.0,0.0,7245,0.015396337024867535,0.0,0.0,True,0.015396337024867535
0.9699631929397583,1.0,1.0,0.0,7246,0.030036715790629387,0.0,0.0,True,0.030036715790629387
0.9999999403953552,89.0,89.0,0.0,7247,0.0,0.0,0.0,False,0.0
1.0,1912.0,1912.0,0.0,7248,0.0,0.0,0.0,False,0.0
0.953675389289856,4539.0,4539.0,0.0,7249,0.04632466658949852,0.0,0.0,True,0.04632466658949852
1.0,1564.0,1564.0,0.0,7250,0.0,0.0,0.0,False,0.0
1.0,447.0,447.0,0.0,7251,0.0,0.0,0.0,False,0.0
1.0,514.0,514.0,0.0,7252,0.0,0.0,0.0,False,0.0
0.9737827181816101,1.0,1.0,0.0,7253,0.02621721848845482,0.0,0.0,True,0.02621721848845482
1.0000001192092896,3308.0,3308.0,0.0,7254,0.0,0.0,0.0,False,0.0
1.0,775.0,775.0,0.0,7255,0.0,0.0,0.0,False,0.0
1.0,4035.0,4035.0,0.0,7256,0.0,0.0,0.0,False,0.0
0.9999999403953552,71.0,71.0,0.0,7257,0.0,0.0,0.0,False,0.0
1.0000001192092896,2653.0,2653.0,0.0,7258,0.0,0.0,0.0,False,0.0
1.0,4188.0,4188.0,0.0,7259,0.0,0.0,0.0,False,0.0
1.0,335.0,335.0,0.0,7260,0.0,0.0,0.0,False,0.0
0.9051918983459473,2199.0,2199.0,0.0,7261,0.09480811655521393,0.0,0.0,True,0.09480811655521393
1.0,2938.0,2938.0,0.0,7262,0.0,0.0,0.0,False,0.0
1.0,624.0,624.0,0.0,7263,0.0,0.0,0.0,False,0.0
0.9999999403953552,5621.0,5621.0,0.0,7264,0.0,0.0,0.0,False,0.0
0.9624636173248291,1.0,1.0,0.0,7265,0.03753634914755821,0.0,0.0,True,0.03753634914755821
1.0,137.0,137.0,0.0,7266,0.0,0.0,0.0,False,0.0
1.0,523.0,523.0,0.0,7267,0.0,0.0,0.0,False,0.0
0.9476321935653687,75.0,75.0,0.0,7268,0.05236785113811493,0.0,0.0,True,0.05236785113811493
0.9446370601654053,5950.0,5950.0,0.0,7269,0.055362947285175323,0.0,0.0,True,0.055362947285175323
0.9189491271972656,1.0,1.0,0.0,7270,0.08105093240737915,0.0,0.0,True,0.08105093240737915
0.9188181757926941,1.0,1.0,0.0,7271,0.0811818391084671,0.0,0.0,True,0.0811818391084671
0.9999999403953552,6303.0,6303.0,0.0,7272,0.0,0.0,0.0,False,0.0
1.0,313.0,313.0,0.0,7273,0.0,0.0,0.0,False,0.0
0.9508047103881836,414.0,414.0,0.0,7274,0.04919525608420372,0.0,0.0,True,0.04919525608420372
0.9771528244018555,5959.0,5959.0,0.0,7275,0.022847117856144905,0.0,0.0,True,0.022847117856144905
1.0,2496.0,2496.0,0.0,7276,0.0,0.0,0.0,False,0.0
1.0,12.0,12.0,0.0,7277,0.0,0.0,0.0,False,0.0
1.0,2726.0,2726.0,0.0,7278,0.0,0.0,0.0,False,0.0
0.9999999403953552,4330.0,4330.0,0.0,7279,0.0,0.0,0.0,False,0.0
1.0,3164.0,3164.0,0.0,7280,0.0,0.0,0.0,False,0.0
0.9824092984199524,1243.0,1243.0,0.0,7281,0.017590634524822235,0.0,0.0,True,0.017590634524822235
0.9999999403953552,1184.0,1184.0,0.0,7282,0.0,0.0,0.0,False,0.0
1.0000001192092896,6976.0,6976.0,0.0,7283,0.0,0.0,0.0,False,0.0
1.0000001192092896,168.0,168.0,0.0,7284,0.0,0.0,0.0,False,0.0
1.0,939.0,939.0,0.0,7285,0.0,0.0,0.0,False,0.0
0.956720232963562,5.0,5.0,0.0,7286,0.043279752135276794,0.0,0.0,True,0.043279752135276794
1.0,3664.0,3664.0,0.0,7287,0.0,0.0,0.0,False,0.0
0.9778903722763062,3291.0,3291.0,0.0,7288,0.02210955135524273,0.0,0.0,True,0.02210955135524273
1.0,4960.0,4960.0,0.0,7289,0.0,0.0,0.0,False,0.0
1.0,1212.0,1212.0,0.0,7290,0.0,0.0,0.0,False,0.0
1.0,4144.0,4144.0,0.0,7291,0.0,0.0,0.0,False,0.0
1.0000001192092896,265.0,265.0,0.0,7292,0.0,0.0,0.0,False,0.0
0.9323610067367554,1.0,1.0,0.0,7293,0.0676390677690506,0.0,0.0,True,0.0676390677690506
1.0,3603.0,3603.0,0.0,7294,0.0,0.0,0.0,False,0.0
0.9641929864883423,154.0,154.0,0.0,7295,0.03580699488520622,0.0,0.0,True,0.03580699488520622
1.0,2311.0,2311.0,0.0,7296,0.0,0.0,0.0,False,0.0
0.9376780986785889,3704.0,3704.0,0.0,7297,0.062321972101926804,0.0,0.0,True,0.062321972101926804
0.9999998807907104,3031.0,3031.0,0.0,7298,0.0,0.0,0.0,False,0.0
1.0,1775.0,1775.0,0.0,7299,0.0,0.0,0.0,False,0.0
1.0,5019.0,5019.0,0.0,7300,0.0,0.0,0.0,False,0.0
0.9866666793823242,1459.0,1459.0,0.0,7301,0.01333332248032093,0.0,0.0,True,0.01333332248032093
0.9999999403953552,7213.0,7213.0,0.0,7302,0.0,0.0,0.0,False,0.0
0.9368599653244019,1.0,1.0,0.0,7303,0.06314001977443695,0.0,0.0,True,0.06314001977443695
1.0,4409.0,4409.0,0.0,7304,0.0,0.0,0.0,False,0.0
1.0,5049.0,5049.0,0.0,7305,0.0,0.0,0.0,False,0.0
0.9925837516784668,2799.0,2799.0,0.0,7306,0.007416252046823502,0.0,0.0,True,0.007416252046823502
1.0,3998.0,3998.0,0.0,7307,0.0,0.0,0.0,False,0.0
1.0,274.0,274.0,0.0,7308,0.0,0.0,0.0,False,0.0
0.9555113911628723,1.0,1.0,0.0,7309,0.04448862373828888,0.0,0.0,True,0.04448862373828888
0.9889232516288757,4851.0,4851.0,0.0,7310,0.01107677910476923,0.0,0.0,True,0.01107677910476923
0.9210578203201294,20.0,20.0,0.0,7311,0.07894216477870941,0.0,0.0,True,0.07894216477870941
1.0,22.0,22.0,0.0,7312,0.0,0.0,0.0,False,0.0
1.0,3184.0,3184.0,0.0,7313,0.0,0.0,0.0,False,0.0
1.0,943.0,943.0,0.0,7314,0.0,0.0,0.0,False,0.0
1.0,838.0,838.0,0.0,7315,0.0,0.0,0.0,False,0.0
0.927834153175354,1.0,1.0,0.0,7316,0.07216587662696838,0.0,0.0,True,0.07216587662696838
0.9999999403953552,3186.0,3186.0,0.0,7317,0.0,0.0,0.0,False,0.0
1.0,7070.0,7070.0,0.0,7318,0.0,0.0,0.0,False,0.0
1.0,7064.0,7064.0,0.0,7319,0.0,0.0,0.0,False,0.0
0.9732933044433594,4111.0,4111.0,0.0,7320,0.026706736534833908,0.0,0.0,True,0.026706736534833908
1.0,518.0,518.0,0.0,7321,0.0,0.0,0.0,False,0.0
0.9999999403953552,4598.0,4598.0,0.0,7322,0.0,0.0,0.0,False,0.0
1.0,4491.0,4491.0,0.0,7323,0.0,0.0,0.0,False,0.0
0.9406074285507202,1.0,1.0,0.0,7324,0.05939263105392456,0.0,0.0,True,0.05939263105392456
0.971929669380188,1616.0,1616.0,0.0,7325,0.02807033807039261,0.0,0.0,True,0.02807033807039261
0.9885950088500977,268.0,268.0,0.0,7326,0.01140501070767641,0.0,0.0,True,0.01140501070767641
1.0,6503.0,6503.0,0.0,7327,0.0,0.0,0.0,False,0.0
1.0,415.0,415.0,0.0,7328,0.0,0.0,0.0,False,0.0
0.9617785811424255,1965.0,1965.0,0.0,7329,0.03822137415409088,0.0,0.0,True,0.03822137415409088
0.9999999403953552,1368.0,1368.0,0.0,7330,0.0,0.0,0.0,False,0.0
1.0,1523.0,1523.0,0.0,7331,0.0,0.0,0.0,False,0.0
1.0,7096.0,7096.0,0.0,7332,0.0,0.0,0.0,False,0.0
0.9999999403953552,6832.0,6832.0,0.0,7333,0.0,0.0,0.0,False,0.0
0.9999998807907104,5591.0,5591.0,0.0,7334,0.0,0.0,0.0,False,0.0
1.0,3797.0,3797.0,0.0,7335,0.0,0.0,0.0,False,0.0
0.9651260375976562,649.0,649.0,0.0,7336,0.03487391024827957,0.0,0.0,True,0.03487391024827957
1.0,264.0,264.0,0.0,7337,0.0,0.0,0.0,False,0.0
0.9999999403953552,4586.0,4586.0,0.0,7338,0.0,0.0,0.0,False,0.0
0.9746265411376953,2539.0,2539.0,0.0,7339,0.025373419746756554,0.0,0.0,True,0.025373419746756554
0.9999998807907104,269.0,269.0,0.0,7340,0.0,0.0,0.0,False,0.0
1.0000001192092896,4490.0,4490.0,0.0,7341,0.0,0.0,0.0,False,0.0
1.0,5831.0,5831.0,0.0,7342,0.0,0.0,0.0,False,0.0
0.9346073865890503,1.0,1.0,0.0,7343,0.06539256870746613,0.0,0.0,True,0.06539256870746613
0.9742366075515747,5934.0,5934.0,0.0,7344,0.025763442739844322,0.0,0.0,True,0.025763442739844322
0.958337664604187,900.0,900.0,0.0,7345,0.04166237637400627,0.0,0.0,True,0.04166237637400627
0.9678610563278198,1945.0,1945.0,0.0,7346,0.032138947397470474,0.0,0.0,True,0.032138947397470474
1.0,4768.0,4768.0,0.0,7347,0.0,0.0,0.0,False,0.0
0.9999999403953552,474.0,474.0,0.0,7348,0.0,0.0,0.0,False,0.0
0.9409378170967102,1.0,1.0,0.0,7349,0.059062179177999496,0.0,0.0,True,0.059062179177999496
1.0,2266.0,2266.0,0.0,7350,0.0,0.0,0.0,False,0.0
1.0,2369.0,2369.0,0.0,7351,0.0,0.0,0.0,False,0.0
0.9949619770050049,75.0,75.0,0.0,7352,0.0050379205495119095,0.0,0.0,True,0.0050379205495119095
0.9481459259986877,1.0,1.0,0.0,7353,0.051854025572538376,0.0,0.0,True,0.051854025572538376
1.0,2780.0,2780.0,0.0,7354,0.0,0.0,0.0,False,0.0
0.9677156209945679,1172.0,1172.0,0.0,7355,0.032284483313560486,0.0,0.0,True,0.032284483313560486
0.9393652677536011,1.0,1.0,0.0,7356,0.060634683817625046,0.0,0.0,True,0.060634683817625046
1.0,6714.0,6714.0,0.0,7357,0.0,0.0,0.0,False,0.0
0.9999999403953552,4815.0,4815.0,0.0,7358,0.0,0.0,0.0,False,0.0
1.0,1462.0,1462.0,0.0,7359,0.0,0.0,0.0,False,0.0
1.0,720.0,720.0,0.0,7360,0.0,0.0,0.0,False,0.0
0.9737960696220398,5988.0,5988.0,0.0,7361,0.026203995570540428,0.0,0.0,True,0.026203995570540428
0.9999999403953552,1062.0,1062.0,0.0,7362,0.0,0.0,0.0,False,0.0
1.0,4251.0,4251.0,0.0,7363,0.0,0.0,0.0,False,0.0
1.0,5421.0,5421.0,0.0,7364,0.0,0.0,0.0,False,0.0
0.98000568151474,86.0,86.0,0.0,7365,0.019994229078292847,0.0,0.0,True,0.019994229078292847
0.9619040489196777,1791.0,1791.0,0.0,7366,0.038095928728580475,0.0,0.0,True,0.038095928728580475
1.0,2942.0,2942.0,0.0,7367,0.0,0.0,0.0,False,0.0
1.0,2030.0,2030.0,0.0,7368,0.0,0.0,0.0,False,0.0
0.967251718044281,2011.0,2011.0,0.0,7369,0.03274831175804138,0.0,0.0,True,0.03274831175804138
0.9999999403953552,6310.0,6310.0,0.0,7370,0.0,0.0,0.0,False,0.0
1.0,4858.0,4858.0,0.0,7371,0.0,0.0,0.0,False,0.0
0.9645717740058899,6753.0,6753.0,0.0,7372,0.0354282483458519,0.0,0.0,True,0.0354282483458519
1.0,4687.0,4687.0,0.0,7373,0.0,0.0,0.0,False,0.0
1.0,1494.0,1494.0,0.0,7374,0.0,0.0,0.0,False,0.0
0.9999998807907104,3102.0,3102.0,0.0,7375,0.0,0.0,0.0,False,0.0
0.9830823540687561,5990.0,5990.0,0.0,7376,0.016917714849114418,0.0,0.0,True,0.016917714849114418
1.0,897.0,897.0,0.0,7377,0.0,0.0,0.0,False,0.0
0.9700533747673035,919.0,919.0,0.0,7378,0.02994665689766407,0.0,0.0,True,0.02994665689766407
0.9810945987701416,191.0,191.0,0.0,7379,0.018905382603406906,0.0,0.0,True,0.018905382603406906
1.0,2.0,2.0,0.0,7380,0.0,0.0,0.0,False,0.0
0.9999999403953552,2957.0,2957.0,0.0,7381,0.0,0.0,0.0,False,0.0
0.9877917766571045,2.0,2.0,0.0,7382,0.012208138592541218,0.0,0.0,True,0.012208138592541218
1.0,1051.0,1051.0,0.0,7383,0.0,0.0,0.0,False,0.0
0.9440822005271912,1.0,1.0,0.0,7384,0.055917784571647644,0.0,0.0,True,0.055917784571647644
1.0,4299.0,4299.0,0.0,7385,0.0,0.0,0.0,False,0.0
1.0,4648.0,4648.0,0.0,7386,0.0,0.0,0.0,False,0.0
0.9999998807907104,6340.0,6340.0,0.0,7387,0.0,0.0,0.0,False,0.0
1.0,1733.0,1733.0,0.0,7388,0.0,0.0,0.0,False,0.0
1.0000001192092896,4703.0,4703.0,0.0,7389,0.0,0.0,0.0,False,0.0
0.9999998807907104,2419.0,2419.0,0.0,7390,0.0,0.0,0.0,False,0.0
0.9999998807907104,794.0,794.0,0.0,7391,0.0,0.0,0.0,False,0.0
1.0000001192092896,176.0,176.0,0.0,7392,0.0,0.0,0.0,False,0.0
1.0,304.0,304.0,0.0,7393,0.0,0.0,0.0,False,0.0
0.9999999403953552,622.0,622.0,0.0,7394,0.0,0.0,0.0,False,0.0
0.9999998807907104,6822.0,6822.0,0.0,7395,0.0,0.0,0.0,False,0.0
0.9825139045715332,19.0,19.0,0.0,7396,0.017486050724983215,0.0,0.0,True,0.017486050724983215
1.0,161.0,161.0,0.0,7397,0.0,0.0,0.0,False,0.0
0.9999999403953552,4609.0,4609.0,0.0,7398,0.0,0.0,0.0,False,0.0
1.0,2728.0,2728.0,0.0,7399,0.0,0.0,0.0,False,0.0
0.9809554815292358,5862.0,5862.0,0.0,7400,0.019044576212763786,0.0,0.0,True,0.019044576212763786
1.0,7031.0,7031.0,0.0,7401,0.0,0.0,0.0,False,0.0
0.969819188117981,1.0,1.0,0.0,7402,0.03018096089363098,0.0,0.0,True,0.03018096089363098
0.9898635149002075,1969.0,1969.0,0.0,7403,0.010136572644114494,0.0,0.0,True,0.010136572644114494
0.9736509919166565,733.0,733.0,0.0,7404,0.026348993182182312,0.0,0.0,True,0.026348993182182312
0.9773675799369812,1461.0,1461.0,0.0,7405,0.022632384672760963,0.0,0.0,True,0.022632384672760963
1.0,851.0,851.0,0.0,7406,0.0,0.0,0.0,False,0.0
0.9999998807907104,2944.0,2944.0,0.0,7407,0.0,0.0,0.0,False,0.0
1.0,7590.0,7590.0,0.0,7408,0.0,0.0,0.0,False,0.0
0.9999999403953552,1853.0,1853.0,0.0,7409,0.0,0.0,0.0,False,0.0
1.0,31.0,31.0,0.0,7410,0.0,0.0,0.0,False,0.0
1.0,3345.0,3345.0,0.0,7411,0.0,0.0,0.0,False,0.0
0.9852508306503296,4.0,4.0,0.0,7412,0.014749189838767052,0.0,0.0,True,0.014749189838767052
1.0,1586.0,1586.0,0.0,7413,0.0,0.0,0.0,False,0.0
1.0000001192092896,4715.0,4715.0,0.0,7414,0.0,0.0,0.0,False,0.0
0.9634223580360413,516.0,516.0,0.0,7415,0.03657769039273262,0.0,0.0,True,0.03657769039273262
0.9699862003326416,127.0,127.0,0.0,7416,0.030013715848326683,0.0,0.0,True,0.030013715848326683
0.9819725751876831,1.0,1.0,0.0,7417,0.018027465790510178,0.0,0.0,True,0.018027465790510178
0.9745955467224121,611.0,611.0,0.0,7418,0.02540433779358864,0.0,0.0,True,0.02540433779358864
0.972498893737793,4721.0,4721.0,0.0,7419,0.027501076459884644,0.0,0.0,True,0.027501076459884644
1.0,2955.0,2955.0,0.0,7420,0.0,0.0,0.0,False,0.0
1.0,1664.0,1664.0,0.0,7421,0.0,0.0,0.0,False,0.0
1.0,7611.0,7611.0,0.0,7422,0.0,0.0,0.0,False,0.0
1.0,2992.0,2992.0,0.0,7423,0.0,0.0,0.0,False,0.0
1.0,6174.0,6174.0,0.0,7424,0.0,0.0,0.0,False,0.0
1.0,3377.0,3377.0,0.0,7425,0.0,0.0,0.0,False,0.0
1.0,3558.0,3558.0,0.0,7426,0.0,0.0,0.0,False,0.0
1.0,4318.0,4318.0,0.0,7427,0.0,0.0,0.0,False,0.0
1.0,116.0,116.0,0.0,7428,0.0,0.0,0.0,False,0.0
0.9999999403953552,4841.0,4841.0,0.0,7429,0.0,0.0,0.0,False,0.0
1.0,4741.0,4741.0,0.0,7430,0.0,0.0,0.0,False,0.0
1.0,1112.0,1112.0,0.0,7431,0.0,0.0,0.0,False,0.0
0.9367311000823975,383.0,383.0,0.0,7432,0.06326888501644135,0.0,0.0,True,0.06326888501644135
1.0000001192092896,4568.0,4568.0,0.0,7433,0.0,0.0,0.0,False,0.0
0.9999999403953552,2825.0,2825.0,0.0,7434,0.0,0.0,0.0,False,0.0
0.9748927354812622,33.0,33.0,0.0,7435,0.02510720305144787,0.0,0.0,True,0.02510720305144787
1.0,1288.0,1288.0,0.0,7436,0.0,0.0,0.0,False,0.0
0.9920781850814819,2757.0,2757.0,0.0,7437,0.007921740412712097,0.0,0.0,True,0.007921740412712097
0.9646819829940796,1.0,1.0,0.0,7438,0.03531809151172638,0.0,0.0,True,0.03531809151172638
0.9561029672622681,3.0,3.0,0.0,7439,0.04389708489179611,0.0,0.0,True,0.04389708489179611
1.0,40.0,40.0,0.0,7440,0.0,0.0,0.0,False,0.0
1.0,3702.0,3702.0,0.0,7441,0.0,0.0,0.0,False,0.0
0.9805870056152344,3409.0,3409.0,0.0,7442,0.019413059577345848,0.0,0.0,True,0.019413059577345848
0.9808226227760315,2680.0,2680.0,0.0,7443,0.019177375361323357,0.0,0.0,True,0.019177375361323357
0.9645401239395142,2411.0,2411.0,0.0,7444,0.03545983135700226,0.0,0.0,True,0.03545983135700226
1.0,180.0,180.0,0.0,7445,0.0,0.0,0.0,False,0.0
0.9746003150939941,2610.0,2610.0,0.0,7446,0.025399718433618546,0.0,0.0,True,0.025399718433618546
1.0,5544.0,5544.0,0.0,7447,0.0,0.0,0.0,False,0.0
0.9826996922492981,987.0,987.0,0.0,7448,0.017300337553024292,0.0,0.0,True,0.017300337553024292
1.0,4178.0,4178.0,0.0,7449,0.0,0.0,0.0,False,0.0
1.0,2861.0,2861.0,0.0,7450,0.0,0.0,0.0,False,0.0
1.0,5236.0,5236.0,0.0,7451,0.0,0.0,0.0,False,0.0
0.996086061000824,1008.0,1008.0,0.0,7452,0.0039139362052083015,0.0,0.0,True,0.0039139362052083015
0.9548470377922058,1.0,1.0,0.0,7453,0.0451529398560524,0.0,0.0,True,0.0451529398560524
0.9999999403953552,1210.0,1210.0,0.0,7454,0.0,0.0,0.0,False,0.0
0.9793097972869873,235.0,235.0,0.0,7455,0.020690182223916054,0.0,0.0,True,0.020690182223916054
0.9999999403953552,509.0,509.0,0.0,7456,0.0,0.0,0.0,False,0.0
0.9789719581604004,5362.0,5362.0,0.0,7457,0.021028131246566772,0.0,0.0,True,0.021028131246566772
1.0,268.0,268.0,0.0,7458,0.0,0.0,0.0,False,0.0
0.9585437774658203,7464.0,7464.0,0.0,7459,0.041456207633018494,0.0,0.0,True,0.041456207633018494
0.9999999403953552,5720.0,5720.0,0.0,7460,0.0,0.0,0.0,False,0.0
0.9929914474487305,1768.0,1768.0,0.0,7461,0.00700849574059248,0.0,0.0,True,0.00700849574059248
1.0000001192092896,739.0,739.0,0.0,7462,0.0,0.0,0.0,False,0.0
0.9999998807907104,2646.0,2646.0,0.0,7463,0.0,0.0,0.0,False,0.0
0.9910117387771606,1754.0,1754.0,0.0,7464,0.008988241665065289,0.0,0.0,True,0.008988241665065289
1.0,3114.0,3114.0,0.0,7465,0.0,0.0,0.0,False,0.0
0.9999999403953552,6376.0,6376.0,0.0,7466,0.0,0.0,0.0,False,0.0
1.0,5945.0,5945.0,0.0,7467,0.0,0.0,0.0,False,0.0
1.0,1361.0,1361.0,0.0,7468,0.0,0.0,0.0,False,0.0
1.0,1110.0,1110.0,0.0,7469,0.0,0.0,0.0,False,0.0
1.0,6553.0,6553.0,0.0,7470,0.0,0.0,0.0,False,0.0
1.0,790.0,790.0,0.0,7471,0.0,0.0,0.0,False,0.0
1.0,2723.0,2723.0,0.0,7472,0.0,0.0,0.0,False,0.0
1.0,4880.0,4880.0,0.0,7473,0.0,0.0,0.0,False,0.0
0.9819902181625366,867.0,867.0,0.0,7474,0.018009770661592484,0.0,0.0,True,0.018009770661592484
1.0,1766.0,1766.0,0.0,7475,0.0,0.0,0.0,False,0.0
0.9999999403953552,4745.0,4745.0,0.0,7476,0.0,0.0,0.0,False,0.0
1.0,1764.0,1764.0,0.0,7477,0.0,0.0,0.0,False,0.0
0.95842444896698,5612.0,5612.0,0.0,7478,0.041575610637664795,0.0,0.0,True,0.041575610637664795
1.0,498.0,498.0,0.0,7479,0.0,0.0,0.0,False,0.0
1.0,759.0,759.0,0.0,7480,0.0,0.0,0.0,False,0.0
0.9700954556465149,209.0,209.0,0.0,7481,0.029904484748840332,0.0,0.0,True,0.029904484748840332
1.0000001192092896,5622.0,5622.0,0.0,7482,0.0,0.0,0.0,False,0.0
1.0,5985.0,5985.0,0.0,7483,0.0,0.0,0.0,False,0.0
1.0,2491.0,2491.0,0.0,7484,0.0,0.0,0.0,False,0.0
0.9685240983963013,870.0,870.0,0.0,7485,0.031475890427827835,0.0,0.0,True,0.031475890427827835
1.0,804.0,804.0,0.0,7486,0.0,0.0,0.0,False,0.0
1.0000001192092896,7434.0,7434.0,0.0,7487,0.0,0.0,0.0,False,0.0
1.0,941.0,941.0,0.0,7488,0.0,0.0,0.0,False,0.0
0.96748948097229,283.0,283.0,0.0,7489,0.03251048922538757,0.0,0.0,True,0.03251048922538757
0.9485564231872559,540.0,540.0,0.0,7490,0.05144357308745384,0.0,0.0,True,0.05144357308745384
1.0,2292.0,2292.0,0.0,7491,0.0,0.0,0.0,False,0.0
1.0,3410.0,3410.0,0.0,7492,0.0,0.0,0.0,False,0.0
1.0,1096.0,1096.0,0.0,7493,0.0,0.0,0.0,False,0.0
0.9999999403953552,5013.0,5013.0,0.0,7494,0.0,0.0,0.0,False,0.0
0.9899685978889465,1.0,1.0,0.0,7495,0.010031432844698429,0.0,0.0,True,0.010031432844698429
1.0,645.0,645.0,0.0,7496,0.0,0.0,0.0,False,0.0
0.9249144792556763,1313.0,1313.0,0.0,7497,0.07508557289838791,0.0,0.0,True,0.07508557289838791
1.0,291.0,291.0,0.0,7498,0.0,0.0,0.0,False,0.0
0.9999998807907104,5094.0,5094.0,0.0,7499,0.0,0.0,0.0,False,0.0
0.9999998807907104,5631.0,5631.0,0.0,7500,0.0,0.0,0.0,False,0.0
1.0,1340.0,1340.0,0.0,7501,0.0,0.0,0.0,False,0.0
1.0,939.0,939.0,0.0,7502,0.0,0.0,0.0,False,0.0
0.9884097576141357,4563.0,4563.0,0.0,7503,0.011590319685637951,0.0,0.0,True,0.011590319685637951
1.0,7139.0,7139.0,0.0,7504,0.0,0.0,0.0,False,0.0
0.9999999403953552,3259.0,3259.0,0.0,7505,0.0,0.0,0.0,False,0.0
0.9999998807907104,1440.0,1440.0,0.0,7506,0.0,0.0,0.0,False,0.0
1.0,4355.0,4355.0,0.0,7507,0.0,0.0,0.0,False,0.0
1.0,470.0,470.0,0.0,7508,0.0,0.0,0.0,False,0.0
0.9999999403953552,114.0,114.0,0.0,7509,0.0,0.0,0.0,False,0.0
1.0,3951.0,3951.0,0.0,7510,0.0,0.0,0.0,False,0.0
1.0,6015.0,6015.0,0.0,7511,0.0,0.0,0.0,False,0.0
0.984637975692749,478.0,478.0,0.0,7512,0.015361878089606762,0.0,0.0,True,0.015361878089606762
0.9854055643081665,2041.0,2041.0,0.0,7513,0.014594466425478458,0.0,0.0,True,0.014594466425478458
1.0,586.0,586.0,0.0,7514,0.0,0.0,0.0,False,0.0
1.0,1367.0,1367.0,0.0,7515,0.0,0.0,0.0,False,0.0
1.0,397.0,397.0,0.0,7516,0.0,0.0,0.0,False,0.0
0.9658422470092773,90.0,90.0,0.0,7517,0.03415776789188385,0.0,0.0,True,0.03415776789188385
1.0,3215.0,3215.0,0.0,7518,0.0,0.0,0.0,False,0.0
1.0,4327.0,4327.0,0.0,7519,0.0,0.0,0.0,False,0.0
1.0,4251.0,4251.0,0.0,7520,0.0,0.0,0.0,False,0.0
1.0,1827.0,1827.0,0.0,7521,0.0,0.0,0.0,False,0.0
1.0,5501.0,5501.0,0.0,7522,0.0,0.0,0.0,False,0.0
1.0,2785.0,2785.0,0.0,7523,0.0,0.0,0.0,False,0.0
1.0,464.0,464.0,0.0,7524,0.0,0.0,0.0,False,0.0
0.9942852258682251,1.0,1.0,0.0,7525,0.00571461021900177,0.0,0.0,True,0.00571461021900177
1.0000001192092896,6829.0,6829.0,0.0,7526,0.0,0.0,0.0,False,0.0
1.0,2349.0,2349.0,0.0,7527,0.0,0.0,0.0,False,0.0
0.9865977764129639,1.0,1.0,0.0,7528,0.013402348384261131,0.0,0.0,True,0.013402348384261131
0.9999999403953552,7341.0,7341.0,0.0,7529,0.0,0.0,0.0,False,0.0
1.0,872.0,872.0,0.0,7530,0.0,0.0,0.0,False,0.0
1.0,4828.0,4828.0,0.0,7531,0.0,0.0,0.0,False,0.0
1.0,1167.0,1167.0,0.0,7532,0.0,0.0,0.0,False,0.0
0.9999998807907104,3963.0,3963.0,0.0,7533,0.0,0.0,0.0,False,0.0
1.0000001192092896,165.0,165.0,0.0,7534,0.0,0.0,0.0,False,0.0
0.9669068455696106,3476.0,3476.0,0.0,7535,0.03309322148561478,0.0,0.0,True,0.03309322148561478
1.0,3462.0,3462.0,0.0,7536,0.0,0.0,0.0,False,0.0
0.9872164726257324,3000.0,3000.0,0.0,7537,0.012783555313944817,0.0,0.0,True,0.012783555313944817
1.0000001192092896,4944.0,4944.0,0.0,7538,0.0,0.0,0.0,False,0.0
0.9848319888114929,1.0,1.0,0.0,7539,0.01516803726553917,0.0,0.0,True,0.01516803726553917
0.9846498370170593,1.0,1.0,0.0,7540,0.015350133180618286,0.0,0.0,True,0.015350133180618286
1.0,2998.0,2998.0,0.0,7541,0.0,0.0,0.0,False,0.0
0.9673724174499512,3800.0,3800.0,0.0,7542,0.032627493143081665,0.0,0.0,True,0.032627493143081665
1.0,4525.0,4525.0,0.0,7543,0.0,0.0,0.0,False,0.0
0.9446645379066467,1818.0,1818.0,0.0,7544,0.05533536151051521,0.0,0.0,True,0.05533536151051521
0.9999998807907104,1240.0,1240.0,0.0,7545,0.0,0.0,0.0,False,0.0
1.0,1458.0,1458.0,0.0,7546,0.0,0.0,0.0,False,0.0
1.0,980.0,980.0,0.0,7547,0.0,0.0,0.0,False,0.0
1.0,1181.0,1181.0,0.0,7548,0.0,0.0,0.0,False,0.0
1.0,2940.0,2940.0,0.0,7549,0.0,0.0,0.0,False,0.0
1.0,3753.0,3753.0,0.0,7550,0.0,0.0,0.0,False,0.0
0.9777546525001526,5712.0,5712.0,0.0,7551,0.0222453773021698,0.0,0.0,True,0.0222453773021698
0.9884288311004639,3758.0,3758.0,0.0,7552,0.011571175418794155,0.0,0.0,True,0.011571175418794155
0.9999999403953552,2895.0,2895.0,0.0,7553,0.0,0.0,0.0,False,0.0
0.9999998807907104,414.0,414.0,0.0,7554,0.0,0.0,0.0,False,0.0
0.9914085865020752,1090.0,1090.0,0.0,7555,0.008591482415795326,0.0,0.0,True,0.008591482415795326
1.0,6641.0,6641.0,0.0,7556,0.0,0.0,0.0,False,0.0
0.9999999403953552,170.0,170.0,0.0,7557,0.0,0.0,0.0,False,0.0
0.9999999403953552,7195.0,7195.0,0.0,7558,0.0,0.0,0.0,False,0.0
1.0,6012.0,6012.0,0.0,7559,0.0,0.0,0.0,False,0.0
0.9797382950782776,2.0,2.0,0.0,7560,0.020261671394109726,0.0,0.0,True,0.020261671394109726
1.0,2118.0,2118.0,0.0,7561,0.0,0.0,0.0,False,0.0
0.9999999403953552,1333.0,1333.0,0.0,7562,0.0,0.0,0.0,False,0.0
1.0,5518.0,5518.0,0.0,7563,0.0,0.0,0.0,False,0.0
0.9999999403953552,2763.0,2763.0,0.0,7564,0.0,0.0,0.0,False,0.0
0.9763422012329102,1.0,1.0,0.0,7565,0.02365780621767044,0.0,0.0,True,0.02365780621767044
0.9999999403953552,2850.0,2850.0,0.0,7566,0.0,0.0,0.0,False,0.0
0.9602166414260864,41.0,41.0,0.0,7567,0.0397832915186882,0.0,0.0,True,0.0397832915186882
0.9639541506767273,6081.0,6081.0,0.0,7568,0.036045871675014496,0.0,0.0,True,0.036045871675014496
0.94386887550354,1.0,1.0,0.0,7569,0.05613114684820175,0.0,0.0,True,0.05613114684820175
1.0,7099.0,7099.0,0.0,7570,0.0,0.0,0.0,False,0.0
0.9748254418373108,2684.0,2684.0,0.0,7571,0.025174546986818314,0.0,0.0,True,0.025174546986818314
1.0,1324.0,1324.0,0.0,7572,0.0,0.0,0.0,False,0.0
1.0,1022.0,1022.0,0.0,7573,0.0,0.0,0.0,False,0.0
0.9999999403953552,2286.0,2286.0,0.0,7574,0.0,0.0,0.0,False,0.0
1.0000001192092896,2844.0,2844.0,0.0,7575,0.0,0.0,0.0,False,0.0
1.0,5477.0,5477.0,0.0,7576,0.0,0.0,0.0,False,0.0
0.9729341864585876,671.0,671.0,0.0,7577,0.027065807953476906,0.0,0.0,True,0.027065807953476906
1.0,2112.0,2112.0,0.0,7578,0.0,0.0,0.0,False,0.0
0.9384583830833435,1.0,1.0,0.0,7579,0.06154170632362366,0.0,0.0,True,0.06154170632362366
1.0,4019.0,4019.0,0.0,7580,0.0,0.0,0.0,False,0.0
0.9895349740982056,36.0,36.0,0.0,7581,0.010464967228472233,0.0,0.0,True,0.010464967228472233
1.0,3950.0,3950.0,0.0,7582,0.0,0.0,0.0,False,0.0
0.9764122366905212,921.0,921.0,0.0,7583,0.023587824776768684,0.0,0.0,True,0.023587824776768684
1.0,3158.0,3158.0,0.0,7584,0.0,0.0,0.0,False,0.0
0.9713526964187622,1551.0,1551.0,0.0,7585,0.028647400438785553,0.0,0.0,True,0.028647400438785553
1.0,2716.0,2716.0,0.0,7586,0.0,0.0,0.0,False,0.0
1.0,2588.0,2588.0,0.0,7587,0.0,0.0,0.0,False,0.0
1.0,3.0,3.0,0.0,7588,0.0,0.0,0.0,False,0.0
1.0,2086.0,2086.0,0.0,7589,0.0,0.0,0.0,False,0.0
1.0,2333.0,2333.0,0.0,7590,0.0,0.0,0.0,False,0.0
0.9999999403953552,3811.0,3811.0,0.0,7591,0.0,0.0,0.0,False,0.0
0.9999999403953552,4877.0,4877.0,0.0,7592,0.0,0.0,0.0,False,0.0
0.9590660333633423,1170.0,1170.0,0.0,7593,0.04093387722969055,0.0,0.0,True,0.04093387722969055
1.0,3.0,3.0,0.0,7594,0.0,0.0,0.0,False,0.0
0.95566725730896,1.0,1.0,0.0,7595,0.04433270916342735,0.0,0.0,True,0.04433270916342735
0.9382995367050171,1.0,1.0,0.0,7596,0.06170037388801575,0.0,0.0,True,0.06170037388801575
0.9373676776885986,2696.0,2696.0,0.0,7597,0.06263232976198196,0.0,0.0,True,0.06263232976198196
0.9777116775512695,4246.0,4246.0,0.0,7598,0.02228829823434353,0.0,0.0,True,0.02228829823434353
1.0,8.0,8.0,0.0,7599,0.0,0.0,0.0,False,0.0
1.0,213.0,213.0,0.0,7600,0.0,0.0,0.0,False,0.0
1.0,6597.0,6597.0,0.0,7601,0.0,0.0,0.0,False,0.0
0.9890406131744385,1136.0,1136.0,0.0,7602,0.010959370993077755,0.0,0.0,True,0.010959370993077755
0.968134880065918,5780.0,5780.0,0.0,7603,0.031865112483501434,0.0,0.0,True,0.031865112483501434
1.0000001192092896,6573.0,6573.0,0.0,7604,0.0,0.0,0.0,False,0.0
1.0,293.0,293.0,0.0,7605,0.0,0.0,0.0,False,0.0
1.0,1958.0,1958.0,0.0,7606,0.0,0.0,0.0,False,0.0
0.9999999403953552,103.0,103.0,0.0,7607,0.0,0.0,0.0,False,0.0
0.9866291284561157,1670.0,1670.0,0.0,7608,0.013370849192142487,0.0,0.0,True,0.013370849192142487
0.9871463775634766,2455.0,2455.0,0.0,7609,0.012853528372943401,0.0,0.0,True,0.012853528372943401
1.0000001192092896,3694.0,3694.0,0.0,7610,0.0,0.0,0.0,False,0.0
1.0,4701.0,4701.0,0.0,7611,0.0,0.0,0.0,False,0.0
1.0,7079.0,7079.0,0.0,7612,0.0,0.0,0.0,False,0.0
1.0,513.0,513.0,0.0,7613,0.0,0.0,0.0,False,0.0
1.0,553.0,553.0,0.0,7614,0.0,0.0,0.0,False,0.0
0.9999998807907104,5215.0,5215.0,0.0,7615,0.0,0.0,0.0,False,0.0
1.0,6512.0,6512.0,0.0,7616,0.0,0.0,0.0,False,0.0
0.9700660705566406,6158.0,6158.0,0.0,7617,0.029933936893939972,0.0,0.0,True,0.029933936893939972
0.9795562028884888,166.0,166.0,0.0,7618,0.020443743094801903,0.0,0.0,True,0.020443743094801903
0.9613543748855591,1.0,1.0,0.0,7619,0.03864555060863495,0.0,0.0,True,0.03864555060863495
1.0,1113.0,1113.0,0.0,7620,0.0,0.0,0.0,False,0.0
1.0,105.0,105.0,0.0,7621,0.0,0.0,0.0,False,0.0
0.9876324534416199,522.0,522.0,0.0,7622,0.01236747857183218,0.0,0.0,True,0.01236747857183218
0.9599452614784241,7357.0,7357.0,0.0,7623,0.04005474969744682,0.0,0.0,True,0.04005474969744682
1.0,2325.0,2325.0,0.0,7624,0.0,0.0,0.0,False,0.0
0.9594448804855347,44.0,44.0,0.0,7625,0.040555164217948914,0.0,0.0,True,0.040555164217948914
0.9584594964981079,1.0,1.0,0.0,7626,0.041540518403053284,0.0,0.0,True,0.041540518403053284
0.980362057685852,2344.0,2344.0,0.0,7627,0.019637921825051308,0.0,0.0,True,0.019637921825051308
0.9516487121582031,3628.0,3628.0,0.0,7628,0.04835124313831329,0.0,0.0,True,0.04835124313831329
0.9636828899383545,1.0,1.0,0.0,7629,0.03631716966629028,0.0,0.0,True,0.03631716966629028
1.0,595.0,595.0,0.0,7630,0.0,0.0,0.0,False,0.0
0.9628745317459106,1.0,1.0,0.0,7631,0.037125445902347565,0.0,0.0,True,0.037125445902347565
0.9794859290122986,3482.0,3482.0,0.0,7632,0.020514080300927162,0.0,0.0,True,0.020514080300927162
1.0,1199.0,1199.0,0.0,7633,0.0,0.0,0.0,False,0.0
0.962622880935669,6147.0,6147.0,0.0,7634,0.03737713769078255,0.0,0.0,True,0.03737713769078255
0.9316361546516418,3248.0,3248.0,0.0,7635,0.06836378574371338,0.0,0.0,True,0.06836378574371338
1.0,438.0,438.0,0.0,7636,0.0,0.0,0.0,False,0.0
0.9385716915130615,2.0,2.0,0.0,7637,0.06142835319042206,0.0,0.0,True,0.06142835319042206
0.932755708694458,1153.0,1153.0,0.0,7638,0.06724430620670319,0.0,0.0,True,0.06724430620670319
0.9999999403953552,190.0,190.0,0.0,7639,0.0,0.0,0.0,False,0.0
1.0,121.0,121.0,0.0,7640,0.0,0.0,0.0,False,0.0
0.9999999403953552,3520.0,3520.0,0.0,7641,0.0,0.0,0.0,False,0.0
1.0,3601.0,3601.0,0.0,7642,0.0,0.0,0.0,False,0.0
0.9350507855415344,1.0,1.0,0.0,7643,0.06494919955730438,0.0,0.0,True,0.06494919955730438
1.0,3382.0,3382.0,0.0,7644,0.0,0.0,0.0,False,0.0
0.9999998807907104,5959.0,5959.0,0.0,7645,0.0,0.0,0.0,False,0.0
1.0,116.0,116.0,0.0,7646,0.0,0.0,0.0,False,0.0
0.9610084295272827,1.0,1.0,0.0,7647,0.038991574198007584,0.0,0.0,True,0.038991574198007584
1.0,3418.0,3418.0,0.0,7648,0.0,0.0,0.0,False,0.0
0.9728684425354004,5342.0,5342.0,0.0,7649,0.027131572365760803,0.0,0.0,True,0.027131572365760803
1.0,3409.0,3409.0,0.0,7650,0.0,0.0,0.0,False,0.0
0.9999999403953552,904.0,904.0,0.0,7651,0.0,0.0,0.0,False,0.0
0.9794131517410278,434.0,434.0,0.0,7652,0.02058682031929493,0.0,0.0,True,0.02058682031929493
0.9625916481018066,3805.0,3805.0,0.0,7653,0.037408314645290375,0.0,0.0,True,0.037408314645290375
1.0,6505.0,6505.0,0.0,7654,0.0,0.0,0.0,False,0.0
0.9999999403953552,3299.0,3299.0,0.0,7655,0.0,0.0,0.0,False,0.0
1.0,6951.0,6951.0,0.0,7656,0.0,0.0,0.0,False,0.0
0.9999998807907104,5819.0,5819.0,0.0,7657,0.0,0.0,0.0,False,0.0
0.9999999403953552,5469.0,5469.0,0.0,7658,0.0,0.0,0.0,False,0.0
0.9680966138839722,4994.0,4994.0,0.0,7659,0.0319034568965435,0.0,0.0,True,0.0319034568965435
0.9999999403953552,4049.0,4049.0,0.0,7660,0.0,0.0,0.0,False,0.0
1.0,991.0,991.0,0.0,7661,0.0,0.0,0.0,False,0.0
1.0,4700.0,4700.0,0.0,7662,0.0,0.0,0.0,False,0.0
1.0,1973.0,1973.0,0.0,7663,0.0,0.0,0.0,False,0.0
1.0,1135.0,1135.0,0.0,7664,0.0,0.0,0.0,False,0.0
1.0,1809.0,1809.0,0.0,7665,0.0,0.0,0.0,False,0.0
1.0,439.0,439.0,0.0,7666,0.0,0.0,0.0,False,0.0
1.0,5115.0,5115.0,0.0,7667,0.0,0.0,0.0,False,0.0
0.9926058053970337,1836.0,1836.0,0.0,7668,0.007394145708531141,0.0,0.0,True,0.007394145708531141
0.9999999403953552,1945.0,1945.0,0.0,7669,0.0,0.0,0.0,False,0.0
1.0,2752.0,2752.0,0.0,7670,0.0,0.0,0.0,False,0.0
0.9753889441490173,1948.0,1948.0,0.0,7671,0.02461112290620804,0.0,0.0,True,0.02461112290620804
1.0,4345.0,4345.0,0.0,7672,0.0,0.0,0.0,False,0.0
1.0,1285.0,1285.0,0.0,7673,0.0,0.0,0.0,False,0.0
1.0,1560.0,1560.0,0.0,7674,0.0,0.0,0.0,False,0.0
1.0,5780.0,5780.0,0.0,7675,0.0,0.0,0.0,False,0.0
1.0,254.0,254.0,0.0,7676,0.0,0.0,0.0,False,0.0
0.9837066531181335,5190.0,5190.0,0.0,7677,0.016293413937091827,0.0,0.0,True,0.016293413937091827
0.953230619430542,1.0,1.0,0.0,7678,0.04676934331655502,0.0,0.0,True,0.04676934331655502
0.9999999403953552,6928.0,6928.0,0.0,7679,0.0,0.0,0.0,False,0.0
1.0,152.0,152.0,0.0,7680,0.0,0.0,0.0,False,0.0
0.9737376570701599,713.0,713.0,0.0,7681,0.026262333616614342,0.0,0.0,True,0.026262333616614342
1.0,2598.0,2598.0,0.0,7682,0.0,0.0,0.0,False,0.0
1.0000001192092896,2218.0,2218.0,0.0,7683,0.0,0.0,0.0,False,0.0
0.9602965712547302,6135.0,6135.0,0.0,7684,0.03970346599817276,0.0,0.0,True,0.03970346599817276
0.9999999403953552,7128.0,7128.0,0.0,7685,0.0,0.0,0.0,False,0.0
1.0,2876.0,2876.0,0.0,7686,0.0,0.0,0.0,False,0.0
0.9574951529502869,3110.0,3110.0,0.0,7687,0.042504921555519104,0.0,0.0,True,0.042504921555519104
0.9858798384666443,681.0,681.0,0.0,7688,0.014120134525001049,0.0,0.0,True,0.014120134525001049
1.0,60.0,60.0,0.0,7689,0.0,0.0,0.0,False,0.0
1.0000001192092896,6042.0,6042.0,0.0,7690,0.0,0.0,0.0,False,0.0
1.0,5764.0,5764.0,0.0,7691,0.0,0.0,0.0,False,0.0
0.9825955033302307,1994.0,1994.0,0.0,7692,0.017404451966285706,0.0,0.0,True,0.017404451966285706
0.9870929718017578,2.0,2.0,0.0,7693,0.01290697418153286,0.0,0.0,True,0.01290697418153286
1.0,6419.0,6419.0,0.0,7694,0.0,0.0,0.0,False,0.0
1.0,2154.0,2154.0,0.0,7695,0.0,0.0,0.0,False,0.0
0.9892304539680481,2531.0,2531.0,0.0,7696,0.010769468732178211,0.0,0.0,True,0.010769468732178211
1.0,5563.0,5563.0,0.0,7697,0.0,0.0,0.0,False,0.0
0.9944602847099304,1.0,1.0,0.0,7698,0.00553972227498889,0.0,0.0,True,0.00553972227498889
0.9640486240386963,209.0,209.0,0.0,7699,0.03595135733485222,0.0,0.0,True,0.03595135733485222
1.0,1636.0,1636.0,0.0,7700,0.0,0.0,0.0,False,0.0
0.9791658520698547,1.0,1.0,0.0,7701,0.02083415910601616,0.0,0.0,True,0.02083415910601616
0.9867644309997559,80.0,80.0,0.0,7702,0.01323555875569582,0.0,0.0,True,0.01323555875569582
1.0,3296.0,3296.0,0.0,7703,0.0,0.0,0.0,False,0.0
0.9763630032539368,1.0,1.0,0.0,7704,0.023637007921934128,0.0,0.0,True,0.023637007921934128
0.9667699337005615,3016.0,3016.0,0.0,7705,0.033230144530534744,0.0,0.0,True,0.033230144530534744
1.0000001192092896,2959.0,2959.0,0.0,7706,0.0,0.0,0.0,False,0.0
1.0000001192092896,4438.0,4438.0,0.0,7707,0.0,0.0,0.0,False,0.0
1.0,2094.0,2094.0,0.0,7708,0.0,0.0,0.0,False,0.0
0.9999999403953552,7364.0,7364.0,0.0,7709,0.0,0.0,0.0,False,0.0
1.0,1836.0,1836.0,0.0,7710,0.0,0.0,0.0,False,0.0
1.0,4715.0,4715.0,0.0,7711,0.0,0.0,0.0,False,0.0
1.0,4806.0,4806.0,0.0,7712,0.0,0.0,0.0,False,0.0
0.9679270386695862,22.0,22.0,0.0,7713,0.032072946429252625,0.0,0.0,True,0.032072946429252625
0.968068540096283,1.0,1.0,0.0,7714,0.03193139284849167,0.0,0.0,True,0.03193139284849167
1.0000001192092896,3029.0,3029.0,0.0,7715,0.0,0.0,0.0,False,0.0
0.9514387249946594,1.0,1.0,0.0,7716,0.04856128245592117,0.0,0.0,True,0.04856128245592117
0.968395471572876,3428.0,3428.0,0.0,7717,0.031604502350091934,0.0,0.0,True,0.031604502350091934
0.9999999403953552,335.0,335.0,0.0,7718,0.0,0.0,0.0,False,0.0
1.0,3845.0,3845.0,0.0,7719,0.0,0.0,0.0,False,0.0
1.0,3111.0,3111.0,0.0,7720,0.0,0.0,0.0,False,0.0
0.9999999403953552,3984.0,3984.0,0.0,7721,0.0,0.0,0.0,False,0.0
1.0,773.0,773.0,0.0,7722,0.0,0.0,0.0,False,0.0
0.9999999403953552,3567.0,3567.0,0.0,7723,0.0,0.0,0.0,False,0.0
1.0,1239.0,1239.0,0.0,7724,0.0,0.0,0.0,False,0.0
0.9999998807907104,657.0,657.0,0.0,7725,0.0,0.0,0.0,False,0.0
0.9999998807907104,4297.0,4297.0,0.0,7726,0.0,0.0,0.0,False,0.0
0.9999999403953552,5946.0,5946.0,0.0,7727,0.0,0.0,0.0,False,0.0
1.0,5386.0,5386.0,0.0,7728,0.0,0.0,0.0,False,0.0
0.9848973751068115,4006.0,4006.0,0.0,7729,0.015102623961865902,0.0,0.0,True,0.015102623961865902
1.0,223.0,223.0,0.0,7730,0.0,0.0,0.0,False,0.0
1.0,3600.0,3600.0,0.0,7731,0.0,0.0,0.0,False,0.0
1.0000001192092896,7195.0,7195.0,0.0,7732,0.0,0.0,0.0,False,0.0
1.0,2.0,2.0,0.0,7733,0.0,0.0,0.0,False,0.0
1.0,6120.0,6120.0,0.0,7734,0.0,0.0,0.0,False,0.0
1.0,2617.0,2617.0,0.0,7735,0.0,0.0,0.0,False,0.0
0.9999999403953552,6702.0,6702.0,0.0,7736,0.0,0.0,0.0,False,0.0
1.0,6654.0,6654.0,0.0,7737,0.0,0.0,0.0,False,0.0
0.9999999403953552,2256.0,2256.0,0.0,7738,0.0,0.0,0.0,False,0.0
0.9565479755401611,1.0,1.0,0.0,7739,0.04345205798745155,0.0,0.0,True,0.04345205798745155
1.0,4976.0,4976.0,0.0,7740,0.0,0.0,0.0,False,0.0
0.9428117275238037,1.0,1.0,0.0,7741,0.0571882426738739,0.0,0.0,True,0.0571882426738739
1.0,220.0,220.0,0.0,7742,0.0,0.0,0.0,False,0.0
0.9999999403953552,5230.0,5230.0,0.0,7743,0.0,0.0,0.0,False,0.0
1.0,1914.0,1914.0,0.0,7744,0.0,0.0,0.0,False,0.0
0.9462850093841553,1.0,1.0,0.0,7745,0.05371499061584473,0.0,0.0,True,0.05371499061584473
0.9892367720603943,246.0,246.0,0.0,7746,0.010763227939605713,0.0,0.0,True,0.010763227939605713
0.9744707942008972,1482.0,1482.0,0.0,7747,0.025529155507683754,0.0,0.0,True,0.025529155507683754
1.0,921.0,921.0,0.0,7748,0.0,0.0,0.0,False,0.0
0.9999999403953552,2095.0,2095.0,0.0,7749,0.0,0.0,0.0,False,0.0
1.0,510.0,510.0,0.0,7750,0.0,0.0,0.0,False,0.0
0.9859623908996582,3551.0,3551.0,0.0,7751,0.014037576504051685,0.0,0.0,True,0.014037576504051685
1.0,4062.0,4062.0,0.0,7752,0.0,0.0,0.0,False,0.0
1.0,977.0,977.0,0.0,7753,0.0,0.0,0.0,False,0.0
1.0,3818.0,3818.0,0.0,7754,0.0,0.0,0.0,False,0.0
0.9999999403953552,209.0,209.0,0.0,7755,0.0,0.0,0.0,False,0.0
0.969150722026825,7165.0,7165.0,0.0,7756,0.030849289149045944,0.0,0.0,True,0.030849289149045944
0.9999998807907104,2707.0,2707.0,0.0,7757,0.0,0.0,0.0,False,0.0
0.9937129020690918,1004.0,1004.0,0.0,7758,0.00628713658079505,0.0,0.0,True,0.00628713658079505
0.9739063382148743,301.0,301.0,0.0,7759,0.026093745604157448,0.0,0.0,True,0.026093745604157448
1.0,106.0,106.0,0.0,7760,0.0,0.0,0.0,False,0.0
0.9509081244468689,1.0,1.0,0.0,7761,0.04909190535545349,0.0,0.0,True,0.04909190535545349
1.0,6794.0,6794.0,0.0,7762,0.0,0.0,0.0,False,0.0
1.0,4269.0,4269.0,0.0,7763,0.0,0.0,0.0,False,0.0
1.0,3168.0,3168.0,0.0,7764,0.0,0.0,0.0,False,0.0
0.9583629965782166,1.0,1.0,0.0,7765,0.04163700342178345,0.0,0.0,True,0.04163700342178345
1.0,918.0,918.0,0.0,7766,0.0,0.0,0.0,False,0.0
0.9999998807907104,5753.0,5753.0,0.0,7767,0.0,0.0,0.0,False,0.0
1.0,2280.0,2280.0,0.0,7768,0.0,0.0,0.0,False,0.0
1.0,618.0,618.0,0.0,7769,0.0,0.0,0.0,False,0.0
0.9661524295806885,1.0,1.0,0.0,7770,0.03384760767221451,0.0,0.0,True,0.03384760767221451
0.9574185609817505,1.0,1.0,0.0,7771,0.04258143529295921,0.0,0.0,True,0.04258143529295921
0.9999999403953552,231.0,231.0,0.0,7772,0.0,0.0,0.0,False,0.0
0.9451555013656616,1.0,1.0,0.0,7773,0.05484452843666077,0.0,0.0,True,0.05484452843666077
0.9696171283721924,4831.0,4831.0,0.0,7774,0.03038286231458187,0.0,0.0,True,0.03038286231458187
0.9999999403953552,1242.0,1242.0,0.0,7775,0.0,0.0,0.0,False,0.0
0.9999999403953552,5772.0,5772.0,0.0,7776,0.0,0.0,0.0,False,0.0
0.9999999403953552,53.0,53.0,0.0,7777,0.0,0.0,0.0,False,0.0
1.0,1182.0,1182.0,0.0,7778,0.0,0.0,0.0,False,0.0
1.0,6463.0,6463.0,0.0,7779,0.0,0.0,0.0,False,0.0
0.9757537841796875,7048.0,7048.0,0.0,7780,0.024246176704764366,0.0,0.0,True,0.024246176704764366
0.9864677786827087,2.0,2.0,0.0,7781,0.013532232493162155,0.0,0.0,True,0.013532232493162155
1.0,2787.0,2787.0,0.0,7782,0.0,0.0,0.0,False,0.0
1.0,6433.0,6433.0,0.0,7783,0.0,0.0,0.0,False,0.0
1.0,3983.0,3983.0,0.0,7784,0.0,0.0,0.0,False,0.0
1.0,2915.0,2915.0,0.0,7785,0.0,0.0,0.0,False,0.0
0.9999998807907104,5799.0,5799.0,0.0,7786,0.0,0.0,0.0,False,0.0
1.0000001192092896,7497.0,7497.0,0.0,7787,0.0,0.0,0.0,False,0.0
1.0000001192092896,994.0,994.0,0.0,7788,0.0,0.0,0.0,False,0.0
1.0,5791.0,5791.0,0.0,7789,0.0,0.0,0.0,False,0.0
0.9732544422149658,9.0,9.0,0.0,7790,0.02674555405974388,0.0,0.0,True,0.02674555405974388
0.9691070318222046,560.0,560.0,0.0,7791,0.030892958864569664,0.0,0.0,True,0.030892958864569664
0.9999998807907104,3573.0,3573.0,0.0,7792,0.0,0.0,0.0,False,0.0
1.0,436.0,436.0,0.0,7793,0.0,0.0,0.0,False,0.0
1.0,7149.0,7149.0,0.0,7794,0.0,0.0,0.0,False,0.0
1.0,4217.0,4217.0,0.0,7795,0.0,0.0,0.0,False,0.0
1.0,1557.0,1557.0,0.0,7796,0.0,0.0,0.0,False,0.0
1.0,1275.0,1275.0,0.0,7797,0.0,0.0,0.0,False,0.0
1.0,2093.0,2093.0,0.0,7798,0.0,0.0,0.0,False,0.0
1.0,1434.0,1434.0,0.0,7799,0.0,0.0,0.0,False,0.0
1.0,7500.0,7500.0,0.0,7800,0.0,0.0,0.0,False,0.0
1.0,5490.0,5490.0,0.0,7801,0.0,0.0,0.0,False,0.0
0.9999999403953552,2427.0,2427.0,0.0,7802,0.0,0.0,0.0,False,0.0
1.0,337.0,337.0,0.0,7803,0.0,0.0,0.0,False,0.0
0.9914923310279846,2127.0,2127.0,0.0,7804,0.008507659658789635,0.0,0.0,True,0.008507659658789635
1.0,3629.0,3629.0,0.0,7805,0.0,0.0,0.0,False,0.0
1.0,1966.0,1966.0,0.0,7806,0.0,0.0,0.0,False,0.0
1.0,1406.0,1406.0,0.0,7807,0.0,0.0,0.0,False,0.0
1.0000001192092896,446.0,446.0,0.0,7808,0.0,0.0,0.0,False,0.0
0.9539322853088379,1.0,1.0,0.0,7809,0.04606763273477554,0.0,0.0,True,0.04606763273477554
0.9882926344871521,3404.0,3404.0,0.0,7810,0.011707473546266556,0.0,0.0,True,0.011707473546266556
1.0,3155.0,3155.0,0.0,7811,0.0,0.0,0.0,False,0.0
1.0,915.0,915.0,0.0,7812,0.0,0.0,0.0,False,0.0
0.982879102230072,98.0,98.0,0.0,7813,0.017120979726314545,0.0,0.0,True,0.017120979726314545
1.0,3308.0,3308.0,0.0,7814,0.0,0.0,0.0,False,0.0
1.0,4883.0,4883.0,0.0,7815,0.0,0.0,0.0,False,0.0
1.0,3018.0,3018.0,0.0,7816,0.0,0.0,0.0,False,0.0
1.0,1088.0,1088.0,0.0,7817,0.0,0.0,0.0,False,0.0
1.0,2407.0,2407.0,0.0,7818,0.0,0.0,0.0,False,0.0
0.982563853263855,2847.0,2847.0,0.0,7819,0.01743617095053196,0.0,0.0,True,0.01743617095053196
0.9999999403953552,194.0,194.0,0.0,7820,0.0,0.0,0.0,False,0.0
1.0,3611.0,3611.0,0.0,7821,0.0,0.0,0.0,False,0.0
0.9694216251373291,5284.0,5284.0,0.0,7822,0.03057835064828396,0.0,0.0,True,0.03057835064828396
0.9592785835266113,51.0,51.0,0.0,7823,0.04072146117687225,0.0,0.0,True,0.04072146117687225
0.9889857172966003,1.0,1.0,0.0,7824,0.011014297604560852,0.0,0.0,True,0.011014297604560852
0.9922095537185669,902.0,902.0,0.0,7825,0.007790433708578348,0.0,0.0,True,0.007790433708578348
0.982912540435791,1.0,1.0,0.0,7826,0.01708739623427391,0.0,0.0,True,0.01708739623427391
0.937367856502533,7105.0,7105.0,0.0,7827,0.06263214349746704,0.0,0.0,True,0.06263214349746704
1.0000001192092896,589.0,589.0,0.0,7828,0.0,0.0,0.0,False,0.0
0.9680523872375488,2.0,2.0,0.0,7829,0.031947679817676544,0.0,0.0,True,0.031947679817676544
1.0,3006.0,3006.0,0.0,7830,0.0,0.0,0.0,False,0.0
0.9999999403953552,3644.0,3644.0,0.0,7831,0.0,0.0,0.0,False,0.0
0.9910866022109985,5469.0,5469.0,0.0,7832,0.008913380093872547,0.0,0.0,True,0.008913380093872547
1.0,4086.0,4086.0,0.0,7833,0.0,0.0,0.0,False,0.0
0.9999998807907104,5410.0,5410.0,0.0,7834,0.0,0.0,0.0,False,0.0
0.9999999403953552,4368.0,4368.0,0.0,7835,0.0,0.0,0.0,False,0.0
0.9786489009857178,103.0,103.0,0.0,7836,0.021351121366024017,0.0,0.0,True,0.021351121366024017
1.0,2154.0,2154.0,0.0,7837,0.0,0.0,0.0,False,0.0
0.9999999403953552,1622.0,1622.0,0.0,7838,0.0,0.0,0.0,False,0.0
1.0,61.0,61.0,0.0,7839,0.0,0.0,0.0,False,0.0
0.9813365936279297,7393.0,7393.0,0.0,7840,0.018663374707102776,0.0,0.0,True,0.018663374707102776
0.9999998807907104,4004.0,4004.0,0.0,7841,0.0,0.0,0.0,False,0.0
1.0,194.0,194.0,0.0,7842,0.0,0.0,0.0,False,0.0
0.9999999403953552,331.0,331.0,0.0,7843,0.0,0.0,0.0,False,0.0
0.9999999403953552,2088.0,2088.0,0.0,7844,0.0,0.0,0.0,False,0.0
1.0,4031.0,4031.0,0.0,7845,0.0,0.0,0.0,False,0.0
0.9839655756950378,1577.0,1577.0,0.0,7846,0.016034429892897606,0.0,0.0,True,0.016034429892897606
0.9419921636581421,6781.0,6781.0,0.0,7847,0.05800781399011612,0.0,0.0,True,0.05800781399011612
1.0,3483.0,3483.0,0.0,7848,0.0,0.0,0.0,False,0.0
1.0,1450.0,1450.0,0.0,7849,0.0,0.0,0.0,False,0.0
0.9896464347839355,672.0,672.0,0.0,7850,0.010353488847613335,0.0,0.0,True,0.010353488847613335
0.9999999403953552,5754.0,5754.0,0.0,7851,0.0,0.0,0.0,False,0.0
1.0,1049.0,1049.0,0.0,7852,0.0,0.0,0.0,False,0.0
1.0,2384.0,2384.0,0.0,7853,0.0,0.0,0.0,False,0.0
0.9827102422714233,5028.0,5028.0,0.0,7854,0.017289720475673676,0.0,0.0,True,0.017289720475673676
0.9999999403953552,1795.0,1795.0,0.0,7855,0.0,0.0,0.0,False,0.0
1.0000001192092896,3425.0,3425.0,0.0,7856,0.0,0.0,0.0,False,0.0
0.9681730270385742,4172.0,4172.0,0.0,7857,0.03182699903845787,0.0,0.0,True,0.03182699903845787
1.0,7084.0,7084.0,0.0,7858,0.0,0.0,0.0,False,0.0
0.9828662872314453,685.0,685.0,0.0,7859,0.017133750021457672,0.0,0.0,True,0.017133750021457672
0.9616534113883972,2071.0,2071.0,0.0,7860,0.03834656998515129,0.0,0.0,True,0.03834656998515129
0.97193443775177,7418.0,7418.0,0.0,7861,0.028065592050552368,0.0,0.0,True,0.028065592050552368
1.0,2963.0,2963.0,0.0,7862,0.0,0.0,0.0,False,0.0
0.9999999403953552,6930.0,6930.0,0.0,7863,0.0,0.0,0.0,False,0.0
0.9848009943962097,6261.0,6261.0,0.0,7864,0.015198983252048492,0.0,0.0,True,0.015198983252048492
1.0,14.0,14.0,0.0,7865,0.0,0.0,0.0,False,0.0
0.9893902540206909,1.0,1.0,0.0,7866,0.010609865188598633,0.0,0.0,True,0.010609865188598633
0.941574215888977,4891.0,4891.0,0.0,7867,0.05842576175928116,0.0,0.0,True,0.05842576175928116
1.0,2135.0,2135.0,0.0,7868,0.0,0.0,0.0,False,0.0
1.0,3349.0,3349.0,0.0,7869,0.0,0.0,0.0,False,0.0
1.0,187.0,187.0,0.0,7870,0.0,0.0,0.0,False,0.0
0.991884708404541,2599.0,2599.0,0.0,7871,0.008115287870168686,0.0,0.0,True,0.008115287870168686
1.0,6812.0,6812.0,0.0,7872,0.0,0.0,0.0,False,0.0
0.9999998807907104,2068.0,2068.0,0.0,7873,0.0,0.0,0.0,False,0.0
0.9815540909767151,934.0,934.0,0.0,7874,0.018445894122123718,0.0,0.0,True,0.018445894122123718
0.9999999403953552,648.0,648.0,0.0,7875,0.0,0.0,0.0,False,0.0
0.9653346538543701,46.0,46.0,0.0,7876,0.03466537222266197,0.0,0.0,True,0.03466537222266197
1.0,479.0,479.0,0.0,7877,0.0,0.0,0.0,False,0.0
0.9999999403953552,21.0,21.0,0.0,7878,0.0,0.0,0.0,False,0.0
0.980310320854187,5364.0,5364.0,0.0,7879,0.01968967355787754,0.0,0.0,True,0.01968967355787754
0.9999998807907104,2430.0,2430.0,0.0,7880,0.0,0.0,0.0,False,0.0
1.0,5668.0,5668.0,0.0,7881,0.0,0.0,0.0,False,0.0
0.9550591707229614,2584.0,2584.0,0.0,7882,0.044940873980522156,0.0,0.0,True,0.044940873980522156
0.9867513179779053,3000.0,3000.0,0.0,7883,0.013248600997030735,0.0,0.0,True,0.013248600997030735
0.9914613962173462,1.0,1.0,0.0,7884,0.008538569323718548,0.0,0.0,True,0.008538569323718548
0.9408063888549805,540.0,540.0,0.0,7885,0.05919355899095535,0.0,0.0,True,0.05919355899095535
0.9390966296195984,1777.0,1777.0,0.0,7886,0.06090334430336952,0.0,0.0,True,0.06090334430336952
1.0,6196.0,6196.0,0.0,7887,0.0,0.0,0.0,False,0.0
1.0,2562.0,2562.0,0.0,7888,0.0,0.0,0.0,False,0.0
1.0000001192092896,2278.0,2278.0,0.0,7889,0.0,0.0,0.0,False,0.0
1.0,2.0,2.0,0.0,7890,0.0,0.0,0.0,False,0.0
1.0,2996.0,2996.0,0.0,7891,0.0,0.0,0.0,False,0.0
1.0,6919.0,6919.0,0.0,7892,0.0,0.0,0.0,False,0.0
1.0,199.0,199.0,0.0,7893,0.0,0.0,0.0,False,0.0
0.9825628399848938,5124.0,5124.0,0.0,7894,0.017437126487493515,0.0,0.0,True,0.017437126487493515
1.0,2644.0,2644.0,0.0,7895,0.0,0.0,0.0,False,0.0
1.0,5859.0,5859.0,0.0,7896,0.0,0.0,0.0,False,0.0
1.0,2168.0,2168.0,0.0,7897,0.0,0.0,0.0,False,0.0
1.0,952.0,952.0,0.0,7898,0.0,0.0,0.0,False,0.0
0.9880431890487671,1181.0,1181.0,0.0,7899,0.011956792324781418,0.0,0.0,True,0.011956792324781418
0.9999998807907104,2295.0,2295.0,0.0,7900,0.0,0.0,0.0,False,0.0
1.0,2262.0,2262.0,0.0,7901,0.0,0.0,0.0,False,0.0
1.0,48.0,48.0,0.0,7902,0.0,0.0,0.0,False,0.0
0.9737703800201416,165.0,165.0,0.0,7903,0.02622963860630989,0.0,0.0,True,0.02622963860630989
1.0,4699.0,4699.0,0.0,7904,0.0,0.0,0.0,False,0.0
0.9999998807907104,1847.0,1847.0,0.0,7905,0.0,0.0,0.0,False,0.0
1.0,1932.0,1932.0,0.0,7906,0.0,0.0,0.0,False,0.0
1.0,284.0,284.0,0.0,7907,0.0,0.0,0.0,False,0.0
0.945113480091095,504.0,504.0,0.0,7908,0.05488649383187294,0.0,0.0,True,0.05488649383187294
1.0,1045.0,1045.0,0.0,7909,0.0,0.0,0.0,False,0.0
1.0,2346.0,2346.0,0.0,7910,0.0,0.0,0.0,False,0.0
0.9736576080322266,111.0,111.0,0.0,7911,0.02634243294596672,0.0,0.0,True,0.02634243294596672
1.0,6004.0,6004.0,0.0,7912,0.0,0.0,0.0,False,0.0
0.9920018315315247,2350.0,2350.0,0.0,7913,0.007998174987733364,0.0,0.0,True,0.007998174987733364
0.9856249094009399,951.0,951.0,0.0,7914,0.01437502633780241,0.0,0.0,True,0.01437502633780241
1.0,3577.0,3577.0,0.0,7915,0.0,0.0,0.0,False,0.0
0.9583142399787903,127.0,127.0,0.0,7916,0.04168575629591942,0.0,0.0,True,0.04168575629591942
0.9851894974708557,67.0,67.0,0.0,7917,0.014810468070209026,0.0,0.0,True,0.014810468070209026
1.0,4286.0,4286.0,0.0,7918,0.0,0.0,0.0,False,0.0
0.9999999403953552,909.0,909.0,0.0,7919,0.0,0.0,0.0,False,0.0
1.0,6003.0,6003.0,0.0,7920,0.0,0.0,0.0,False,0.0
1.0,3.0,3.0,0.0,7921,0.0,0.0,0.0,False,0.0
1.0,2748.0,2748.0,0.0,7922,0.0,0.0,0.0,False,0.0
0.9999998807907104,4487.0,4487.0,0.0,7923,0.0,0.0,0.0,False,0.0
1.0,480.0,480.0,0.0,7924,0.0,0.0,0.0,False,0.0
1.0,4521.0,4521.0,0.0,7925,0.0,0.0,0.0,False,0.0
1.0,5684.0,5684.0,0.0,7926,0.0,0.0,0.0,False,0.0
1.0,499.0,499.0,0.0,7927,0.0,0.0,0.0,False,0.0
1.0,2216.0,2216.0,0.0,7928,0.0,0.0,0.0,False,0.0
1.0,7689.0,7689.0,0.0,7929,0.0,0.0,0.0,False,0.0
1.0,5990.0,5990.0,0.0,7930,0.0,0.0,0.0,False,0.0
0.9881100654602051,2.0,2.0,0.0,7931,0.01188988983631134,0.0,0.0,True,0.01188988983631134
1.0,1148.0,1148.0,0.0,7932,0.0,0.0,0.0,False,0.0
0.9834586381912231,211.0,211.0,0.0,7933,0.01654137670993805,0.0,0.0,True,0.01654137670993805
1.0,7049.0,7049.0,0.0,7934,0.0,0.0,0.0,False,0.0
1.0,1.0,1.0,0.0,7935,0.0,0.0,0.0,False,0.0
0.9648786783218384,6509.0,6509.0,0.0,7936,0.035121358931064606,0.0,0.0,True,0.035121358931064606
0.9572192430496216,2385.0,2385.0,0.0,7937,0.042780786752700806,0.0,0.0,True,0.042780786752700806
0.9556368589401245,91.0,91.0,0.0,7938,0.04436313360929489,0.0,0.0,True,0.04436313360929489
1.0,7551.0,7551.0,0.0,7939,0.0,0.0,0.0,False,0.0
1.0,821.0,821.0,0.0,7940,0.0,0.0,0.0,False,0.0
1.0,313.0,313.0,0.0,7941,0.0,0.0,0.0,False,0.0
0.9999999403953552,7263.0,7263.0,0.0,7942,0.0,0.0,0.0,False,0.0
1.0,5709.0,5709.0,0.0,7943,0.0,0.0,0.0,False,0.0
1.0,1107.0,1107.0,0.0,7944,0.0,0.0,0.0,False,0.0
0.9930754899978638,1736.0,1736.0,0.0,7945,0.006924503017216921,0.0,0.0,True,0.006924503017216921
1.0,4820.0,4820.0,0.0,7946,0.0,0.0,0.0,False,0.0
0.9999998807907104,4969.0,4969.0,0.0,7947,0.0,0.0,0.0,False,0.0
1.0,3930.0,3930.0,0.0,7948,0.0,0.0,0.0,False,0.0
0.9839062094688416,1.0,1.0,0.0,7949,0.016093801707029343,0.0,0.0,True,0.016093801707029343
0.9856292009353638,8.0,8.0,0.0,7950,0.014370745047926903,0.0,0.0,True,0.014370745047926903
1.0,3482.0,3482.0,0.0,7951,0.0,0.0,0.0,False,0.0
0.9999998807907104,7509.0,7509.0,0.0,7952,0.0,0.0,0.0,False,0.0
0.9803999662399292,1.0,1.0,0.0,7953,0.01960006169974804,0.0,0.0,True,0.01960006169974804
1.0,4945.0,4945.0,0.0,7954,0.0,0.0,0.0,False,0.0
1.0,4073.0,4073.0,0.0,7955,0.0,0.0,0.0,False,0.0
0.9891658425331116,5979.0,5979.0,0.0,7956,0.01083406526595354,0.0,0.0,True,0.01083406526595354
0.9603682160377502,7.0,7.0,0.0,7957,0.03963177651166916,0.0,0.0,True,0.03963177651166916
1.0,133.0,133.0,0.0,7958,0.0,0.0,0.0,False,0.0
0.9804531335830688,2.0,2.0,0.0,7959,0.01954684406518936,0.0,0.0,True,0.01954684406518936
0.9853286147117615,4904.0,4904.0,0.0,7960,0.014671364799141884,0.0,0.0,True,0.014671364799141884
0.9521716237068176,1439.0,1439.0,0.0,7961,0.04782848060131073,0.0,0.0,True,0.04782848060131073
1.0,5610.0,5610.0,0.0,7962,0.0,0.0,0.0,False,0.0
1.0,4292.0,4292.0,0.0,7963,0.0,0.0,0.0,False,0.0
1.0,1836.0,1836.0,0.0,7964,0.0,0.0,0.0,False,0.0
0.9572844505310059,1.0,1.0,0.0,7965,0.04271550849080086,0.0,0.0,True,0.04271550849080086
1.0,4523.0,4523.0,0.0,7966,0.0,0.0,0.0,False,0.0
0.9999999403953552,3649.0,3649.0,0.0,7967,0.0,0.0,0.0,False,0.0
0.9824632406234741,462.0,462.0,0.0,7968,0.01753678359091282,0.0,0.0,True,0.01753678359091282
0.9999998807907104,4808.0,4808.0,0.0,7969,0.0,0.0,0.0,False,0.0
0.9694784879684448,1922.0,1922.0,0.0,7970,0.03052147850394249,0.0,0.0,True,0.03052147850394249
0.964447021484375,1.0,1.0,0.0,7971,0.03555314987897873,0.0,0.0,True,0.03555314987897873
0.9999999403953552,925.0,925.0,0.0,7972,0.0,0.0,0.0,False,0.0
1.0,5844.0,5844.0,0.0,7973,0.0,0.0,0.0,False,0.0
1.0,642.0,642.0,0.0,7974,0.0,0.0,0.0,False,0.0
1.0,2311.0,2311.0,0.0,7975,0.0,0.0,0.0,False,0.0
0.9760763049125671,16.0,16.0,0.0,7976,0.023923641070723534,0.0,0.0,True,0.023923641070723534
0.9456978440284729,5599.0,5599.0,0.0,7977,0.05430217832326889,0.0,0.0,True,0.05430217832326889
0.9999999403953552,4270.0,4270.0,0.0,7978,0.0,0.0,0.0,False,0.0
1.0,271.0,271.0,0.0,7979,0.0,0.0,0.0,False,0.0
1.0,86.0,86.0,0.0,7980,0.0,0.0,0.0,False,0.0
1.0,6593.0,6593.0,0.0,7981,0.0,0.0,0.0,False,0.0
0.9999999403953552,2853.0,2853.0,0.0,7982,0.0,0.0,0.0,False,0.0
1.0,5082.0,5082.0,0.0,7983,0.0,0.0,0.0,False,0.0
0.9336295127868652,1.0,1.0,0.0,7984,0.06637047976255417,0.0,0.0,True,0.06637047976255417
1.0,4827.0,4827.0,0.0,7985,0.0,0.0,0.0,False,0.0
0.9999999403953552,5227.0,5227.0,0.0,7986,0.0,0.0,0.0,False,0.0
1.0,4380.0,4380.0,0.0,7987,0.0,0.0,0.0,False,0.0
1.0,1802.0,1802.0,0.0,7988,0.0,0.0,0.0,False,0.0
1.0,2260.0,2260.0,0.0,7989,0.0,0.0,0.0,False,0.0
1.0000001192092896,6361.0,6361.0,0.0,7990,0.0,0.0,0.0,False,0.0
0.9419481754302979,65.0,65.0,0.0,7991,0.05805180221796036,0.0,0.0,True,0.05805180221796036
1.0,4063.0,4063.0,0.0,7992,0.0,0.0,0.0,False,0.0
0.9999998807907104,4994.0,4994.0,0.0,7993,0.0,0.0,0.0,False,0.0
0.9790225028991699,5926.0,5926.0,0.0,7994,0.020977452397346497,0.0,0.0,True,0.020977452397346497
0.9831037521362305,3877.0,3877.0,0.0,7995,0.016896292567253113,0.0,0.0,True,0.016896292567253113
1.0,2148.0,2148.0,0.0,7996,0.0,0.0,0.0,False,0.0
0.9913719892501831,6548.0,6548.0,0.0,7997,0.008627968840301037,0.0,0.0,True,0.008627968840301037
1.0,3327.0,3327.0,0.0,7998,0.0,0.0,0.0,False,0.0
0.935641884803772,1.0,1.0,0.0,7999,0.0643581673502922,0.0,0.0,True,0.0643581673502922
1.0,2099.0,2099.0,0.0,8000,0.0,0.0,0.0,False,0.0
1.0000001192092896,1895.0,1895.0,0.0,8001,0.0,0.0,0.0,False,0.0
1.0,3623.0,3623.0,0.0,8002,0.0,0.0,0.0,False,0.0
0.9999998807907104,975.0,975.0,0.0,8003,0.0,0.0,0.0,False,0.0
1.0,1315.0,1315.0,0.0,8004,0.0,0.0,0.0,False,0.0
0.9526242613792419,1.0,1.0,0.0,8005,0.04737579822540283,0.0,0.0,True,0.04737579822540283
0.9495562314987183,1.0,1.0,0.0,8006,0.05044381320476532,0.0,0.0,True,0.05044381320476532
0.9755861759185791,5.0,5.0,0.0,8007,0.02441391348838806,0.0,0.0,True,0.02441391348838806
0.9999999403953552,7369.0,7369.0,0.0,8008,0.0,0.0,0.0,False,0.0
0.9700713157653809,3865.0,3865.0,0.0,8009,0.029928717762231827,0.0,0.0,True,0.029928717762231827
0.9999999403953552,2669.0,2669.0,0.0,8010,0.0,0.0,0.0,False,0.0
1.0,6684.0,6684.0,0.0,8011,0.0,0.0,0.0,False,0.0
1.0,2953.0,2953.0,0.0,8012,0.0,0.0,0.0,False,0.0
1.0,848.0,848.0,0.0,8013,0.0,0.0,0.0,False,0.0
0.9876295328140259,7207.0,7207.0,0.0,8014,0.012370459735393524,0.0,0.0,True,0.012370459735393524
1.0,3987.0,3987.0,0.0,8015,0.0,0.0,0.0,False,0.0
0.9723098278045654,6164.0,6164.0,0.0,8016,0.027690179646015167,0.0,0.0,True,0.027690179646015167
1.0,3467.0,3467.0,0.0,8017,0.0,0.0,0.0,False,0.0
0.9705374240875244,1.0,1.0,0.0,8018,0.0294626634567976,0.0,0.0,True,0.0294626634567976
0.9999998807907104,4021.0,4021.0,0.0,8019,0.0,0.0,0.0,False,0.0
1.0000001192092896,7524.0,7524.0,0.0,8020,0.0,0.0,0.0,False,0.0
1.0000001192092896,264.0,264.0,0.0,8021,0.0,0.0,0.0,False,0.0
1.0,1187.0,1187.0,0.0,8022,0.0,0.0,0.0,False,0.0
0.9874299168586731,2950.0,2950.0,0.0,8023,0.01257010456174612,0.0,0.0,True,0.01257010456174612
1.0,1360.0,1360.0,0.0,8024,0.0,0.0,0.0,False,0.0
0.9999999403953552,2784.0,2784.0,0.0,8025,0.0,0.0,0.0,False,0.0
0.9999999403953552,687.0,687.0,0.0,8026,0.0,0.0,0.0,False,0.0
1.0,5083.0,5083.0,0.0,8027,0.0,0.0,0.0,False,0.0
1.0,7108.0,7108.0,0.0,8028,0.0,0.0,0.0,False,0.0
0.9999999403953552,4608.0,4608.0,0.0,8029,0.0,0.0,0.0,False,0.0
1.0,7208.0,7208.0,0.0,8030,0.0,0.0,0.0,False,0.0
1.0,4975.0,4975.0,0.0,8031,0.0,0.0,0.0,False,0.0
1.0,6469.0,6469.0,0.0,8032,0.0,0.0,0.0,False,0.0
1.0,5809.0,5809.0,0.0,8033,0.0,0.0,0.0,False,0.0
0.9556466341018677,1.0,1.0,0.0,8034,0.0443534180521965,0.0,0.0,True,0.0443534180521965
1.0,86.0,86.0,0.0,8035,0.0,0.0,0.0,False,0.0
1.0,6275.0,6275.0,0.0,8036,0.0,0.0,0.0,False,0.0
1.0,421.0,421.0,0.0,8037,0.0,0.0,0.0,False,0.0
1.0,195.0,195.0,0.0,8038,0.0,0.0,0.0,False,0.0
0.9756317138671875,2202.0,2202.0,0.0,8039,0.024368351325392723,0.0,0.0,True,0.024368351325392723
0.9654428958892822,3463.0,3463.0,0.0,8040,0.034557078033685684,0.0,0.0,True,0.034557078033685684
0.9999999403953552,2863.0,2863.0,0.0,8041,0.0,0.0,0.0,False,0.0
1.0000001192092896,293.0,293.0,0.0,8042,0.0,0.0,0.0,False,0.0
0.9999999403953552,3749.0,3749.0,0.0,8043,0.0,0.0,0.0,False,0.0
0.9412573575973511,3169.0,3169.0,0.0,8044,0.0587427020072937,0.0,0.0,True,0.0587427020072937
1.0,314.0,314.0,0.0,8045,0.0,0.0,0.0,False,0.0
0.9553481340408325,1238.0,1238.0,0.0,8046,0.044651810079813004,0.0,0.0,True,0.044651810079813004
0.9999999403953552,2029.0,2029.0,0.0,8047,0.0,0.0,0.0,False,0.0
0.9999998807907104,7328.0,7328.0,0.0,8048,0.0,0.0,0.0,False,0.0
0.971271276473999,3214.0,3214.0,0.0,8049,0.028728807345032692,0.0,0.0,True,0.028728807345032692
1.0,1847.0,1847.0,0.0,8050,0.0,0.0,0.0,False,0.0
0.9999998807907104,3968.0,3968.0,0.0,8051,0.0,0.0,0.0,False,0.0
1.0,5926.0,5926.0,0.0,8052,0.0,0.0,0.0,False,0.0
0.965166449546814,1.0,1.0,0.0,8053,0.03483361750841141,0.0,0.0,True,0.03483361750841141
0.9699615240097046,3394.0,3394.0,0.0,8054,0.03003855235874653,0.0,0.0,True,0.03003855235874653
0.9522813558578491,21.0,21.0,0.0,8055,0.0477185994386673,0.0,0.0,True,0.0477185994386673
0.964709460735321,1.0,1.0,0.0,8056,0.035290516912937164,0.0,0.0,True,0.035290516912937164
1.0,270.0,270.0,0.0,8057,0.0,0.0,0.0,False,0.0
1.0,4119.0,4119.0,0.0,8058,0.0,0.0,0.0,False,0.0
0.9708255529403687,3612.0,3612.0,0.0,8059,0.029174430295825005,0.0,0.0,True,0.029174430295825005
0.9441797733306885,4663.0,4663.0,0.0,8060,0.05582025274634361,0.0,0.0,True,0.05582025274634361
1.0,3566.0,3566.0,0.0,8061,0.0,0.0,0.0,False,0.0
1.0000001192092896,3873.0,3873.0,0.0,8062,0.0,0.0,0.0,False,0.0
0.9397308826446533,471.0,471.0,0.0,8063,0.06026916205883026,0.0,0.0,True,0.06026916205883026
1.0,2136.0,2136.0,0.0,8064,0.0,0.0,0.0,False,0.0
0.9505763053894043,1.0,1.0,0.0,8065,0.049423642456531525,0.0,0.0,True,0.049423642456531525
1.0,5224.0,5224.0,0.0,8066,0.0,0.0,0.0,False,0.0
1.0,308.0,308.0,0.0,8067,0.0,0.0,0.0,False,0.0
0.9802266955375671,444.0,444.0,0.0,8068,0.01977330632507801,0.0,0.0,True,0.01977330632507801
1.0,6613.0,6613.0,0.0,8069,0.0,0.0,0.0,False,0.0
1.0,3465.0,3465.0,0.0,8070,0.0,0.0,0.0,False,0.0
0.9999999403953552,1046.0,1046.0,0.0,8071,0.0,0.0,0.0,False,0.0
0.9830067157745361,3809.0,3809.0,0.0,8072,0.01699323207139969,0.0,0.0,True,0.01699323207139969
0.9999999403953552,508.0,508.0,0.0,8073,0.0,0.0,0.0,False,0.0
0.9664674997329712,2541.0,2541.0,0.0,8074,0.03353247791528702,0.0,0.0,True,0.03353247791528702
1.0,5483.0,5483.0,0.0,8075,0.0,0.0,0.0,False,0.0
0.9897687435150146,1030.0,1030.0,0.0,8076,0.010231315158307552,0.0,0.0,True,0.010231315158307552
1.0,3742.0,3742.0,0.0,8077,0.0,0.0,0.0,False,0.0
0.9602168202400208,1.0,1.0,0.0,8078,0.03978319466114044,0.0,0.0,True,0.03978319466114044
1.0,1018.0,1018.0,0.0,8079,0.0,0.0,0.0,False,0.0
1.0,2656.0,2656.0,0.0,8080,0.0,0.0,0.0,False,0.0
0.922619640827179,1.0,1.0,0.0,8081,0.07738035172224045,0.0,0.0,True,0.07738035172224045
1.0,132.0,132.0,0.0,8082,0.0,0.0,0.0,False,0.0
1.0,4491.0,4491.0,0.0,8083,0.0,0.0,0.0,False,0.0
0.9999999403953552,2417.0,2417.0,0.0,8084,0.0,0.0,0.0,False,0.0
1.0,7585.0,7585.0,0.0,8085,0.0,0.0,0.0,False,0.0
0.9807648658752441,2584.0,2584.0,0.0,8086,0.0192351583391428,0.0,0.0,True,0.0192351583391428
1.0,6314.0,6314.0,0.0,8087,0.0,0.0,0.0,False,0.0
0.9831990003585815,3475.0,3475.0,0.0,8088,0.01680096425116062,0.0,0.0,True,0.01680096425116062
1.0,2.0,2.0,0.0,8089,0.0,0.0,0.0,False,0.0
0.9748358726501465,3197.0,3197.0,0.0,8090,0.025164121761918068,0.0,0.0,True,0.025164121761918068
0.9999999403953552,1188.0,1188.0,0.0,8091,0.0,0.0,0.0,False,0.0
1.0,570.0,570.0,0.0,8092,0.0,0.0,0.0,False,0.0
1.0,5667.0,5667.0,0.0,8093,0.0,0.0,0.0,False,0.0
1.0,5723.0,5723.0,0.0,8094,0.0,0.0,0.0,False,0.0
0.9445958137512207,1.0,1.0,0.0,8095,0.05540421977639198,0.0,0.0,True,0.05540421977639198
1.0,73.0,73.0,0.0,8096,0.0,0.0,0.0,False,0.0
0.9945332407951355,707.0,707.0,0.0,8097,0.005466763861477375,0.0,0.0,True,0.005466763861477375
1.0,1118.0,1118.0,0.0,8098,0.0,0.0,0.0,False,0.0
1.0,2072.0,2072.0,0.0,8099,0.0,0.0,0.0,False,0.0
0.9793952107429504,3380.0,3380.0,0.0,8100,0.02060484141111374,0.0,0.0,True,0.02060484141111374
1.0,681.0,681.0,0.0,8101,0.0,0.0,0.0,False,0.0
0.9829740524291992,4464.0,4464.0,0.0,8102,0.01702594757080078,0.0,0.0,True,0.01702594757080078
1.0,2970.0,2970.0,0.0,8103,0.0,0.0,0.0,False,0.0
0.9999998807907104,3378.0,3378.0,0.0,8104,0.0,0.0,0.0,False,0.0
0.9737146496772766,2136.0,2136.0,0.0,8105,0.02628544345498085,0.0,0.0,True,0.02628544345498085
0.9390294551849365,3647.0,3647.0,0.0,8106,0.06097055971622467,0.0,0.0,True,0.06097055971622467
1.0000001192092896,2770.0,2770.0,0.0,8107,0.0,0.0,0.0,False,0.0
1.0,4869.0,4869.0,0.0,8108,0.0,0.0,0.0,False,0.0
0.9999999403953552,3360.0,3360.0,0.0,8109,0.0,0.0,0.0,False,0.0
1.0,245.0,245.0,0.0,8110,0.0,0.0,0.0,False,0.0
1.0,2322.0,2322.0,0.0,8111,0.0,0.0,0.0,False,0.0
0.9999999403953552,4791.0,4791.0,0.0,8112,0.0,0.0,0.0,False,0.0
1.0,2146.0,2146.0,0.0,8113,0.0,0.0,0.0,False,0.0
0.9999999403953552,6985.0,6985.0,0.0,8114,0.0,0.0,0.0,False,0.0
0.9616482257843018,1.0,1.0,0.0,8115,0.03835171088576317,0.0,0.0,True,0.03835171088576317
0.9666662812232971,111.0,111.0,0.0,8116,0.033333756029605865,0.0,0.0,True,0.033333756029605865
1.0,155.0,155.0,0.0,8117,0.0,0.0,0.0,False,0.0
0.983259916305542,602.0,602.0,0.0,8118,0.01674005016684532,0.0,0.0,True,0.01674005016684532
0.938770055770874,3609.0,3609.0,0.0,8119,0.061229921877384186,0.0,0.0,True,0.061229921877384186
0.9999999403953552,6607.0,6607.0,0.0,8120,0.0,0.0,0.0,False,0.0
1.0,4307.0,4307.0,0.0,8121,0.0,0.0,0.0,False,0.0
0.9999999403953552,3713.0,3713.0,0.0,8122,0.0,0.0,0.0,False,0.0
0.9750133752822876,2091.0,2091.0,0.0,8123,0.024986574426293373,0.0,0.0,True,0.024986574426293373
1.0,6076.0,6076.0,0.0,8124,0.0,0.0,0.0,False,0.0
1.0,2056.0,2056.0,0.0,8125,0.0,0.0,0.0,False,0.0
0.9753766059875488,1.0,1.0,0.0,8126,0.02462328039109707,0.0,0.0,True,0.02462328039109707
1.0000001192092896,2186.0,2186.0,0.0,8127,0.0,0.0,0.0,False,0.0
0.9659110307693481,326.0,326.0,0.0,8128,0.034089021384716034,0.0,0.0,True,0.034089021384716034
1.0,3.0,3.0,0.0,8129,0.0,0.0,0.0,False,0.0
1.0000001192092896,986.0,986.0,0.0,8130,0.0,0.0,0.0,False,0.0
1.0,7213.0,7213.0,0.0,8131,0.0,0.0,0.0,False,0.0
0.9999999403953552,696.0,696.0,0.0,8132,0.0,0.0,0.0,False,0.0
0.9793247580528259,5805.0,5805.0,0.0,8133,0.020675305277109146,0.0,0.0,True,0.020675305277109146
1.0,123.0,123.0,0.0,8134,0.0,0.0,0.0,False,0.0
1.0000001192092896,2752.0,2752.0,0.0,8135,0.0,0.0,0.0,False,0.0
0.9999999403953552,2522.0,2522.0,0.0,8136,0.0,0.0,0.0,False,0.0
0.984623372554779,63.0,63.0,0.0,8137,0.01537660788744688,0.0,0.0,True,0.01537660788744688
1.0,3825.0,3825.0,0.0,8138,0.0,0.0,0.0,False,0.0
0.9602450132369995,3.0,3.0,0.0,8139,0.039754994213581085,0.0,0.0,True,0.039754994213581085
1.0,910.0,910.0,0.0,8140,0.0,0.0,0.0,False,0.0
1.0,4885.0,4885.0,0.0,8141,0.0,0.0,0.0,False,0.0
1.0,5799.0,5799.0,0.0,8142,0.0,0.0,0.0,False,0.0
1.0,6953.0,6953.0,0.0,8143,0.0,0.0,0.0,False,0.0
0.9728574752807617,1.0,1.0,0.0,8144,0.027142470702528954,0.0,0.0,True,0.027142470702528954
0.9291036128997803,1.0,1.0,0.0,8145,0.07089640945196152,0.0,0.0,True,0.07089640945196152
1.0,1059.0,1059.0,0.0,8146,0.0,0.0,0.0,False,0.0
0.9658554792404175,982.0,982.0,0.0,8147,0.03414450213313103,0.0,0.0,True,0.03414450213313103
1.0,7031.0,7031.0,0.0,8148,0.0,0.0,0.0,False,0.0
1.0,6909.0,6909.0,0.0,8149,0.0,0.0,0.0,False,0.0
1.0,3989.0,3989.0,0.0,8150,0.0,0.0,0.0,False,0.0
1.0,6893.0,6893.0,0.0,8151,0.0,0.0,0.0,False,0.0
0.9852971434593201,5567.0,5567.0,0.0,8152,0.01470292266458273,0.0,0.0,True,0.01470292266458273
1.0,4165.0,4165.0,0.0,8153,0.0,0.0,0.0,False,0.0
0.9999999403953552,4484.0,4484.0,0.0,8154,0.0,0.0,0.0,False,0.0
1.0,7360.0,7360.0,0.0,8155,0.0,0.0,0.0,False,0.0
1.0000001192092896,6358.0,6358.0,0.0,8156,0.0,0.0,0.0,False,0.0
0.9558186531066895,2.0,2.0,0.0,8157,0.04418143630027771,0.0,0.0,True,0.04418143630027771
0.9999999403953552,7594.0,7594.0,0.0,8158,0.0,0.0,0.0,False,0.0
1.0,5770.0,5770.0,0.0,8159,0.0,0.0,0.0,False,0.0
0.9753705263137817,3154.0,3154.0,0.0,8160,0.02462945505976677,0.0,0.0,True,0.02462945505976677
1.0,1986.0,1986.0,0.0,8161,0.0,0.0,0.0,False,0.0
1.0,432.0,432.0,0.0,8162,0.0,0.0,0.0,False,0.0
1.0,2949.0,2949.0,0.0,8163,0.0,0.0,0.0,False,0.0
1.0,4194.0,4194.0,0.0,8164,0.0,0.0,0.0,False,0.0
0.986874520778656,7259.0,7259.0,0.0,8165,0.013125389814376831,0.0,0.0,True,0.013125389814376831
0.9999999403953552,1815.0,1815.0,0.0,8166,0.0,0.0,0.0,False,0.0
1.0,6349.0,6349.0,0.0,8167,0.0,0.0,0.0,False,0.0
1.0,5911.0,5911.0,0.0,8168,0.0,0.0,0.0,False,0.0
0.9999999403953552,5208.0,5208.0,0.0,8169,0.0,0.0,0.0,False,0.0
1.0,4791.0,4791.0,0.0,8170,0.0,0.0,0.0,False,0.0
1.0,6932.0,6932.0,0.0,8171,0.0,0.0,0.0,False,0.0
0.9999998807907104,6559.0,6559.0,0.0,8172,0.0,0.0,0.0,False,0.0
1.0,3180.0,3180.0,0.0,8173,0.0,0.0,0.0,False,0.0
1.0000001192092896,3301.0,3301.0,0.0,8174,0.0,0.0,0.0,False,0.0
0.9999999403953552,2914.0,2914.0,0.0,8175,0.0,0.0,0.0,False,0.0
0.9999999403953552,224.0,224.0,0.0,8176,0.0,0.0,0.0,False,0.0
0.9999999403953552,114.0,114.0,0.0,8177,0.0,0.0,0.0,False,0.0
0.969666600227356,1.0,1.0,0.0,8178,0.030333461239933968,0.0,0.0,True,0.030333461239933968
1.0,7054.0,7054.0,0.0,8179,0.0,0.0,0.0,False,0.0
0.9835051894187927,1961.0,1961.0,0.0,8180,0.016494808718562126,0.0,0.0,True,0.016494808718562126
0.9999999403953552,3308.0,3308.0,0.0,8181,0.0,0.0,0.0,False,0.0
0.9652131795883179,742.0,742.0,0.0,8182,0.0347868986427784,0.0,0.0,True,0.0347868986427784
1.0,4715.0,4715.0,0.0,8183,0.0,0.0,0.0,False,0.0
0.9710352420806885,391.0,391.0,0.0,8184,0.028964724391698837,0.0,0.0,True,0.028964724391698837
1.0,2156.0,2156.0,0.0,8185,0.0,0.0,0.0,False,0.0
0.967934250831604,654.0,654.0,0.0,8186,0.03206581249833107,0.0,0.0,True,0.03206581249833107
1.0,5563.0,5563.0,0.0,8187,0.0,0.0,0.0,False,0.0
1.0,2035.0,2035.0,0.0,8188,0.0,0.0,0.0,False,0.0
1.0,2424.0,2424.0,0.0,8189,0.0,0.0,0.0,False,0.0
1.0,6584.0,6584.0,0.0,8190,0.0,0.0,0.0,False,0.0
1.0,5337.0,5337.0,0.0,8191,0.0,0.0,0.0,False,0.0
