non_true_tail_warrant_mass,rank_after_tail_bias,rank_before_tail_bias,rank_gain_from_tail_path,sample_id,true_tail_attention_mass,true_tail_bias,true_tail_copy_mass,true_tail_in_history,true_tail_warrant_mass
0.9300724864006042,7450.0,7449.0,-1.0,6553,0.0,0.0,0.0,False,0.0
0.22989781200885773,1.0,7630.0,7629.0,6554,0.7527839541435242,11.105817794799805,0.7502002716064453,True,0.7020269632339478
0.9278668165206909,6149.0,6141.0,-8.0,6555,0.0,0.0,0.0,False,0.0
0.926922082901001,1197.0,1166.0,-31.0,6556,0.0,0.0,0.0,False,0.0
0.9287289977073669,3427.0,3410.0,-17.0,6557,0.0,0.0,0.0,False,0.0
0.9297396540641785,2548.0,2530.0,-18.0,6558,0.0,0.0,0.0,False,0.0
0.27793246507644653,1.0,4728.0,4727.0,6559,0.7006545066833496,11.088826179504395,0.740323543548584,True,0.652341902256012
0.9276204705238342,56.0,32.0,-24.0,6560,0.0,0.0,0.0,False,0.0
0.9284011125564575,1426.0,1395.0,-31.0,6561,0.0,0.0,0.0,False,0.0
0.0874677374958992,1.0,6945.0,6944.0,6562,0.905609130859375,11.38325023651123,0.9314237833023071,True,0.8424620628356934
0.9296407103538513,6974.0,6973.0,-1.0,6563,0.0,0.0,0.0,False,0.0
0.9272030591964722,655.0,5756.0,5101.0,6564,0.001499430276453495,2.644787549972534,0.0008928130846470594,True,0.001385622308589518
0.9277856349945068,1898.0,1873.0,-25.0,6565,0.0,0.0,0.0,False,0.0
0.9261752367019653,1749.0,1722.0,-27.0,6566,0.0,0.0,0.0,False,0.0
0.9270597100257874,1466.0,1438.0,-28.0,6567,0.0,0.0,0.0,False,0.0
0.16504071652889252,1.0,7039.0,7038.0,6568,0.8219614028930664,11.311920166015625,0.8810233473777771,True,0.7648800611495972
0.9284667372703552,1091.0,1060.0,-31.0,6569,0.0,0.0,0.0,False,0.0
0.9279030561447144,2050.0,2030.0,-20.0,6570,0.0,0.0,0.0,False,0.0
0.9225848913192749,10.0,4512.0,4502.0,6571,0.005975650157779455,4.9883880615234375,0.006230708211660385,True,0.005541016813367605
0.1402600109577179,1.0,7648.0,7647.0,6572,0.8484995365142822,11.317747116088867,0.8850365281105042,True,0.7877396941184998
0.9282011985778809,3011.0,2985.0,-26.0,6573,0.0,0.0,0.0,False,0.0
0.9307087659835815,544.0,511.0,-33.0,6574,0.0,0.0,0.0,False,0.0
0.9309395551681519,4830.0,4815.0,-15.0,6575,0.0,0.0,0.0,False,0.0
0.9098017811775208,3.0,4234.0,4231.0,6576,0.02079152688384056,6.582192897796631,0.02191295102238655,True,0.019277019426226616
0.9295555353164673,2428.0,2409.0,-19.0,6577,0.0,0.0,0.0,False,0.0
0.9256883859634399,1021.0,996.0,-25.0,6578,0.0,0.0,0.0,False,0.0
0.08739113807678223,1.0,7596.0,7595.0,6579,0.9055415987968445,11.375194549560547,0.925590455532074,True,0.8408541679382324
0.08513609319925308,1.0,7672.0,7671.0,6580,0.9081360101699829,11.377742767333984,0.9274324178695679,True,0.8432912826538086
0.9274793863296509,5311.0,5303.0,-8.0,6581,0.0,0.0,0.0,False,0.0
0.9298810958862305,4781.0,4771.0,-10.0,6582,0.0,0.0,0.0,False,0.0
0.9280542731285095,2340.0,2317.0,-23.0,6583,0.0,0.0,0.0,False,0.0
0.9261565208435059,5974.0,5966.0,-8.0,6584,0.0,0.0,0.0,False,0.0
0.9276019334793091,224.0,201.0,-23.0,6585,0.0,0.0,0.0,False,0.0
0.9313101172447205,4990.0,4980.0,-10.0,6586,0.0,0.0,0.0,False,0.0
0.9284127950668335,6.0,1027.0,1021.0,6587,0.0013066288083791733,3.089939594268799,0.0013173031620681286,True,0.0012135942233726382
0.9254569411277771,1436.0,1419.0,-17.0,6588,0.0,0.0,0.0,False,0.0
0.9241578578948975,5.0,914.0,909.0,6589,0.006136696320027113,4.109419822692871,0.0030750015284866095,True,0.005700328852981329
0.911996603012085,2.0,3397.0,3395.0,6590,0.014346635900437832,6.04770040512085,0.014399704523384571,True,0.013249781914055347
0.9279668927192688,3486.0,3467.0,-19.0,6591,0.0,0.0,0.0,False,0.0
0.928455650806427,4627.0,4616.0,-11.0,6592,0.0,0.0,0.0,False,0.0
0.9273437261581421,5855.0,5850.0,-5.0,6593,0.0,0.0,0.0,False,0.0
0.928008496761322,1796.0,1771.0,-25.0,6594,0.0,0.0,0.0,False,0.0
0.09949671477079391,1.0,5812.0,5811.0,6595,0.8929401636123657,11.339956283569336,0.9004993438720703,True,0.8319522142410278
0.9323447942733765,4230.0,4212.0,-18.0,6596,0.0,0.0,0.0,False,0.0
0.9141258597373962,45.0,4568.0,4523.0,6597,0.011939371936023235,5.809847354888916,0.011939927004277706,True,0.011011489666998386
0.0649079754948616,1.0,7687.0,7686.0,6598,0.9298073649406433,11.385010719299316,0.9327040314674377,True,0.8612830638885498
0.9277005195617676,2454.0,2434.0,-20.0,6599,0.0,0.0,0.0,False,0.0
0.9270604848861694,5025.0,5015.0,-10.0,6600,0.0,0.0,0.0,False,0.0
0.055280812084674835,1.0,5260.0,5259.0,6601,0.940156877040863,11.396849632263184,0.9413554668426514,True,0.8713756799697876
0.9271857738494873,5287.0,5277.0,-10.0,6602,0.0,0.0,0.0,False,0.0
0.928890585899353,5.0,224.0,219.0,6603,0.0007501440704800189,2.447737455368042,0.0007471198332495987,True,0.0006945114582777023
0.9271359443664551,1624.0,1604.0,-20.0,6604,0.0,0.0,0.0,False,0.0
0.9279604554176331,4730.0,4716.0,-14.0,6605,0.0,0.0,0.0,False,0.0
0.9245643615722656,1647.0,1624.0,-23.0,6606,0.0,0.0,0.0,False,0.0
0.9259839057922363,2582.0,2563.0,-19.0,6607,0.0,0.0,0.0,False,0.0
0.9272377490997314,2687.0,6269.0,3582.0,6608,0.0012335506035014987,3.013113260269165,0.0012331395410001278,True,0.0011448252480477095
0.931398868560791,61.0,48.0,-13.0,6609,0.0,0.0,0.0,False,0.0
0.9250898361206055,4.0,1459.0,1455.0,6610,0.00406167795881629,4.4505934715271,0.004051891155540943,True,0.0037636130582541227
0.9239311814308167,140.0,1934.0,1794.0,6611,0.002707831794396043,3.9522945880889893,0.002705403370782733,True,0.002506387187168002
0.9290910363197327,2028.0,2004.0,-24.0,6612,0.0,0.0,0.0,False,0.0
0.923801064491272,8.0,1477.0,1469.0,6613,0.003564968705177307,4.2891106605529785,0.0035570908803492785,True,0.0032977748196572065
0.9282366037368774,3.0,210.0,207.0,6614,0.004032592289149761,4.443813323974609,0.004029837436974049,True,0.0037557778414338827
0.9269593954086304,5.0,131.0,126.0,6615,0.0007160917157307267,2.4000539779663086,0.0007151022437028587,True,0.0006633450975641608
0.9273860454559326,7306.0,7304.0,-2.0,6616,0.0,0.0,0.0,False,0.0
0.9267339706420898,4504.0,4489.0,-15.0,6617,0.0,0.0,0.0,False,0.0
0.9279398918151855,4882.0,4872.0,-10.0,6618,0.0,0.0,0.0,False,0.0
0.9331057071685791,4613.0,4602.0,-11.0,6619,0.0,0.0,0.0,False,0.0
0.9305318593978882,237.0,4534.0,4297.0,6620,0.0006805356242693961,2.343306303024292,0.0006785180303268135,True,0.0006318113300949335
0.9300847053527832,2631.0,2611.0,-20.0,6621,0.0,0.0,0.0,False,0.0
0.9247607588768005,3345.0,3330.0,-15.0,6622,0.0,0.0,0.0,False,0.0
0.9263777732849121,6214.0,6203.0,-11.0,6623,0.0,0.0,0.0,False,0.0
0.9255115389823914,16.0,1964.0,1948.0,6624,0.001414602156728506,3.170522689819336,0.0014111715136095881,True,0.0013079012278467417
0.9273315072059631,6340.0,6332.0,-8.0,6625,0.0,0.0,0.0,False,0.0
0.9125410914421082,2.0,1933.0,1931.0,6626,0.014939896762371063,6.092409610748291,0.014915205538272858,True,0.013816818594932556
0.9270623922348022,894.0,864.0,-30.0,6627,0.0,0.0,0.0,False,0.0
0.9279028177261353,17.0,2617.0,2600.0,6628,0.0021349398884922266,3.6605517864227295,0.0021284495014697313,True,0.00197920692153275
0.9273267388343811,557.0,525.0,-32.0,6629,0.0,0.0,0.0,False,0.0
0.9286895990371704,3376.0,3356.0,-20.0,6630,0.0,0.0,0.0,False,0.0
0.9267346858978271,2809.0,2786.0,-23.0,6631,0.0,0.0,0.0,False,0.0
0.9232924580574036,6339.0,6330.0,-9.0,6632,0.0,0.0,0.0,False,0.0
0.9242616891860962,3761.0,3740.0,-21.0,6633,0.0,0.0,0.0,False,0.0
0.9272267818450928,764.0,729.0,-35.0,6634,0.0,0.0,0.0,False,0.0
0.9213213920593262,3.0,1482.0,1479.0,6635,0.005512678064405918,4.832555294036865,0.0055028777569532394,True,0.005097972694784403
0.9306938052177429,947.0,914.0,-33.0,6636,0.0,0.0,0.0,False,0.0
0.9279356598854065,2092.0,2067.0,-25.0,6637,0.0,0.0,0.0,False,0.0
0.15558362007141113,1.0,7687.0,7686.0,6638,0.8320765495300293,11.239023208618164,0.8323310613632202,True,0.7723375558853149
0.9248372316360474,3665.0,3645.0,-20.0,6639,0.0,0.0,0.0,False,0.0
0.9284427165985107,356.0,323.0,-33.0,6640,0.0,0.0,0.0,False,0.0
0.13249032199382782,1.0,6819.0,6818.0,6641,0.8565549254417419,11.276063919067383,0.8567262291908264,True,0.7922452688217163
0.9298702478408813,634.0,598.0,-36.0,6642,0.0,0.0,0.0,False,0.0
0.9307321310043335,1841.0,1812.0,-29.0,6643,0.0,0.0,0.0,False,0.0
0.927920937538147,6551.0,6545.0,-6.0,6644,0.0,0.0,0.0,False,0.0
0.9245338439941406,18.0,1537.0,1519.0,6645,0.0022293042857199907,3.712207794189453,0.002221282571554184,True,0.0020582228899002075
0.9264397621154785,242.0,215.0,-27.0,6646,0.0,0.0,0.0,False,0.0
0.9260562658309937,3202.0,3189.0,-13.0,6647,0.0,0.0,0.0,False,0.0
0.9279457330703735,2038.0,2007.0,-31.0,6648,0.0,0.0,0.0,False,0.0
0.9278340339660645,3690.0,3666.0,-24.0,6649,0.0,0.0,0.0,False,0.0
0.9290395975112915,454.0,416.0,-38.0,6650,0.0,0.0,0.0,False,0.0
0.9265401363372803,2181.0,2151.0,-30.0,6651,0.0,0.0,0.0,False,0.0
0.9296984672546387,1847.0,5576.0,3729.0,6652,0.0004961486556567252,2.0080912113189697,0.000492523773573339,True,0.0004581242392305285
0.9225777387619019,4404.0,4391.0,-13.0,6653,0.0,0.0,0.0,False,0.0
0.9282906651496887,5660.0,5655.0,-5.0,6654,0.0,0.0,0.0,False,0.0
0.9259496927261353,930.0,897.0,-33.0,6655,0.0,0.0,0.0,False,0.0
0.9287015199661255,6688.0,6684.0,-4.0,6656,0.0,0.0,0.0,False,0.0
0.9263016581535339,2373.0,2346.0,-27.0,6657,0.0,0.0,0.0,False,0.0
0.8615232706069946,3.0,5189.0,5186.0,6658,0.07491115480661392,8.152630805969238,0.07487990707159042,True,0.06973233819007874
0.921867847442627,209.0,4426.0,4217.0,6659,0.004276457242667675,4.513033866882324,0.004260552115738392,True,0.0039444719441235065
0.927024245262146,5766.0,5759.0,-7.0,6660,0.0,0.0,0.0,False,0.0
0.9254546165466309,41.0,3684.0,3643.0,6661,0.0032020716462284327,4.15391731262207,0.003188166068866849,True,0.002959939418360591
0.9221851229667664,30.0,4353.0,4323.0,6662,0.0049458700232207775,4.693842887878418,0.004925370682030916,True,0.004564585629850626
0.9285748600959778,3034.0,3008.0,-26.0,6663,0.0,0.0,0.0,False,0.0
0.9207770824432373,22.0,4439.0,4417.0,6664,0.0070006512105464935,5.129132270812988,0.006968566682189703,True,0.0064615244045853615
0.9246560335159302,12.0,2202.0,2190.0,6665,0.005590006243437529,4.849587917327881,0.005578192416578531,True,0.005186842754483223
0.9242284297943115,7621.0,7621.0,0.0,6666,0.0,0.0,0.0,False,0.0
0.9285957217216492,6309.0,6303.0,-6.0,6667,0.0,0.0,0.0,False,0.0
0.9205465912818909,37.0,7020.0,6983.0,6668,0.008956418372690678,5.441055774688721,0.008923322893679142,True,0.008288294076919556
0.925180971622467,6420.0,6415.0,-5.0,6669,0.0,0.0,0.0,False,0.0
0.9244785308837891,2729.0,2705.0,-24.0,6670,0.0,0.0,0.0,False,0.0
0.2623104453086853,3.0,7686.0,7683.0,6671,0.7174102067947388,11.04936695098877,0.7178868055343628,True,0.6674952507019043
0.9282501935958862,3109.0,3094.0,-15.0,6672,0.0,0.0,0.0,False,0.0
0.07781687378883362,1.0,7584.0,7583.0,6673,0.9157085418701172,11.361642837524414,0.9158591032028198,True,0.8470226526260376
0.9277685880661011,3095.0,3076.0,-19.0,6674,0.0,0.0,0.0,False,0.0
0.9274582862854004,1183.0,1153.0,-30.0,6675,0.0,0.0,0.0,False,0.0
0.9271785020828247,5387.0,5376.0,-11.0,6676,0.0,0.0,0.0,False,0.0
0.9299596548080444,2008.0,6949.0,4941.0,6677,0.0006678717909380794,2.3223466873168945,0.0006654097232967615,True,0.0006192162982188165
0.9052072763442993,2.0,2474.0,2472.0,6678,0.024521248415112495,6.722774982452393,0.024466868489980698,True,0.022703057155013084
0.917096734046936,2.0,861.0,859.0,6679,0.011239072307944298,5.731180191040039,0.011221751570701599,True,0.010408230125904083
0.9296814799308777,3577.0,3559.0,-18.0,6680,0.0,0.0,0.0,False,0.0
0.14080342650413513,2.0,7684.0,7682.0,6681,0.8483248949050903,11.263803482055664,0.8485730886459351,True,0.7890408039093018
0.9301795959472656,2131.0,2105.0,-26.0,6682,0.0,0.0,0.0,False,0.0
0.9267628192901611,7.0,408.0,401.0,6683,0.0007884085644036531,2.4983415603637695,0.0007824260974302888,True,0.0007256912067532539
0.9222040772438049,6.0,2533.0,2527.0,6684,0.0050378646701574326,4.719327449798584,0.005026841536164284,True,0.004659194499254227
0.927589476108551,3704.0,3691.0,-13.0,6685,0.0,0.0,0.0,False,0.0
0.9284977316856384,1222.0,1193.0,-29.0,6686,0.0,0.0,0.0,False,0.0
0.9249227046966553,1600.0,1576.0,-24.0,6687,0.0,0.0,0.0,False,0.0
0.9301700592041016,1804.0,1782.0,-22.0,6688,0.0,0.0,0.0,False,0.0
0.9301169514656067,5942.0,5937.0,-5.0,6689,0.0,0.0,0.0,False,0.0
0.9278623461723328,3118.0,3099.0,-19.0,6690,0.0,0.0,0.0,False,0.0
0.9282146692276001,4555.0,4545.0,-10.0,6691,0.0,0.0,0.0,False,0.0
0.9302464127540588,4976.0,4958.0,-18.0,6692,0.0,0.0,0.0,False,0.0
0.9280604720115662,3423.0,3403.0,-20.0,6693,0.0,0.0,0.0,False,0.0
0.9250295758247375,465.0,444.0,-21.0,6694,0.0,0.0,0.0,False,0.0
0.9308112859725952,3433.0,3413.0,-20.0,6695,0.0,0.0,0.0,False,0.0
0.9308629035949707,1009.0,978.0,-31.0,6696,0.0,0.0,0.0,False,0.0
0.928320586681366,2826.0,2807.0,-19.0,6697,0.0,0.0,0.0,False,0.0
0.9282965660095215,33.0,1499.0,1466.0,6698,0.0008794385357759893,2.6257574558258057,0.0008777462062425911,True,0.0008155246032401919
0.9282262325286865,2963.0,2948.0,-15.0,6699,0.0,0.0,0.0,False,0.0
0.9254378080368042,47.0,949.0,902.0,6700,0.0005464236019179225,2.109123468399048,0.0005435576313175261,True,0.0005033023771829903
0.9268208742141724,6723.0,6722.0,-1.0,6701,0.0,0.0,0.0,False,0.0
0.9231281280517578,1518.0,7363.0,5845.0,6702,0.0060292319394648075,4.944085121154785,0.006014713551849127,True,0.005585948936641216
0.9290421605110168,3624.0,3613.0,-11.0,6703,0.0,0.0,0.0,False,0.0
0.9295604228973389,3582.0,3567.0,-15.0,6704,0.0,0.0,0.0,False,0.0
0.9267858266830444,4254.0,4243.0,-11.0,6705,0.0,0.0,0.0,False,0.0
0.9287869930267334,2646.0,2624.0,-22.0,6706,0.0,0.0,0.0,False,0.0
0.9288015365600586,1129.0,1097.0,-32.0,6707,0.0,0.0,0.0,False,0.0
0.929745614528656,1073.0,1038.0,-35.0,6708,0.0,0.0,0.0,False,0.0
0.9269220232963562,7165.0,7163.0,-2.0,6709,0.0,0.0,0.0,False,0.0
0.9242678880691528,24.0,910.0,886.0,6710,0.0019720750860869884,3.5628609657287598,0.00196278840303421,True,0.0018177101155743003
0.9275189638137817,6355.0,6350.0,-5.0,6711,0.0,0.0,0.0,False,0.0
0.922410786151886,4787.0,7672.0,2885.0,6712,0.004602243658155203,4.605876445770264,0.004590214230120182,True,0.004253588151186705
0.9225189685821533,33.0,4105.0,4072.0,6713,0.004121191333979368,4.468297481536865,0.004110025241971016,True,0.003807223867624998
0.15003974735736847,1.0,7688.0,7687.0,6714,0.8384158611297607,11.248847961425781,0.8387329578399658,True,0.7803407907485962
0.9256413578987122,4655.0,4640.0,-15.0,6715,0.0,0.0,0.0,False,0.0
0.9254568219184875,16.0,1766.0,1750.0,6716,0.004330020863562822,4.526207447052002,0.004305889829993248,True,0.0040021478198468685
0.9270943999290466,16.0,890.0,874.0,6717,0.00253824470564723,3.8703393936157227,0.0025298623368144035,True,0.002351369708776474
0.9274669885635376,34.0,3147.0,3113.0,6718,0.0020361877977848053,3.6007914543151855,0.0020256154239177704,True,0.0018825046718120575
0.927001953125,6526.0,6520.0,-6.0,6719,0.0,0.0,0.0,False,0.0
0.926324725151062,325.0,296.0,-29.0,6720,0.0,0.0,0.0,False,0.0
0.9283618330955505,3196.0,3176.0,-20.0,6721,0.0,0.0,0.0,False,0.0
0.10371701419353485,1.0,7650.0,7649.0,6722,0.888180136680603,11.322574615478516,0.8883743286132812,True,0.8254334926605225
0.9259485006332397,248.0,220.0,-28.0,6723,0.0,0.0,0.0,False,0.0
0.9242732524871826,4014.0,4000.0,-14.0,6724,0.0,0.0,0.0,False,0.0
0.9253621697425842,23.0,1779.0,1756.0,6725,0.0014936084626242518,3.22994065284729,0.001484262989833951,True,0.0013755224645137787
0.9270633459091187,26.0,1936.0,1910.0,6726,0.001694115693680942,3.3840243816375732,0.0016903645591810346,True,0.0015697284834459424
0.9146437048912048,33.0,5444.0,5411.0,6727,0.011225461959838867,5.728893280029297,0.011201526038348675,True,0.01036147028207779
0.9124332666397095,4.0,2534.0,2530.0,6728,0.019863862544298172,6.4548797607421875,0.019829679280519485,True,0.018459301441907883
0.9301313161849976,2787.0,2763.0,-24.0,6729,0.0,0.0,0.0,False,0.0
0.9226447939872742,26.0,5988.0,5962.0,6730,0.005531019065529108,4.83855676651001,0.005529299844056368,True,0.005129944998770952
0.9261741042137146,1519.0,1496.0,-23.0,6731,0.0,0.0,0.0,False,0.0
0.927592396736145,465.0,431.0,-34.0,6732,0.0,0.0,0.0,False,0.0
0.9263836741447449,1187.0,1155.0,-32.0,6733,0.0,0.0,0.0,False,0.0
0.9257064461708069,319.0,290.0,-29.0,6734,0.0,0.0,0.0,False,0.0
0.9258810877799988,1268.0,1237.0,-31.0,6735,0.0,0.0,0.0,False,0.0
0.9299688935279846,5809.0,5797.0,-12.0,6736,0.0,0.0,0.0,False,0.0
0.926297664642334,6438.0,6434.0,-4.0,6737,0.0,0.0,0.0,False,0.0
0.927143931388855,2955.0,2930.0,-25.0,6738,0.0,0.0,0.0,False,0.0
0.9242127537727356,2672.0,2646.0,-26.0,6739,0.0,0.0,0.0,False,0.0
0.41603532433509827,4.0,6128.0,6124.0,6740,0.5497114658355713,10.708650588989258,0.5503567457199097,True,0.5092211961746216
0.15154027938842773,1.0,7668.0,7667.0,6741,0.8356688022613525,11.24477767944336,0.8360750675201416,True,0.7729088068008423
0.9288222789764404,900.0,868.0,-32.0,6742,0.0,0.0,0.0,False,0.0
0.915798544883728,6.0,1278.0,1272.0,6743,0.011171724647283554,5.723128318786621,0.011150699108839035,True,0.010326948016881943
0.9219114184379578,140.0,2171.0,2031.0,6744,0.0017169394996017218,3.3976247310638428,0.0017097739037126303,True,0.001578959752805531
0.9241714477539062,3172.0,7403.0,4231.0,6745,0.006816265173256397,5.097387790679932,0.006795001216232777,True,0.006322708446532488
0.920985758304596,298.0,4851.0,4553.0,6746,0.007878206670284271,5.280712604522705,0.007859241217374802,True,0.007295587100088596
0.9047790765762329,5.0,3203.0,3198.0,6747,0.025406552478671074,6.767103672027588,0.02533198706805706,True,0.023515546694397926
0.9297399520874023,4563.0,4551.0,-12.0,6748,0.0,0.0,0.0,False,0.0
0.8921570181846619,2.0,4125.0,4123.0,6749,0.04091183841228485,7.376173496246338,0.04081131890416145,True,0.037959273904561996
0.9254542589187622,7234.0,7232.0,-2.0,6750,0.0,0.0,0.0,False,0.0
0.926550030708313,5.0,159.0,154.0,6751,0.0011871078750118613,2.9653851985931396,0.0011833360185846686,True,0.0010977190686389804
0.9238228797912598,17.0,3325.0,3308.0,6752,0.004365888889878988,4.541382789611816,0.004358693026006222,True,0.00404428830370307
0.924649715423584,2549.0,2526.0,-23.0,6753,0.0,0.0,0.0,False,0.0
0.9269139766693115,40.0,2497.0,2457.0,6754,0.0009261918021366,2.6809093952178955,0.0009220345527864993,True,0.0008554354426451027
0.9265989065170288,3755.0,3738.0,-17.0,6755,0.0,0.0,0.0,False,0.0
0.9271022081375122,2336.0,2313.0,-23.0,6756,0.0,0.0,0.0,False,0.0
0.9286283254623413,409.0,394.0,-15.0,6757,0.0,0.0,0.0,False,0.0
0.9264442920684814,6936.0,6932.0,-4.0,6758,0.0,0.0,0.0,False,0.0
0.1910627782344818,1.0,7667.0,7666.0,6759,0.7936272025108337,11.17860221862793,0.7940180897712708,True,0.7365078926086426
0.22087019681930542,1.0,5104.0,5103.0,6760,0.7614805102348328,11.125849723815918,0.7620120644569397,True,0.7072027325630188
0.9272438883781433,621.0,590.0,-31.0,6761,0.0,0.0,0.0,False,0.0
0.9268582463264465,2880.0,2863.0,-17.0,6762,0.0,0.0,0.0,False,0.0
0.9282175302505493,3704.0,3690.0,-14.0,6763,0.0,0.0,0.0,False,0.0
0.9252879023551941,204.0,5964.0,5760.0,6764,0.0015713885659351945,3.295319080352783,0.0015686984406784177,True,0.0014537782408297062
0.9273147583007812,2030.0,2012.0,-18.0,6765,0.0,0.0,0.0,False,0.0
0.9267007112503052,167.0,137.0,-30.0,6766,0.0,0.0,0.0,False,0.0
0.9278818368911743,475.0,2794.0,2319.0,6767,0.0031751873902976513,4.147984027862549,0.003172849304974079,True,0.0029533999040722847
0.927375316619873,5090.0,5080.0,-10.0,6768,0.0,0.0,0.0,False,0.0
0.9273114204406738,1344.0,1318.0,-26.0,6769,0.0,0.0,0.0,False,0.0
0.9241145849227905,7.0,77.0,70.0,6770,0.0005781757063232362,2.170166254043579,0.0005763977533206344,True,0.0005329647683538496
0.9295233488082886,629.0,599.0,-30.0,6771,0.0,0.0,0.0,False,0.0
0.927325427532196,7563.0,7563.0,0.0,6772,0.0,0.0,0.0,False,0.0
0.926220715045929,5648.0,5643.0,-5.0,6773,0.0,0.0,0.0,False,0.0
0.9164999723434448,6.0,1890.0,1884.0,6774,0.014892803505063057,6.0897040367126465,0.014883494935929775,True,0.013846810907125473
0.9269041419029236,1725.0,1706.0,-19.0,6775,0.0,0.0,0.0,False,0.0
0.10279631614685059,1.0,7601.0,7600.0,6776,0.888715386390686,11.323572158813477,0.8890657424926758,True,0.8238456845283508
0.9277607202529907,5871.0,5863.0,-8.0,6777,0.0,0.0,0.0,False,0.0
0.0864122211933136,1.0,7685.0,7684.0,6778,0.9067105054855347,11.348993301391602,0.906868577003479,True,0.8414394855499268
0.9274243116378784,3705.0,3692.0,-13.0,6779,0.0,0.0,0.0,False,0.0
0.9275972843170166,3547.0,3533.0,-14.0,6780,0.0,0.0,0.0,False,0.0
0.9247581958770752,905.0,6156.0,5251.0,6781,0.0010791273089125752,2.8564863204956055,0.0010764084290713072,True,0.0009964901255443692
0.9301944375038147,3126.0,3110.0,-16.0,6782,0.0,0.0,0.0,False,0.0
0.9278410077095032,255.0,221.0,-34.0,6783,0.0,0.0,0.0,False,0.0
0.9287531971931458,6540.0,6537.0,-3.0,6784,0.0,0.0,0.0,False,0.0
0.9271121025085449,6108.0,6101.0,-7.0,6785,0.0,0.0,0.0,False,0.0
0.9274893403053284,7105.0,7103.0,-2.0,6786,0.0,0.0,0.0,False,0.0
0.9232974052429199,18.0,1594.0,1576.0,6787,0.002194155240431428,3.6920435428619385,0.0021845984738320112,True,0.0020214500837028027
0.9291300177574158,304.0,278.0,-26.0,6788,0.0,0.0,0.0,False,0.0
0.9265224933624268,1669.0,1651.0,-18.0,6789,0.0,0.0,0.0,False,0.0
0.9275040626525879,4771.0,4755.0,-16.0,6790,0.0,0.0,0.0,False,0.0
0.9262426495552063,1257.0,1231.0,-26.0,6791,0.0,0.0,0.0,False,0.0
0.9278324246406555,2749.0,2725.0,-24.0,6792,0.0,0.0,0.0,False,0.0
0.9205689430236816,25.0,2685.0,2660.0,6793,0.005510237999260426,4.829478740692139,0.005489380098879337,True,0.0050812456756830215
0.926892876625061,4151.0,4134.0,-17.0,6794,0.0,0.0,0.0,False,0.0
0.9208647012710571,14.0,1700.0,1686.0,6795,0.005039924755692482,4.717966079711914,0.00502137141302228,True,0.004647339694201946
0.9248464107513428,15.0,6432.0,6417.0,6796,0.008930151350796223,5.44160270690918,0.008927186019718647,True,0.00833064503967762
0.9275651574134827,6664.0,6661.0,-3.0,6797,0.0,0.0,0.0,False,0.0
0.9198858141899109,5.0,1085.0,1080.0,6798,0.006178733892738819,4.97177791595459,0.006148850079625845,True,0.005691234953701496
0.9257404804229736,19.0,2759.0,2740.0,6799,0.0028563470114022493,4.014895915985107,0.0028472549747675657,True,0.0026433453895151615
0.9297803044319153,6743.0,6735.0,-8.0,6800,0.0,0.0,0.0,False,0.0
0.9177683591842651,16.0,3086.0,3070.0,6801,0.011783798225224018,5.791957855224609,0.011772717349231243,True,0.010933342389762402
0.18137098848819733,1.0,7345.0,7344.0,6802,0.8032902479171753,11.194218635559082,0.8037481307983398,True,0.7428034543991089
0.9293882846832275,5149.0,5139.0,-10.0,6803,0.0,0.0,0.0,False,0.0
0.8890147805213928,2.0,1641.0,1639.0,6804,0.04256560653448105,7.428016185760498,0.04250035062432289,True,0.039460524916648865
0.9264376163482666,6425.0,6420.0,-5.0,6805,0.0,0.0,0.0,False,0.0
0.928316593170166,439.0,412.0,-27.0,6806,0.0,0.0,0.0,False,0.0
0.927881121635437,2507.0,2484.0,-23.0,6807,0.0,0.0,0.0,False,0.0
0.9294419288635254,4879.0,4865.0,-14.0,6808,0.0,0.0,0.0,False,0.0
0.9213215112686157,9.0,1906.0,1897.0,6809,0.0077649131417274475,5.262209415435791,0.0077447909861803055,True,0.007191136945039034
0.9222506880760193,11.0,737.0,726.0,6810,0.0024921188596636057,3.8464314937591553,0.002480731811374426,True,0.0022935462184250355
0.9280812740325928,293.0,255.0,-38.0,6811,0.0,0.0,0.0,False,0.0
0.2414475530385971,2.0,7518.0,7516.0,6812,0.7383812069892883,11.086557388305664,0.7390146255493164,True,0.6836906671524048
0.9289214015007019,2388.0,2365.0,-23.0,6813,0.0,0.0,0.0,False,0.0
0.9283016920089722,143.0,115.0,-28.0,6814,0.0,0.0,0.0,False,0.0
0.9231101870536804,4.0,1279.0,1275.0,6815,0.004193300846964121,4.489470958709717,0.004180614370852709,True,0.0038753692060709
0.9318283200263977,2347.0,2321.0,-26.0,6816,0.0,0.0,0.0,False,0.0
0.9232584238052368,59.0,2897.0,2838.0,6817,0.005796512123197317,4.896058082580566,0.005788836628198624,True,0.0053757112473249435
0.3187553882598877,4.0,7621.0,7617.0,6818,0.6565482020378113,10.936101913452148,0.6571887135505676,True,0.6110722422599792
0.9269680380821228,5078.0,5068.0,-10.0,6819,0.0,0.0,0.0,False,0.0
0.9192193150520325,1.0,95.0,94.0,6820,0.010110887698829174,5.595563888549805,0.010082555934786797,True,0.00936247780919075
0.928211510181427,5210.0,5203.0,-7.0,6821,0.0,0.0,0.0,False,0.0
0.9300317168235779,3614.0,3595.0,-19.0,6822,0.0,0.0,0.0,False,0.0
0.928014874458313,2387.0,2356.0,-31.0,6823,0.0,0.0,0.0,False,0.0
0.9274599552154541,3011.0,2992.0,-19.0,6824,0.0,0.0,0.0,False,0.0
0.9301726222038269,5315.0,5307.0,-8.0,6825,0.0,0.0,0.0,False,0.0
0.9260925650596619,5813.0,5807.0,-6.0,6826,0.0,0.0,0.0,False,0.0
0.9272633194923401,5705.0,5699.0,-6.0,6827,0.0,0.0,0.0,False,0.0
0.9256917238235474,24.0,4480.0,4456.0,6828,0.00324956513941288,4.1740007400512695,0.003240542020648718,True,0.003009495325386524
0.9236336946487427,9.0,1419.0,1410.0,6829,0.0033384375274181366,4.203920364379883,0.00332010630518198,True,0.003076777094975114
0.9264559149742126,675.0,659.0,-16.0,6830,0.0,0.0,0.0,False,0.0
0.929419219493866,1642.0,1615.0,-27.0,6831,0.0,0.0,0.0,False,0.0
0.9264904260635376,319.0,293.0,-26.0,6832,0.0,0.0,0.0,False,0.0
0.8666686415672302,2.0,2918.0,2916.0,6833,0.06506821513175964,7.970213413238525,0.06493400782346725,True,0.06018427386879921
0.817618191242218,1.0,4155.0,4154.0,6834,0.12020689249038696,8.757116317749023,0.12005090713500977,True,0.11154714226722717
0.9278087615966797,607.0,575.0,-32.0,6835,0.0,0.0,0.0,False,0.0
0.9286752939224243,3324.0,3301.0,-23.0,6836,0.0,0.0,0.0,False,0.0
0.9293057918548584,208.0,4585.0,4377.0,6837,0.001627963618375361,3.336500883102417,0.0016241366975009441,True,0.001511775073595345
0.9293535947799683,5089.0,5080.0,-9.0,6838,0.0,0.0,0.0,False,0.0
0.9301743507385254,1047.0,1018.0,-29.0,6839,0.0,0.0,0.0,False,0.0
0.9295448660850525,209.0,187.0,-22.0,6840,0.0,0.0,0.0,False,0.0
0.9274012446403503,812.0,783.0,-29.0,6841,0.0,0.0,0.0,False,0.0
0.929508626461029,111.0,93.0,-18.0,6842,0.0,0.0,0.0,False,0.0
0.9296051859855652,1024.0,4636.0,3612.0,6843,0.00048553524538874626,1.9919978380203247,0.0004847595118917525,True,0.00045085352030582726
0.9276071786880493,4020.0,4008.0,-12.0,6844,0.0,0.0,0.0,False,0.0
0.927432656288147,4473.0,4460.0,-13.0,6845,0.0,0.0,0.0,False,0.0
0.8970710635185242,1.0,725.0,724.0,6846,0.03651631623506546,7.232046604156494,0.0364590585231781,True,0.03394392877817154
0.886864423751831,3.0,3873.0,3870.0,6847,0.042444705963134766,7.424038887023926,0.04236834496259689,True,0.03923740237951279
0.927804708480835,329.0,296.0,-33.0,6848,0.0,0.0,0.0,False,0.0
0.9277048110961914,3818.0,3804.0,-14.0,6849,0.0,0.0,0.0,False,0.0
0.9229696989059448,4181.0,4168.0,-13.0,6850,0.0,0.0,0.0,False,0.0
0.9265071153640747,5087.0,5076.0,-11.0,6851,0.0,0.0,0.0,False,0.0
0.9256613254547119,2650.0,2625.0,-25.0,6852,0.0,0.0,0.0,False,0.0
0.9253169894218445,2500.0,2477.0,-23.0,6853,0.0,0.0,0.0,False,0.0
0.9273668527603149,3071.0,3051.0,-20.0,6854,0.0,0.0,0.0,False,0.0
0.9283783435821533,3545.0,3526.0,-19.0,6855,0.0,0.0,0.0,False,0.0
0.9298498630523682,2988.0,2967.0,-21.0,6856,0.0,0.0,0.0,False,0.0
0.9308339357376099,6521.0,6518.0,-3.0,6857,0.0,0.0,0.0,False,0.0
0.929210901260376,3422.0,3405.0,-17.0,6858,0.0,0.0,0.0,False,0.0
0.17534630000591278,2.0,7670.0,7668.0,6859,0.8099051713943481,11.204889297485352,0.81046462059021,True,0.7497912645339966
0.9274935722351074,5277.0,5271.0,-6.0,6860,0.0,0.0,0.0,False,0.0
0.9278257489204407,891.0,859.0,-32.0,6861,0.0,0.0,0.0,False,0.0
0.9259305596351624,2245.0,2216.0,-29.0,6862,0.0,0.0,0.0,False,0.0
0.2240893840789795,1.0,7174.0,7173.0,6863,0.7577067017555237,11.119264602661133,0.758109450340271,True,0.7023186087608337
0.12038776278495789,1.0,7688.0,7687.0,6864,0.870212197303772,11.29648208618164,0.8704794049263,True,0.8091002702713013
0.925339937210083,6921.0,6917.0,-4.0,6865,0.0,0.0,0.0,False,0.0
0.9294604063034058,1966.0,1941.0,-25.0,6866,0.0,0.0,0.0,False,0.0
0.9263080358505249,3569.0,3554.0,-15.0,6867,0.0,0.0,0.0,False,0.0
0.9278833866119385,4462.0,4453.0,-9.0,6868,0.0,0.0,0.0,False,0.0
0.2072223722934723,1.0,7553.0,7552.0,6869,0.775650680065155,11.149741172790527,0.7763451337814331,True,0.7193049788475037
0.10107485949993134,1.0,4343.0,4342.0,6870,0.8908199071884155,11.326419830322266,0.8910422921180725,True,0.8265771269798279
0.9269715547561646,205.0,180.0,-25.0,6871,0.0,0.0,0.0,False,0.0
0.9290648698806763,41.0,1865.0,1824.0,6872,0.0006426324835047126,2.2799534797668457,0.0006395431119017303,True,0.0005945572629570961
0.8784332871437073,5.0,3316.0,3311.0,6873,0.050243671983480453,7.640200614929199,0.0501711368560791,True,0.04639993607997894
0.1934235692024231,1.0,7204.0,7203.0,6874,0.7913640141487122,11.17483139038086,0.7916865944862366,True,0.7350983619689941
0.9262436628341675,3171.0,3149.0,-22.0,6875,0.0,0.0,0.0,False,0.0
0.9264054298400879,6326.0,6319.0,-7.0,6876,0.0,0.0,0.0,False,0.0
0.9312726259231567,3029.0,3012.0,-17.0,6877,0.0,0.0,0.0,False,0.0
0.057222798466682434,2.0,7663.0,7661.0,6878,0.9382535815238953,11.392791748046875,0.9383808374404907,True,0.8714303374290466
0.9282245635986328,1575.0,4636.0,3061.0,6879,0.00023450741718988866,1.3195326328277588,0.00023386423708871007,True,0.00021712931629735976
0.9299058318138123,223.0,190.0,-33.0,6880,0.0,0.0,0.0,False,0.0
0.08217557519674301,1.0,7058.0,7057.0,6881,0.9113655090332031,11.355749130249023,0.911659300327301,True,0.8480364680290222
0.9285929203033447,4866.0,4854.0,-12.0,6882,0.0,0.0,0.0,False,0.0
0.9095410704612732,29.0,6063.0,6034.0,6883,0.017140675336122513,6.266654968261719,0.017104893922805786,True,0.015828344970941544
0.9166526198387146,2.0,1381.0,1379.0,6884,0.01250376831740141,5.865771770477295,0.012477939948439598,True,0.011582460254430771
0.8977674245834351,37.0,6792.0,6755.0,6885,0.031720519065856934,7.050260066986084,0.031623151153326035,True,0.02931734174489975
0.9270682334899902,562.0,540.0,-22.0,6886,0.0,0.0,0.0,False,0.0
0.9280116558074951,1126.0,1102.0,-24.0,6887,0.0,0.0,0.0,False,0.0
0.9265456199645996,5610.0,5603.0,-7.0,6888,0.0,0.0,0.0,False,0.0
0.9283345937728882,3362.0,3349.0,-13.0,6889,0.0,0.0,0.0,False,0.0
0.9256538152694702,47.0,1214.0,1167.0,6890,0.000522538204677403,2.0655288696289062,0.0005210429662838578,True,0.00048255681758746505
0.9260261058807373,149.0,3555.0,3406.0,6891,0.003578421426936984,4.290345191955566,0.0035606420133262873,True,0.003309029620140791
0.9282253980636597,5201.0,5186.0,-15.0,6892,0.0,0.0,0.0,False,0.0
0.9252086877822876,13.0,2971.0,2958.0,6893,0.003170641837641597,4.143905162811279,0.0031623602844774723,True,0.002935125259682536
0.05755593627691269,1.0,7638.0,7637.0,6894,0.9378160834312439,11.39225959777832,0.9379916191101074,True,0.8706406354904175
0.9270412921905518,3614.0,3597.0,-17.0,6895,0.0,0.0,0.0,False,0.0
0.925697922706604,5118.0,5112.0,-6.0,6896,0.0,0.0,0.0,False,0.0
0.9279904365539551,1464.0,1443.0,-21.0,6897,0.0,0.0,0.0,False,0.0
0.9259670376777649,820.0,802.0,-18.0,6898,0.0,0.0,0.0,False,0.0
0.927623987197876,1189.0,1169.0,-20.0,6899,0.0,0.0,0.0,False,0.0
0.927376925945282,2994.0,2977.0,-17.0,6900,0.0,0.0,0.0,False,0.0
0.9298676252365112,3571.0,3560.0,-11.0,6901,0.0,0.0,0.0,False,0.0
0.9275747537612915,836.0,825.0,-11.0,6902,0.0,0.0,0.0,False,0.0
0.08135067671537399,1.0,5734.0,5733.0,6903,0.912464439868927,11.357166290283203,0.9126676321029663,True,0.850156307220459
0.9273220300674438,5515.0,5507.0,-8.0,6904,0.0,0.0,0.0,False,0.0
0.9284580945968628,28.0,1505.0,1477.0,6905,0.0007363988552242517,2.4273247718811035,0.0007332676323130727,True,0.0006813078070990741
0.923487663269043,7093.0,7090.0,-3.0,6906,0.0,0.0,0.0,False,0.0
0.9241401553153992,224.0,5456.0,5232.0,6907,0.0017947204178199172,3.4523019790649414,0.0017899156082421541,True,0.001657098880968988
0.926525354385376,7222.0,7219.0,-3.0,6908,0.0,0.0,0.0,False,0.0
0.928268313407898,6196.0,6193.0,-3.0,6909,0.0,0.0,0.0,False,0.0
0.9267085194587708,6647.0,6643.0,-4.0,6910,0.0,0.0,0.0,False,0.0
0.9292319416999817,5860.0,5855.0,-5.0,6911,0.0,0.0,0.0,False,0.0
0.8878702521324158,2.0,3541.0,3539.0,6912,0.04324128106236458,7.447854042053223,0.0431649386882782,True,0.04005378857254982
0.9310010671615601,1392.0,1369.0,-23.0,6913,0.0,0.0,0.0,False,0.0
0.9272569417953491,75.0,55.0,-20.0,6914,0.0,0.0,0.0,False,0.0
0.9228615760803223,1624.0,5837.0,4213.0,6915,0.0006247762939892709,2.2504560947418213,0.0006220428040251136,True,0.0005744167137891054
0.9280303120613098,6000.0,5994.0,-6.0,6916,0.0,0.0,0.0,False,0.0
0.9250186681747437,6354.0,6349.0,-5.0,6917,0.0,0.0,0.0,False,0.0
0.9276183843612671,3198.0,3184.0,-14.0,6918,0.0,0.0,0.0,False,0.0
0.9254723787307739,7443.0,7443.0,0.0,6919,0.0,0.0,0.0,False,0.0
0.9276913404464722,490.0,460.0,-30.0,6920,0.0,0.0,0.0,False,0.0
0.07902798056602478,1.0,3809.0,3808.0,6921,0.914330005645752,11.360004425048828,0.9146902561187744,True,0.8473374843597412
0.07745105028152466,1.0,6670.0,6669.0,6922,0.9164223670959473,11.362740516662598,0.9166438579559326,True,0.8517066240310669
0.9248468279838562,747.0,7473.0,6726.0,6923,0.0034814095124602318,4.2594685554504395,0.003472839714959264,True,0.0032230380456894636
0.9275825619697571,1127.0,1099.0,-28.0,6924,0.0,0.0,0.0,False,0.0
0.9282647371292114,516.0,482.0,-34.0,6925,0.0,0.0,0.0,False,0.0
0.925708532333374,7426.0,7426.0,0.0,6926,0.0,0.0,0.0,False,0.0
0.9101893901824951,2.0,4421.0,4419.0,6927,0.017313344404101372,6.2778520584106445,0.01725604198873043,True,0.01598205417394638
0.9304614067077637,6809.0,6807.0,-2.0,6928,0.0,0.0,0.0,False,0.0
0.925065279006958,28.0,3892.0,3864.0,6929,0.0018759556114673615,3.506464719772339,0.0018727441783994436,True,0.0017356609459966421
0.9219167828559875,2.0,76.0,74.0,6930,0.006058713886886835,4.950825214385986,0.006047094240784645,True,0.00560883479192853
0.9293134212493896,1439.0,1414.0,-25.0,6931,0.0,0.0,0.0,False,0.0
0.9259067177772522,955.0,923.0,-32.0,6932,0.0,0.0,0.0,False,0.0
0.8797370791435242,3.0,3307.0,3304.0,6933,0.05248009413480759,7.69524621963501,0.05237729102373123,True,0.04862509295344353
0.9232295751571655,18.0,1426.0,1408.0,6934,0.0013603444676846266,3.1253583431243896,0.0013578353682532907,True,0.0012552982661873102
0.9279427528381348,1044.0,1013.0,-31.0,6935,0.0,0.0,0.0,False,0.0
0.9187248945236206,28.0,6692.0,6664.0,6936,0.008811529725790024,5.421557903289795,0.00878671370446682,True,0.008144132792949677
0.9248213768005371,2438.0,2415.0,-23.0,6937,0.0,0.0,0.0,False,0.0
0.9188982248306274,12.0,1342.0,1330.0,6938,0.008769138716161251,5.417969703674316,0.008761797100305557,True,0.008122366853058338
0.9192720651626587,46.0,6017.0,5971.0,6939,0.0072980113327503204,5.183652400970459,0.007276869844645262,True,0.006738458294421434
0.9270301461219788,1337.0,1311.0,-26.0,6940,0.0,0.0,0.0,False,0.0
0.926264762878418,2325.0,2297.0,-28.0,6941,0.0,0.0,0.0,False,0.0
0.9270539879798889,2105.0,2084.0,-21.0,6942,0.0,0.0,0.0,False,0.0
0.9272445440292358,4890.0,4880.0,-10.0,6943,0.0,0.0,0.0,False,0.0
0.92641282081604,5818.0,5811.0,-7.0,6944,0.0,0.0,0.0,False,0.0
0.9145499467849731,8.0,5280.0,5272.0,6945,0.014745581895112991,6.075639247894287,0.014719734899699688,True,0.013663048855960369
0.9152952432632446,11.0,4227.0,4216.0,6946,0.014161553233861923,6.022154331207275,0.014113124459981918,True,0.013102594763040543
0.916680097579956,1.0,28.0,27.0,6947,0.012658967636525631,5.879745006561279,0.012616072781383991,True,0.01171267032623291
0.9258967638015747,1995.0,1979.0,-16.0,6948,0.0,0.0,0.0,False,0.0
0.9290198087692261,2286.0,2267.0,-19.0,6949,0.0,0.0,0.0,False,0.0
0.9267500638961792,211.0,181.0,-30.0,6950,0.0,0.0,0.0,False,0.0
0.9243124723434448,2010.0,7204.0,5194.0,6951,0.0012924657203257084,3.061288356781006,0.0012853246880695224,True,0.0011895705247297883
0.9289266467094421,6359.0,6353.0,-6.0,6952,0.0,0.0,0.0,False,0.0
0.9296290874481201,3994.0,3980.0,-14.0,6953,0.0,0.0,0.0,False,0.0
0.9286264181137085,6113.0,6106.0,-7.0,6954,0.0,0.0,0.0,False,0.0
0.9259514808654785,1617.0,1587.0,-30.0,6955,0.0,0.0,0.0,False,0.0
0.9271152019500732,4483.0,4474.0,-9.0,6956,0.0,0.0,0.0,False,0.0
0.9176071882247925,22.0,3068.0,3046.0,6957,0.007838409394025803,5.272524833679199,0.007808394730091095,True,0.007221427280455828
0.901393711566925,5.0,2479.0,2474.0,6958,0.029655542224645615,6.966419219970703,0.029613565653562546,True,0.027508096769452095
0.9272459745407104,3597.0,3579.0,-18.0,6959,0.0,0.0,0.0,False,0.0
0.9264177083969116,1142.0,1110.0,-32.0,6960,0.0,0.0,0.0,False,0.0
0.927871584892273,178.0,3771.0,3593.0,6961,0.0008546856697648764,2.5888733863830566,0.0008491725311614573,True,0.0007885926752351224
0.9120984077453613,2743.0,7541.0,4798.0,6962,0.014814134687185287,6.080672264099121,0.014778129756450653,True,0.013681292533874512
0.17199352383613586,1.0,7647.0,7646.0,6963,0.8138359785079956,11.211276054382324,0.8145127296447754,True,0.7552588582038879
0.8903787732124329,3.0,2865.0,2862.0,6964,0.03961259126663208,7.3351030349731445,0.039520859718322754,True,0.03663644194602966
0.9264744520187378,22.0,1571.0,1549.0,6965,0.0014653783291578293,3.208073139190674,0.001456968835555017,True,0.001351814018562436
0.9286186695098877,2699.0,2676.0,-23.0,6966,0.0,0.0,0.0,False,0.0
0.9278411269187927,6758.0,6757.0,-1.0,6967,0.0,0.0,0.0,False,0.0
0.9288309812545776,4995.0,4982.0,-13.0,6968,0.0,0.0,0.0,False,0.0
0.1377839744091034,1.0,7678.0,7677.0,6969,0.8513046503067017,11.268373489379883,0.8516035676002502,True,0.7907015681266785
0.9297359585762024,1119.0,1091.0,-28.0,6970,0.0,0.0,0.0,False,0.0
0.9251380562782288,6.0,532.0,526.0,6971,0.001169836614280939,2.950756549835205,0.0011684390483424067,True,0.001082231872715056
0.9281625151634216,790.0,759.0,-31.0,6972,0.0,0.0,0.0,False,0.0
0.9045604467391968,3.0,1789.0,1786.0,6973,0.024014413356781006,6.6977009773254395,0.023990601301193237,True,0.022234367206692696
0.9239099025726318,5522.0,5512.0,-10.0,6974,0.0,0.0,0.0,False,0.0
0.9247926473617554,3025.0,3003.0,-22.0,6975,0.0,0.0,0.0,False,0.0
0.9243769645690918,1086.0,1055.0,-31.0,6976,0.0,0.0,0.0,False,0.0
0.9239228367805481,5474.0,5467.0,-7.0,6977,0.0,0.0,0.0,False,0.0
0.9264386296272278,2452.0,2427.0,-25.0,6978,0.0,0.0,0.0,False,0.0
0.9229671955108643,15.0,1195.0,1180.0,6979,0.005189630202949047,4.759273052215576,0.00519000506028533,True,0.004815195221453905
0.9232701659202576,7.0,161.0,154.0,6980,0.0034339234698563814,4.242859840393066,0.0034264775458723307,True,0.0031744418665766716
0.925318717956543,3584.0,3561.0,-23.0,6981,0.0,0.0,0.0,False,0.0
0.9277395009994507,4137.0,4120.0,-17.0,6982,0.0,0.0,0.0,False,0.0
0.9271985292434692,7364.0,7361.0,-3.0,6983,0.0,0.0,0.0,False,0.0
0.9253090620040894,6404.0,6398.0,-6.0,6984,0.0,0.0,0.0,False,0.0
0.9301378726959229,341.0,305.0,-36.0,6985,0.0,0.0,0.0,False,0.0
0.929865837097168,5137.0,5129.0,-8.0,6986,0.0,0.0,0.0,False,0.0
0.9272512197494507,2825.0,2802.0,-23.0,6987,0.0,0.0,0.0,False,0.0
0.9258537888526917,340.0,304.0,-36.0,6988,0.0,0.0,0.0,False,0.0
0.9267140626907349,6710.0,6706.0,-4.0,6989,0.0,0.0,0.0,False,0.0
0.9188447594642639,16.0,2302.0,2286.0,6990,0.005642060190439224,4.859095096588135,0.0056206705048680305,True,0.005193715915083885
0.928053617477417,1737.0,1708.0,-29.0,6991,0.0,0.0,0.0,False,0.0
0.9277384281158447,1213.0,1177.0,-36.0,6992,0.0,0.0,0.0,False,0.0
0.9271995425224304,4548.0,4534.0,-14.0,6993,0.0,0.0,0.0,False,0.0
0.9111953973770142,14.0,2719.0,2705.0,6994,0.017203671857714653,6.2701826095581055,0.017152370885014534,True,0.015901917591691017
0.9257782697677612,1695.0,1662.0,-33.0,6995,0.0,0.0,0.0,False,0.0
0.33989155292510986,3.0,6126.0,6123.0,6996,0.632486879825592,10.888054847717285,0.63301682472229,True,0.5862858891487122
0.928610622882843,2039.0,2014.0,-25.0,6997,0.0,0.0,0.0,False,0.0
0.9280657768249512,5102.0,5092.0,-10.0,6998,0.0,0.0,0.0,False,0.0
0.9239017963409424,2151.0,2125.0,-26.0,6999,0.0,0.0,0.0,False,0.0
0.9289802312850952,259.0,224.0,-35.0,7000,0.0,0.0,0.0,False,0.0
0.9262537360191345,990.0,952.0,-38.0,7001,0.0,0.0,0.0,False,0.0
0.9261992573738098,17.0,986.0,969.0,7002,0.002894726349040866,4.032373905181885,0.002888111397624016,True,0.0026827144902199507
0.9264740943908691,50.0,1097.0,1047.0,7003,0.0005777773330919445,2.1681878566741943,0.0005753088044002652,True,0.0005333155277185142
0.1696823686361313,1.0,7575.0,7574.0,7004,0.8166627883911133,11.215482711791992,0.8171885013580322,True,0.7584995031356812
0.913814902305603,4.0,1754.0,1750.0,7005,0.0170619897544384,6.260313034057617,0.017019879072904587,True,0.015822311863303185
0.9272860884666443,1929.0,1898.0,-31.0,7006,0.0,0.0,0.0,False,0.0
0.9262794256210327,1457.0,1425.0,-32.0,7007,0.0,0.0,0.0,False,0.0
0.927882194519043,5186.0,5175.0,-11.0,7008,0.0,0.0,0.0,False,0.0
0.9225128889083862,11.0,2470.0,2459.0,7009,0.006545501761138439,5.044491767883301,0.006515165325254202,True,0.006049739196896553
0.9243949055671692,4633.0,4618.0,-15.0,7010,0.0,0.0,0.0,False,0.0
0.9277591109275818,4209.0,4195.0,-14.0,7011,0.0,0.0,0.0,False,0.0
0.1360369622707367,1.0,7350.0,7349.0,7012,0.8524633049964905,11.270556449890137,0.8530551195144653,True,0.7897313833236694
0.9274722337722778,202.0,5639.0,5437.0,7013,0.002053904579952359,3.612788677215576,0.0020458772778511047,True,0.0019013844430446625
0.9244492650032043,1676.0,1648.0,-28.0,7014,0.0,0.0,0.0,False,0.0
0.9294794797897339,2094.0,2068.0,-26.0,7015,0.0,0.0,0.0,False,0.0
0.9266500473022461,5977.0,5968.0,-9.0,7016,0.0,0.0,0.0,False,0.0
0.9286535978317261,4715.0,4701.0,-14.0,7017,0.0,0.0,0.0,False,0.0
0.9256106019020081,6037.0,6033.0,-4.0,7018,0.0,0.0,0.0,False,0.0
0.9279989004135132,1055.0,1020.0,-35.0,7019,0.0,0.0,0.0,False,0.0
0.9290453195571899,1157.0,1122.0,-35.0,7020,0.0,0.0,0.0,False,0.0
0.9290751814842224,1772.0,1744.0,-28.0,7021,0.0,0.0,0.0,False,0.0
0.9276155233383179,7516.0,7516.0,0.0,7022,0.0,0.0,0.0,False,0.0
0.9259902834892273,3332.0,3309.0,-23.0,7023,0.0,0.0,0.0,False,0.0
0.9302385449409485,5173.0,5164.0,-9.0,7024,0.0,0.0,0.0,False,0.0
0.9263377785682678,392.0,369.0,-23.0,7025,0.0,0.0,0.0,False,0.0
0.928554356098175,1092.0,1061.0,-31.0,7026,0.0,0.0,0.0,False,0.0
0.9271765351295471,3978.0,3958.0,-20.0,7027,0.0,0.0,0.0,False,0.0
0.9284692406654358,7638.0,7636.0,-2.0,7028,0.0,0.0,0.0,False,0.0
0.9272657036781311,118.0,5250.0,5132.0,7029,0.001856391434557736,3.4920785427093506,0.0018504018662497401,True,0.00171899504493922
0.9306584000587463,7260.0,7256.0,-4.0,7030,0.0,0.0,0.0,False,0.0
0.9236829280853271,11.0,193.0,182.0,7031,0.001030965824611485,2.805572986602783,0.0010294475359842181,True,0.0009518630104139447
0.9273239374160767,885.0,853.0,-32.0,7032,0.0,0.0,0.0,False,0.0
0.9270921945571899,6075.0,6067.0,-8.0,7033,0.0,0.0,0.0,False,0.0
0.9289138317108154,4189.0,4176.0,-13.0,7034,0.0,0.0,0.0,False,0.0
0.9226115942001343,1278.0,1245.0,-33.0,7035,0.0,0.0,0.0,False,0.0
0.21288971602916718,1.0,7631.0,7630.0,7036,0.7698701620101929,11.139718055725098,0.7702997922897339,True,0.7139259576797485
0.9275704026222229,5261.0,5252.0,-9.0,7037,0.0,0.0,0.0,False,0.0
0.9283218383789062,5842.0,5834.0,-8.0,7038,0.0,0.0,0.0,False,0.0
0.9227784276008606,3733.0,3718.0,-15.0,7039,0.0,0.0,0.0,False,0.0
0.9263243675231934,3818.0,3804.0,-14.0,7040,0.0,0.0,0.0,False,0.0
0.11236768960952759,1.0,7440.0,7439.0,7041,0.8783945441246033,11.30864143371582,0.8787727355957031,True,0.8145495653152466
0.9300044775009155,5527.0,5521.0,-6.0,7042,0.0,0.0,0.0,False,0.0
0.07672645151615143,1.0,7372.0,7371.0,7043,0.9167864322662354,11.3633451461792,0.9170757532119751,True,0.8485326766967773
0.10699199140071869,1.0,7663.0,7662.0,7044,0.8842769861221313,11.317021369934082,0.8845351934432983,True,0.8196280598640442
0.9262464046478271,115.0,814.0,699.0,7045,0.0002027301088673994,1.2018978595733643,0.0002019666862906888,True,0.00018710871518123895
0.1031215488910675,1.0,7661.0,7660.0,7046,0.888915479183197,11.323644638061523,0.8891158699989319,True,0.8268724679946899
0.08044271171092987,1.0,6848.0,6847.0,7047,0.9131510257720947,11.358154296875,0.913371205329895,True,0.8481494188308716
0.9282488822937012,360.0,337.0,-23.0,7048,0.0,0.0,0.0,False,0.0
0.11494046449661255,1.0,6696.0,6695.0,7049,0.87627112865448,11.305384635925293,0.8765439391136169,True,0.8160825967788696
0.9288181066513062,74.0,47.0,-27.0,7050,0.0,0.0,0.0,False,0.0
0.928288459777832,5729.0,5726.0,-3.0,7051,0.0,0.0,0.0,False,0.0
0.9271087050437927,1147.0,1122.0,-25.0,7052,0.0,0.0,0.0,False,0.0
0.9250132441520691,6670.0,6667.0,-3.0,7053,0.0,0.0,0.0,False,0.0
0.9219745397567749,6.0,1578.0,1572.0,7054,0.002869803225621581,4.020185470581055,0.0028595614712685347,True,0.0026440033689141273
0.9258517622947693,5900.0,5890.0,-10.0,7055,0.0,0.0,0.0,False,0.0
0.9279847741127014,2503.0,2485.0,-18.0,7056,0.0,0.0,0.0,False,0.0
0.9271760582923889,5181.0,5171.0,-10.0,7057,0.0,0.0,0.0,False,0.0
0.9263700246810913,605.0,581.0,-24.0,7058,0.0,0.0,0.0,False,0.0
0.9267527461051941,2008.0,1979.0,-29.0,7059,0.0,0.0,0.0,False,0.0
0.929710865020752,1335.0,1307.0,-28.0,7060,0.0,0.0,0.0,False,0.0
0.08890354633331299,1.0,5465.0,5464.0,7061,0.9038214087486267,11.345113754272461,0.9041287302970886,True,0.8384183049201965
0.9284044504165649,581.0,549.0,-32.0,7062,0.0,0.0,0.0,False,0.0
0.9246927499771118,11.0,2030.0,2019.0,7063,0.003748320508748293,4.353712558746338,0.0037475936114788055,True,0.0034784083254635334
0.041034866124391556,1.0,7667.0,7666.0,7064,0.9556873440742493,11.416290283203125,0.9557369947433472,True,0.8860348463058472
0.9287868738174438,963.0,935.0,-28.0,7065,0.0,0.0,0.0,False,0.0
0.9284684062004089,1959.0,1939.0,-20.0,7066,0.0,0.0,0.0,False,0.0
0.9264160394668579,5370.0,5356.0,-14.0,7067,0.0,0.0,0.0,False,0.0
0.9248841404914856,1353.0,6390.0,5037.0,7068,0.003474428551271558,4.254250526428223,0.0034582093358039856,True,0.0032095424830913544
0.9257016181945801,3312.0,3294.0,-18.0,7069,0.0,0.0,0.0,False,0.0
0.9272801876068115,5574.0,5568.0,-6.0,7070,0.0,0.0,0.0,False,0.0
0.9313557744026184,4148.0,4129.0,-19.0,7071,0.0,0.0,0.0,False,0.0
0.05667758733034134,1.0,7583.0,7582.0,7072,0.9387749433517456,11.393611907958984,0.9389821887016296,True,0.8721924424171448
0.9281180500984192,6278.0,6275.0,-3.0,7073,0.0,0.0,0.0,False,0.0
0.9248161315917969,7202.0,7200.0,-2.0,7074,0.0,0.0,0.0,False,0.0
0.10052020847797394,1.0,7191.0,7190.0,7075,0.8911483883857727,11.326956748962402,0.8914160132408142,True,0.8252171277999878
0.9296125769615173,18.0,2330.0,2312.0,7076,0.0016116680344566703,3.323779582977295,0.0016068208497017622,True,0.0014961250126361847
0.928744912147522,4917.0,4902.0,-15.0,7077,0.0,0.0,0.0,False,0.0
0.92864990234375,4546.0,4532.0,-14.0,7078,0.0,0.0,0.0,False,0.0
0.9276148080825806,1101.0,1070.0,-31.0,7079,0.0,0.0,0.0,False,0.0
0.9265470504760742,7.0,721.0,714.0,7080,0.0012997580925002694,3.068707227706909,0.0012935366248711944,True,0.0012000749120488763
0.9314441084861755,2740.0,2718.0,-22.0,7081,0.0,0.0,0.0,False,0.0
0.9305804967880249,2633.0,2613.0,-20.0,7082,0.0,0.0,0.0,False,0.0
0.1089756116271019,2.0,3674.0,3672.0,7083,0.8823035955429077,11.314362525939941,0.8827027082443237,True,0.8200792074203491
0.9274182319641113,4948.0,7611.0,2663.0,7084,0.0010361107997596264,2.8098738193511963,0.0010333429090678692,True,0.0009593323338776827
0.9286071062088013,1185.0,1159.0,-26.0,7085,0.0,0.0,0.0,False,0.0
0.928224503993988,6254.0,6250.0,-4.0,7086,0.0,0.0,0.0,False,0.0
0.04072194546461105,1.0,7189.0,7188.0,7087,0.9558711051940918,11.416590690612793,0.9559610486030579,True,0.8839563131332397
0.9320202469825745,50.0,27.0,-23.0,7088,0.0,0.0,0.0,False,0.0
0.9257312417030334,18.0,3053.0,3035.0,7089,0.0024855288211256266,3.845428466796875,0.0024786905851215124,True,0.0023003031965345144
0.9280459880828857,3912.0,3902.0,-10.0,7090,0.0,0.0,0.0,False,0.0
0.9272415637969971,1477.0,1458.0,-19.0,7091,0.0,0.0,0.0,False,0.0
0.9244386553764343,662.0,643.0,-19.0,7092,0.0,0.0,0.0,False,0.0
0.9294886589050293,3519.0,3500.0,-19.0,7093,0.0,0.0,0.0,False,0.0
0.9292236566543579,880.0,4645.0,3765.0,7094,0.0004244680458214134,1.8535398244857788,0.0004218363028485328,True,0.00039214565185829997
0.9253818988800049,30.0,1007.0,977.0,7095,0.0025693054776638746,3.884805679321289,0.0025600381195545197,True,0.002375093288719654
0.9286031723022461,4770.0,4757.0,-13.0,7096,0.0,0.0,0.0,False,0.0
0.9281452894210815,1383.0,1360.0,-23.0,7097,0.0,0.0,0.0,False,0.0
0.9285279512405396,7006.0,7003.0,-3.0,7098,0.0,0.0,0.0,False,0.0
0.15611085295677185,2.0,7323.0,7321.0,7099,0.8318742513656616,11.238974571228027,0.832298994064331,True,0.774777352809906
0.9314233660697937,2151.0,2126.0,-25.0,7100,0.0,0.0,0.0,False,0.0
0.9234644174575806,3.0,468.0,465.0,7101,0.005428241565823555,4.810242652893066,0.005405715201050043,True,0.00501911761239171
0.9278171062469482,916.0,889.0,-27.0,7102,0.0,0.0,0.0,False,0.0
0.9282166957855225,2191.0,2176.0,-15.0,7103,0.0,0.0,0.0,False,0.0
0.07079708576202393,2.0,5992.0,5990.0,7104,0.923075795173645,11.372111320495605,0.9233678579330444,True,0.8530586957931519
0.9291355013847351,7209.0,7208.0,-1.0,7105,0.0,0.0,0.0,False,0.0
0.9231829643249512,5344.0,5334.0,-10.0,7106,0.0,0.0,0.0,False,0.0
0.9279143810272217,730.0,696.0,-34.0,7107,0.0,0.0,0.0,False,0.0
0.9153024554252625,2.0,1307.0,1305.0,7108,0.01432550698518753,6.039368629455566,0.014305610209703445,True,0.013283995911478996
0.9285812377929688,6993.0,6991.0,-2.0,7109,0.0,0.0,0.0,False,0.0
0.9296773672103882,1176.0,1150.0,-26.0,7110,0.0,0.0,0.0,False,0.0
0.9280192852020264,6687.0,6685.0,-2.0,7111,0.0,0.0,0.0,False,0.0
0.19286203384399414,2.0,7655.0,7653.0,7112,0.7920966744422913,11.176424980163574,0.7926710247993469,True,0.7373601198196411
0.9209674596786499,6.0,1584.0,1578.0,7113,0.005975001025944948,4.932525634765625,0.005959572270512581,True,0.005521477200090885
0.9258438348770142,1959.0,1932.0,-27.0,7114,0.0,0.0,0.0,False,0.0
0.9274464845657349,249.0,226.0,-23.0,7115,0.0,0.0,0.0,False,0.0
0.9264003038406372,5757.0,5746.0,-11.0,7116,0.0,0.0,0.0,False,0.0
0.9225190281867981,679.0,3222.0,2543.0,7117,0.0011546403402462602,2.933468818664551,0.0011510516051203012,True,0.0010630907490849495
0.9252220392227173,5966.0,5960.0,-6.0,7118,0.0,0.0,0.0,False,0.0
0.9218966960906982,209.0,5805.0,5596.0,7119,0.005417161155492067,4.8095526695251465,0.005402736831456423,True,0.005007821600884199
0.9285487532615662,3777.0,3760.0,-17.0,7120,0.0,0.0,0.0,False,0.0
0.9298765659332275,1158.0,4627.0,3469.0,7121,0.0005339210038073361,2.0875208377838135,0.0005323051009327173,True,0.0004952417220920324
0.9301967620849609,6034.0,6026.0,-8.0,7122,0.0,0.0,0.0,False,0.0
0.9268947839736938,1764.0,1736.0,-28.0,7123,0.0,0.0,0.0,False,0.0
0.9295563697814941,26.0,1908.0,1882.0,7124,0.0016269634943455458,3.332465648651123,0.0016186257125809789,True,0.0015070431400090456
0.9274095296859741,2825.0,2814.0,-11.0,7125,0.0,0.0,0.0,False,0.0
0.9283255338668823,1194.0,1164.0,-30.0,7126,0.0,0.0,0.0,False,0.0
0.9282461404800415,3448.0,3431.0,-17.0,7127,0.0,0.0,0.0,False,0.0
0.9271703958511353,7.0,2046.0,2039.0,7128,0.005194211378693581,4.756934642791748,0.005180313251912594,True,0.0048280437476933
0.9224662780761719,13.0,1605.0,1592.0,7129,0.004429962020367384,4.558747291564941,0.004419887438416481,True,0.004095297772437334
0.9149901866912842,6.0,1087.0,1081.0,7130,0.01504947803914547,6.101088523864746,0.015017375349998474,True,0.013950248248875141
0.9279674887657166,3583.0,3565.0,-18.0,7131,0.0,0.0,0.0,False,0.0
0.9262253642082214,1701.0,1679.0,-22.0,7132,0.0,0.0,0.0,False,0.0
0.9235004186630249,11.0,3641.0,3630.0,7133,0.005189935211092234,4.755585193634033,0.005174728576093912,True,0.00480372179299593
0.9296639561653137,6696.0,6694.0,-2.0,7134,0.0,0.0,0.0,False,0.0
0.9317981600761414,6983.0,6980.0,-3.0,7135,0.0,0.0,0.0,False,0.0
0.9279698133468628,6256.0,6251.0,-5.0,7136,0.0,0.0,0.0,False,0.0
0.9232940077781677,17.0,2119.0,2102.0,7137,0.005183974280953407,4.754007816314697,0.005168206989765167,True,0.0047965641133487225
0.9247433543205261,17.0,4045.0,4028.0,7138,0.004825448617339134,4.662814140319824,0.004804517142474651,True,0.00446439441293478
0.9286174178123474,6683.0,6678.0,-5.0,7139,0.0,0.0,0.0,False,0.0
0.9275541305541992,5927.0,5922.0,-5.0,7140,0.0,0.0,0.0,False,0.0
0.9274703860282898,3544.0,3522.0,-22.0,7141,0.0,0.0,0.0,False,0.0
0.18210482597351074,1.0,7510.0,7509.0,7142,0.8033913969993591,11.1942720413208,0.8037818074226379,True,0.7459682822227478
0.9264461398124695,1356.0,1326.0,-30.0,7143,0.0,0.0,0.0,False,0.0
0.9264131784439087,1532.0,6638.0,5106.0,7144,0.0025400929152965546,3.8725454807281494,0.002534442115575075,True,0.002353906398639083
0.9174159169197083,146.0,3585.0,3439.0,7145,0.007895775139331818,5.283642292022705,0.007877516560256481,True,0.0072843413800001144
0.9276649951934814,1519.0,1493.0,-26.0,7146,0.0,0.0,0.0,False,0.0
0.9281574487686157,665.0,638.0,-27.0,7147,0.0,0.0,0.0,False,0.0
0.914064884185791,2.0,1689.0,1687.0,7148,0.017420947551727295,6.287229537963867,0.017383646219968796,True,0.016170889139175415
0.9299079179763794,4088.0,4083.0,-5.0,7149,0.0,0.0,0.0,False,0.0
0.9288384318351746,3446.0,3434.0,-12.0,7150,0.0,0.0,0.0,False,0.0
0.9301151037216187,5105.0,5098.0,-7.0,7151,0.0,0.0,0.0,False,0.0
0.93019700050354,394.0,364.0,-30.0,7152,0.0,0.0,0.0,False,0.0
0.927730917930603,2344.0,2323.0,-21.0,7153,0.0,0.0,0.0,False,0.0
0.9267983436584473,3079.0,3061.0,-18.0,7154,0.0,0.0,0.0,False,0.0
0.9248979091644287,1924.0,1901.0,-23.0,7155,0.0,0.0,0.0,False,0.0
0.927323043346405,3659.0,3641.0,-18.0,7156,0.0,0.0,0.0,False,0.0
0.9267323017120361,1646.0,1619.0,-27.0,7157,0.0,0.0,0.0,False,0.0
0.9285928606987,5814.0,5811.0,-3.0,7158,0.0,0.0,0.0,False,0.0
0.9256578087806702,1709.0,1681.0,-28.0,7159,0.0,0.0,0.0,False,0.0
0.9289085268974304,878.0,850.0,-28.0,7160,0.0,0.0,0.0,False,0.0
0.9237356781959534,11.0,820.0,809.0,7161,0.004985404200851917,4.707132816314697,0.0049780369736254215,True,0.004621395841240883
0.9246467351913452,9.0,170.0,161.0,7162,0.0030689537525177,4.099996089935303,0.0030515349935740232,True,0.0028302285354584455
0.9280619621276855,3855.0,3838.0,-17.0,7163,0.0,0.0,0.0,False,0.0
0.9188156127929688,211.0,5853.0,5642.0,7164,0.008384866639971733,5.3599162101745605,0.008368241600692272,True,0.007753756828606129
0.9009053111076355,11.0,2914.0,2903.0,7165,0.02646656520664692,6.821227550506592,0.02642962522804737,True,0.02445697784423828
0.924463152885437,150.0,5183.0,5033.0,7166,0.00468044076114893,4.625309944152832,0.004662293009459972,True,0.004330307245254517
0.9257272481918335,283.0,246.0,-37.0,7167,0.0,0.0,0.0,False,0.0
0.3738619387149811,1.0,6047.0,6046.0,7168,0.5945329666137695,10.80951976776123,0.595405101776123,True,0.5501782298088074
0.9176282286643982,7.0,866.0,859.0,7169,0.009330716915428638,5.4939422607421875,0.009304496459662914,True,0.008618257008492947
0.922950804233551,2.0,273.0,271.0,7170,0.008389921858906746,5.360014915466309,0.008368894457817078,True,0.00778926583006978
0.9081881046295166,5.0,3400.0,3395.0,7171,0.017803631722927094,6.3147993087768555,0.017764240503311157,True,0.01642504893243313
0.9212830066680908,20.0,2030.0,2010.0,7172,0.004941610619425774,4.691535472869873,0.004916283767670393,True,0.00455166632309556
0.9286625385284424,5028.0,5018.0,-10.0,7173,0.0,0.0,0.0,False,0.0
0.9177163243293762,274.0,7582.0,7308.0,7174,0.007372576743364334,5.1944403648376465,0.007339444011449814,True,0.006785328034311533
0.9284703135490417,3768.0,3750.0,-18.0,7175,0.0,0.0,0.0,False,0.0
0.9295085072517395,3196.0,3181.0,-15.0,7176,0.0,0.0,0.0,False,0.0
0.1557728350162506,1.0,7688.0,7687.0,7177,0.8320174813270569,11.23916244506836,0.8324219584465027,True,0.7737810015678406
0.9267865419387817,79.0,5297.0,5218.0,7178,0.0020048515871167183,3.5833802223205566,0.001996545121073723,True,0.0018540727905929089
0.9267175793647766,711.0,678.0,-33.0,7179,0.0,0.0,0.0,False,0.0
0.9297382235527039,4734.0,4723.0,-11.0,7180,0.0,0.0,0.0,False,0.0
0.9286155700683594,902.0,873.0,-29.0,7181,0.0,0.0,0.0,False,0.0
0.125573068857193,14.0,7373.0,7359.0,7182,0.8644874095916748,11.288068771362305,0.8647850751876831,True,0.8031191825866699
0.9248939156532288,23.0,3179.0,3156.0,7183,0.004066964145749807,4.450835227966309,0.0040526799857616425,True,0.0037635513581335545
0.9242793917655945,8.0,119.0,111.0,7184,0.0007838985184207559,2.4969098567962646,0.0007814079290255904,True,0.000722804048564285
0.9240967035293579,85.0,2491.0,2406.0,7185,0.0038283206522464752,4.373958587646484,0.0038092993199825287,True,0.003533621784299612
0.9273146986961365,1381.0,1352.0,-29.0,7186,0.0,0.0,0.0,False,0.0
0.9324087500572205,2454.0,2429.0,-25.0,7187,0.0,0.0,0.0,False,0.0
0.9261194467544556,4064.0,4049.0,-15.0,7188,0.0,0.0,0.0,False,0.0
0.9282845258712769,59.0,48.0,-11.0,7189,0.0,0.0,0.0,False,0.0
0.9320335984230042,4502.0,4489.0,-13.0,7190,0.0,0.0,0.0,False,0.0
0.9244553446769714,11.0,371.0,360.0,7191,0.00145968166179955,3.2057554721832275,0.0014541029231622815,True,0.001346210716292262
0.9282601475715637,1947.0,1920.0,-27.0,7192,0.0,0.0,0.0,False,0.0
0.9247113466262817,7209.0,7205.0,-4.0,7193,0.0,0.0,0.0,False,0.0
0.9285251498222351,2653.0,2633.0,-20.0,7194,0.0,0.0,0.0,False,0.0
0.9308462142944336,7687.0,7687.0,0.0,7195,0.0,0.0,0.0,False,0.0
0.908099889755249,3.0,1054.0,1051.0,7196,0.02101908251643181,6.525305271148682,0.020956482738256454,True,0.01943792961537838
0.9265179634094238,6749.0,6744.0,-5.0,7197,0.0,0.0,0.0,False,0.0
0.926714301109314,3496.0,3479.0,-17.0,7198,0.0,0.0,0.0,False,0.0
0.9272270202636719,3045.0,3021.0,-24.0,7199,0.0,0.0,0.0,False,0.0
0.11755960434675217,2.0,7507.0,7505.0,7200,0.8729689121246338,11.300664901733398,0.8733232021331787,True,0.8104690313339233
0.9305875897407532,731.0,700.0,-31.0,7201,0.0,0.0,0.0,False,0.0
0.9260635375976562,33.0,3036.0,3003.0,7202,0.003961523063480854,4.418995380401611,0.003950105514377356,True,0.0036725555546581745
0.9263386726379395,3506.0,3490.0,-16.0,7203,0.0,0.0,0.0,False,0.0
0.9291399717330933,2757.0,2733.0,-24.0,7204,0.0,0.0,0.0,False,0.0
0.9280954003334045,549.0,534.0,-15.0,7205,0.0,0.0,0.0,False,0.0
0.9262067675590515,6498.0,6492.0,-6.0,7206,0.0,0.0,0.0,False,0.0
0.9235444664955139,4.0,604.0,600.0,7207,0.005284735467284918,4.776700973510742,0.005262799561023712,True,0.004886144306510687
0.9312314987182617,832.0,806.0,-26.0,7208,0.0,0.0,0.0,False,0.0
0.930619478225708,3700.0,3683.0,-17.0,7209,0.0,0.0,0.0,False,0.0
0.9297765493392944,1061.0,1028.0,-33.0,7210,0.0,0.0,0.0,False,0.0
0.9283874034881592,3027.0,3010.0,-17.0,7211,0.0,0.0,0.0,False,0.0
0.9292709231376648,5818.0,5807.0,-11.0,7212,0.0,0.0,0.0,False,0.0
0.07122021168470383,1.0,4901.0,4900.0,7213,0.9231055974960327,11.372069358825684,0.9233372211456299,True,0.8577852249145508
0.9280877709388733,1836.0,1807.0,-29.0,7214,0.0,0.0,0.0,False,0.0
0.9272255897521973,7252.0,7250.0,-2.0,7215,0.0,0.0,0.0,False,0.0
0.9287620186805725,4982.0,4967.0,-15.0,7216,0.0,0.0,0.0,False,0.0
0.927751898765564,1000.0,4437.0,3437.0,7217,0.002071251394227147,3.6251895427703857,0.0020670210942626,True,0.0019216546788811684
0.93123859167099,3294.0,3274.0,-20.0,7218,0.0,0.0,0.0,False,0.0
0.930383026599884,1892.0,1866.0,-26.0,7219,0.0,0.0,0.0,False,0.0
0.9204843640327454,25.0,3851.0,3826.0,7220,0.003016234142705798,4.080266952514648,0.0030029623303562403,True,0.0027725056279450655
0.9224275350570679,20.0,5424.0,5404.0,7221,0.004439003765583038,4.562578201293945,0.004433501977473497,True,0.004107796587049961
0.924651026725769,16.0,1177.0,1161.0,7222,0.000886347028426826,2.6329588890075684,0.0008834216860122979,True,0.0008175790426321328
0.9269461035728455,7530.0,7529.0,-1.0,7223,0.0,0.0,0.0,False,0.0
0.13472585380077362,1.0,7594.0,7593.0,7224,0.8537772297859192,11.27249526977539,0.8543453812599182,True,0.7902419567108154
0.9301350116729736,5216.0,5205.0,-11.0,7225,0.0,0.0,0.0,False,0.0
0.13224150240421295,1.0,7655.0,7654.0,7226,0.8564571738243103,11.2765474319458,0.8570500016212463,True,0.7928473353385925
0.9302328824996948,64.0,38.0,-26.0,7227,0.0,0.0,0.0,False,0.0
0.9246761202812195,5.0,112.0,107.0,7228,0.0010915127350017428,2.86372971534729,0.0010832420084625483,True,0.0010027341777458787
0.9233697652816772,18.0,5271.0,5253.0,7229,0.006543896626681089,5.0470356941223145,0.006528360769152641,True,0.006067702546715736
0.9271872639656067,9.0,1152.0,1143.0,7230,0.002582247368991375,3.8910434246063232,0.0025731557980179787,True,0.0023919520899653435
0.924627423286438,4.0,503.0,499.0,7231,0.001829549320973456,3.476973533630371,0.0018272112356498837,True,0.0016925822710618377
0.9271226525306702,13.0,1108.0,1095.0,7232,0.0016237442614510655,3.332347869873047,0.0016184651758521795,True,0.0015029482310637832
0.9282000064849854,6255.0,6250.0,-5.0,7233,0.0,0.0,0.0,False,0.0
0.9238578081130981,70.0,2710.0,2640.0,7234,0.0023933653719723225,3.7955634593963623,0.002379197161644697,True,0.002203281968832016
0.9226804971694946,6.0,2797.0,2791.0,7235,0.003767433576285839,4.358434677124023,0.0037618994247168303,True,0.003484138287603855
0.9147212505340576,19.0,7051.0,7032.0,7236,0.016581829637289047,6.222729206085205,0.0165245421230793,True,0.015369321219623089
0.929063081741333,4050.0,4033.0,-17.0,7237,0.0,0.0,0.0,False,0.0
0.9279874563217163,2657.0,2637.0,-20.0,7238,0.0,0.0,0.0,False,0.0
0.9253944158554077,792.0,766.0,-26.0,7239,0.0,0.0,0.0,False,0.0
0.9312846660614014,4275.0,4263.0,-12.0,7240,0.0,0.0,0.0,False,0.0
0.9250657558441162,2440.0,2422.0,-18.0,7241,0.0,0.0,0.0,False,0.0
0.9263032078742981,4270.0,4260.0,-10.0,7242,0.0,0.0,0.0,False,0.0
0.9269620180130005,245.0,219.0,-26.0,7243,0.0,0.0,0.0,False,0.0
0.9297729730606079,1744.0,1719.0,-25.0,7244,0.0,0.0,0.0,False,0.0
0.9252492189407349,1045.0,7566.0,6521.0,7245,0.0034571655560284853,4.251171112060547,0.003449602983891964,True,0.0032027908600866795
0.11513297259807587,1.0,7555.0,7554.0,7246,0.8755847811698914,11.304600715637207,0.8760080337524414,True,0.8134194016456604
0.9284297823905945,1618.0,1590.0,-28.0,7247,0.0,0.0,0.0,False,0.0
0.9280503988265991,1059.0,1031.0,-28.0,7248,0.0,0.0,0.0,False,0.0
0.9216334223747253,42.0,6725.0,6683.0,7249,0.007584456820040941,5.231057167053223,0.007555798161774874,True,0.007016693241894245
0.9274413585662842,4888.0,4878.0,-10.0,7250,0.0,0.0,0.0,False,0.0
0.9268702864646912,636.0,609.0,-27.0,7251,0.0,0.0,0.0,False,0.0
0.9290527105331421,1996.0,1975.0,-21.0,7252,0.0,0.0,0.0,False,0.0
0.14240902662277222,1.0,7586.0,7585.0,7253,0.8454635739326477,11.260041236877441,0.8460873961448669,True,0.7828497886657715
0.9290069341659546,3720.0,3709.0,-11.0,7254,0.0,0.0,0.0,False,0.0
0.9290140867233276,6189.0,6184.0,-5.0,7255,0.0,0.0,0.0,False,0.0
0.9276367425918579,2413.0,2390.0,-23.0,7256,0.0,0.0,0.0,False,0.0
0.926411509513855,1716.0,1695.0,-21.0,7257,0.0,0.0,0.0,False,0.0
0.930014431476593,2677.0,2661.0,-16.0,7258,0.0,0.0,0.0,False,0.0
0.9266132116317749,721.0,689.0,-32.0,7259,0.0,0.0,0.0,False,0.0
0.9257104396820068,7104.0,7100.0,-4.0,7260,0.0,0.0,0.0,False,0.0
0.919719934463501,13.0,5648.0,5635.0,7261,0.008863445371389389,5.429903984069824,0.00884493812918663,True,0.00820745900273323
0.9260176420211792,2477.0,2455.0,-22.0,7262,0.0,0.0,0.0,False,0.0
0.928656280040741,418.0,391.0,-27.0,7263,0.0,0.0,0.0,False,0.0
0.9272878170013428,2556.0,2532.0,-24.0,7264,0.0,0.0,0.0,False,0.0
0.08305934071540833,1.0,7654.0,7653.0,7265,0.91029953956604,11.354132652282715,0.910510241985321,True,0.845084011554718
0.9296732544898987,4938.0,4929.0,-9.0,7266,0.0,0.0,0.0,False,0.0
0.9281178116798401,362.0,335.0,-27.0,7267,0.0,0.0,0.0,False,0.0
0.14508387446403503,2.0,5400.0,5398.0,7268,0.8430403470993042,11.25585651397705,0.8433300852775574,True,0.7809643149375916
0.10559217631816864,1.0,6292.0,6291.0,7269,0.8858023881912231,11.319192886352539,0.886034369468689,True,0.8209341764450073
0.06190817803144455,1.0,7618.0,7617.0,7270,0.9331457018852234,11.385895729064941,0.9333474040031433,True,0.8669102191925049
0.06670483201742172,1.0,7686.0,7685.0,7271,0.9280839562416077,11.378789901733398,0.9281896948814392,True,0.8621992468833923
0.9249218702316284,591.0,567.0,-24.0,7272,0.0,0.0,0.0,False,0.0
0.9262683391571045,2947.0,2934.0,-13.0,7273,0.0,0.0,0.0,False,0.0
0.9248120188713074,15.0,2942.0,2927.0,7274,0.0029257896821945906,4.042572975158691,0.002912210999056697,True,0.0027011139318346977
0.9246964454650879,130.0,2555.0,2425.0,7275,0.002347100991755724,3.7778282165527344,0.0023447333369404078,True,0.0021732624154537916
0.9286571145057678,4636.0,4622.0,-14.0,7276,0.0,0.0,0.0,False,0.0
0.9251686334609985,6186.0,6174.0,-12.0,7277,0.0,0.0,0.0,False,0.0
0.9301228523254395,311.0,279.0,-32.0,7278,0.0,0.0,0.0,False,0.0
0.9283862709999084,2921.0,2902.0,-19.0,7279,0.0,0.0,0.0,False,0.0
0.9291136264801025,1401.0,1376.0,-25.0,7280,0.0,0.0,0.0,False,0.0
0.9238359332084656,20.0,6208.0,6188.0,7281,0.00661072414368391,5.060399055480957,0.006598110310733318,True,0.006136057898402214
0.9277950525283813,2610.0,2590.0,-20.0,7282,0.0,0.0,0.0,False,0.0
0.9269376993179321,829.0,800.0,-29.0,7283,0.0,0.0,0.0,False,0.0
0.9289804697036743,114.0,87.0,-27.0,7284,0.0,0.0,0.0,False,0.0
0.9232478141784668,6333.0,6327.0,-6.0,7285,0.0,0.0,0.0,False,0.0
0.9194393157958984,2.0,716.0,714.0,7286,0.004571650177240372,4.5954694747924805,0.004552063997834921,True,0.0042044855654239655
0.9279636144638062,3895.0,3884.0,-11.0,7287,0.0,0.0,0.0,False,0.0
0.9292193651199341,306.0,4787.0,4481.0,7288,0.0018327325815334916,3.4752135276794434,0.0018245266983285546,True,0.0016984845278784633
0.927403450012207,3259.0,3239.0,-20.0,7289,0.0,0.0,0.0,False,0.0
0.9294047355651855,6326.0,6322.0,-4.0,7290,0.0,0.0,0.0,False,0.0
0.9278047680854797,292.0,272.0,-20.0,7291,0.0,0.0,0.0,False,0.0
0.9274265766143799,5713.0,5705.0,-8.0,7292,0.0,0.0,0.0,False,0.0
0.08097634464502335,1.0,7617.0,7616.0,7293,0.9125326871871948,11.3573637008667,0.9128081798553467,True,0.8477388024330139
0.9288908839225769,3516.0,3495.0,-21.0,7294,0.0,0.0,0.0,False,0.0
0.9271014928817749,12.0,2561.0,2549.0,7295,0.0029703781474381685,4.065236568450928,0.002966455649584532,True,0.0027583881746977568
0.9285875558853149,1891.0,1867.0,-24.0,7296,0.0,0.0,0.0,False,0.0
0.08506982028484344,1.0,4974.0,4973.0,7297,0.9078607559204102,11.350650787353516,0.9080412983894348,True,0.8400165438652039
0.9279260039329529,7271.0,7270.0,-1.0,7298,0.0,0.0,0.0,False,0.0
0.927372395992279,4442.0,4428.0,-14.0,7299,0.0,0.0,0.0,False,0.0
0.9268561601638794,4504.0,4496.0,-8.0,7300,0.0,0.0,0.0,False,0.0
0.9245787858963013,970.0,2451.0,1481.0,7301,0.00010062225919682533,0.7343482971191406,0.0001005265221465379,True,9.295404015574604e-05
0.9253089427947998,6810.0,6807.0,-3.0,7302,0.0,0.0,0.0,False,0.0
0.15041175484657288,1.0,7539.0,7538.0,7303,0.8374837040901184,11.247504234313965,0.83785480260849,True,0.7772247791290283
0.9300434589385986,765.0,744.0,-21.0,7304,0.0,0.0,0.0,False,0.0
0.9282404780387878,364.0,340.0,-24.0,7305,0.0,0.0,0.0,False,0.0
0.9253660440444946,71.0,6344.0,6273.0,7306,0.003184901550412178,4.149411678314209,0.003176527563482523,True,0.0029488177970051765
0.926734209060669,3690.0,3677.0,-13.0,7307,0.0,0.0,0.0,False,0.0
0.9263650178909302,2875.0,2858.0,-17.0,7308,0.0,0.0,0.0,False,0.0
0.09123239666223526,1.0,7558.0,7557.0,7309,0.9016051292419434,11.341824531555176,0.9018120765686035,True,0.837928295135498
0.9271594285964966,113.0,4144.0,4031.0,7310,0.0011547344038262963,2.934650182723999,0.00115223228931427,True,0.0010695353848859668
0.047311652451753616,1.0,7551.0,7550.0,7311,0.9487502574920654,11.407039642333984,0.948866605758667,True,0.8779478073120117
0.9299027919769287,2045.0,2025.0,-20.0,7312,0.0,0.0,0.0,False,0.0
0.9300743341445923,2321.0,2307.0,-14.0,7313,0.0,0.0,0.0,False,0.0
0.9300839900970459,568.0,541.0,-27.0,7314,0.0,0.0,0.0,False,0.0
0.9298410415649414,2861.0,2844.0,-17.0,7315,0.0,0.0,0.0,False,0.0
0.060997363179922104,1.0,7659.0,7658.0,7316,0.9341782331466675,11.387256622314453,0.9343389868736267,True,0.867976725101471
0.9274648427963257,2659.0,2643.0,-16.0,7317,0.0,0.0,0.0,False,0.0
0.9244129657745361,1562.0,1539.0,-23.0,7318,0.0,0.0,0.0,False,0.0
0.9301702380180359,609.0,583.0,-26.0,7319,0.0,0.0,0.0,False,0.0
0.9217389822006226,2.0,710.0,708.0,7320,0.007734504994004965,5.257498741149902,0.007715919055044651,True,0.007167366333305836
0.927065372467041,3892.0,3878.0,-14.0,7321,0.0,0.0,0.0,False,0.0
0.9250977635383606,1449.0,1422.0,-27.0,7322,0.0,0.0,0.0,False,0.0
0.923308253288269,2236.0,2212.0,-24.0,7323,0.0,0.0,0.0,False,0.0
0.15705862641334534,1.0,7160.0,7159.0,7324,0.8297142386436462,11.235912322998047,0.830314040184021,True,0.768525242805481
0.9261562824249268,11.0,361.0,350.0,7325,0.00047732205712236464,1.972869634628296,0.0004756569105666131,True,0.00044074226752854884
0.9231054782867432,5.0,1007.0,1002.0,7326,0.00305974786169827,4.09912633895874,0.003049378050491214,True,0.0028235074132680893
0.9303147792816162,6574.0,6571.0,-3.0,7327,0.0,0.0,0.0,False,0.0
0.9260610342025757,4215.0,4198.0,-17.0,7328,0.0,0.0,0.0,False,0.0
0.9258739948272705,8.0,2370.0,2362.0,7329,0.004601402208209038,4.604858875274658,0.004586471244692802,True,0.004266060423105955
0.9277313351631165,3585.0,3571.0,-14.0,7330,0.0,0.0,0.0,False,0.0
0.927728533744812,4197.0,4182.0,-15.0,7331,0.0,0.0,0.0,False,0.0
0.9285173416137695,4551.0,4544.0,-7.0,7332,0.0,0.0,0.0,False,0.0
0.9274116158485413,2853.0,2835.0,-18.0,7333,0.0,0.0,0.0,False,0.0
0.9246955513954163,2158.0,2142.0,-16.0,7334,0.0,0.0,0.0,False,0.0
0.9293810725212097,7014.0,7011.0,-3.0,7335,0.0,0.0,0.0,False,0.0
0.9247754812240601,4.0,683.0,679.0,7336,0.0030705900862812996,4.105503082275391,0.00306522729806602,True,0.002843362744897604
0.9293888211250305,4721.0,4708.0,-13.0,7337,0.0,0.0,0.0,False,0.0
0.9243881106376648,4000.0,3993.0,-7.0,7338,0.0,0.0,0.0,False,0.0
0.917145311832428,2.0,1080.0,1078.0,7339,0.012341123074293137,5.848028182983398,0.012304693460464478,True,0.01142578199505806
0.9264577627182007,5035.0,5023.0,-12.0,7340,0.0,0.0,0.0,False,0.0
0.9266592860221863,823.0,806.0,-17.0,7341,0.0,0.0,0.0,False,0.0
0.9223072528839111,6240.0,6237.0,-3.0,7342,0.0,0.0,0.0,False,0.0
0.08441987633705139,1.0,5734.0,5733.0,7343,0.9089008569717407,11.352315902709961,0.9092220067977905,True,0.8455405235290527
0.9272518157958984,257.0,3751.0,3494.0,7344,0.0015429522609338164,3.2724549770355225,0.0015386788873001933,True,0.001428941497579217
0.9302260875701904,1510.0,3244.0,1734.0,7345,0.0003162229259032756,1.5757155418395996,0.0003143354842904955,True,0.000292494980385527
0.9232320785522461,9.0,2457.0,2448.0,7346,0.005990076344460249,4.933723449707031,0.005965264048427343,True,0.005540372803807259
0.9277526140213013,6066.0,6060.0,-6.0,7347,0.0,0.0,0.0,False,0.0
0.9294279217720032,4672.0,4661.0,-11.0,7348,0.0,0.0,0.0,False,0.0
0.06374180316925049,1.0,7675.0,7674.0,7349,0.9310574531555176,11.382994651794434,0.9312385320663452,True,0.8632580637931824
0.9270766973495483,7537.0,7535.0,-2.0,7350,0.0,0.0,0.0,False,0.0
0.9293677806854248,7027.0,7025.0,-2.0,7351,0.0,0.0,0.0,False,0.0
0.9272451400756836,16.0,1397.0,1381.0,7352,0.0021709308493882418,3.682415723800659,0.0021672858856618404,True,0.002013970399275422
0.05853346362709999,1.0,7660.0,7659.0,7353,0.936962366104126,11.391101837158203,0.9371446967124939,True,0.8727085590362549
0.9293216466903687,1811.0,1793.0,-18.0,7354,0.0,0.0,0.0,False,0.0
0.9236538410186768,2.0,2335.0,2333.0,7355,0.006322472356259823,5.001978397369385,0.006298475433140993,True,0.005854485556483269
0.05934438854455948,1.0,7660.0,7659.0,7356,0.9357975721359253,11.389513969421387,0.9359855651855469,True,0.8677033185958862
0.9258580207824707,759.0,738.0,-21.0,7357,0.0,0.0,0.0,False,0.0
0.9253979921340942,301.0,278.0,-23.0,7358,0.0,0.0,0.0,False,0.0
0.9268739223480225,3061.0,3048.0,-13.0,7359,0.0,0.0,0.0,False,0.0
0.9304527640342712,6414.0,6409.0,-5.0,7360,0.0,0.0,0.0,False,0.0
0.9240924715995789,11.0,3595.0,3584.0,7361,0.0034231003373861313,4.236607551574707,0.003409180324524641,True,0.003161174710839987
0.9276425242424011,2995.0,2976.0,-19.0,7362,0.0,0.0,0.0,False,0.0
0.9298182129859924,1934.0,1905.0,-29.0,7363,0.0,0.0,0.0,False,0.0
0.9289146661758423,4816.0,4806.0,-10.0,7364,0.0,0.0,0.0,False,0.0
0.9194730520248413,5.0,3266.0,3261.0,7365,0.007439384236931801,5.207897663116455,0.007418239023536444,True,0.006871847435832024
0.9269726872444153,17.0,2011.0,1994.0,7366,0.0014315762091428041,3.1824607849121094,0.001425586175173521,True,0.0013233660720288754
0.9296050071716309,647.0,618.0,-29.0,7367,0.0,0.0,0.0,False,0.0
0.9269677400588989,2395.0,2379.0,-16.0,7368,0.0,0.0,0.0,False,0.0
0.9024558067321777,3.0,4905.0,4902.0,7369,0.027709651738405228,6.880743503570557,0.02769133634865284,True,0.02570193074643612
0.9291777014732361,4179.0,4166.0,-13.0,7370,0.0,0.0,0.0,False,0.0
0.9305230379104614,786.0,760.0,-26.0,7371,0.0,0.0,0.0,False,0.0
0.9252989888191223,58.0,5305.0,5247.0,7372,0.0052797310054302216,4.779453754425049,0.0052743894048035145,True,0.00490626459941268
0.9260047674179077,768.0,753.0,-15.0,7373,0.0,0.0,0.0,False,0.0
0.9275499582290649,7470.0,7470.0,0.0,7374,0.0,0.0,0.0,False,0.0
0.928124189376831,3746.0,3729.0,-17.0,7375,0.0,0.0,0.0,False,0.0
0.9290913343429565,7.0,241.0,234.0,7376,0.0009949329541996121,2.761970043182373,0.0009906850755214691,True,0.0009213496814481914
0.9234222173690796,3278.0,3259.0,-19.0,7377,0.0,0.0,0.0,False,0.0
0.926450252532959,98.0,4345.0,4247.0,7378,0.0013370749074965715,3.102565050125122,0.0013316231779754162,True,0.0012353276833891869
0.9136483073234558,9.0,3830.0,3821.0,7379,0.017657408490777016,6.302019119262695,0.01758679747581482,True,0.016355793923139572
0.927314281463623,3448.0,3432.0,-16.0,7380,0.0,0.0,0.0,False,0.0
0.9262291789054871,4626.0,4611.0,-15.0,7381,0.0,0.0,0.0,False,0.0
0.9265468120574951,2.0,98.0,96.0,7382,0.003933821339160204,4.412901878356934,0.003930764272809029,True,0.0036564094480127096
0.9276171922683716,38.0,18.0,-20.0,7383,0.0,0.0,0.0,False,0.0
0.08999444544315338,1.0,7682.0,7681.0,7384,0.9031955003738403,11.344103813171387,0.9034172892570496,True,0.8417917490005493
0.9263583421707153,6081.0,6074.0,-7.0,7385,0.0,0.0,0.0,False,0.0
0.9289517998695374,2306.0,2288.0,-18.0,7386,0.0,0.0,0.0,False,0.0
0.9294617772102356,2514.0,2493.0,-21.0,7387,0.0,0.0,0.0,False,0.0
0.9264330267906189,2846.0,2825.0,-21.0,7388,0.0,0.0,0.0,False,0.0
0.9280282855033875,3830.0,3817.0,-13.0,7389,0.0,0.0,0.0,False,0.0
0.928490161895752,7199.0,7196.0,-3.0,7390,0.0,0.0,0.0,False,0.0
0.9238514304161072,1735.0,1713.0,-22.0,7391,0.0,0.0,0.0,False,0.0
0.9315058588981628,2698.0,2685.0,-13.0,7392,0.0,0.0,0.0,False,0.0
0.9293395280838013,6325.0,6317.0,-8.0,7393,0.0,0.0,0.0,False,0.0
0.9283198118209839,3168.0,3145.0,-23.0,7394,0.0,0.0,0.0,False,0.0
0.9286510944366455,2617.0,2594.0,-23.0,7395,0.0,0.0,0.0,False,0.0
0.9189964532852173,2.0,721.0,719.0,7396,0.013713975436985493,5.983964920043945,0.013695215806365013,True,0.012760614044964314
0.9279378056526184,1038.0,1009.0,-29.0,7397,0.0,0.0,0.0,False,0.0
0.9279687404632568,4795.0,4787.0,-8.0,7398,0.0,0.0,0.0,False,0.0
0.9283376932144165,862.0,831.0,-31.0,7399,0.0,0.0,0.0,False,0.0
0.9263609647750854,312.0,5927.0,5615.0,7400,0.0013709894847124815,3.133108615875244,0.001366854878142476,True,0.0012679341016337276
0.9282808303833008,2285.0,2264.0,-21.0,7401,0.0,0.0,0.0,False,0.0
0.26375192403793335,1.0,7569.0,7568.0,7402,0.7157399654388428,11.046794891357422,0.7164477109909058,True,0.6664183735847473
0.9266747236251831,99.0,2961.0,2862.0,7403,0.003052694723010063,4.095905303955078,0.003041402669623494,True,0.0028269891627132893
0.9112738370895386,3.0,1884.0,1881.0,7404,0.01852286420762539,6.365578651428223,0.01848704181611538,True,0.017164070159196854
0.9256502985954285,1100.0,6020.0,4920.0,7405,0.0009164292714558542,2.669487237930298,0.0009127054363489151,True,0.0008456177893094718
0.9290890097618103,333.0,310.0,-23.0,7406,0.0,0.0,0.0,False,0.0
0.9292934536933899,1105.0,1080.0,-25.0,7407,0.0,0.0,0.0,False,0.0
0.9284349679946899,4626.0,4612.0,-14.0,7408,0.0,0.0,0.0,False,0.0
0.9285047650337219,4240.0,4231.0,-9.0,7409,0.0,0.0,0.0,False,0.0
0.9262545108795166,2286.0,2259.0,-27.0,7410,0.0,0.0,0.0,False,0.0
0.9278807044029236,1001.0,969.0,-32.0,7411,0.0,0.0,0.0,False,0.0
0.30150485038757324,2.0,7556.0,7554.0,7412,0.6736235618591309,10.96923542022705,0.674393355846405,True,0.6244739294052124
0.9314780235290527,3589.0,3574.0,-15.0,7413,0.0,0.0,0.0,False,0.0
0.9251807332038879,64.0,43.0,-21.0,7414,0.0,0.0,0.0,False,0.0
0.9271600246429443,2321.0,6221.0,3900.0,7415,0.00065779680153355,2.3046090602874756,0.0006544828647747636,True,0.0006072077667340636
0.9178959131240845,20.0,6811.0,6791.0,7416,0.011842206120491028,5.796121597290039,0.011811422184109688,True,0.010971242561936378
0.25205370783805847,1.0,7604.0,7603.0,7417,0.7289872765541077,11.070228576660156,0.7296625375747681,True,0.6803133487701416
0.186360701918602,1.0,5544.0,5543.0,7418,0.7980397939682007,11.186084747314453,0.7986652851104736,True,0.7392656207084656
0.9162659049034119,3.0,1229.0,1226.0,7419,0.010163059458136559,5.6036696434021,0.010147315450012684,True,0.009392952546477318
0.9286766648292542,4789.0,4776.0,-13.0,7420,0.0,0.0,0.0,False,0.0
0.929644763469696,2667.0,2645.0,-22.0,7421,0.0,0.0,0.0,False,0.0
0.9307865500450134,6775.0,6772.0,-3.0,7422,0.0,0.0,0.0,False,0.0
0.9236921072006226,3820.0,3805.0,-15.0,7423,0.0,0.0,0.0,False,0.0
0.9269919991493225,2063.0,2038.0,-25.0,7424,0.0,0.0,0.0,False,0.0
0.9285055994987488,791.0,764.0,-27.0,7425,0.0,0.0,0.0,False,0.0
0.9289236068725586,5349.0,5340.0,-9.0,7426,0.0,0.0,0.0,False,0.0
0.926682710647583,6135.0,6130.0,-5.0,7427,0.0,0.0,0.0,False,0.0
0.9281109571456909,4398.0,4378.0,-20.0,7428,0.0,0.0,0.0,False,0.0
0.928662121295929,5933.0,5925.0,-8.0,7429,0.0,0.0,0.0,False,0.0
0.9320138692855835,1910.0,1886.0,-24.0,7430,0.0,0.0,0.0,False,0.0
0.9254337549209595,6063.0,6059.0,-4.0,7431,0.0,0.0,0.0,False,0.0
0.9272922873497009,71.0,692.0,621.0,7432,0.0005562567384913564,2.127420663833618,0.0005532376817427576,True,0.0005132970400154591
0.9267566204071045,4589.0,4579.0,-10.0,7433,0.0,0.0,0.0,False,0.0
0.9277378916740417,1201.0,1187.0,-14.0,7434,0.0,0.0,0.0,False,0.0
0.1732984185218811,1.0,5039.0,5038.0,7435,0.8124454021453857,11.208928108215332,0.8130226731300354,True,0.7535433769226074
0.9318611025810242,2142.0,2116.0,-26.0,7436,0.0,0.0,0.0,False,0.0
0.921873927116394,791.0,5210.0,4419.0,7437,0.004851425997912884,4.6709794998168945,0.004836037755012512,True,0.004479881841689348
0.17242002487182617,2.0,6967.0,6965.0,7438,0.8137701749801636,11.210688591003418,0.8141387701034546,True,0.7552614212036133
0.16414961218833923,1.0,6381.0,6380.0,7439,0.8232750296592712,11.22548770904541,0.8235906958580017,True,0.7663543224334717
0.9325552582740784,3383.0,3370.0,-13.0,7440,0.0,0.0,0.0,False,0.0
0.925562858581543,3266.0,3246.0,-20.0,7441,0.0,0.0,0.0,False,0.0
0.9202603101730347,5.0,2439.0,2434.0,7442,0.00840673130005598,5.3636884689331055,0.008393277414143085,True,0.0077893780544400215
0.9258103370666504,2.0,4.0,2.0,7443,0.0010200393153354526,2.7901031970977783,0.0010155440540984273,True,0.0009411569335497916
0.9233663082122803,3.0,2319.0,2316.0,7444,0.005689600482583046,4.872568130493164,0.005681405309587717,True,0.005275993142277002
0.9246796369552612,4838.0,4828.0,-10.0,7445,0.0,0.0,0.0,False,0.0
0.9266995191574097,7.0,23.0,16.0,7446,0.0002692140405997634,1.4367841482162476,0.00026870702276937664,True,0.0002490775950718671
0.9301357865333557,6437.0,6433.0,-4.0,7447,0.0,0.0,0.0,False,0.0
0.9271324872970581,15.0,1388.0,1373.0,7448,0.001817295211367309,3.4657175540924072,0.0018101065652444959,True,0.0016812520334497094
0.9302864074707031,4389.0,4376.0,-13.0,7449,0.0,0.0,0.0,False,0.0
0.926640510559082,1283.0,1260.0,-23.0,7450,0.0,0.0,0.0,False,0.0
0.926063597202301,3457.0,3440.0,-17.0,7451,0.0,0.0,0.0,False,0.0
0.9258957505226135,55.0,2750.0,2695.0,7452,0.0010198206873610616,2.789602756500244,0.0010150971356779337,True,0.0009408291080035269
0.07318603247404099,1.0,7643.0,7642.0,7453,0.9209992289543152,11.369131088256836,0.9212239980697632,True,0.8558539152145386
0.9292786121368408,223.0,195.0,-28.0,7454,0.0,0.0,0.0,False,0.0
0.9287257194519043,53.0,4256.0,4203.0,7455,0.0017331368289887905,3.4087345600128174,0.0017257825238630176,True,0.0016055493615567684
0.9247488975524902,2678.0,2661.0,-17.0,7456,0.0,0.0,0.0,False,0.0
0.9239814877510071,134.0,3757.0,3623.0,7457,0.000800692243501544,2.5182268619537354,0.0007966856937855482,True,0.0007367097423411906
0.9308551549911499,2491.0,2478.0,-13.0,7458,0.0,0.0,0.0,False,0.0
0.9269262552261353,13.0,1467.0,1454.0,7459,0.0026984938886016607,3.94150710105896,0.002681651385501027,True,0.0024923766031861305
0.927167534828186,1665.0,1647.0,-18.0,7460,0.0,0.0,0.0,False,0.0
0.9252088069915771,8.0,1541.0,1533.0,7461,0.0036698109470307827,4.323587894439697,0.003657564288005233,True,0.003396433312445879
0.9287833571434021,1528.0,1506.0,-22.0,7462,0.0,0.0,0.0,False,0.0
0.9296548366546631,6441.0,6436.0,-5.0,7463,0.0,0.0,0.0,False,0.0
0.9231671094894409,208.0,3206.0,2998.0,7464,0.00454591354355216,4.59012508392334,0.0045325905084609985,True,0.004203390795737505
0.9309254884719849,366.0,345.0,-21.0,7465,0.0,0.0,0.0,False,0.0
0.9298818111419678,5455.0,5448.0,-7.0,7466,0.0,0.0,0.0,False,0.0
0.9296489953994751,6730.0,6728.0,-2.0,7467,0.0,0.0,0.0,False,0.0
0.9310294389724731,36.0,13.0,-23.0,7468,0.0,0.0,0.0,False,0.0
0.9266569018363953,7124.0,7123.0,-1.0,7469,0.0,0.0,0.0,False,0.0
0.9258632659912109,2144.0,2124.0,-20.0,7470,0.0,0.0,0.0,False,0.0
0.930120587348938,34.0,9.0,-25.0,7471,0.0,0.0,0.0,False,0.0
0.9301589727401733,3504.0,3492.0,-12.0,7472,0.0,0.0,0.0,False,0.0
0.9291145205497742,2913.0,2893.0,-20.0,7473,0.0,0.0,0.0,False,0.0
0.9214599132537842,4.0,1064.0,1060.0,7474,0.00883579719811678,5.423628807067871,0.00880112498998642,True,0.008181894198060036
0.9258365631103516,4241.0,4229.0,-12.0,7475,0.0,0.0,0.0,False,0.0
0.9262369871139526,4095.0,4083.0,-12.0,7476,0.0,0.0,0.0,False,0.0
0.9287985563278198,2196.0,2172.0,-24.0,7477,0.0,0.0,0.0,False,0.0
0.917033314704895,464.0,5684.0,5220.0,7478,0.012511050328612328,5.864897727966309,0.012469349429011345,True,0.01157919317483902
0.9293469190597534,621.0,593.0,-28.0,7479,0.0,0.0,0.0,False,0.0
0.9294223189353943,4726.0,4716.0,-10.0,7480,0.0,0.0,0.0,False,0.0
0.9244662523269653,101.0,5793.0,5692.0,7481,0.0034494430292397738,4.250005722045898,0.0034463508054614067,True,0.003197053214535117
0.9268943071365356,1311.0,1284.0,-27.0,7482,0.0,0.0,0.0,False,0.0
0.9272871017456055,4388.0,4378.0,-10.0,7483,0.0,0.0,0.0,False,0.0
0.9308558702468872,572.0,545.0,-27.0,7484,0.0,0.0,0.0,False,0.0
0.9239728450775146,6.0,711.0,705.0,7485,0.005447180476039648,4.817523956298828,0.005437235813587904,True,0.005051323678344488
0.9277142882347107,284.0,253.0,-31.0,7486,0.0,0.0,0.0,False,0.0
0.927831768989563,6722.0,6717.0,-5.0,7487,0.0,0.0,0.0,False,0.0
0.9283720850944519,3034.0,3017.0,-17.0,7488,0.0,0.0,0.0,False,0.0
0.9266073107719421,38.0,4568.0,4530.0,7489,0.0041147139854729176,4.465521335601807,0.0041008563712239265,True,0.003815530566498637
0.833893358707428,3.0,2187.0,2184.0,7490,0.09989964962005615,8.520691871643066,0.09981642663478851,True,0.09246586263179779
0.9267690777778625,6139.0,6130.0,-9.0,7491,0.0,0.0,0.0,False,0.0
0.9292523264884949,3125.0,3111.0,-14.0,7492,0.0,0.0,0.0,False,0.0
0.9223096370697021,2653.0,2629.0,-24.0,7493,0.0,0.0,0.0,False,0.0
0.928327202796936,4388.0,4377.0,-11.0,7494,0.0,0.0,0.0,False,0.0
0.6135510206222534,14.0,7661.0,7647.0,7495,0.33870935440063477,10.089545249938965,0.3395572006702423,True,0.31544849276542664
0.9287809133529663,7305.0,7304.0,-1.0,7496,0.0,0.0,0.0,False,0.0
0.9147382974624634,6.0,628.0,622.0,7497,0.013103426434099674,5.921942234039307,0.013042464852333069,True,0.012088100425899029
0.9218258857727051,885.0,855.0,-30.0,7498,0.0,0.0,0.0,False,0.0
0.928409993648529,1088.0,1060.0,-28.0,7499,0.0,0.0,0.0,False,0.0
0.9311494827270508,5277.0,5264.0,-13.0,7500,0.0,0.0,0.0,False,0.0
0.9281277656555176,1366.0,1342.0,-24.0,7501,0.0,0.0,0.0,False,0.0
0.9311296939849854,2061.0,2038.0,-23.0,7502,0.0,0.0,0.0,False,0.0
0.9206617474555969,50.0,6431.0,6381.0,7503,0.006671932991594076,5.073119163513184,0.006665179505944252,True,0.00617755064740777
0.9257757067680359,3365.0,3344.0,-21.0,7504,0.0,0.0,0.0,False,0.0
0.9274794459342957,2740.0,2719.0,-21.0,7505,0.0,0.0,0.0,False,0.0
0.9268393516540527,904.0,867.0,-37.0,7506,0.0,0.0,0.0,False,0.0
0.9280785918235779,3410.0,3394.0,-16.0,7507,0.0,0.0,0.0,False,0.0
0.929082989692688,6446.0,6442.0,-4.0,7508,0.0,0.0,0.0,False,0.0
0.9302037954330444,2284.0,2263.0,-21.0,7509,0.0,0.0,0.0,False,0.0
0.9276293516159058,4470.0,4457.0,-13.0,7510,0.0,0.0,0.0,False,0.0
0.9266989231109619,542.0,502.0,-40.0,7511,0.0,0.0,0.0,False,0.0
0.9123054146766663,2.0,144.0,142.0,7512,0.017057782039046288,6.261651515960693,0.017037788406014442,True,0.015813086181879044
0.9142510294914246,9.0,2352.0,2343.0,7513,0.013042101636528969,5.919540882110596,0.013017823919653893,True,0.012058534659445286
0.9282665252685547,1255.0,1221.0,-34.0,7514,0.0,0.0,0.0,False,0.0
0.925929844379425,3984.0,3970.0,-14.0,7515,0.0,0.0,0.0,False,0.0
0.9269194602966309,1089.0,1056.0,-33.0,7516,0.0,0.0,0.0,False,0.0
0.9134644269943237,19.0,2994.0,2975.0,7517,0.015486285090446472,6.138312339782715,0.015463504008948803,True,0.014347218908369541
0.9276792407035828,4818.0,4802.0,-16.0,7518,0.0,0.0,0.0,False,0.0
0.9270066618919373,4198.0,4177.0,-21.0,7519,0.0,0.0,0.0,False,0.0
0.9276432394981384,7117.0,7116.0,-1.0,7520,0.0,0.0,0.0,False,0.0
0.9295074343681335,3150.0,3128.0,-22.0,7521,0.0,0.0,0.0,False,0.0
0.926623523235321,592.0,556.0,-36.0,7522,0.0,0.0,0.0,False,0.0
0.9271183013916016,293.0,265.0,-28.0,7523,0.0,0.0,0.0,False,0.0
0.9283347129821777,3997.0,3976.0,-21.0,7524,0.0,0.0,0.0,False,0.0
0.41539788246154785,9.0,7647.0,7638.0,7525,0.551916241645813,10.713820457458496,0.5525804162025452,True,0.5130324959754944
0.9256656169891357,6571.0,6569.0,-2.0,7526,0.0,0.0,0.0,False,0.0
0.9252598285675049,1093.0,1057.0,-36.0,7527,0.0,0.0,0.0,False,0.0
0.282958060503006,6.0,7655.0,7649.0,7528,0.6951636075973511,11.008859634399414,0.6955602169036865,True,0.6464803814888
0.9268319010734558,2700.0,2677.0,-23.0,7529,0.0,0.0,0.0,False,0.0
0.9270837306976318,529.0,494.0,-35.0,7530,0.0,0.0,0.0,False,0.0
0.9259471893310547,5354.0,5345.0,-9.0,7531,0.0,0.0,0.0,False,0.0
0.9308019876480103,793.0,758.0,-35.0,7532,0.0,0.0,0.0,False,0.0
0.9280104637145996,2079.0,2055.0,-24.0,7533,0.0,0.0,0.0,False,0.0
0.9283593893051147,3579.0,3564.0,-15.0,7534,0.0,0.0,0.0,False,0.0
0.9135888814926147,12.0,5314.0,5302.0,7535,0.013411484658718109,5.952174663543701,0.013356704264879227,True,0.012367729097604752
0.9270144701004028,4129.0,4116.0,-13.0,7536,0.0,0.0,0.0,False,0.0
0.9274059534072876,1080.0,5969.0,4889.0,7537,0.0031295884400606155,4.126445293426514,0.003117837244644761,True,0.002900544321164489
0.9288302063941956,1611.0,1584.0,-27.0,7538,0.0,0.0,0.0,False,0.0
0.15929043292999268,2.0,7687.0,7685.0,7539,0.8280967473983765,11.233116149902344,0.8285055160522461,True,0.7695465087890625
0.20957911014556885,1.0,7614.0,7613.0,7540,0.7735127806663513,11.145986557006836,0.7740751504898071,True,0.7180702686309814
0.9264842867851257,4916.0,4912.0,-4.0,7541,0.0,0.0,0.0,False,0.0
0.9226060509681702,201.0,4598.0,4397.0,7542,0.003196238074451685,4.154545307159424,0.003189791925251484,True,0.0029523386619985104
0.9275402426719666,4056.0,4039.0,-17.0,7543,0.0,0.0,0.0,False,0.0
0.9156095385551453,2.0,1909.0,1907.0,7544,0.011729845777153969,5.782598972320557,0.011686163023114204,True,0.010826483368873596
0.9255025386810303,1279.0,1252.0,-27.0,7545,0.0,0.0,0.0,False,0.0
0.9288260340690613,584.0,552.0,-32.0,7546,0.0,0.0,0.0,False,0.0
0.9290261268615723,5635.0,5628.0,-7.0,7547,0.0,0.0,0.0,False,0.0
0.9240362644195557,2663.0,2641.0,-22.0,7548,0.0,0.0,0.0,False,0.0
0.9281606674194336,3500.0,3485.0,-15.0,7549,0.0,0.0,0.0,False,0.0
0.9299991130828857,2290.0,2265.0,-25.0,7550,0.0,0.0,0.0,False,0.0
0.9267044067382812,32.0,2378.0,2346.0,7551,0.0015388219617307186,3.2668421268463135,0.0015313908224925399,True,0.0014213232789188623
0.9197309017181396,115.0,5214.0,5099.0,7552,0.008415749296545982,5.3626227378845215,0.00838619563728571,True,0.007778273895382881
0.9308086633682251,493.0,457.0,-36.0,7553,0.0,0.0,0.0,False,0.0
0.9287501573562622,883.0,858.0,-25.0,7554,0.0,0.0,0.0,False,0.0
0.9229024648666382,5.0,1224.0,1219.0,7555,0.006311706267297268,4.999072551727295,0.0062839253805577755,True,0.005836124066263437
0.9276500940322876,6193.0,6185.0,-8.0,7556,0.0,0.0,0.0,False,0.0
0.9264799356460571,591.0,562.0,-29.0,7557,0.0,0.0,0.0,False,0.0
0.9256211519241333,4609.0,4600.0,-9.0,7558,0.0,0.0,0.0,False,0.0
0.9280815720558167,3479.0,3460.0,-19.0,7559,0.0,0.0,0.0,False,0.0
0.2237057089805603,4.0,7613.0,7609.0,7560,0.758445143699646,11.120802879333496,0.7590197920799255,True,0.7046099901199341
0.9280278086662292,42.0,12.0,-30.0,7561,0.0,0.0,0.0,False,0.0
0.9262263774871826,574.0,542.0,-32.0,7562,0.0,0.0,0.0,False,0.0
0.9260761141777039,5638.0,5628.0,-10.0,7563,0.0,0.0,0.0,False,0.0
0.9304095506668091,3679.0,3662.0,-17.0,7564,0.0,0.0,0.0,False,0.0
0.0860411673784256,1.0,7649.0,7648.0,7565,0.907097339630127,11.349699020385742,0.9073681831359863,True,0.8428101539611816
0.9263118505477905,4181.0,4168.0,-13.0,7566,0.0,0.0,0.0,False,0.0
0.11558236926794052,2.0,5882.0,5880.0,7567,0.8751564025878906,11.303709983825684,0.8753995299339294,True,0.8120416402816772
0.1200983077287674,1.0,1271.0,1270.0,7568,0.8702415227890015,11.296719551086426,0.8706399202346802,True,0.8083049058914185
0.07401029765605927,1.0,7605.0,7604.0,7569,0.9203473329544067,11.368377685546875,0.920682430267334,True,0.8590777516365051
0.9290289878845215,3371.0,3360.0,-11.0,7570,0.0,0.0,0.0,False,0.0
0.9237733483314514,3.0,1896.0,1893.0,7571,0.008192566223442554,5.328546524047852,0.008162875659763813,True,0.0076027074828743935
0.9284129738807678,4354.0,4337.0,-17.0,7572,0.0,0.0,0.0,False,0.0
0.9239380359649658,4250.0,4243.0,-7.0,7573,0.0,0.0,0.0,False,0.0
0.9286747574806213,6220.0,6214.0,-6.0,7574,0.0,0.0,0.0,False,0.0
0.9313924312591553,415.0,393.0,-22.0,7575,0.0,0.0,0.0,False,0.0
0.928698718547821,4810.0,4803.0,-7.0,7576,0.0,0.0,0.0,False,0.0
0.9210555553436279,8.0,3203.0,3195.0,7577,0.004870459903031588,4.675629615783691,0.004854078870266676,True,0.0044926842674613
0.9276734590530396,1375.0,1350.0,-25.0,7578,0.0,0.0,0.0,False,0.0
0.0640244334936142,1.0,7651.0,7650.0,7579,0.930955708026886,11.38290786743164,0.931175708770752,True,0.8662341237068176
0.9255218505859375,513.0,497.0,-16.0,7580,0.0,0.0,0.0,False,0.0
0.9282851219177246,5.0,967.0,962.0,7581,0.002553272992372513,3.875110387802124,0.002539776498451829,True,0.002363639883697033
0.931934118270874,3795.0,3781.0,-14.0,7582,0.0,0.0,0.0,False,0.0
0.927328884601593,47.0,3388.0,3341.0,7583,0.0017703926423564553,3.433684825897217,0.001762243453413248,True,0.001637064153328538
0.9255335330963135,344.0,324.0,-20.0,7584,0.0,0.0,0.0,False,0.0
0.9252223968505859,3568.0,7319.0,3751.0,7585,0.00228476757183671,3.742966413497925,0.0022783621679991484,True,0.002112805377691984
0.9320415258407593,1099.0,1075.0,-24.0,7586,0.0,0.0,0.0,False,0.0
0.9268702864646912,3316.0,3303.0,-13.0,7587,0.0,0.0,0.0,False,0.0
0.9321128129959106,567.0,543.0,-24.0,7588,0.0,0.0,0.0,False,0.0
0.9294565320014954,5489.0,5478.0,-11.0,7589,0.0,0.0,0.0,False,0.0
0.9251706600189209,7668.0,7668.0,0.0,7590,0.0,0.0,0.0,False,0.0
0.9277054667472839,2442.0,2421.0,-21.0,7591,0.0,0.0,0.0,False,0.0
0.9287909269332886,3716.0,3706.0,-10.0,7592,0.0,0.0,0.0,False,0.0
0.925731360912323,727.0,5802.0,5075.0,7593,0.002372713526710868,3.7863476276397705,0.002361229620873928,True,0.0021910378709435463
0.9312338829040527,4019.0,4000.0,-19.0,7594,0.0,0.0,0.0,False,0.0
0.05761232599616051,1.0,7629.0,7628.0,7595,0.9376204013824463,11.392033576965332,0.9378266930580139,True,0.86902916431427
0.07643850147724152,1.0,7602.0,7601.0,7596,0.9177424907684326,11.364602088928223,0.917975664138794,True,0.8554613590240479
0.9269096851348877,447.0,4247.0,3800.0,7597,0.0007952598971314728,2.5116126537323,0.0007919181953184307,True,0.0007346183992922306
0.9281688928604126,165.0,3708.0,3543.0,7598,0.0006321812397800386,2.264786720275879,0.0006304946728050709,True,0.0005855747149325907
0.9306265711784363,34.0,14.0,-20.0,7599,0.0,0.0,0.0,False,0.0
0.9286481142044067,5487.0,5481.0,-6.0,7600,0.0,0.0,0.0,False,0.0
0.9293982982635498,748.0,732.0,-16.0,7601,0.0,0.0,0.0,False,0.0
0.9251600503921509,36.0,728.0,692.0,7602,0.0003891309315804392,1.772999882698059,0.00038824076182208955,True,0.00035932433092966676
0.9273178577423096,138.0,5435.0,5297.0,7603,0.001136860577389598,2.91595458984375,0.0011336735915392637,True,0.0010524688987061381
0.9258345365524292,141.0,117.0,-24.0,7604,0.0,0.0,0.0,False,0.0
0.9264543652534485,270.0,242.0,-28.0,7605,0.0,0.0,0.0,False,0.0
0.9305897355079651,2272.0,2248.0,-24.0,7606,0.0,0.0,0.0,False,0.0
0.9266886115074158,5365.0,5355.0,-10.0,7607,0.0,0.0,0.0,False,0.0
0.9235228300094604,63.0,1864.0,1801.0,7608,0.0025520627386868,3.8786633014678955,0.0025471842382103205,True,0.002358389785513282
0.9253226518630981,44.0,2647.0,2603.0,7609,0.0014485741266980767,3.1989715099334717,0.0014457450015470386,True,0.0013397174188867211
0.9234495162963867,1875.0,1855.0,-20.0,7610,0.0,0.0,0.0,False,0.0
0.9282529354095459,4993.0,4985.0,-8.0,7611,0.0,0.0,0.0,False,0.0
0.9277722835540771,6901.0,6900.0,-1.0,7612,0.0,0.0,0.0,False,0.0
0.9266408681869507,1704.0,1685.0,-19.0,7613,0.0,0.0,0.0,False,0.0
0.9289731979370117,1197.0,1177.0,-20.0,7614,0.0,0.0,0.0,False,0.0
0.9293906688690186,3498.0,3475.0,-23.0,7615,0.0,0.0,0.0,False,0.0
0.9265502095222473,1771.0,1748.0,-23.0,7616,0.0,0.0,0.0,False,0.0
0.9288519620895386,335.0,4969.0,4634.0,7617,0.0007162826368585229,2.396365165710449,0.0007126745767891407,True,0.0006624412490054965
0.9185185432434082,8.0,2159.0,2151.0,7618,0.007478317245841026,5.211978435516357,0.007442298345267773,True,0.0068871453404426575
0.0896199643611908,1.0,7673.0,7672.0,7619,0.9033100605010986,11.344161033630371,0.9034578800201416,True,0.8386789560317993
0.9273749589920044,460.0,427.0,-33.0,7620,0.0,0.0,0.0,False,0.0
0.9303320646286011,4725.0,4713.0,-12.0,7621,0.0,0.0,0.0,False,0.0
0.9253143668174744,14.0,2227.0,2213.0,7622,0.0028430798556655645,4.0107035636901855,0.002837537555024028,True,0.0026330857072025537
0.9267101287841797,13.0,746.0,733.0,7623,0.0016994173638522625,3.3879904747009277,0.0016960036009550095,True,0.0015743738040328026
0.9299630522727966,2961.0,2938.0,-23.0,7624,0.0,0.0,0.0,False,0.0
0.13933435082435608,1.0,6064.0,6063.0,7625,0.8493857383728027,11.26567554473877,0.8498135805130005,True,0.7884079217910767
0.07747431844472885,1.0,7662.0,7661.0,7626,0.9166436791419983,11.363028526306152,0.9168494939804077,True,0.854262113571167
0.9250780344009399,43.0,4132.0,4089.0,7627,0.004957270808517933,4.698294639587402,0.00494295172393322,True,0.004595330450683832
0.92673259973526,17.0,2686.0,2669.0,7628,0.0016902632778510451,3.37888240814209,0.0016830798704177141,True,0.001562394667416811
0.036091212183237076,1.0,7647.0,7646.0,7629,0.9610111117362976,11.42348575592041,0.9611159563064575,True,0.892084002494812
0.9256494045257568,4981.0,4971.0,-10.0,7630,0.0,0.0,0.0,False,0.0
0.12499112635850906,1.0,7561.0,7560.0,7631,0.8649510145187378,11.288925170898438,0.8653634786605835,True,0.8033689260482788
0.9272267818450928,169.0,2522.0,2353.0,7632,0.000422271725255996,1.8477022647857666,0.0004193297354504466,True,0.0003889768850058317
0.9247352480888367,7578.0,7576.0,-2.0,7633,0.0,0.0,0.0,False,0.0
0.9255552291870117,128.0,1450.0,1322.0,7634,0.000894551572855562,2.64249849319458,0.0008909889729693532,True,0.0008253949345089495
0.9248631000518799,6.0,748.0,742.0,7635,0.0016245584702119231,3.3300178050994873,0.0016152911121025681,True,0.0014963401481509209
0.9295883178710938,280.0,257.0,-23.0,7636,0.0,0.0,0.0,False,0.0
0.03504228591918945,1.0,7365.0,7364.0,7637,0.9621801376342773,11.425006866455078,0.9622564911842346,True,0.8933916687965393
0.9239449501037598,2.0,46.0,44.0,7638,0.0024564405903220177,3.8307597637176514,0.002449020277708769,True,0.0022683150600641966
0.9274283647537231,1161.0,1149.0,-12.0,7639,0.0,0.0,0.0,False,0.0
0.9282288551330566,602.0,583.0,-19.0,7640,0.0,0.0,0.0,False,0.0
0.9270355701446533,3788.0,3776.0,-12.0,7641,0.0,0.0,0.0,False,0.0
0.9312396049499512,640.0,623.0,-17.0,7642,0.0,0.0,0.0,False,0.0
0.04228849709033966,1.0,7629.0,7628.0,7643,0.9544380903244019,11.414715766906738,0.9545648694038391,True,0.8884561061859131
0.9290915727615356,3623.0,3612.0,-11.0,7644,0.0,0.0,0.0,False,0.0
0.9255486726760864,4669.0,4663.0,-6.0,7645,0.0,0.0,0.0,False,0.0
0.9280562400817871,1282.0,1261.0,-21.0,7646,0.0,0.0,0.0,False,0.0
0.06522300094366074,1.0,7665.0,7664.0,7647,0.9295985102653503,11.381733894348145,0.93032306432724,True,0.8654911518096924
0.9304565191268921,987.0,964.0,-23.0,7648,0.0,0.0,0.0,False,0.0
0.9274148344993591,3615.0,6591.0,2976.0,7649,0.0014501118566840887,3.1680984497070312,0.0014082608977332711,True,0.0013440889306366444
0.9288330078125,512.0,494.0,-18.0,7650,0.0,0.0,0.0,False,0.0
0.929258406162262,5264.0,5258.0,-6.0,7651,0.0,0.0,0.0,False,0.0
0.9235997200012207,3479.0,7366.0,3887.0,7652,0.003408119548112154,4.199404716491699,0.0033079790882766247,True,0.0031455690041184425
0.9225258231163025,188.0,5208.0,5020.0,7653,0.005849885754287243,4.86802864074707,0.005660870112478733,True,0.005409596022218466
0.9284476041793823,358.0,336.0,-22.0,7654,0.0,0.0,0.0,False,0.0
0.9291750192642212,4201.0,4195.0,-6.0,7655,0.0,0.0,0.0,False,0.0
0.9272652864456177,4018.0,4005.0,-13.0,7656,0.0,0.0,0.0,False,0.0
0.9300670623779297,2532.0,2514.0,-18.0,7657,0.0,0.0,0.0,False,0.0
0.9279076457023621,1511.0,1492.0,-19.0,7658,0.0,0.0,0.0,False,0.0
0.9262403249740601,34.0,2759.0,2725.0,7659,0.0010594326304271817,2.907306432723999,0.0011251798132434487,True,0.0009784726426005363
0.9292134642601013,2422.0,2401.0,-21.0,7660,0.0,0.0,0.0,False,0.0
0.9238176345825195,6768.0,6762.0,-6.0,7661,0.0,0.0,0.0,False,0.0
0.9296912550926208,3039.0,3019.0,-20.0,7662,0.0,0.0,0.0,False,0.0
0.9294878244400024,3594.0,3576.0,-18.0,7663,0.0,0.0,0.0,False,0.0
0.930905282497406,882.0,865.0,-17.0,7664,0.0,0.0,0.0,False,0.0
0.9285612106323242,2759.0,2736.0,-23.0,7665,0.0,0.0,0.0,False,0.0
0.9292566776275635,2541.0,2525.0,-16.0,7666,0.0,0.0,0.0,False,0.0
0.9303312301635742,4544.0,4532.0,-12.0,7667,0.0,0.0,0.0,False,0.0
0.9298105239868164,34.0,2071.0,2037.0,7668,0.0008568950579501688,2.662991523742676,0.0009074367699213326,True,0.0007936852634884417
0.927432656288147,6124.0,6115.0,-9.0,7669,0.0,0.0,0.0,False,0.0
0.9282165169715881,1826.0,1799.0,-27.0,7670,0.0,0.0,0.0,False,0.0
0.9262458086013794,9.0,1095.0,1086.0,7671,0.0016941939247772098,3.446861505508423,0.0017817872576415539,True,0.0015673255547881126
0.927941083908081,6438.0,6433.0,-5.0,7672,0.0,0.0,0.0,False,0.0
0.9285407066345215,207.0,176.0,-31.0,7673,0.0,0.0,0.0,False,0.0
0.9288952350616455,2788.0,2764.0,-24.0,7674,0.0,0.0,0.0,False,0.0
0.9282040596008301,1134.0,1115.0,-19.0,7675,0.0,0.0,0.0,False,0.0
0.9283459782600403,7204.0,7201.0,-3.0,7676,0.0,0.0,0.0,False,0.0
0.9279466867446899,656.0,4547.0,3891.0,7677,0.0005653297994285822,2.0946879386901855,0.0005360173527151346,True,0.0005225494969636202
0.06812964379787445,1.0,7127.0,7126.0,7678,0.9263641834259033,11.373822212219238,0.9246002435684204,True,0.8595272302627563
0.9270968437194824,1754.0,1731.0,-23.0,7679,0.0,0.0,0.0,False,0.0
0.930134654045105,1598.0,1576.0,-22.0,7680,0.0,0.0,0.0,False,0.0
0.922362744808197,11.0,2357.0,2346.0,7681,0.004648603033274412,4.649466514587402,0.004753421992063522,True,0.0043000588193535805
0.9296638369560242,1020.0,996.0,-24.0,7682,0.0,0.0,0.0,False,0.0
0.926213264465332,705.0,689.0,-16.0,7683,0.0,0.0,0.0,False,0.0
0.9255796670913696,6.0,114.0,108.0,7684,0.0015926226042211056,3.316805839538574,0.0015974012203514576,True,0.0014658666914328933
0.9294745922088623,5918.0,5914.0,-4.0,7685,0.0,0.0,0.0,False,0.0
0.9283714890480042,7280.0,7277.0,-3.0,7686,0.0,0.0,0.0,False,0.0
0.9271230697631836,2.0,24.0,22.0,7687,0.0016125428956001997,3.3365862369537354,0.0016242534620687366,True,0.0014913699124008417
0.9289835691452026,12.0,597.0,585.0,7688,0.002300542313605547,3.750420331954956,0.0022924018558114767,True,0.002132215304300189
0.9294862151145935,1447.0,1416.0,-31.0,7689,0.0,0.0,0.0,False,0.0
0.9307169914245605,3649.0,3632.0,-17.0,7690,0.0,0.0,0.0,False,0.0
0.9289020895957947,7620.0,7620.0,0.0,7691,0.0,0.0,0.0,False,0.0
0.9264571666717529,45.0,6625.0,6580.0,7692,0.0037560141645371914,4.352194786071777,0.0037430066149681807,True,0.0034805138129740953
0.9238268733024597,3.0,202.0,199.0,7693,0.002830730751156807,4.0059919357299805,0.0028266541194170713,True,0.0026187412440776825
0.9275881052017212,826.0,801.0,-25.0,7694,0.0,0.0,0.0,False,0.0
0.9266269207000732,3169.0,3151.0,-18.0,7695,0.0,0.0,0.0,False,0.0
0.9267305731773376,19.0,2935.0,2916.0,7696,0.004155038855969906,4.478784561157227,0.004144842270761728,True,0.003857139265164733
0.9287855625152588,1107.0,1091.0,-16.0,7697,0.0,0.0,0.0,False,0.0
0.25715479254722595,1.0,7434.0,7433.0,7698,0.7209573984146118,11.05639934539795,0.7218348979949951,True,0.6673136353492737
0.9213128685951233,2.0,247.0,245.0,7699,0.0063933562487363815,5.018349647521973,0.006381069775670767,True,0.005916716530919075
0.931308388710022,1353.0,1327.0,-26.0,7700,0.0,0.0,0.0,False,0.0
0.16803979873657227,2.0,7632.0,7630.0,7701,0.8191612958908081,11.219216346740723,0.8195719718933105,True,0.7633002996444702
0.9191635847091675,7.0,2766.0,2759.0,7702,0.01167798787355423,5.7793803215026855,0.011656541377305984,True,0.01084063295274973
0.9284817576408386,289.0,254.0,-35.0,7703,0.0,0.0,0.0,False,0.0
0.14785189926624298,1.0,7665.0,7664.0,7704,0.8401447534561157,11.251577377319336,0.8405205011367798,True,0.7792390584945679
0.9280382394790649,457.0,6970.0,6513.0,7705,0.001321782823652029,3.0882580280303955,0.0013154065236449242,True,0.0012223555240780115
0.9282599687576294,1933.0,1912.0,-21.0,7706,0.0,0.0,0.0,False,0.0
0.9284041523933411,430.0,397.0,-33.0,7707,0.0,0.0,0.0,False,0.0
0.9302748441696167,2977.0,2958.0,-19.0,7708,0.0,0.0,0.0,False,0.0
0.9281771183013916,7409.0,7407.0,-2.0,7709,0.0,0.0,0.0,False,0.0
0.9221931099891663,4234.0,4220.0,-14.0,7710,0.0,0.0,0.0,False,0.0
0.9276859760284424,5783.0,5771.0,-12.0,7711,0.0,0.0,0.0,False,0.0
0.9301131963729858,5260.0,5249.0,-11.0,7712,0.0,0.0,0.0,False,0.0
0.11382661759853363,1.0,6071.0,6070.0,7713,0.8770101070404053,11.306568145751953,0.8773533701896667,True,0.8142597079277039
0.08107344806194305,1.0,7613.0,7612.0,7714,0.9124161601066589,11.35705280303955,0.9125866889953613,True,0.846399188041687
0.9273409843444824,873.0,853.0,-20.0,7715,0.0,0.0,0.0,False,0.0
0.06931021064519882,1.0,7631.0,7630.0,7716,0.9250292778015137,11.374622344970703,0.9251773357391357,True,0.857016921043396
0.9259917140007019,277.0,2772.0,2495.0,7717,0.0007541381637565792,2.451878309249878,0.0007499567582271993,True,0.0006949749658815563
0.930080235004425,1018.0,986.0,-32.0,7718,0.0,0.0,0.0,False,0.0
0.9244073629379272,5048.0,5039.0,-9.0,7719,0.0,0.0,0.0,False,0.0
0.9272294640541077,1358.0,1337.0,-21.0,7720,0.0,0.0,0.0,False,0.0
0.9285875558853149,2109.0,2086.0,-23.0,7721,0.0,0.0,0.0,False,0.0
0.930263102054596,6189.0,6179.0,-10.0,7722,0.0,0.0,0.0,False,0.0
0.9308050274848938,221.0,191.0,-30.0,7723,0.0,0.0,0.0,False,0.0
0.926895260810852,1938.0,1912.0,-26.0,7724,0.0,0.0,0.0,False,0.0
0.9292740821838379,4658.0,4644.0,-14.0,7725,0.0,0.0,0.0,False,0.0
0.9284738302230835,4255.0,4237.0,-18.0,7726,0.0,0.0,0.0,False,0.0
0.9232543706893921,5719.0,5712.0,-7.0,7727,0.0,0.0,0.0,False,0.0
0.9279816150665283,1418.0,1392.0,-26.0,7728,0.0,0.0,0.0,False,0.0
0.9267398118972778,131.0,1116.0,985.0,7729,0.0002644654014147818,1.4209686517715454,0.0002638193254824728,True,0.0002445564023219049
0.9268997311592102,1915.0,1891.0,-24.0,7730,0.0,0.0,0.0,False,0.0
0.928101658821106,1112.0,1084.0,-28.0,7731,0.0,0.0,0.0,False,0.0
0.9256853461265564,1707.0,1682.0,-25.0,7732,0.0,0.0,0.0,False,0.0
0.9243518114089966,2720.0,2696.0,-24.0,7733,0.0,0.0,0.0,False,0.0
0.9322874546051025,3173.0,3152.0,-21.0,7734,0.0,0.0,0.0,False,0.0
0.9229487776756287,1419.0,1390.0,-29.0,7735,0.0,0.0,0.0,False,0.0
0.92535400390625,6102.0,6098.0,-4.0,7736,0.0,0.0,0.0,False,0.0
0.9295477867126465,6048.0,6040.0,-8.0,7737,0.0,0.0,0.0,False,0.0
0.9279834032058716,303.0,268.0,-35.0,7738,0.0,0.0,0.0,False,0.0
0.08189530670642853,1.0,7664.0,7663.0,7739,0.9116357564926147,11.355971336364746,0.9118173122406006,True,0.8468055725097656
0.9283794164657593,2985.0,2961.0,-24.0,7740,0.0,0.0,0.0,False,0.0
0.10167240351438522,1.0,5715.0,5714.0,7741,0.8903374075889587,11.325788497924805,0.8906042575836182,True,0.8277275562286377
0.9279220104217529,1479.0,1454.0,-25.0,7742,0.0,0.0,0.0,False,0.0
0.9301787614822388,2057.0,2033.0,-24.0,7743,0.0,0.0,0.0,False,0.0
0.9267548322677612,7527.0,7527.0,0.0,7744,0.0,0.0,0.0,False,0.0
0.09602068364620209,1.0,7333.0,7332.0,7745,0.8960571885108948,11.333979606628418,0.89631187915802,True,0.830032467842102
0.9188219904899597,2.0,3765.0,3763.0,7746,0.012125629000365734,5.8293070793151855,0.01212447788566351,True,0.011276964098215103
0.9267823696136475,15.0,639.0,624.0,7747,0.0006385135930031538,2.2745187282562256,0.0006362884887494147,True,0.0005900764372199774
0.9238319993019104,1533.0,1509.0,-24.0,7748,0.0,0.0,0.0,False,0.0
0.9284555315971375,612.0,599.0,-13.0,7749,0.0,0.0,0.0,False,0.0
0.9297891855239868,530.0,505.0,-25.0,7750,0.0,0.0,0.0,False,0.0
0.924574613571167,2.0,468.0,466.0,7751,0.004443078301846981,4.562854290008545,0.004434483125805855,True,0.004118272569030523
0.9286168813705444,970.0,938.0,-32.0,7752,0.0,0.0,0.0,False,0.0
0.930118978023529,6838.0,6836.0,-2.0,7753,0.0,0.0,0.0,False,0.0
0.9247194528579712,5134.0,5124.0,-10.0,7754,0.0,0.0,0.0,False,0.0
0.930030345916748,4304.0,4290.0,-14.0,7755,0.0,0.0,0.0,False,0.0
0.9176528453826904,3.0,331.0,328.0,7756,0.011535792611539364,5.765833377838135,0.011532684788107872,True,0.01070647593587637
0.9243463277816772,2609.0,2586.0,-23.0,7757,0.0,0.0,0.0,False,0.0
0.9246878623962402,267.0,4788.0,4521.0,7758,0.0025349848438054323,3.8653409481048584,0.002519514411687851,True,0.002335648750886321
0.9252509474754333,6.0,903.0,897.0,7759,0.001606377074494958,3.318014621734619,0.001599030802026391,True,0.0014818742638453841
0.9246649742126465,390.0,365.0,-25.0,7760,0.0,0.0,0.0,False,0.0
0.0510108508169651,1.0,7653.0,7652.0,7761,0.9449528455734253,11.401944160461426,0.9451034069061279,True,0.8782047033309937
0.9286504983901978,3796.0,3776.0,-20.0,7762,0.0,0.0,0.0,False,0.0
0.9244927763938904,4074.0,4058.0,-16.0,7763,0.0,0.0,0.0,False,0.0
0.9281497001647949,1593.0,1571.0,-22.0,7764,0.0,0.0,0.0,False,0.0
0.09468358010053635,1.0,7634.0,7633.0,7765,0.8979702591896057,11.336702346801758,0.898216962814331,True,0.8355656862258911
0.9297351241111755,1056.0,1033.0,-23.0,7766,0.0,0.0,0.0,False,0.0
0.925423800945282,2975.0,2950.0,-25.0,7767,0.0,0.0,0.0,False,0.0
0.9303277730941772,2306.0,2279.0,-27.0,7768,0.0,0.0,0.0,False,0.0
0.927874743938446,1745.0,1717.0,-28.0,7769,0.0,0.0,0.0,False,0.0
0.08257120847702026,1.0,7639.0,7638.0,7770,0.9107185006141663,11.354805946350098,0.9109892845153809,True,0.8450833559036255
0.06341120600700378,1.0,7658.0,7657.0,7771,0.9315037727355957,11.383557319641113,0.9316473603248596,True,0.8642949461936951
0.9305948615074158,5046.0,5035.0,-11.0,7772,0.0,0.0,0.0,False,0.0
0.10517150163650513,1.0,7535.0,7534.0,7773,0.8858502507209778,11.319496154785156,0.886244535446167,True,0.8193687200546265
0.9298027753829956,78.0,1704.0,1626.0,7774,0.0005429226439446211,2.103224992752075,0.0005404663970693946,True,0.0005027988809160888
0.9282538890838623,6264.0,6257.0,-7.0,7775,0.0,0.0,0.0,False,0.0
0.9228242039680481,484.0,460.0,-24.0,7776,0.0,0.0,0.0,False,0.0
0.9262839555740356,2932.0,2909.0,-23.0,7777,0.0,0.0,0.0,False,0.0
0.9309841394424438,5767.0,5756.0,-11.0,7778,0.0,0.0,0.0,False,0.0
0.9259231090545654,5699.0,5691.0,-8.0,7779,0.0,0.0,0.0,False,0.0
0.91630619764328,39.0,7304.0,7265.0,7780,0.010411940515041351,5.634340286254883,0.010396077297627926,True,0.009626063518226147
0.9216868877410889,5.0,4583.0,4578.0,7781,0.005478001665323973,4.824970722198486,0.005469658877700567,True,0.0050690388306975365
0.9291938543319702,3974.0,3959.0,-15.0,7782,0.0,0.0,0.0,False,0.0
0.9299994111061096,2835.0,2813.0,-22.0,7783,0.0,0.0,0.0,False,0.0
0.927382230758667,1853.0,1831.0,-22.0,7784,0.0,0.0,0.0,False,0.0
0.9268063306808472,5008.0,4996.0,-12.0,7785,0.0,0.0,0.0,False,0.0
0.926784873008728,179.0,159.0,-20.0,7786,0.0,0.0,0.0,False,0.0
0.9279264807701111,2794.0,2769.0,-25.0,7787,0.0,0.0,0.0,False,0.0
0.9301064014434814,577.0,542.0,-35.0,7788,0.0,0.0,0.0,False,0.0
0.9269480109214783,4258.0,4242.0,-16.0,7789,0.0,0.0,0.0,False,0.0
0.9150429368019104,2.0,1134.0,1132.0,7790,0.015925318002700806,6.172512054443359,0.015884963795542717,True,0.01477004587650299
0.9234895706176758,4.0,541.0,537.0,7791,0.0050250571221113205,4.7148895263671875,0.0050090281292796135,True,0.004649072885513306
0.9228866100311279,5189.0,5180.0,-9.0,7792,0.0,0.0,0.0,False,0.0
0.9289025664329529,7015.0,7011.0,-4.0,7793,0.0,0.0,0.0,False,0.0
0.9280916452407837,7063.0,7059.0,-4.0,7794,0.0,0.0,0.0,False,0.0
0.9281336665153503,6882.0,6880.0,-2.0,7795,0.0,0.0,0.0,False,0.0
0.9285984039306641,242.0,211.0,-31.0,7796,0.0,0.0,0.0,False,0.0
0.9283573627471924,5214.0,5203.0,-11.0,7797,0.0,0.0,0.0,False,0.0
0.9278711080551147,1251.0,1221.0,-30.0,7798,0.0,0.0,0.0,False,0.0
0.927725613117218,4026.0,4013.0,-13.0,7799,0.0,0.0,0.0,False,0.0
0.9288506507873535,4992.0,4975.0,-17.0,7800,0.0,0.0,0.0,False,0.0
0.9308714866638184,3059.0,3038.0,-21.0,7801,0.0,0.0,0.0,False,0.0
0.926888644695282,1126.0,1097.0,-29.0,7802,0.0,0.0,0.0,False,0.0
0.9283397197723389,377.0,346.0,-31.0,7803,0.0,0.0,0.0,False,0.0
0.9195383787155151,21.0,3063.0,3042.0,7804,0.003596934489905834,4.296776294708252,0.0035791967529803514,True,0.0033030309714376926
0.9255873560905457,4704.0,4685.0,-19.0,7805,0.0,0.0,0.0,False,0.0
0.9278950095176697,615.0,588.0,-27.0,7806,0.0,0.0,0.0,False,0.0
0.9273539781570435,3389.0,3371.0,-18.0,7807,0.0,0.0,0.0,False,0.0
0.9278877377510071,564.0,533.0,-31.0,7808,0.0,0.0,0.0,False,0.0
0.10909850895404816,1.0,7605.0,7604.0,7809,0.8822309970855713,11.314064979553223,0.8824981451034546,True,0.819384753704071
0.9300821423530579,3024.0,6974.0,3950.0,7810,0.0009971529943868518,2.768234968185425,0.0009961738251149654,True,0.0009274473413825035
0.9292603731155396,4218.0,4203.0,-15.0,7811,0.0,0.0,0.0,False,0.0
0.926378607749939,1306.0,1276.0,-30.0,7812,0.0,0.0,0.0,False,0.0
0.9254345297813416,574.0,6247.0,5673.0,7813,0.0010288396151736379,2.8029093742370605,0.0010270415805280209,True,0.000951436988543719
0.9273779392242432,1161.0,1126.0,-35.0,7814,0.0,0.0,0.0,False,0.0
0.9284036159515381,2081.0,2054.0,-27.0,7815,0.0,0.0,0.0,False,0.0
0.927932858467102,6542.0,6538.0,-4.0,7816,0.0,0.0,0.0,False,0.0
0.92643141746521,4586.0,4576.0,-10.0,7817,0.0,0.0,0.0,False,0.0
0.9282314777374268,7620.0,7619.0,-1.0,7818,0.0,0.0,0.0,False,0.0
0.9259756803512573,30.0,5042.0,5012.0,7819,0.002548009855672717,3.8777084350585938,0.002545191440731287,True,0.0023627993650734425
0.9260437488555908,4303.0,4286.0,-17.0,7820,0.0,0.0,0.0,False,0.0
0.9257081151008606,6784.0,6781.0,-3.0,7821,0.0,0.0,0.0,False,0.0
0.9110987186431885,33.0,6858.0,6825.0,7822,0.01784755103290081,6.319267272949219,0.017826702445745468,True,0.016536680981516838
0.8833154439926147,1.0,2285.0,2284.0,7823,0.04764273017644882,7.571688175201416,0.04755428805947304,True,0.044102709740400314
0.3823210299015045,3.0,7662.0,7659.0,7824,0.5873478055000305,10.793423652648926,0.5879765748977661,True,0.5455898642539978
0.9104125499725342,3.0,1280.0,1277.0,7825,0.017874130979180336,6.320676803588867,0.017846450209617615,True,0.016542864963412285
0.1920778453350067,6.0,7666.0,7660.0,7826,0.7927724123001099,11.177223205566406,0.7931646108627319,True,0.736572802066803
0.8988797664642334,25.0,7288.0,7263.0,7827,0.02662697248160839,6.829194068908691,0.026595132425427437,True,0.02455897442996502
0.9267913699150085,3704.0,3686.0,-18.0,7828,0.0,0.0,0.0,False,0.0
0.85564786195755,2.0,3519.0,3517.0,7829,0.077903613448143,8.199503898620605,0.07767237722873688,True,0.07205703854560852
0.9286842346191406,2017.0,1993.0,-24.0,7830,0.0,0.0,0.0,False,0.0
0.9264549016952515,1094.0,1063.0,-31.0,7831,0.0,0.0,0.0,False,0.0
0.9221094846725464,16.0,3130.0,3114.0,7832,0.006085017696022987,4.955753326416016,0.0060708774253726006,True,0.005632205866277218
0.9284316897392273,2548.0,2526.0,-22.0,7833,0.0,0.0,0.0,False,0.0
0.9270179867744446,364.0,336.0,-28.0,7834,0.0,0.0,0.0,False,0.0
0.9260081052780151,4145.0,4129.0,-16.0,7835,0.0,0.0,0.0,False,0.0
0.9274786114692688,25.0,806.0,781.0,7836,0.0006704753031954169,2.3261022567749023,0.0006677428027614951,True,0.0006197309703566134
0.9309986233711243,3604.0,3583.0,-21.0,7837,0.0,0.0,0.0,False,0.0
0.9261096119880676,3671.0,3653.0,-18.0,7838,0.0,0.0,0.0,False,0.0
0.9282345175743103,3520.0,3498.0,-22.0,7839,0.0,0.0,0.0,False,0.0
0.9298169016838074,86.0,894.0,808.0,7840,0.0007066429825499654,2.3827555179595947,0.0007037781761027873,True,0.0006548457313328981
0.9278653264045715,104.0,75.0,-29.0,7841,0.0,0.0,0.0,False,0.0
0.9302371144294739,2485.0,2460.0,-25.0,7842,0.0,0.0,0.0,False,0.0
0.9272906184196472,5618.0,5606.0,-12.0,7843,0.0,0.0,0.0,False,0.0
0.9304132461547852,426.0,391.0,-35.0,7844,0.0,0.0,0.0,False,0.0
0.9304112792015076,175.0,137.0,-38.0,7845,0.0,0.0,0.0,False,0.0
0.9281495809555054,26.0,881.0,855.0,7846,0.0014313148567453027,3.1805129051208496,0.0014232252724468708,True,0.0013228486059233546
0.912003755569458,16.0,4637.0,4621.0,7847,0.015311986207962036,6.121706485748291,0.015262882225215435,True,0.014135554432868958
0.9251944422721863,2508.0,2492.0,-16.0,7848,0.0,0.0,0.0,False,0.0
0.9257692098617554,2675.0,2654.0,-21.0,7849,0.0,0.0,0.0,False,0.0
0.9223905801773071,73.0,4749.0,4676.0,7850,0.0027330017182976007,3.956319808959961,0.0027143172919750214,True,0.0025104747619479895
0.9250644445419312,1998.0,1966.0,-32.0,7851,0.0,0.0,0.0,False,0.0
0.9264089465141296,7276.0,7274.0,-2.0,7852,0.0,0.0,0.0,False,0.0
0.9289132356643677,5995.0,5990.0,-5.0,7853,0.0,0.0,0.0,False,0.0
0.9267587661743164,27.0,3200.0,3173.0,7854,0.002349572954699397,3.775047779083252,0.002339373342692852,True,0.0021731185261160135
0.9289436936378479,1352.0,1321.0,-31.0,7855,0.0,0.0,0.0,False,0.0
0.9269124865531921,2672.0,2654.0,-18.0,7856,0.0,0.0,0.0,False,0.0
0.9222373962402344,16.0,1646.0,1630.0,7857,0.003752660471946001,4.348536014556885,0.00373197253793478,True,0.003454657271504402
0.9307212829589844,5374.0,5368.0,-6.0,7858,0.0,0.0,0.0,False,0.0
0.918002724647522,20.0,5246.0,5226.0,7859,0.010750235989689827,5.672348976135254,0.010712732560932636,True,0.009940811432898045
0.925895094871521,8.0,115.0,107.0,7860,0.0013938891934230924,3.149322986602783,0.0013859020546078682,True,0.0012849806807935238
0.9149318933486938,3.0,1032.0,1029.0,7861,0.01663685403764248,6.22877836227417,0.016603287309408188,True,0.015447353944182396
0.9289827346801758,1665.0,1642.0,-23.0,7862,0.0,0.0,0.0,False,0.0
0.9288879632949829,325.0,293.0,-32.0,7863,0.0,0.0,0.0,False,0.0
0.9196452498435974,21.0,4079.0,4058.0,7864,0.012312530539929867,5.846301555633545,0.012287960387766361,True,0.011441153474152088
0.927707850933075,3875.0,3865.0,-10.0,7865,0.0,0.0,0.0,False,0.0
0.17407599091529846,1.0,7594.0,7593.0,7866,0.8116732835769653,11.208003044128418,0.8124351501464844,True,0.7540080547332764
0.9196226596832275,24.0,3113.0,3089.0,7867,0.0029138182289898396,4.0360822677612305,0.002896851859986782,True,0.0026717500295490026
0.9249659776687622,2670.0,2651.0,-19.0,7868,0.0,0.0,0.0,False,0.0
0.9276196956634521,2701.0,2682.0,-19.0,7869,0.0,0.0,0.0,False,0.0
0.9301056861877441,591.0,562.0,-29.0,7870,0.0,0.0,0.0,False,0.0
0.9156796336174011,10.0,1013.0,1003.0,7871,0.008568934164941311,5.384580135345459,0.008533270098268986,True,0.007880992256104946
0.9259804487228394,201.0,172.0,-29.0,7872,0.0,0.0,0.0,False,0.0
0.9308234453201294,5532.0,5520.0,-12.0,7873,0.0,0.0,0.0,False,0.0
0.9186406135559082,11.0,2308.0,2297.0,7874,0.008890019729733467,5.432016372680664,0.008859730325639248,True,0.008211661130189896
0.9323949813842773,3692.0,3671.0,-21.0,7875,0.0,0.0,0.0,False,0.0
0.8954236507415771,2.0,2086.0,2084.0,7876,0.036687906831502914,7.2379560470581055,0.03662805259227753,True,0.03404461592435837
0.9281253814697266,173.0,136.0,-37.0,7877,0.0,0.0,0.0,False,0.0
0.9260561466217041,6790.0,6785.0,-5.0,7878,0.0,0.0,0.0,False,0.0
0.9179031848907471,8.0,1536.0,1528.0,7879,0.009554347954690456,5.5268096923828125,0.009549428708851337,True,0.008849963545799255
0.9250994920730591,6162.0,6156.0,-6.0,7880,0.0,0.0,0.0,False,0.0
0.9255180358886719,294.0,259.0,-35.0,7881,0.0,0.0,0.0,False,0.0
0.9158160090446472,2.0,29.0,27.0,7882,0.01233364176005125,5.847761154174805,0.012302099727094173,True,0.011406786739826202
0.9115683436393738,24.0,4682.0,4658.0,7883,0.012580678798258305,5.874324798583984,0.01256230752915144,True,0.011597088538110256
0.5173038244247437,7.0,7349.0,7342.0,7884,0.43934231996536255,10.421361923217773,0.43987032771110535,True,0.4062391519546509
0.9112618565559387,3.0,567.0,564.0,7885,0.018042903393507004,6.330798149108887,0.017988890409469604,True,0.0166928768157959
0.9067711234092712,2.0,423.0,421.0,7886,0.02203981578350067,6.584460258483887,0.021951965987682343,True,0.020352181047201157
0.9253792762756348,5482.0,5474.0,-8.0,7887,0.0,0.0,0.0,False,0.0
0.9292460680007935,1570.0,1544.0,-26.0,7888,0.0,0.0,0.0,False,0.0
0.930927038192749,4650.0,4638.0,-12.0,7889,0.0,0.0,0.0,False,0.0
0.9285983443260193,3412.0,3398.0,-14.0,7890,0.0,0.0,0.0,False,0.0
0.9254885315895081,4056.0,4038.0,-18.0,7891,0.0,0.0,0.0,False,0.0
0.9291895627975464,1930.0,1903.0,-27.0,7892,0.0,0.0,0.0,False,0.0
0.9244809150695801,3424.0,3403.0,-21.0,7893,0.0,0.0,0.0,False,0.0
0.9216378331184387,9.0,360.0,351.0,7894,0.004059507045894861,4.447686672210693,0.004042422398924828,True,0.003740770975127816
0.9264817237854004,5344.0,5334.0,-10.0,7895,0.0,0.0,0.0,False,0.0
0.9294769763946533,7671.0,7671.0,0.0,7896,0.0,0.0,0.0,False,0.0
0.9273828268051147,1883.0,1859.0,-24.0,7897,0.0,0.0,0.0,False,0.0
0.9237476587295532,1473.0,1444.0,-29.0,7898,0.0,0.0,0.0,False,0.0
0.9213859438896179,39.0,6819.0,6780.0,7899,0.00814053975045681,5.321211814880371,0.00811557937413454,True,0.00753876194357872
0.9270748496055603,6103.0,6095.0,-8.0,7900,0.0,0.0,0.0,False,0.0
0.9244261980056763,6707.0,6703.0,-4.0,7901,0.0,0.0,0.0,False,0.0
0.9276472926139832,6714.0,6708.0,-6.0,7902,0.0,0.0,0.0,False,0.0
0.9068790674209595,2.0,278.0,276.0,7903,0.017732232809066772,6.306230545043945,0.01764507219195366,True,0.016289371997117996
0.9250291585922241,7618.0,7617.0,-1.0,7904,0.0,0.0,0.0,False,0.0
0.92807537317276,2498.0,2474.0,-24.0,7905,0.0,0.0,0.0,False,0.0
0.9280896186828613,76.0,48.0,-28.0,7906,0.0,0.0,0.0,False,0.0
0.9298902750015259,3973.0,3956.0,-17.0,7907,0.0,0.0,0.0,False,0.0
0.9078558683395386,25.0,4331.0,4306.0,7908,0.02041115052998066,6.487049579620361,0.020336726680397987,True,0.01884608529508114
0.9244644641876221,7220.0,7217.0,-3.0,7909,0.0,0.0,0.0,False,0.0
0.9297949075698853,2019.0,1997.0,-22.0,7910,0.0,0.0,0.0,False,0.0
0.9153251647949219,13.0,3524.0,3511.0,7911,0.014180156402289867,6.025584697723389,0.014151271432638168,True,0.013138947077095509
0.9272392392158508,7032.0,7029.0,-3.0,7912,0.0,0.0,0.0,False,0.0
0.9182039499282837,11.0,3556.0,3545.0,7913,0.007575857453048229,5.229866981506348,0.007548667956143618,True,0.006983936298638582
0.9194173812866211,15.0,3510.0,3495.0,7914,0.008446263149380684,5.3659138679504395,0.0084080770611763,True,0.007796082645654678
0.9298493266105652,3970.0,3956.0,-14.0,7915,0.0,0.0,0.0,False,0.0
0.8995711207389832,2.0,1821.0,1819.0,7916,0.029873352497816086,6.976251602172852,0.029842495918273926,True,0.02767122909426689
0.9275140762329102,20.0,1070.0,1050.0,7917,0.002764202421531081,3.9779276847839355,0.002762650838121772,True,0.002569496398791671
0.9276614785194397,689.0,659.0,-30.0,7918,0.0,0.0,0.0,False,0.0
0.9292227625846863,4596.0,4589.0,-7.0,7919,0.0,0.0,0.0,False,0.0
0.9254323840141296,7276.0,7274.0,-2.0,7920,0.0,0.0,0.0,False,0.0
0.9288821220397949,283.0,249.0,-34.0,7921,0.0,0.0,0.0,False,0.0
0.92512047290802,5258.0,5254.0,-4.0,7922,0.0,0.0,0.0,False,0.0
0.928221583366394,4637.0,4625.0,-12.0,7923,0.0,0.0,0.0,False,0.0
0.9272270798683167,2816.0,2791.0,-25.0,7924,0.0,0.0,0.0,False,0.0
0.9261673092842102,5906.0,5896.0,-10.0,7925,0.0,0.0,0.0,False,0.0
0.9312446713447571,278.0,243.0,-35.0,7926,0.0,0.0,0.0,False,0.0
0.927883505821228,6694.0,6691.0,-3.0,7927,0.0,0.0,0.0,False,0.0
0.9267240762710571,2321.0,2293.0,-28.0,7928,0.0,0.0,0.0,False,0.0
0.9304927587509155,1699.0,1672.0,-27.0,7929,0.0,0.0,0.0,False,0.0
0.9292123913764954,3249.0,3234.0,-15.0,7930,0.0,0.0,0.0,False,0.0
0.9157910346984863,13.0,4195.0,4182.0,7931,0.011682634241878986,5.777672290802002,0.011640853248536587,True,0.010786148719489574
0.9283486604690552,7372.0,7371.0,-1.0,7932,0.0,0.0,0.0,False,0.0
0.8767595887184143,3.0,3627.0,3624.0,7933,0.05397023260593414,7.731365203857422,0.053877219557762146,True,0.04992731660604477
0.9256595373153687,1158.0,1130.0,-28.0,7934,0.0,0.0,0.0,False,0.0
0.9262304306030273,7659.0,7659.0,0.0,7935,0.0,0.0,0.0,False,0.0
0.9056817293167114,7.0,3166.0,3159.0,7936,0.024455932900309563,6.721880912780762,0.024449724704027176,True,0.022698646411299706
0.9186121225357056,287.0,6509.0,6222.0,7937,0.006031868048012257,4.943957328796387,0.006014101207256317,True,0.005558053031563759
0.8731341361999512,2.0,1714.0,1712.0,7938,0.05958769470453262,7.858547210693359,0.05950809270143509,True,0.05524613708257675
0.9277172684669495,2009.0,1983.0,-26.0,7939,0.0,0.0,0.0,False,0.0
0.9241440296173096,1419.0,1391.0,-28.0,7940,0.0,0.0,0.0,False,0.0
0.9237286448478699,3363.0,3343.0,-20.0,7941,0.0,0.0,0.0,False,0.0
0.9292941093444824,109.0,71.0,-38.0,7942,0.0,0.0,0.0,False,0.0
0.9286189079284668,3533.0,3516.0,-17.0,7943,0.0,0.0,0.0,False,0.0
0.927563488483429,3679.0,3656.0,-23.0,7944,0.0,0.0,0.0,False,0.0
0.9232235550880432,21.0,4347.0,4326.0,7945,0.007019944954663515,5.134532451629639,0.00699852267280221,True,0.006506738718599081
0.9261066317558289,166.0,130.0,-36.0,7946,0.0,0.0,0.0,False,0.0
0.9240404963493347,4538.0,4519.0,-19.0,7947,0.0,0.0,0.0,False,0.0
0.9284937381744385,4647.0,4627.0,-20.0,7948,0.0,0.0,0.0,False,0.0
0.20581912994384766,3.0,7676.0,7673.0,7949,0.7775236964225769,11.151968002319336,0.7776947021484375,True,0.7200209498405457
0.9252080321311951,14.0,1454.0,1440.0,7950,0.002522728405892849,3.8611042499542236,0.0025107753463089466,True,0.002328836591914296
0.9231843948364258,4418.0,4400.0,-18.0,7951,0.0,0.0,0.0,False,0.0
0.9328425526618958,2829.0,2808.0,-21.0,7952,0.0,0.0,0.0,False,0.0
0.1609402894973755,2.0,7658.0,7656.0,7953,0.8263918161392212,11.23039436340332,0.8267480134963989,True,0.7679973840713501
0.9279582500457764,3579.0,3558.0,-21.0,7954,0.0,0.0,0.0,False,0.0
0.9263491630554199,5810.0,5799.0,-11.0,7955,0.0,0.0,0.0,False,0.0
0.9220512509346008,4.0,186.0,182.0,7956,0.006225306540727615,4.98660945892334,0.006221892312169075,True,0.005772821605205536
0.22588708996772766,1.0,4248.0,4247.0,7957,0.7556807994842529,11.116111755371094,0.7562471628189087,True,0.7008180618286133
0.9300961494445801,5846.0,5837.0,-9.0,7958,0.0,0.0,0.0,False,0.0
0.9232618808746338,2.0,167.0,165.0,7959,0.004072466865181923,4.454254150390625,0.00406384514644742,True,0.0037673034239560366
0.9237027168273926,1470.0,5366.0,3896.0,7960,0.003357549896463752,4.2123613357543945,0.0033428913448005915,True,0.0030981949530541897
0.926971971988678,22.0,2241.0,2219.0,7961,0.0017404116224497557,3.4115397930145264,0.0017298466991633177,True,0.0016062981449067593
0.9268144369125366,1554.0,1533.0,-21.0,7962,0.0,0.0,0.0,False,0.0
0.9229300618171692,963.0,935.0,-28.0,7963,0.0,0.0,0.0,False,0.0
0.928637683391571,5837.0,5830.0,-7.0,7964,0.0,0.0,0.0,False,0.0
0.12731623649597168,2.0,7680.0,7678.0,7965,0.8626785278320312,11.285305976867676,0.8629242181777954,True,0.8014857769012451
0.927872896194458,6366.0,6363.0,-3.0,7966,0.0,0.0,0.0,False,0.0
0.9259929656982422,3186.0,3166.0,-20.0,7967,0.0,0.0,0.0,False,0.0
0.9265345931053162,4.0,109.0,105.0,7968,0.0025208566803485155,3.8661208152770996,0.0025211265310645103,True,0.00234181503765285
0.9253359436988831,4115.0,4098.0,-17.0,7969,0.0,0.0,0.0,False,0.0
0.929296612739563,1119.0,7218.0,6099.0,7970,0.0021356972865760326,3.66260027885437,0.0021320602390915155,True,0.001985549693927169
0.2221907675266266,1.0,7540.0,7539.0,7971,0.7600711584091187,11.123698234558105,0.7607346773147583,True,0.706446647644043
0.9263370633125305,6626.0,6619.0,-7.0,7972,0.0,0.0,0.0,False,0.0
0.9306227564811707,2405.0,2385.0,-20.0,7973,0.0,0.0,0.0,False,0.0
0.9284160733222961,4524.0,4516.0,-8.0,7974,0.0,0.0,0.0,False,0.0
0.9312769770622253,492.0,464.0,-28.0,7975,0.0,0.0,0.0,False,0.0
0.9200230836868286,4.0,1782.0,1778.0,7976,0.009127933531999588,5.4661993980407715,0.009102584794163704,True,0.008451519533991814
0.9286419153213501,2566.0,5763.0,3197.0,7977,0.0009991710539907217,2.769599437713623,0.0009973730193451047,True,0.0009271270246244967
0.9294331669807434,597.0,569.0,-28.0,7978,0.0,0.0,0.0,False,0.0
0.9273236393928528,677.0,648.0,-29.0,7979,0.0,0.0,0.0,False,0.0
0.9296106100082397,3342.0,3324.0,-18.0,7980,0.0,0.0,0.0,False,0.0
0.9272687435150146,6680.0,6677.0,-3.0,7981,0.0,0.0,0.0,False,0.0
0.9263931512832642,488.0,461.0,-27.0,7982,0.0,0.0,0.0,False,0.0
0.926226019859314,5789.0,5780.0,-9.0,7983,0.0,0.0,0.0,False,0.0
0.09631543606519699,1.0,7632.0,7631.0,7984,0.8963343501091003,11.334392547607422,0.8966005444526672,True,0.8351743221282959
0.9318822622299194,596.0,583.0,-13.0,7985,0.0,0.0,0.0,False,0.0
0.9276013374328613,855.0,830.0,-25.0,7986,0.0,0.0,0.0,False,0.0
0.926101803779602,6217.0,6211.0,-6.0,7987,0.0,0.0,0.0,False,0.0
0.9288882613182068,6828.0,6826.0,-2.0,7988,0.0,0.0,0.0,False,0.0
0.9294270873069763,97.0,70.0,-27.0,7989,0.0,0.0,0.0,False,0.0
0.9304414987564087,5044.0,5034.0,-10.0,7990,0.0,0.0,0.0,False,0.0
0.9240982532501221,24.0,3255.0,3231.0,7991,0.0034463650081306696,4.246547698974609,0.0034367211628705263,True,0.0031868203077465296
0.9289848804473877,5515.0,5506.0,-9.0,7992,0.0,0.0,0.0,False,0.0
0.9294618368148804,2258.0,2238.0,-20.0,7993,0.0,0.0,0.0,False,0.0
0.9257659316062927,41.0,4272.0,4231.0,7994,0.001732671051286161,3.407755136489868,0.0017243654001504183,True,0.0015991161344572902
0.9192667007446289,3.0,1131.0,1128.0,7995,0.009861879982054234,5.5634846687316895,0.009830255061388016,True,0.009126340970396996
0.9279631972312927,132.0,106.0,-26.0,7996,0.0,0.0,0.0,False,0.0
0.9273124933242798,242.0,5311.0,5069.0,7997,0.0008516111993230879,2.5855236053466797,0.0008466180879622698,True,0.0007857447490096092
0.9256004095077515,2320.0,2302.0,-18.0,7998,0.0,0.0,0.0,False,0.0
0.07853057980537415,1.0,7616.0,7615.0,7999,0.9154529571533203,11.361388206481934,0.9156774878501892,True,0.8527818322181702
0.9274991750717163,125.0,98.0,-27.0,8000,0.0,0.0,0.0,False,0.0
0.9260597229003906,5371.0,5361.0,-10.0,8001,0.0,0.0,0.0,False,0.0
0.9264287352561951,6114.0,6108.0,-6.0,8002,0.0,0.0,0.0,False,0.0
0.925240159034729,1886.0,1863.0,-23.0,8003,0.0,0.0,0.0,False,0.0
0.927926242351532,6432.0,6424.0,-8.0,8004,0.0,0.0,0.0,False,0.0
0.17417344450950623,1.0,6015.0,6014.0,8005,0.8115741610527039,11.207775115966797,0.812291145324707,True,0.7537180781364441
0.0750797763466835,1.0,7641.0,7640.0,8006,0.9189049601554871,11.366147994995117,0.9190834164619446,True,0.8527870178222656
0.91448575258255,4.0,1722.0,1718.0,8007,0.01673046126961708,6.235637187957764,0.016693029552698135,True,0.015524690970778465
0.9279136061668396,140.0,114.0,-26.0,8008,0.0,0.0,0.0,False,0.0
0.9235985279083252,14.0,1614.0,1600.0,8009,0.002947971224784851,4.054641246795654,0.002940976992249489,True,0.0027242940850555897
0.9293777942657471,6350.0,6346.0,-4.0,8010,0.0,0.0,0.0,False,0.0
0.9277428388595581,235.0,204.0,-31.0,8011,0.0,0.0,0.0,False,0.0
0.9298681020736694,2642.0,2624.0,-18.0,8012,0.0,0.0,0.0,False,0.0
0.924832284450531,2382.0,2364.0,-18.0,8013,0.0,0.0,0.0,False,0.0
0.9234836101531982,75.0,309.0,234.0,8014,0.0001469562266720459,0.9675310254096985,0.0001465085952077061,True,0.00013531811418943107
0.927882194519043,1102.0,1075.0,-27.0,8015,0.0,0.0,0.0,False,0.0
0.9275014400482178,3072.0,5648.0,2576.0,8016,0.00042547041084617376,1.859374761581421,0.00042435317300260067,True,0.0003937552683055401
0.9268092513084412,5690.0,5678.0,-12.0,8017,0.0,0.0,0.0,False,0.0
0.12136518210172653,1.0,7687.0,7686.0,8018,0.8691198229789734,11.29476547241211,0.8693141937255859,True,0.8073140978813171
0.9261927008628845,5762.0,5753.0,-9.0,8019,0.0,0.0,0.0,False,0.0
0.9277480840682983,2014.0,1987.0,-27.0,8020,0.0,0.0,0.0,False,0.0
0.9303489923477173,2387.0,2369.0,-18.0,8021,0.0,0.0,0.0,False,0.0
0.9279522895812988,4030.0,4021.0,-9.0,8022,0.0,0.0,0.0,False,0.0
0.9268295764923096,22.0,2514.0,2492.0,8023,0.0019737996626645327,3.565805196762085,0.0019675991497933865,True,0.0018272242741659284
0.929215133190155,5674.0,5666.0,-8.0,8024,0.0,0.0,0.0,False,0.0
0.9250059723854065,468.0,449.0,-19.0,8025,0.0,0.0,0.0,False,0.0
0.9282177686691284,248.0,223.0,-25.0,8026,0.0,0.0,0.0,False,0.0
0.928581714630127,4099.0,4080.0,-19.0,8027,0.0,0.0,0.0,False,0.0
0.9287984371185303,6444.0,6440.0,-4.0,8028,0.0,0.0,0.0,False,0.0
0.9254400730133057,6215.0,6208.0,-7.0,8029,0.0,0.0,0.0,False,0.0
0.9288285970687866,1328.0,1307.0,-21.0,8030,0.0,0.0,0.0,False,0.0
0.9304966330528259,1553.0,1532.0,-21.0,8031,0.0,0.0,0.0,False,0.0
0.9269124865531921,1640.0,1613.0,-27.0,8032,0.0,0.0,0.0,False,0.0
0.9283279180526733,5133.0,5126.0,-7.0,8033,0.0,0.0,0.0,False,0.0
0.04474443569779396,1.0,7587.0,7586.0,8034,0.951554000377655,11.410734176635742,0.951604425907135,True,0.8798118233680725
0.9263498187065125,3228.0,3213.0,-15.0,8035,0.0,0.0,0.0,False,0.0
0.9276256561279297,2261.0,2241.0,-20.0,8036,0.0,0.0,0.0,False,0.0
0.9297568798065186,6427.0,6425.0,-2.0,8037,0.0,0.0,0.0,False,0.0
0.9279374480247498,1475.0,1446.0,-29.0,8038,0.0,0.0,0.0,False,0.0
0.9210593700408936,39.0,5871.0,5832.0,8039,0.007884190417826176,5.283655166625977,0.007877593860030174,True,0.007313343230634928
0.921476423740387,20.0,4211.0,4191.0,8040,0.010858519934117794,5.688033580780029,0.010846167802810669,True,0.01010407879948616
0.9278008937835693,3006.0,2987.0,-19.0,8041,0.0,0.0,0.0,False,0.0
0.9307399392127991,312.0,289.0,-23.0,8042,0.0,0.0,0.0,False,0.0
0.9300726652145386,7422.0,7421.0,-1.0,8043,0.0,0.0,0.0,False,0.0
0.9237411022186279,677.0,7554.0,6877.0,8044,0.0074138520285487175,5.202413082122803,0.0073860264383256435,True,0.00687354477122426
0.9296804070472717,1180.0,1161.0,-19.0,8045,0.0,0.0,0.0,False,0.0
0.10016855597496033,1.0,6335.0,6334.0,8046,0.8920542001724243,11.32822322845459,0.8922971487045288,True,0.8298766613006592
0.9289663434028625,1287.0,1259.0,-28.0,8047,0.0,0.0,0.0,False,0.0
0.9266527891159058,1304.0,1285.0,-19.0,8048,0.0,0.0,0.0,False,0.0
0.9249764084815979,20.0,937.0,917.0,8049,0.0007748057832941413,2.4821391105651855,0.000770969723816961,True,0.0007136790663935244
0.9289072751998901,4227.0,4215.0,-12.0,8050,0.0,0.0,0.0,False,0.0
0.9291908144950867,2649.0,2629.0,-20.0,8051,0.0,0.0,0.0,False,0.0
0.9260144233703613,273.0,242.0,-31.0,8052,0.0,0.0,0.0,False,0.0
0.08639411628246307,1.0,7667.0,7666.0,8053,0.9069187641143799,11.349390983581543,0.9071497321128845,True,0.8440731763839722
0.924558699131012,52.0,1337.0,1285.0,8054,0.000724929035641253,2.407381772994995,0.0007199455285444856,True,0.0006661114748567343
0.031899962574243546,1.0,7556.0,7555.0,8055,0.9654280543327332,11.429352760314941,0.9655236601829529,True,0.8933712244033813
0.07966388016939163,1.0,7527.0,7526.0,8056,0.9137792587280273,11.359200477600098,0.9141167998313904,True,0.8479204773902893
0.9265061616897583,4335.0,4318.0,-17.0,8057,0.0,0.0,0.0,False,0.0
0.927552342414856,4866.0,4855.0,-11.0,8058,0.0,0.0,0.0,False,0.0
0.9263028502464294,5757.0,7312.0,1555.0,8059,0.0006890695076435804,2.356353282928467,0.0006867864285595715,True,0.0006366094457916915
0.9256951212882996,184.0,2541.0,2357.0,8060,0.000858153507579118,2.5964465141296387,0.0008549724007025361,True,0.0007921210490167141
0.9304928779602051,1634.0,1612.0,-22.0,8061,0.0,0.0,0.0,False,0.0
0.9272642135620117,6031.0,6026.0,-5.0,8062,0.0,0.0,0.0,False,0.0
0.9264603853225708,1227.0,5881.0,4654.0,8063,0.0017915426287800074,3.448438882827759,0.0017841402441263199,True,0.001655889442190528
0.9299901723861694,1385.0,1356.0,-29.0,8064,0.0,0.0,0.0,False,0.0
0.06479482352733612,1.0,6899.0,6898.0,8065,0.9298337697982788,11.381441116333008,0.9301111102104187,True,0.8623173236846924
0.9251288175582886,6585.0,6578.0,-7.0,8066,0.0,0.0,0.0,False,0.0
0.9288747310638428,640.0,613.0,-27.0,8067,0.0,0.0,0.0,False,0.0
0.9281646013259888,36.0,873.0,837.0,8068,0.0004026307142339647,1.8052257299423218,0.00040143041405826807,True,0.0003727431467268616
0.9273241758346558,5005.0,4998.0,-7.0,8069,0.0,0.0,0.0,False,0.0
0.9289987087249756,740.0,711.0,-29.0,8070,0.0,0.0,0.0,False,0.0
0.9310200214385986,5801.0,5794.0,-7.0,8071,0.0,0.0,0.0,False,0.0
0.9281076192855835,4.0,1186.0,1182.0,8072,0.0016859805909916759,3.376739740371704,0.0016800528392195702,True,0.0015618940815329552
0.9277048110961914,1894.0,1873.0,-21.0,8073,0.0,0.0,0.0,False,0.0
0.928455114364624,47.0,3048.0,3001.0,8074,0.0009510258096270263,2.7119858264923096,0.0009478417923673987,True,0.000880863459315151
0.9280822277069092,2454.0,2434.0,-20.0,8075,0.0,0.0,0.0,False,0.0
0.9221256971359253,8.0,2248.0,2240.0,8076,0.005898377392441034,4.917684555053711,0.005889502819627523,True,0.005463036242872477
0.9324977397918701,6556.0,6549.0,-7.0,8077,0.0,0.0,0.0,False,0.0
0.10672543197870255,2.0,7566.0,7564.0,8078,0.8847389221191406,11.317878723144531,0.8851268291473389,True,0.8223466873168945
0.930046558380127,3542.0,3526.0,-16.0,8079,0.0,0.0,0.0,False,0.0
0.9254796504974365,1055.0,1033.0,-22.0,8080,0.0,0.0,0.0,False,0.0
0.03952137380838394,1.0,7431.0,7430.0,8081,0.9573637843132019,11.418689727783203,0.9575268030166626,True,0.8909812569618225
0.9276229739189148,3388.0,3371.0,-17.0,8082,0.0,0.0,0.0,False,0.0
0.9252603054046631,7293.0,7292.0,-1.0,8083,0.0,0.0,0.0,False,0.0
0.9268573522567749,828.0,807.0,-21.0,8084,0.0,0.0,0.0,False,0.0
0.9255365133285522,6554.0,6550.0,-4.0,8085,0.0,0.0,0.0,False,0.0
0.9280827045440674,577.0,6029.0,5452.0,8086,0.0007822829065844417,2.4955644607543945,0.0007804522174410522,True,0.0007248899200931191
0.928138256072998,4871.0,4860.0,-11.0,8087,0.0,0.0,0.0,False,0.0
0.9228608012199402,17.0,4765.0,4748.0,8088,0.004772307816892862,4.65110969543457,0.004759682808071375,True,0.004413531627506018
0.9282150268554688,241.0,219.0,-22.0,8089,0.0,0.0,0.0,False,0.0
0.9243252873420715,12.0,242.0,230.0,8090,0.0007536827470175922,2.4526612758636475,0.0007504943059757352,True,0.0006942218751646578
0.9278103113174438,7560.0,7559.0,-1.0,8091,0.0,0.0,0.0,False,0.0
0.9287943840026855,160.0,138.0,-22.0,8092,0.0,0.0,0.0,False,0.0
0.9318841695785522,3723.0,3708.0,-15.0,8093,0.0,0.0,0.0,False,0.0
0.9293248057365417,264.0,236.0,-28.0,8094,0.0,0.0,0.0,False,0.0
0.05379121005535126,1.0,7659.0,7658.0,8095,0.9419342875480652,11.397890090942383,0.9421204328536987,True,0.8755711317062378
0.9309802651405334,2805.0,2787.0,-18.0,8096,0.0,0.0,0.0,False,0.0
0.9214857220649719,89.0,2903.0,2814.0,8097,0.005958302412182093,4.927958965301514,0.005937924608588219,True,0.005504397675395012
0.9295808672904968,6843.0,6840.0,-3.0,8098,0.0,0.0,0.0,False,0.0
0.9318625926971436,4179.0,4163.0,-16.0,8099,0.0,0.0,0.0,False,0.0
0.9286484718322754,63.0,2355.0,2292.0,8100,0.001006385893560946,2.776108980178833,0.0010031104320660233,True,0.0009324723505415022
0.9236841201782227,4573.0,4558.0,-15.0,8101,0.0,0.0,0.0,False,0.0
0.9212920665740967,2.0,400.0,398.0,8102,0.004739120602607727,4.640599250793457,0.004719771444797516,True,0.004368908237665892
0.9263094663619995,590.0,560.0,-30.0,8103,0.0,0.0,0.0,False,0.0
0.9307546019554138,2664.0,2644.0,-20.0,8104,0.0,0.0,0.0,False,0.0
0.9217002391815186,4.0,1231.0,1227.0,8105,0.005342575255781412,4.791189193725586,0.005324074067175388,True,0.004933466669172049
0.9200596213340759,16.0,1546.0,1530.0,8106,0.006672162562608719,5.070428848266602,0.006650938652455807,True,0.006160231307148933
0.9267042279243469,3411.0,3398.0,-13.0,8107,0.0,0.0,0.0,False,0.0
0.9280617833137512,5285.0,5274.0,-11.0,8108,0.0,0.0,0.0,False,0.0
0.9247748255729675,4177.0,4164.0,-13.0,8109,0.0,0.0,0.0,False,0.0
0.9247575998306274,6551.0,6543.0,-8.0,8110,0.0,0.0,0.0,False,0.0
0.9274033904075623,2252.0,2227.0,-25.0,8111,0.0,0.0,0.0,False,0.0
0.9237648248672485,3508.0,3489.0,-19.0,8112,0.0,0.0,0.0,False,0.0
0.9292253255844116,2809.0,2786.0,-23.0,8113,0.0,0.0,0.0,False,0.0
0.9263753890991211,889.0,865.0,-24.0,8114,0.0,0.0,0.0,False,0.0
0.19104953110218048,1.0,6855.0,6854.0,8115,0.7928735613822937,11.177815437316895,0.793531060218811,True,0.7342690825462341
0.9212601184844971,5.0,1008.0,1003.0,8116,0.00543323764577508,4.812714099884033,0.0054163942113518715,True,0.005017082206904888
0.9271512627601624,5974.0,5969.0,-5.0,8117,0.0,0.0,0.0,False,0.0
0.9249781370162964,23.0,3032.0,3009.0,8118,0.00232505751773715,3.7627243995666504,0.0023157563991844654,True,0.002146995859220624
0.9182841181755066,2.0,1274.0,1272.0,8119,0.0131224375218153,5.928409576416016,0.013109060004353523,True,0.012197742238640785
0.9254772067070007,4369.0,4350.0,-19.0,8120,0.0,0.0,0.0,False,0.0
0.9302825927734375,4764.0,4749.0,-15.0,8121,0.0,0.0,0.0,False,0.0
0.9281243085861206,4718.0,4704.0,-14.0,8122,0.0,0.0,0.0,False,0.0
0.9253267645835876,22.0,5273.0,5251.0,8123,0.003936157561838627,4.4118523597717285,0.00392744317650795,True,0.003648497397080064
0.9261084794998169,932.0,906.0,-26.0,8124,0.0,0.0,0.0,False,0.0
0.9287177324295044,6215.0,6209.0,-6.0,8125,0.0,0.0,0.0,False,0.0
0.15330472588539124,1.0,7609.0,7608.0,8126,0.8339431881904602,11.242243766784668,0.8344241380691528,True,0.7725834250450134
0.9270820617675781,4427.0,4417.0,-10.0,8127,0.0,0.0,0.0,False,0.0
0.9023704528808594,5.0,2919.0,2914.0,8128,0.025933414697647095,6.793201923370361,0.02585548534989357,True,0.023950476199388504
0.9289052486419678,83.0,49.0,-34.0,8129,0.0,0.0,0.0,False,0.0
0.9270366430282593,1700.0,1674.0,-26.0,8130,0.0,0.0,0.0,False,0.0
0.9258445501327515,4603.0,4592.0,-11.0,8131,0.0,0.0,0.0,False,0.0
0.9289600849151611,1556.0,1532.0,-24.0,8132,0.0,0.0,0.0,False,0.0
0.35390764474868774,3.0,6429.0,6426.0,8133,0.6181554794311523,10.858768463134766,0.6187211275100708,True,0.5743042826652527
0.9242983460426331,127.0,101.0,-26.0,8134,0.0,0.0,0.0,False,0.0
0.9300538897514343,3747.0,3732.0,-15.0,8135,0.0,0.0,0.0,False,0.0
0.9278038740158081,2166.0,2143.0,-23.0,8136,0.0,0.0,0.0,False,0.0
0.9266213178634644,183.0,1831.0,1648.0,8137,0.0003293842019047588,1.613492488861084,0.0003276212664786726,True,0.0003036803682334721
0.927006721496582,999.0,968.0,-31.0,8138,0.0,0.0,0.0,False,0.0
0.9031214118003845,1.0,502.0,501.0,8139,0.02946646139025688,6.956967353820801,0.029395151883363724,True,0.027351388707756996
0.9273252487182617,2240.0,2218.0,-22.0,8140,0.0,0.0,0.0,False,0.0
0.928942859172821,3737.0,3718.0,-19.0,8141,0.0,0.0,0.0,False,0.0
0.9247393608093262,388.0,357.0,-31.0,8142,0.0,0.0,0.0,False,0.0
0.924560546875,5621.0,5611.0,-10.0,8143,0.0,0.0,0.0,False,0.0
0.2538251280784607,2.0,7541.0,7539.0,8144,0.7252023220062256,11.063650131225586,0.725928783416748,True,0.672303318977356
0.06539927423000336,1.0,7656.0,7655.0,8145,0.9295220375061035,11.38070011138916,0.9295735359191895,True,0.8632179498672485
0.9273049831390381,348.0,311.0,-37.0,8146,0.0,0.0,0.0,False,0.0
0.920128583908081,15.0,4568.0,4553.0,8147,0.008562660776078701,5.385679721832275,0.008540699258446693,True,0.007926237769424915
0.9287538528442383,5254.0,5244.0,-10.0,8148,0.0,0.0,0.0,False,0.0
0.9316754937171936,3766.0,3751.0,-15.0,8149,0.0,0.0,0.0,False,0.0
0.9289050102233887,5387.0,5377.0,-10.0,8150,0.0,0.0,0.0,False,0.0
0.927769660949707,1053.0,1032.0,-21.0,8151,0.0,0.0,0.0,False,0.0
0.9289827942848206,27.0,1982.0,1955.0,8152,0.0009254519827663898,2.6827621459960938,0.0009235558100044727,True,0.0008587605552747846
0.927261233329773,7380.0,7376.0,-4.0,8153,0.0,0.0,0.0,False,0.0
0.9265840649604797,6354.0,6351.0,-3.0,8154,0.0,0.0,0.0,False,0.0
0.9297664165496826,6970.0,6966.0,-4.0,8155,0.0,0.0,0.0,False,0.0
0.9280200600624084,2160.0,2134.0,-26.0,8156,0.0,0.0,0.0,False,0.0
0.22943949699401855,3.0,7593.0,7590.0,8157,0.7521054744720459,11.109942436218262,0.7526171207427979,True,0.6980279684066772
0.930191159248352,5058.0,5049.0,-9.0,8158,0.0,0.0,0.0,False,0.0
0.9303374290466309,42.0,24.0,-18.0,8159,0.0,0.0,0.0,False,0.0
0.9241155385971069,217.0,7051.0,6834.0,8160,0.006137308198958635,4.965525150299072,0.006118311081081629,True,0.005688832141458988
0.9297710657119751,2363.0,2339.0,-24.0,8161,0.0,0.0,0.0,False,0.0
0.9255999326705933,4234.0,4214.0,-20.0,8162,0.0,0.0,0.0,False,0.0
0.9274431467056274,3867.0,3850.0,-17.0,8163,0.0,0.0,0.0,False,0.0
0.9241130948066711,877.0,850.0,-27.0,8164,0.0,0.0,0.0,False,0.0
0.9271241426467896,50.0,4092.0,4042.0,8165,0.0017193653620779514,3.4026150703430176,0.0017169477650895715,True,0.001594561617821455
0.9279810190200806,1982.0,1957.0,-25.0,8166,0.0,0.0,0.0,False,0.0
0.9266323447227478,7342.0,7341.0,-1.0,8167,0.0,0.0,0.0,False,0.0
0.9291239976882935,684.0,661.0,-23.0,8168,0.0,0.0,0.0,False,0.0
0.9277567267417908,433.0,404.0,-29.0,8169,0.0,0.0,0.0,False,0.0
0.928200364112854,1527.0,1498.0,-29.0,8170,0.0,0.0,0.0,False,0.0
0.9264018535614014,1792.0,1764.0,-28.0,8171,0.0,0.0,0.0,False,0.0
0.928227424621582,3537.0,3520.0,-17.0,8172,0.0,0.0,0.0,False,0.0
0.9254156947135925,5395.0,5381.0,-14.0,8173,0.0,0.0,0.0,False,0.0
0.9258852005004883,4936.0,4923.0,-13.0,8174,0.0,0.0,0.0,False,0.0
0.9290227890014648,256.0,217.0,-39.0,8175,0.0,0.0,0.0,False,0.0
0.9273651838302612,763.0,733.0,-30.0,8176,0.0,0.0,0.0,False,0.0
0.9288731813430786,3057.0,3038.0,-19.0,8177,0.0,0.0,0.0,False,0.0
0.08772631734609604,1.0,7621.0,7620.0,8178,0.9049361348152161,11.346708297729492,0.9052544832229614,True,0.8381897211074829
0.9277969598770142,6160.0,6153.0,-7.0,8179,0.0,0.0,0.0,False,0.0
0.9250369668006897,27.0,2652.0,2625.0,8180,0.002715809503570199,3.954988479614258,0.0027113661635667086,True,0.0025149330031126738
0.9310829639434814,6566.0,6560.0,-6.0,8181,0.0,0.0,0.0,False,0.0
0.9166905879974365,6.0,4227.0,4221.0,8182,0.012061266228556633,5.820398807525635,0.01203964464366436,True,0.011171124875545502
0.9279623627662659,163.0,128.0,-35.0,8183,0.0,0.0,0.0,False,0.0
0.1465291976928711,54.0,6934.0,6880.0,8184,0.8422870635986328,11.254781723022461,0.842623770236969,True,0.7845465540885925
0.9278262853622437,6355.0,6348.0,-7.0,8185,0.0,0.0,0.0,False,0.0
0.9223446846008301,10.0,1805.0,1795.0,8186,0.004254073370248079,4.504700183868408,0.004232111852616072,True,0.0039200559258461
0.928946316242218,1396.0,1367.0,-29.0,8187,0.0,0.0,0.0,False,0.0
0.9283112287521362,2334.0,2310.0,-24.0,8188,0.0,0.0,0.0,False,0.0
0.9271597862243652,1420.0,1389.0,-31.0,8189,0.0,0.0,0.0,False,0.0
0.9282321929931641,5238.0,5228.0,-10.0,8190,0.0,0.0,0.0,False,0.0
0.9246756434440613,2467.0,2449.0,-18.0,8191,0.0,0.0,0.0,False,0.0
