counterpart_attention_mass,counterpart_evidence_present,counterpart_warrant_mass,label,non_counterpart_warrant_mass,sample_id,score
0.0,False,0.0,1.0,0.0,6553,0.041198473423719406
0.0,True,0.0,1.0,0.0,6554,0.2734224498271942
0.0,True,0.0,1.0,0.0,6555,0.986081600189209
0.0,True,0.0,1.0,0.0,6556,0.7323617339134216
0.0,True,0.0,1.0,0.0,6557,0.986420750617981
0.0,True,0.0,1.0,0.0,6558,0.49187883734703064
0.0,False,0.0,1.0,0.0,6559,0.11751526594161987
0.0,True,0.0,1.0,0.0,6560,0.9675722122192383
0.0,False,0.0,1.0,0.0,6561,0.2413145750761032
0.0,False,0.0,1.0,0.0,6562,0.4441707134246826
0.0,False,0.0,1.0,0.0,6563,0.7608369588851929
0.0,True,0.0,1.0,0.0,6564,0.27225735783576965
0.0,False,0.0,1.0,0.0,6565,0.5121023654937744
0.0,False,0.0,1.0,0.0,6566,0.0788758248090744
0.0,False,0.0,1.0,0.0,6567,0.36997151374816895
0.0,False,0.0,1.0,0.0,6568,0.20870497822761536
0.0,True,0.0,1.0,0.0,6569,0.4450308084487915
0.0,False,0.0,1.0,0.0,6570,0.413344144821167
0.0,False,0.0,1.0,0.0,6571,0.1010417491197586
0.0,False,0.0,1.0,0.0,6572,0.09459731727838516
0.0,False,0.0,1.0,0.0,6573,0.0771898627281189
0.0,True,0.0,1.0,0.0,6574,0.2748056948184967
0.0,False,0.0,1.0,0.0,6575,0.26435163617134094
0.0,True,0.0,1.0,0.0,6576,0.9881393909454346
0.0,False,0.0,1.0,0.0,6577,0.1150476485490799
0.0,True,0.0,1.0,0.0,6578,0.501304030418396
0.0,True,0.0,1.0,0.0,6579,0.48333168029785156
0.0,True,0.0,1.0,0.0,6580,0.6828488111495972
0.0,True,0.0,1.0,0.0,6581,0.8074036836624146
0.0,False,0.0,1.0,0.0,6582,0.5864391922950745
0.0,True,0.0,1.0,0.0,6583,0.9867509007453918
0.0,True,0.0,1.0,0.0,6584,0.03715353086590767
0.0,True,0.0,1.0,0.0,6585,0.7136803865432739
0.0,True,0.0,1.0,0.0,6586,0.9925359487533569
0.0,True,0.0,1.0,0.0,6587,0.14015652239322662
0.0,True,0.0,1.0,0.0,6588,0.03552990034222603
0.0,True,0.0,1.0,0.0,6589,0.5346952676773071
0.0,True,0.0,1.0,0.0,6590,0.5028127431869507
0.0,False,0.0,1.0,0.0,6591,0.3104308247566223
0.0,False,0.0,1.0,0.0,6592,0.07931576669216156
0.0,True,0.0,1.0,0.0,6593,0.9866113662719727
0.0,True,0.0,1.0,0.0,6594,0.967183530330658
0.0,True,0.0,1.0,0.0,6595,0.8977943658828735
0.0,False,0.0,1.0,0.0,6596,0.24826711416244507
0.0,True,0.0,1.0,0.0,6597,0.9177496433258057
0.0,False,0.0,1.0,0.0,6598,0.3383057713508606
0.0,True,0.0,1.0,0.0,6599,0.1812727302312851
0.0,False,0.0,1.0,0.0,6600,0.30267012119293213
0.0,True,0.0,1.0,0.0,6601,0.9956894516944885
0.0,False,0.0,1.0,0.0,6602,0.49574780464172363
0.0,True,0.0,1.0,0.0,6603,0.713368833065033
0.0,False,0.0,1.0,0.0,6604,0.7257072925567627
0.0,False,0.0,1.0,0.0,6605,0.3878777027130127
0.0,True,0.0,1.0,0.0,6606,0.9922987818717957
0.0,True,0.0,1.0,0.0,6607,0.4337027668952942
0.0,True,0.0,1.0,0.0,6608,0.3272843062877655
0.0,True,0.0,1.0,0.0,6609,0.48678967356681824
0.0,True,0.0,1.0,0.0,6610,0.5624268054962158
0.0,True,0.0,1.0,0.0,6611,0.9917391538619995
0.0,True,0.0,1.0,0.0,6612,0.7121288180351257
0.0,True,0.0,1.0,0.0,6613,0.3662099540233612
0.0,True,0.0,1.0,0.0,6614,0.5141987204551697
0.0,True,0.0,1.0,0.0,6615,0.9592650532722473
0.0,True,0.0,1.0,0.0,6616,0.9884052276611328
0.0,False,0.0,1.0,0.0,6617,0.4014049768447876
0.0,True,0.0,1.0,0.0,6618,0.13940738141536713
0.0,True,0.0,1.0,0.0,6619,0.8578280806541443
0.0,False,0.0,1.0,0.0,6620,0.5494174361228943
0.0,False,0.0,1.0,0.0,6621,0.2445436716079712
0.0,False,0.0,1.0,0.0,6622,0.5488471984863281
0.0,False,0.0,1.0,0.0,6623,0.5504117608070374
0.0,False,0.0,1.0,0.0,6624,0.02023879438638687
0.0,False,0.0,1.0,0.0,6625,0.3556113839149475
0.0,False,0.0,1.0,0.0,6626,0.13037821650505066
0.0,False,0.0,1.0,0.0,6627,0.09432817250490189
0.0,False,0.0,1.0,0.0,6628,0.04445698857307434
0.0,True,0.0,1.0,0.0,6629,0.9799625873565674
0.0,True,0.0,1.0,0.0,6630,0.9704753160476685
0.0,True,0.0,1.0,0.0,6631,0.8832142949104309
0.0,True,0.0,1.0,0.0,6632,0.9593702554702759
0.0,True,0.0,1.0,0.0,6633,0.9378913640975952
0.0,False,0.0,1.0,0.0,6634,0.6638540625572205
0.0,True,0.0,1.0,0.0,6635,0.9733520746231079
0.0,False,0.0,1.0,0.0,6636,0.2557409107685089
0.0,True,0.0,1.0,0.0,6637,0.19981399178504944
0.0,False,0.0,1.0,0.0,6638,0.5065385699272156
0.0,False,0.0,1.0,0.0,6639,0.4134528636932373
0.0,False,0.0,1.0,0.0,6640,0.16032613813877106
0.0,False,0.0,1.0,0.0,6641,0.20697158575057983
0.0,False,0.0,1.0,0.0,6642,0.17292453348636627
0.0,False,0.0,1.0,0.0,6643,0.4609941244125366
0.0,True,0.0,1.0,0.0,6644,0.9929062128067017
0.0,False,0.0,1.0,0.0,6645,0.3135881721973419
0.0,True,0.0,1.0,0.0,6646,0.528346061706543
0.0,True,0.0,1.0,0.0,6647,0.9866884350776672
0.0,True,0.0,1.0,0.0,6648,0.9928102493286133
0.0,False,0.0,1.0,0.0,6649,0.01875155419111252
0.0,True,0.0,1.0,0.0,6650,0.3287162184715271
0.0,True,0.0,1.0,0.0,6651,0.8969537019729614
0.0,True,0.0,1.0,0.0,6652,0.8866389393806458
0.0,True,0.0,1.0,0.0,6653,0.6617672443389893
0.0,True,0.0,1.0,0.0,6654,0.9041939973831177
0.0,True,0.0,1.0,0.0,6655,0.4373522996902466
0.0,True,0.0,1.0,0.0,6656,0.7507308721542358
0.0,True,0.0,1.0,0.0,6657,0.8767707943916321
0.0,True,0.0,1.0,0.0,6658,0.8734561204910278
0.0,True,0.0,1.0,0.0,6659,0.9846009612083435
0.0,True,0.0,1.0,0.0,6660,0.9624118804931641
0.0,True,0.0,1.0,0.0,6661,0.3645857572555542
0.0,True,0.0,1.0,0.0,6662,0.9816197156906128
0.0,True,0.0,1.0,0.0,6663,0.9880730509757996
0.0,False,0.0,1.0,0.0,6664,0.3910455107688904
0.0,False,0.0,1.0,0.0,6665,0.12085554003715515
0.0,True,0.0,1.0,0.0,6666,0.6631770730018616
0.0,False,0.0,1.0,0.0,6667,0.49977871775627136
0.0,True,0.0,1.0,0.0,6668,0.9930484294891357
0.0,True,0.0,1.0,0.0,6669,0.3175133168697357
0.0,True,0.0,1.0,0.0,6670,0.979577362537384
0.0,True,0.0,1.0,0.0,6671,0.9704092741012573
0.0,True,0.0,1.0,0.0,6672,0.8490527272224426
0.0,True,0.0,1.0,0.0,6673,0.7491857409477234
0.0,True,0.0,1.0,0.0,6674,0.8862219452857971
0.0,True,0.0,1.0,0.0,6675,0.8771895170211792
0.0,True,0.0,1.0,0.0,6676,0.9377134442329407
0.0,True,0.0,1.0,0.0,6677,0.7673249840736389
0.0,True,0.0,1.0,0.0,6678,0.9737344980239868
0.0,True,0.0,1.0,0.0,6679,0.5634477734565735
0.0,True,0.0,1.0,0.0,6680,0.6303707361221313
0.0,True,0.0,1.0,0.0,6681,0.22597089409828186
0.0,True,0.0,1.0,0.0,6682,0.5842729806900024
0.0,True,0.0,1.0,0.0,6683,0.7360644936561584
0.0,True,0.0,1.0,0.0,6684,0.7252391576766968
0.0,True,0.0,1.0,0.0,6685,0.5557006597518921
0.0,True,0.0,1.0,0.0,6686,0.4134090840816498
0.0,False,0.0,1.0,0.0,6687,0.04165402054786682
0.0,True,0.0,1.0,0.0,6688,0.5224261283874512
0.0,False,0.0,1.0,0.0,6689,0.22175849974155426
0.0,True,0.0,1.0,0.0,6690,0.8361081480979919
0.0,True,0.0,1.0,0.0,6691,0.480522483587265
0.0,True,0.0,1.0,0.0,6692,0.9644856452941895
0.0,True,0.0,1.0,0.0,6693,0.7922911047935486
0.0,True,0.0,1.0,0.0,6694,0.9932923316955566
0.0,True,0.0,1.0,0.0,6695,0.9928116202354431
0.0,False,0.0,1.0,0.0,6696,0.07908985018730164
0.0,True,0.0,1.0,0.0,6697,0.5201460719108582
0.0,True,0.0,1.0,0.0,6698,0.6040744185447693
0.0,True,0.0,1.0,0.0,6699,0.4019559323787689
0.0,True,0.0,1.0,0.0,6700,0.08377743512392044
0.0,False,0.0,1.0,0.0,6701,0.26320287585258484
0.0,True,0.0,1.0,0.0,6702,0.9859058856964111
0.0,True,0.0,1.0,0.0,6703,0.9657828211784363
0.0,True,0.0,1.0,0.0,6704,0.9048154950141907
0.0,False,0.0,1.0,0.0,6705,0.13095073401927948
0.0,True,0.0,1.0,0.0,6706,0.9242571592330933
0.0,True,0.0,1.0,0.0,6707,0.9930952191352844
0.0,True,0.0,1.0,0.0,6708,0.9947341680526733
0.0,True,0.0,1.0,0.0,6709,0.974604606628418
0.0,False,0.0,1.0,0.0,6710,0.2479618787765503
0.0,True,0.0,1.0,0.0,6711,0.9830169081687927
0.0,True,0.0,1.0,0.0,6712,0.20661409199237823
0.0,True,0.0,1.0,0.0,6713,0.9837788939476013
0.0,False,0.0,1.0,0.0,6714,0.43769845366477966
0.0,True,0.0,1.0,0.0,6715,0.2668085992336273
0.0,False,0.0,1.0,0.0,6716,0.60381019115448
0.0,True,0.0,1.0,0.0,6717,0.9420172572135925
0.0,False,0.0,1.0,0.0,6718,0.5213130712509155
0.0,True,0.0,1.0,0.0,6719,0.9836046099662781
0.0,True,0.0,1.0,0.0,6720,0.7146384716033936
0.0,True,0.0,1.0,0.0,6721,0.9848867058753967
0.0,False,0.0,1.0,0.0,6722,0.06552868336439133
0.0,True,0.0,1.0,0.0,6723,0.4344075620174408
0.0,True,0.0,1.0,0.0,6724,0.993119478225708
0.0,True,0.0,1.0,0.0,6725,0.9923498034477234
0.0,True,0.0,1.0,0.0,6726,0.9821813702583313
0.0,True,0.0,1.0,0.0,6727,0.96389240026474
0.0,True,0.0,1.0,0.0,6728,0.9929527640342712
0.0,False,0.0,1.0,0.0,6729,0.5179977416992188
0.0,False,0.0,1.0,0.0,6730,0.13630923628807068
0.0,True,0.0,1.0,0.0,6731,0.7690431475639343
0.0,True,0.0,1.0,0.0,6732,0.9316982626914978
0.0,True,0.0,1.0,0.0,6733,0.985263466835022
0.0,False,0.0,1.0,0.0,6734,0.5082455277442932
0.0,True,0.0,1.0,0.0,6735,0.6724339127540588
0.0,True,0.0,1.0,0.0,6736,0.03902977705001831
0.0,True,0.0,1.0,0.0,6737,0.7226236462593079
0.0,True,0.0,1.0,0.0,6738,0.20035506784915924
0.0,True,0.0,1.0,0.0,6739,0.4025513529777527
0.0,True,0.0,1.0,0.0,6740,0.6313979029655457
0.0,True,0.0,1.0,0.0,6741,0.2697529196739197
0.0,True,0.0,1.0,0.0,6742,0.5461570620536804
0.0,True,0.0,1.0,0.0,6743,0.4229014813899994
0.0,True,0.0,1.0,0.0,6744,0.08253408223390579
0.0,True,0.0,1.0,0.0,6745,0.5141246914863586
0.0,True,0.0,1.0,0.0,6746,0.654034435749054
0.0,True,0.0,1.0,0.0,6747,0.8935485482215881
0.0,True,0.0,1.0,0.0,6748,0.6057335734367371
0.0,True,0.0,1.0,0.0,6749,0.34075120091438293
0.0,True,0.0,1.0,0.0,6750,0.8395841717720032
0.0,True,0.0,1.0,0.0,6751,0.7624175548553467
0.0,True,0.0,1.0,0.0,6752,0.4980825185775757
0.0,True,0.0,1.0,0.0,6753,0.6857569217681885
0.0,True,0.0,1.0,0.0,6754,0.7046059966087341
0.0,True,0.0,1.0,0.0,6755,0.6854005455970764
0.0,True,0.0,1.0,0.0,6756,0.765327513217926
0.0,True,0.0,1.0,0.0,6757,0.4900437295436859
0.0,True,0.0,1.0,0.0,6758,0.7696419954299927
0.0,False,0.0,1.0,0.0,6759,0.09086186438798904
0.0,True,0.0,1.0,0.0,6760,0.08330954611301422
0.0,True,0.0,1.0,0.0,6761,0.2571488916873932
0.0,True,0.0,1.0,0.0,6762,0.9845571517944336
0.0,True,0.0,1.0,0.0,6763,0.9616245627403259
0.0,True,0.0,1.0,0.0,6764,0.43309614062309265
0.0,True,0.0,1.0,0.0,6765,0.9083610773086548
0.0,True,0.0,1.0,0.0,6766,0.01950031705200672
0.0,False,0.0,1.0,0.0,6767,0.10207603871822357
0.0,True,0.0,1.0,0.0,6768,0.9284031391143799
0.0,True,0.0,1.0,0.0,6769,0.4438192844390869
0.0,True,0.0,1.0,0.0,6770,0.9746896624565125
0.0,True,0.0,1.0,0.0,6771,0.9890751838684082
0.0,True,0.0,1.0,0.0,6772,0.9684803485870361
0.0,False,0.0,1.0,0.0,6773,0.15431073307991028
0.0,True,0.0,1.0,0.0,6774,0.289124071598053
0.0,False,0.0,1.0,0.0,6775,0.11972136795520782
0.0,False,0.0,1.0,0.0,6776,0.4241916239261627
0.0,True,0.0,1.0,0.0,6777,0.33539438247680664
0.0,True,0.0,1.0,0.0,6778,0.8448925018310547
0.0,True,0.0,1.0,0.0,6779,0.9662662744522095
0.0,True,0.0,1.0,0.0,6780,0.4156210720539093
0.0,True,0.0,1.0,0.0,6781,0.8669344782829285
0.0,True,0.0,1.0,0.0,6782,0.6600376963615417
0.0,True,0.0,1.0,0.0,6783,0.31364497542381287
0.0,True,0.0,1.0,0.0,6784,0.6577843427658081
0.0,True,0.0,1.0,0.0,6785,0.9601576924324036
0.0,True,0.0,1.0,0.0,6786,0.604495644569397
0.0,True,0.0,1.0,0.0,6787,0.3197725713253021
0.0,True,0.0,1.0,0.0,6788,0.7742453813552856
0.0,True,0.0,1.0,0.0,6789,0.6019278764724731
0.0,False,0.0,1.0,0.0,6790,0.7711201906204224
0.0,False,0.0,1.0,0.0,6791,0.27288997173309326
0.0,False,0.0,1.0,0.0,6792,0.18859973549842834
0.0,False,0.0,1.0,0.0,6793,0.7481458783149719
0.0,True,0.0,1.0,0.0,6794,0.7926735877990723
0.0,True,0.0,1.0,0.0,6795,0.5441915988922119
0.0,True,0.0,1.0,0.0,6796,0.47156164050102234
0.0,False,0.0,1.0,0.0,6797,0.35150739550590515
0.0,False,0.0,1.0,0.0,6798,0.34789469838142395
0.0,False,0.0,1.0,0.0,6799,0.46988022327423096
0.0,False,0.0,1.0,0.0,6800,0.011328665539622307
0.0,True,0.0,1.0,0.0,6801,0.8257629871368408
0.0,True,0.0,1.0,0.0,6802,0.7091988921165466
0.0,False,0.0,1.0,0.0,6803,0.16432717442512512
0.0,True,0.0,1.0,0.0,6804,0.31609031558036804
0.0,False,0.0,1.0,0.0,6805,0.10063834488391876
0.0,True,0.0,1.0,0.0,6806,0.5000504851341248
0.0,True,0.0,1.0,0.0,6807,0.32003307342529297
0.0,False,0.0,1.0,0.0,6808,0.38871484994888306
0.0,False,0.0,1.0,0.0,6809,0.19581839442253113
0.0,False,0.0,1.0,0.0,6810,0.21691197156906128
0.0,False,0.0,1.0,0.0,6811,0.17231814563274384
0.0,True,0.0,1.0,0.0,6812,0.20942193269729614
0.0,True,0.0,1.0,0.0,6813,0.9865520000457764
0.0,True,0.0,1.0,0.0,6814,0.8390470743179321
0.0,True,0.0,1.0,0.0,6815,0.6611173748970032
0.0,True,0.0,1.0,0.0,6816,0.9942593574523926
0.0,True,0.0,1.0,0.0,6817,0.14363254606723785
0.0,False,0.0,1.0,0.0,6818,0.023708177730441093
0.0,True,0.0,1.0,0.0,6819,0.4143536686897278
0.0,True,0.0,1.0,0.0,6820,0.3465798795223236
0.0,True,0.0,1.0,0.0,6821,0.16948619484901428
0.0,True,0.0,1.0,0.0,6822,0.3072205185890198
0.0,True,0.0,1.0,0.0,6823,0.9655603766441345
0.0,False,0.0,1.0,0.0,6824,0.2133978307247162
0.0,True,0.0,1.0,0.0,6825,0.9794999361038208
0.0,True,0.0,1.0,0.0,6826,0.9623507261276245
0.0,True,0.0,1.0,0.0,6827,0.8294388055801392
0.0,True,0.0,1.0,0.0,6828,0.4344811737537384
0.0,True,0.0,1.0,0.0,6829,0.9028451442718506
0.0,True,0.0,1.0,0.0,6830,0.4303802251815796
0.0,True,0.0,1.0,0.0,6831,0.16936026513576508
0.0,True,0.0,1.0,0.0,6832,0.623374342918396
0.0,True,0.0,1.0,0.0,6833,0.3269408047199249
0.0,True,0.0,1.0,0.0,6834,0.9398074150085449
0.0,True,0.0,1.0,0.0,6835,0.9745323657989502
0.0,False,0.0,1.0,0.0,6836,0.23386003077030182
0.0,True,0.0,1.0,0.0,6837,0.44779691100120544
0.0,False,0.0,1.0,0.0,6838,0.15085367858409882
0.0,True,0.0,1.0,0.0,6839,0.4638976752758026
0.0,True,0.0,1.0,0.0,6840,0.5306986570358276
0.0,True,0.0,1.0,0.0,6841,0.6126313805580139
0.0,False,0.0,1.0,0.0,6842,0.370750367641449
0.0,False,0.0,1.0,0.0,6843,0.010859640315175056
0.0,True,0.0,1.0,0.0,6844,0.6497921347618103
0.0,True,0.0,1.0,0.0,6845,0.9066123962402344
0.0,True,0.0,1.0,0.0,6846,0.5782691836357117
0.0,True,0.0,1.0,0.0,6847,0.5116901993751526
0.0,False,0.0,1.0,0.0,6848,0.05334911867976189
0.0,True,0.0,1.0,0.0,6849,0.24601149559020996
0.0,True,0.0,1.0,0.0,6850,0.595965564250946
0.0,False,0.0,1.0,0.0,6851,0.2420596480369568
0.0,False,0.0,1.0,0.0,6852,0.03182639554142952
0.0,False,0.0,1.0,0.0,6853,0.07644706219434738
0.0,True,0.0,1.0,0.0,6854,0.24550823867321014
0.0,True,0.0,1.0,0.0,6855,0.031118804588913918
0.0,True,0.0,1.0,0.0,6856,0.9927724003791809
0.0,True,0.0,1.0,0.0,6857,0.004351429175585508
0.0,False,0.0,1.0,0.0,6858,0.06792088598012924
0.0,True,0.0,1.0,0.0,6859,0.6241533756256104
0.0,False,0.0,1.0,0.0,6860,0.4075426757335663
0.0,True,0.0,1.0,0.0,6861,0.44517287611961365
0.0,True,0.0,1.0,0.0,6862,0.3979402482509613
0.0,True,0.0,1.0,0.0,6863,0.456866592168808
0.0,True,0.0,1.0,0.0,6864,0.9928128123283386
0.0,True,0.0,1.0,0.0,6865,0.5277953147888184
0.0,False,0.0,1.0,0.0,6866,0.3161558508872986
0.0,True,0.0,1.0,0.0,6867,0.9930251836776733
0.0,False,0.0,1.0,0.0,6868,0.5535227656364441
0.0,True,0.0,1.0,0.0,6869,0.26072463393211365
0.0,True,0.0,1.0,0.0,6870,0.9418646097183228
0.0,True,0.0,1.0,0.0,6871,0.6643306612968445
0.0,False,0.0,1.0,0.0,6872,0.23660200834274292
0.0,True,0.0,1.0,0.0,6873,0.9681872725486755
0.0,True,0.0,1.0,0.0,6874,0.8778023719787598
0.0,True,0.0,1.0,0.0,6875,0.9808236360549927
0.0,True,0.0,1.0,0.0,6876,0.9640529155731201
0.0,True,0.0,1.0,0.0,6877,0.7605210542678833
0.0,True,0.0,1.0,0.0,6878,0.19464802742004395
0.0,True,0.0,1.0,0.0,6879,0.9928513765335083
0.0,False,0.0,1.0,0.0,6880,0.6245427131652832
0.0,True,0.0,1.0,0.0,6881,0.5015824437141418
0.0,True,0.0,1.0,0.0,6882,0.9932397603988647
0.0,False,0.0,1.0,0.0,6883,0.17982365190982819
0.0,True,0.0,1.0,0.0,6884,0.9886138439178467
0.0,False,0.0,1.0,0.0,6885,0.5719304084777832
0.0,True,0.0,1.0,0.0,6886,0.004585624672472477
0.0,False,0.0,1.0,0.0,6887,0.014217480085790157
0.0,True,0.0,1.0,0.0,6888,0.8686975836753845
0.0,True,0.0,1.0,0.0,6889,0.8434430360794067
0.0,False,0.0,1.0,0.0,6890,0.39187484979629517
0.0,False,0.0,1.0,0.0,6891,0.6122874617576599
0.0,True,0.0,1.0,0.0,6892,0.8723524808883667
0.0,True,0.0,1.0,0.0,6893,0.3723732829093933
0.0,True,0.0,1.0,0.0,6894,0.6384986639022827
0.0,True,0.0,1.0,0.0,6895,0.3637772798538208
0.0,True,0.0,1.0,0.0,6896,0.34527796506881714
0.0,True,0.0,1.0,0.0,6897,0.1339908093214035
0.0,True,0.0,1.0,0.0,6898,0.779852032661438
0.0,True,0.0,1.0,0.0,6899,0.6786465644836426
0.0,True,0.0,1.0,0.0,6900,0.4025252163410187
0.0,True,0.0,1.0,0.0,6901,0.5770124197006226
0.0,True,0.0,1.0,0.0,6902,0.781099796295166
0.0,True,0.0,1.0,0.0,6903,0.8435556292533875
0.0,True,0.0,1.0,0.0,6904,0.35842764377593994
0.0,True,0.0,1.0,0.0,6905,0.9498428106307983
0.0,True,0.0,1.0,0.0,6906,0.5164647698402405
0.0,True,0.0,1.0,0.0,6907,0.45879530906677246
0.0,True,0.0,1.0,0.0,6908,0.14345653355121613
0.0,True,0.0,1.0,0.0,6909,0.516156792640686
0.0,True,0.0,1.0,0.0,6910,0.16370946168899536
0.0,True,0.0,1.0,0.0,6911,0.949719250202179
0.0,True,0.0,1.0,0.0,6912,0.1833486557006836
0.0,True,0.0,1.0,0.0,6913,0.4659522771835327
0.0,True,0.0,1.0,0.0,6914,0.20154140889644623
0.0,True,0.0,1.0,0.0,6915,0.7228982448577881
0.0,True,0.0,1.0,0.0,6916,0.8970511555671692
0.0,True,0.0,1.0,0.0,6917,0.43568000197410583
0.0,False,0.0,1.0,0.0,6918,0.05797053873538971
0.0,True,0.0,1.0,0.0,6919,0.7810085415840149
0.0,True,0.0,1.0,0.0,6920,0.21440619230270386
0.0,True,0.0,1.0,0.0,6921,0.9734460711479187
0.0,True,0.0,1.0,0.0,6922,0.9732652306556702
0.0,True,0.0,1.0,0.0,6923,0.6995989084243774
0.0,True,0.0,1.0,0.0,6924,0.02026495523750782
0.0,True,0.0,1.0,0.0,6925,0.84317547082901
0.0,True,0.0,1.0,0.0,6926,0.5314512252807617
0.0,True,0.0,1.0,0.0,6927,0.4126604497432709
0.0,True,0.0,1.0,0.0,6928,0.7825305461883545
0.0,True,0.0,1.0,0.0,6929,0.8397015929222107
0.0,True,0.0,1.0,0.0,6930,0.9479315876960754
0.0,True,0.0,1.0,0.0,6931,0.9936034083366394
0.0,True,0.0,1.0,0.0,6932,0.7667778134346008
0.0,True,0.0,1.0,0.0,6933,0.5138217210769653
0.0,True,0.0,1.0,0.0,6934,0.5915310978889465
0.0,True,0.0,1.0,0.0,6935,0.8029177784919739
0.0,True,0.0,1.0,0.0,6936,0.23393362760543823
0.0,True,0.0,1.0,0.0,6937,0.8265455961227417
0.0,True,0.0,1.0,0.0,6938,0.9431309103965759
0.0,True,0.0,1.0,0.0,6939,0.9880827069282532
0.0,True,0.0,1.0,0.0,6940,0.8243808746337891
0.0,True,0.0,1.0,0.0,6941,0.9387803673744202
0.0,True,0.0,1.0,0.0,6942,0.818526566028595
0.0,True,0.0,1.0,0.0,6943,0.14889651536941528
0.0,True,0.0,1.0,0.0,6944,0.9891213774681091
0.0,True,0.0,1.0,0.0,6945,0.43577438592910767
0.0,True,0.0,1.0,0.0,6946,0.5569303631782532
0.0,True,0.0,1.0,0.0,6947,0.49980631470680237
0.0,True,0.0,1.0,0.0,6948,0.808254599571228
0.0,True,0.0,1.0,0.0,6949,0.9639827609062195
0.0,True,0.0,1.0,0.0,6950,0.9592894315719604
0.0,True,0.0,1.0,0.0,6951,0.9936478734016418
0.0,True,0.0,1.0,0.0,6952,0.6192772388458252
0.0,False,0.0,1.0,0.0,6953,0.009741227142512798
0.0,True,0.0,1.0,0.0,6954,0.9004597067832947
0.0,False,0.0,1.0,0.0,6955,0.09647328406572342
0.0,True,0.0,1.0,0.0,6956,0.973935067653656
0.0,True,0.0,1.0,0.0,6957,0.9553325772285461
0.0,False,0.0,1.0,0.0,6958,0.10845521092414856
0.0,True,0.0,1.0,0.0,6959,0.8499289751052856
0.0,True,0.0,1.0,0.0,6960,0.08457925170660019
0.0,True,0.0,1.0,0.0,6961,0.10456442087888718
0.0,False,0.0,1.0,0.0,6962,0.20056717097759247
0.0,True,0.0,1.0,0.0,6963,0.11273134499788284
0.0,True,0.0,1.0,0.0,6964,0.9641020894050598
0.0,True,0.0,1.0,0.0,6965,0.9925832748413086
0.0,True,0.0,1.0,0.0,6966,0.49960431456565857
0.0,True,0.0,1.0,0.0,6967,0.11143592745065689
0.0,True,0.0,1.0,0.0,6968,0.13903041183948517
0.0,True,0.0,1.0,0.0,6969,0.8920879364013672
0.0,True,0.0,1.0,0.0,6970,0.9919554591178894
0.0,True,0.0,1.0,0.0,6971,0.9838257431983948
0.0,True,0.0,1.0,0.0,6972,0.9826358556747437
0.0,True,0.0,1.0,0.0,6973,0.9850568175315857
0.0,True,0.0,1.0,0.0,6974,0.983599066734314
0.0,False,0.0,1.0,0.0,6975,0.15885435044765472
0.0,True,0.0,1.0,0.0,6976,0.6188879013061523
0.0,True,0.0,1.0,0.0,6977,0.9603891372680664
0.0,True,0.0,1.0,0.0,6978,0.5727674961090088
0.0,True,0.0,1.0,0.0,6979,0.989081859588623
0.0,True,0.0,1.0,0.0,6980,0.11895657330751419
0.0,True,0.0,1.0,0.0,6981,0.9632118344306946
0.0,True,0.0,1.0,0.0,6982,0.9885226488113403
0.0,False,0.0,1.0,0.0,6983,0.06646572053432465
0.0,True,0.0,1.0,0.0,6984,0.9003414511680603
0.0,False,0.0,1.0,0.0,6985,0.08600827306509018
0.0,True,0.0,1.0,0.0,6986,0.664336621761322
0.0,False,0.0,1.0,0.0,6987,0.652942955493927
0.0,False,0.0,1.0,0.0,6988,0.08619338274002075
0.0,True,0.0,1.0,0.0,6989,0.12460619956254959
0.0,True,0.0,1.0,0.0,6990,0.9117285013198853
0.0,True,0.0,1.0,0.0,6991,0.9923226237297058
0.0,True,0.0,1.0,0.0,6992,0.12966445088386536
0.0,True,0.0,1.0,0.0,6993,0.9176068902015686
0.0,True,0.0,1.0,0.0,6994,0.8440945148468018
0.0,True,0.0,1.0,0.0,6995,0.06697626411914825
0.0,True,0.0,1.0,0.0,6996,0.8703605532646179
0.0,False,0.0,1.0,0.0,6997,0.21136337518692017
0.0,True,0.0,1.0,0.0,6998,0.9072398543357849
0.0,True,0.0,1.0,0.0,6999,0.5917314887046814
0.0,False,0.0,1.0,0.0,7000,0.5633502006530762
0.0,True,0.0,1.0,0.0,7001,0.13365671038627625
0.0,False,0.0,1.0,0.0,7002,0.5801903605461121
0.0,True,0.0,1.0,0.0,7003,0.10185972601175308
0.0,True,0.0,1.0,0.0,7004,0.920327365398407
0.0,False,0.0,1.0,0.0,7005,0.48580214381217957
0.0,True,0.0,1.0,0.0,7006,0.13655900955200195
0.0,True,0.0,1.0,0.0,7007,0.9299854040145874
0.0,True,0.0,1.0,0.0,7008,0.9213130474090576
0.0,False,0.0,1.0,0.0,7009,0.7313749194145203
0.0,False,0.0,1.0,0.0,7010,0.12104004621505737
0.0,True,0.0,1.0,0.0,7011,0.49700456857681274
0.0,True,0.0,1.0,0.0,7012,0.5495395660400391
0.0,False,0.0,1.0,0.0,7013,0.5287455320358276
0.0,True,0.0,1.0,0.0,7014,0.6718885898590088
0.0,True,0.0,1.0,0.0,7015,0.40735873579978943
0.0,True,0.0,1.0,0.0,7016,0.3168307840824127
0.0,True,0.0,1.0,0.0,7017,0.9381534457206726
0.0,True,0.0,1.0,0.0,7018,0.9856265187263489
0.0,False,0.0,1.0,0.0,7019,0.1746680736541748
0.0,False,0.0,1.0,0.0,7020,0.41030043363571167
0.0,True,0.0,1.0,0.0,7021,0.4202513098716736
0.0,False,0.0,1.0,0.0,7022,0.9134047627449036
0.0,True,0.0,1.0,0.0,7023,0.878413200378418
0.0,False,0.0,1.0,0.0,7024,0.26107364892959595
0.0,True,0.0,1.0,0.0,7025,0.9452459812164307
0.0,False,0.0,1.0,0.0,7026,0.8692296147346497
0.0,True,0.0,1.0,0.0,7027,0.6709572076797485
0.0,True,0.0,1.0,0.0,7028,0.9863530397415161
0.0,True,0.0,1.0,0.0,7029,0.9671632051467896
0.0,False,0.0,1.0,0.0,7030,0.30366194248199463
0.0,True,0.0,1.0,0.0,7031,0.9092484712600708
0.0,True,0.0,1.0,0.0,7032,0.9600695967674255
0.0,False,0.0,1.0,0.0,7033,0.43667614459991455
0.0,True,0.0,1.0,0.0,7034,0.9637377858161926
0.0,True,0.0,1.0,0.0,7035,0.9575141072273254
0.0,True,0.0,1.0,0.0,7036,0.7511909604072571
0.0,False,0.0,1.0,0.0,7037,0.40891507267951965
0.0,True,0.0,1.0,0.0,7038,0.6310112476348877
0.0,True,0.0,1.0,0.0,7039,0.9181323647499084
0.0,False,0.0,1.0,0.0,7040,0.5555043816566467
0.0,True,0.0,1.0,0.0,7041,0.9524656534194946
0.0,False,0.0,1.0,0.0,7042,0.7090743780136108
0.0,False,0.0,1.0,0.0,7043,0.21380768716335297
0.0,True,0.0,1.0,0.0,7044,0.6758788228034973
0.0,True,0.0,1.0,0.0,7045,0.572880208492279
0.0,True,0.0,1.0,0.0,7046,0.6211636066436768
0.0,True,0.0,1.0,0.0,7047,0.40769824385643005
0.0,False,0.0,1.0,0.0,7048,0.38648608326911926
0.0,True,0.0,1.0,0.0,7049,0.15367044508457184
0.0,False,0.0,1.0,0.0,7050,0.32738274335861206
0.0,True,0.0,1.0,0.0,7051,0.4013257622718811
0.0,True,0.0,1.0,0.0,7052,0.3651033937931061
0.0,False,0.0,1.0,0.0,7053,0.37464842200279236
0.0,True,0.0,1.0,0.0,7054,0.5225761532783508
0.0,False,0.0,1.0,0.0,7055,0.1738864630460739
0.0,True,0.0,1.0,0.0,7056,0.3814332187175751
0.0,False,0.0,1.0,0.0,7057,0.23850342631340027
0.0,False,0.0,1.0,0.0,7058,0.05396698787808418
0.0,False,0.0,1.0,0.0,7059,0.17805945873260498
0.0,True,0.0,1.0,0.0,7060,0.8526777029037476
0.0,False,0.0,1.0,0.0,7061,0.27735039591789246
0.0,False,0.0,1.0,0.0,7062,0.21766534447669983
0.0,False,0.0,1.0,0.0,7063,0.49752289056777954
0.0,False,0.0,1.0,0.0,7064,0.4929389953613281
0.0,True,0.0,1.0,0.0,7065,0.9687710404396057
0.0,False,0.0,1.0,0.0,7066,0.10108251124620438
0.0,False,0.0,1.0,0.0,7067,0.434998482465744
0.0,False,0.0,1.0,0.0,7068,0.553659200668335
0.0,False,0.0,1.0,0.0,7069,0.3844107389450073
0.0,False,0.0,1.0,0.0,7070,0.2693301737308502
0.0,False,0.0,1.0,0.0,7071,0.6501771807670593
0.0,False,0.0,1.0,0.0,7072,0.2736167907714844
0.0,False,0.0,1.0,0.0,7073,0.051827091723680496
0.0,False,0.0,1.0,0.0,7074,0.10745137929916382
0.0,False,0.0,1.0,0.0,7075,0.12579257786273956
0.0,False,0.0,1.0,0.0,7076,0.08301451057195663
0.0,False,0.0,1.0,0.0,7077,0.6982987523078918
0.0,True,0.0,1.0,0.0,7078,0.3513970375061035
0.0,True,0.0,1.0,0.0,7079,0.7186537384986877
0.0,False,0.0,1.0,0.0,7080,0.24528345465660095
0.0,False,0.0,1.0,0.0,7081,0.5620824694633484
0.0,False,0.0,1.0,0.0,7082,0.24189089238643646
0.0,True,0.0,1.0,0.0,7083,0.701409101486206
0.0,False,0.0,1.0,0.0,7084,0.15888425707817078
0.0,True,0.0,1.0,0.0,7085,0.2954867482185364
0.0,True,0.0,1.0,0.0,7086,0.8549726605415344
0.0,False,0.0,1.0,0.0,7087,0.3012978434562683
0.0,False,0.0,1.0,0.0,7088,0.10778262466192245
0.0,True,0.0,1.0,0.0,7089,0.2801097333431244
0.0,True,0.0,1.0,0.0,7090,0.9702485799789429
0.0,True,0.0,1.0,0.0,7091,0.24232527613639832
0.0,False,0.0,1.0,0.0,7092,0.14782832562923431
0.0,True,0.0,1.0,0.0,7093,0.9609245657920837
0.0,True,0.0,1.0,0.0,7094,0.35948148369789124
0.0,False,0.0,1.0,0.0,7095,0.7094188928604126
0.0,True,0.0,1.0,0.0,7096,0.34069952368736267
0.0,False,0.0,1.0,0.0,7097,0.4323316514492035
0.0,True,0.0,1.0,0.0,7098,0.5217486619949341
0.0,False,0.0,1.0,0.0,7099,0.22883181273937225
0.0,False,0.0,1.0,0.0,7100,0.7779260277748108
0.0,False,0.0,1.0,0.0,7101,0.31197765469551086
0.0,False,0.0,1.0,0.0,7102,0.22029541432857513
0.0,False,0.0,1.0,0.0,7103,0.20699162781238556
0.0,True,0.0,1.0,0.0,7104,0.24817997217178345
0.0,True,0.0,1.0,0.0,7105,0.11861272901296616
0.0,True,0.0,1.0,0.0,7106,0.2658415734767914
0.0,False,0.0,1.0,0.0,7107,0.48680102825164795
0.0,True,0.0,1.0,0.0,7108,0.08148177713155746
0.0,True,0.0,1.0,0.0,7109,0.6491773724555969
0.0,True,0.0,1.0,0.0,7110,0.29013410210609436
0.0,True,0.0,1.0,0.0,7111,0.41157904267311096
0.0,True,0.0,1.0,0.0,7112,0.8872337341308594
0.0,True,0.0,1.0,0.0,7113,0.24660934507846832
0.0,True,0.0,1.0,0.0,7114,0.5674042105674744
0.0,True,0.0,1.0,0.0,7115,0.15863119065761566
0.0,False,0.0,1.0,0.0,7116,0.5677210092544556
0.0,True,0.0,1.0,0.0,7117,0.494130939245224
0.0,True,0.0,1.0,0.0,7118,0.9184718132019043
0.0,True,0.0,1.0,0.0,7119,0.662907063961029
0.0,True,0.0,1.0,0.0,7120,0.7025438547134399
0.0,True,0.0,1.0,0.0,7121,0.8493125438690186
0.0,True,0.0,1.0,0.0,7122,0.8855854272842407
0.0,True,0.0,1.0,0.0,7123,0.6742022633552551
0.0,True,0.0,1.0,0.0,7124,0.35965389013290405
0.0,True,0.0,1.0,0.0,7125,0.7192664742469788
0.0,True,0.0,1.0,0.0,7126,0.8903565406799316
0.0,True,0.0,1.0,0.0,7127,0.6951316595077515
0.0,True,0.0,1.0,0.0,7128,0.21605539321899414
0.0,True,0.0,1.0,0.0,7129,0.9554653167724609
0.0,True,0.0,1.0,0.0,7130,0.3634520173072815
0.0,True,0.0,1.0,0.0,7131,0.6421887874603271
0.0,True,0.0,1.0,0.0,7132,0.7219246625900269
0.0,True,0.0,1.0,0.0,7133,0.8834376335144043
0.0,False,0.0,1.0,0.0,7134,0.19495141506195068
0.0,True,0.0,1.0,0.0,7135,0.7169805765151978
0.0,True,0.0,1.0,0.0,7136,0.991579532623291
0.0,False,0.0,1.0,0.0,7137,0.861491322517395
0.0,True,0.0,1.0,0.0,7138,0.7317625880241394
0.0,True,0.0,1.0,0.0,7139,0.8851062059402466
0.0,True,0.0,1.0,0.0,7140,0.7209181785583496
0.0,True,0.0,1.0,0.0,7141,0.869280219078064
0.0,True,0.0,1.0,0.0,7142,0.6846706867218018
0.0,True,0.0,1.0,0.0,7143,0.7297613620758057
0.0,True,0.0,1.0,0.0,7144,0.878413200378418
0.0,True,0.0,1.0,0.0,7145,0.7303350567817688
0.0,True,0.0,1.0,0.0,7146,0.5814542770385742
0.0,True,0.0,1.0,0.0,7147,0.9873964190483093
0.0,False,0.0,1.0,0.0,7148,0.06764242798089981
0.0,True,0.0,1.0,0.0,7149,0.14575491845607758
0.0,True,0.0,1.0,0.0,7150,0.9312689304351807
0.0,True,0.0,1.0,0.0,7151,0.18183384835720062
0.0,True,0.0,1.0,0.0,7152,0.9012386798858643
0.0,True,0.0,1.0,0.0,7153,0.6466749310493469
0.0,True,0.0,1.0,0.0,7154,0.7392160296440125
0.0,True,0.0,1.0,0.0,7155,0.6229830980300903
0.0,True,0.0,1.0,0.0,7156,0.8758940100669861
0.0,True,0.0,1.0,0.0,7157,0.7281824350357056
0.0,False,0.0,1.0,0.0,7158,0.15263457596302032
0.0,False,0.0,1.0,0.0,7159,0.006507586222141981
0.0,True,0.0,1.0,0.0,7160,0.735363781452179
0.0,True,0.0,1.0,0.0,7161,0.8710034489631653
0.0,True,0.0,1.0,0.0,7162,0.7346972227096558
0.0,True,0.0,1.0,0.0,7163,0.741448700428009
0.0,True,0.0,1.0,0.0,7164,0.8736245036125183
0.0,True,0.0,1.0,0.0,7165,0.7334398627281189
0.0,False,0.0,1.0,0.0,7166,0.3426486849784851
0.0,True,0.0,1.0,0.0,7167,0.3883475363254547
0.0,True,0.0,1.0,0.0,7168,0.3820827901363373
0.0,True,0.0,1.0,0.0,7169,0.7383524179458618
0.0,True,0.0,1.0,0.0,7170,0.8682153224945068
0.0,True,0.0,1.0,0.0,7171,0.7372495532035828
0.0,True,0.0,1.0,0.0,7172,0.1267450749874115
0.0,True,0.0,1.0,0.0,7173,0.8716726303100586
0.0,True,0.0,1.0,0.0,7174,0.7434729337692261
0.0,True,0.0,1.0,0.0,7175,0.8701256513595581
0.0,True,0.0,1.0,0.0,7176,0.7354962825775146
0.0,True,0.0,1.0,0.0,7177,0.9919533133506775
0.0,True,0.0,1.0,0.0,7178,0.36587557196617126
0.0,False,0.0,1.0,0.0,7179,0.3230428099632263
0.0,False,0.0,1.0,0.0,7180,0.006970822345465422
0.0,True,0.0,1.0,0.0,7181,0.7406877875328064
0.0,True,0.0,1.0,0.0,7182,0.864942193031311
0.0,True,0.0,1.0,0.0,7183,0.06770390272140503
0.0,True,0.0,1.0,0.0,7184,0.7380234599113464
0.0,True,0.0,1.0,0.0,7185,0.5509392023086548
0.0,True,0.0,1.0,0.0,7186,0.5449659824371338
0.0,True,0.0,1.0,0.0,7187,0.5770961046218872
0.0,True,0.0,1.0,0.0,7188,0.1359502375125885
0.0,True,0.0,1.0,0.0,7189,0.08497888594865799
0.0,True,0.0,1.0,0.0,7190,0.7451501488685608
0.0,True,0.0,1.0,0.0,7191,0.8667497038841248
0.0,True,0.0,1.0,0.0,7192,0.556165337562561
0.0,True,0.0,1.0,0.0,7193,0.7360553741455078
0.0,True,0.0,1.0,0.0,7194,0.7426122426986694
0.0,True,0.0,1.0,0.0,7195,0.7982871532440186
0.0,True,0.0,1.0,0.0,7196,0.8618309497833252
0.0,True,0.0,1.0,0.0,7197,0.7379128932952881
0.0,True,0.0,1.0,0.0,7198,0.38158008456230164
0.0,True,0.0,1.0,0.0,7199,0.3936348259449005
0.0,True,0.0,1.0,0.0,7200,0.7465508580207825
0.0,True,0.0,1.0,0.0,7201,0.8636821508407593
0.0,True,0.0,1.0,0.0,7202,0.6335974931716919
0.0,True,0.0,1.0,0.0,7203,0.7378436326980591
0.0,True,0.0,1.0,0.0,7204,0.23089022934436798
0.0,True,0.0,1.0,0.0,7205,0.5162253975868225
0.0,True,0.0,1.0,0.0,7206,0.4051366150379181
0.0,True,0.0,1.0,0.0,7207,0.7458277940750122
0.0,True,0.0,1.0,0.0,7208,0.7900424003601074
0.0,False,0.0,1.0,0.0,7209,0.6396989822387695
0.0,True,0.0,1.0,0.0,7210,0.8591618537902832
0.0,True,0.0,1.0,0.0,7211,0.7469223737716675
0.0,True,0.0,1.0,0.0,7212,0.3235723376274109
0.0,True,0.0,1.0,0.0,7213,0.17947402596473694
0.0,True,0.0,1.0,0.0,7214,0.8821549415588379
0.0,True,0.0,1.0,0.0,7215,0.7442451119422913
0.0,True,0.0,1.0,0.0,7216,0.5698391795158386
0.0,True,0.0,1.0,0.0,7217,0.7388169765472412
0.0,True,0.0,1.0,0.0,7218,0.25623106956481934
0.0,False,0.0,1.0,0.0,7219,0.7284324169158936
0.0,True,0.0,1.0,0.0,7220,0.1087573915719986
0.0,True,0.0,1.0,0.0,7221,0.21358293294906616
0.0,True,0.0,1.0,0.0,7222,0.44095176458358765
0.0,True,0.0,1.0,0.0,7223,0.31979799270629883
0.0,True,0.0,1.0,0.0,7224,0.9449459314346313
0.0,True,0.0,1.0,0.0,7225,0.8698599934577942
0.0,False,0.0,1.0,0.0,7226,0.17062032222747803
0.0,False,0.0,1.0,0.0,7227,0.7485669255256653
0.0,True,0.0,1.0,0.0,7228,0.9504106640815735
0.0,True,0.0,1.0,0.0,7229,0.6499627232551575
0.0,True,0.0,1.0,0.0,7230,0.7290383577346802
0.0,True,0.0,1.0,0.0,7231,0.8883983492851257
0.0,False,0.0,1.0,0.0,7232,0.465689480304718
0.0,True,0.0,1.0,0.0,7233,0.8753559589385986
0.0,True,0.0,1.0,0.0,7234,0.40678727626800537
0.0,True,0.0,1.0,0.0,7235,0.6574339866638184
0.0,False,0.0,1.0,0.0,7236,0.19375135004520416
0.0,True,0.0,1.0,0.0,7237,0.09156963229179382
0.0,True,0.0,1.0,0.0,7238,0.5925950407981873
0.0,True,0.0,1.0,0.0,7239,0.5853386521339417
0.0,True,0.0,1.0,0.0,7240,0.6405786275863647
0.0,True,0.0,1.0,0.0,7241,0.8327502608299255
0.0,True,0.0,1.0,0.0,7242,0.3508662283420563
0.0,False,0.0,1.0,0.0,7243,0.33612778782844543
0.0,True,0.0,1.0,0.0,7244,0.6342235803604126
0.0,False,0.0,1.0,0.0,7245,0.5437774658203125
0.0,False,0.0,1.0,0.0,7246,0.4488128423690796
0.0,False,0.0,1.0,0.0,7247,0.6354143619537354
0.0,True,0.0,1.0,0.0,7248,0.4779413044452667
0.0,False,0.0,1.0,0.0,7249,0.31961676478385925
0.0,False,0.0,1.0,0.0,7250,0.2220614105463028
0.0,True,0.0,1.0,0.0,7251,0.8816931247711182
0.0,False,0.0,1.0,0.0,7252,0.2749266028404236
0.0,True,0.0,1.0,0.0,7253,0.9058716893196106
0.0,True,0.0,1.0,0.0,7254,0.738619327545166
0.0,True,0.0,1.0,0.0,7255,0.20373448729515076
0.0,True,0.0,1.0,0.0,7256,0.6636571288108826
0.0,True,0.0,1.0,0.0,7257,0.6841132640838623
0.0,True,0.0,1.0,0.0,7258,0.8860386610031128
0.0,True,0.0,1.0,0.0,7259,0.4819866120815277
0.0,True,0.0,1.0,0.0,7260,0.6733967065811157
0.0,False,0.0,1.0,0.0,7261,0.7106198072433472
0.0,True,0.0,1.0,0.0,7262,0.6534373760223389
0.0,True,0.0,1.0,0.0,7263,0.9611543416976929
0.0,False,0.0,1.0,0.0,7264,0.12360012531280518
0.0,True,0.0,1.0,0.0,7265,0.32850202918052673
0.0,True,0.0,1.0,0.0,7266,0.8340177536010742
0.0,True,0.0,1.0,0.0,7267,0.5788318514823914
0.0,True,0.0,1.0,0.0,7268,0.08800430595874786
0.0,True,0.0,1.0,0.0,7269,0.7324619293212891
0.0,True,0.0,1.0,0.0,7270,0.21141646802425385
0.0,False,0.0,1.0,0.0,7271,0.3021554946899414
0.0,True,0.0,1.0,0.0,7272,0.8202474117279053
0.0,False,0.0,1.0,0.0,7273,0.11026579886674881
0.0,False,0.0,1.0,0.0,7274,0.5485371947288513
0.0,False,0.0,1.0,0.0,7275,0.11233788728713989
0.0,False,0.0,1.0,0.0,7276,0.14487005770206451
0.0,False,0.0,1.0,0.0,7277,0.6919042468070984
0.0,False,0.0,1.0,0.0,7278,0.10585963726043701
0.0,False,0.0,1.0,0.0,7279,0.607538640499115
0.0,False,0.0,1.0,0.0,7280,0.20991915464401245
0.0,False,0.0,1.0,0.0,7281,0.14380837976932526
0.0,False,0.0,1.0,0.0,7282,0.10926749557256699
0.0,True,0.0,1.0,0.0,7283,0.9906508922576904
0.0,False,0.0,1.0,0.0,7284,0.02630513161420822
0.0,True,0.0,1.0,0.0,7285,0.5011805891990662
0.0,True,0.0,1.0,0.0,7286,0.1485653817653656
0.0,False,0.0,1.0,0.0,7287,0.04027347266674042
0.0,False,0.0,1.0,0.0,7288,0.2969489097595215
0.0,True,0.0,1.0,0.0,7289,0.26076385378837585
0.0,False,0.0,1.0,0.0,7290,0.045989591628313065
0.0,True,0.0,1.0,0.0,7291,0.5568369030952454
0.0,True,0.0,1.0,0.0,7292,0.9485893249511719
0.0,True,0.0,1.0,0.0,7293,0.9663750529289246
0.0,True,0.0,1.0,0.0,7294,0.35188761353492737
0.0,True,0.0,1.0,0.0,7295,0.65736985206604
0.0,True,0.0,1.0,0.0,7296,0.939978837966919
0.0,True,0.0,1.0,0.0,7297,0.902400553226471
0.0,True,0.0,1.0,0.0,7298,0.9714564681053162
0.0,True,0.0,1.0,0.0,7299,0.5282401442527771
0.0,True,0.0,1.0,0.0,7300,0.9234994053840637
0.0,True,0.0,1.0,0.0,7301,0.9275175929069519
0.0,True,0.0,1.0,0.0,7302,0.27959686517715454
0.0,True,0.0,1.0,0.0,7303,0.9579881429672241
0.0,True,0.0,1.0,0.0,7304,0.9624265432357788
0.0,False,0.0,1.0,0.0,7305,0.2462160438299179
0.0,False,0.0,1.0,0.0,7306,0.2532230615615845
0.0,False,0.0,1.0,0.0,7307,0.08756449073553085
0.0,False,0.0,1.0,0.0,7308,0.2783850133419037
0.0,True,0.0,1.0,0.0,7309,0.9396650791168213
0.0,True,0.0,1.0,0.0,7310,0.942916989326477
0.0,True,0.0,1.0,0.0,7311,0.8364668488502502
0.0,True,0.0,1.0,0.0,7312,0.9250336289405823
0.0,True,0.0,1.0,0.0,7313,0.6624866724014282
0.0,True,0.0,1.0,0.0,7314,0.9729218482971191
0.0,False,0.0,1.0,0.0,7315,0.3667045533657074
0.0,False,0.0,1.0,0.0,7316,0.15518683195114136
0.0,True,0.0,1.0,0.0,7317,0.24012628197669983
0.0,True,0.0,1.0,0.0,7318,0.4872839152812958
0.0,True,0.0,1.0,0.0,7319,0.9605181217193604
0.0,True,0.0,1.0,0.0,7320,0.37626856565475464
0.0,True,0.0,1.0,0.0,7321,0.9874024391174316
0.0,False,0.0,1.0,0.0,7322,0.29818251729011536
0.0,True,0.0,1.0,0.0,7323,0.08131729811429977
0.0,True,0.0,1.0,0.0,7324,0.26913920044898987
0.0,True,0.0,1.0,0.0,7325,0.5162525177001953
0.0,True,0.0,1.0,0.0,7326,0.35343506932258606
0.0,True,0.0,1.0,0.0,7327,0.23265492916107178
0.0,False,0.0,1.0,0.0,7328,0.07690750062465668
0.0,True,0.0,1.0,0.0,7329,0.9905251860618591
0.0,False,0.0,1.0,0.0,7330,0.43081650137901306
0.0,False,0.0,1.0,0.0,7331,0.014595670625567436
0.0,False,0.0,1.0,0.0,7332,0.27950921654701233
0.0,False,0.0,1.0,0.0,7333,0.7579121589660645
0.0,False,0.0,1.0,0.0,7334,0.14601276814937592
0.0,False,0.0,1.0,0.0,7335,0.24534739553928375
0.0,False,0.0,1.0,0.0,7336,0.7447550296783447
0.0,False,0.0,1.0,0.0,7337,0.41666433215141296
0.0,True,0.0,1.0,0.0,7338,0.9394572973251343
0.0,False,0.0,1.0,0.0,7339,0.1610543578863144
0.0,True,0.0,1.0,0.0,7340,0.8944984078407288
0.0,True,0.0,1.0,0.0,7341,0.5779383778572083
0.0,False,0.0,1.0,0.0,7342,0.43312785029411316
0.0,True,0.0,1.0,0.0,7343,0.9882209300994873
0.0,True,0.0,1.0,0.0,7344,0.9473461508750916
0.0,True,0.0,1.0,0.0,7345,0.9367938041687012
0.0,True,0.0,1.0,0.0,7346,0.9432843327522278
0.0,True,0.0,1.0,0.0,7347,0.8484951257705688
0.0,True,0.0,1.0,0.0,7348,0.9275116920471191
0.0,True,0.0,1.0,0.0,7349,0.9515224099159241
0.0,True,0.0,1.0,0.0,7350,0.9744470119476318
0.0,True,0.0,1.0,0.0,7351,0.830030083656311
0.0,True,0.0,1.0,0.0,7352,0.9709383249282837
0.0,True,0.0,1.0,0.0,7353,0.38354986906051636
0.0,True,0.0,1.0,0.0,7354,0.40331241488456726
0.0,False,0.0,1.0,0.0,7355,0.5330958366394043
0.0,False,0.0,1.0,0.0,7356,0.15903513133525848
0.0,True,0.0,1.0,0.0,7357,0.974992573261261
0.0,False,0.0,1.0,0.0,7358,0.5755460858345032
0.0,True,0.0,1.0,0.0,7359,0.57163006067276
0.0,True,0.0,1.0,0.0,7360,0.9407144784927368
0.0,True,0.0,1.0,0.0,7361,0.900347113609314
0.0,False,0.0,1.0,0.0,7362,0.08587069064378738
0.0,True,0.0,1.0,0.0,7363,0.9871891140937805
0.0,True,0.0,1.0,0.0,7364,0.5127320289611816
0.0,True,0.0,1.0,0.0,7365,0.9338776469230652
0.0,True,0.0,1.0,0.0,7366,0.5956539511680603
0.0,True,0.0,1.0,0.0,7367,0.5834758281707764
0.0,True,0.0,1.0,0.0,7368,0.9060512185096741
0.0,True,0.0,1.0,0.0,7369,0.9066452383995056
0.0,True,0.0,1.0,0.0,7370,0.9496879577636719
0.0,True,0.0,1.0,0.0,7371,0.9298991560935974
0.0,False,0.0,1.0,0.0,7372,0.017138779163360596
0.0,True,0.0,1.0,0.0,7373,0.9370588660240173
0.0,True,0.0,1.0,0.0,7374,0.9932522177696228
0.0,True,0.0,1.0,0.0,7375,0.9152442216873169
0.0,True,0.0,1.0,0.0,7376,0.9254359006881714
0.0,True,0.0,1.0,0.0,7377,0.9306280016899109
0.0,True,0.0,1.0,0.0,7378,0.9941151142120361
0.0,False,0.0,1.0,0.0,7379,0.1938362568616867
0.0,True,0.0,1.0,0.0,7380,0.5093942880630493
0.0,True,0.0,1.0,0.0,7381,0.3811389207839966
0.0,True,0.0,1.0,0.0,7382,0.7003821134567261
0.0,True,0.0,1.0,0.0,7383,0.14630161225795746
0.0,True,0.0,1.0,0.0,7384,0.5333568453788757
0.0,True,0.0,1.0,0.0,7385,0.0055530075915157795
0.0,True,0.0,1.0,0.0,7386,0.5488043427467346
0.0,True,0.0,1.0,0.0,7387,0.5691466927528381
0.0,True,0.0,1.0,0.0,7388,0.5363168716430664
0.0,False,0.0,1.0,0.0,7389,0.10595384240150452
0.0,True,0.0,1.0,0.0,7390,0.9592785835266113
0.0,True,0.0,1.0,0.0,7391,0.9551554918289185
0.0,True,0.0,1.0,0.0,7392,0.9348485469818115
0.0,True,0.0,1.0,0.0,7393,0.6315991878509521
0.0,True,0.0,1.0,0.0,7394,0.8534162640571594
0.0,False,0.0,1.0,0.0,7395,0.3314581513404846
0.0,False,0.0,1.0,0.0,7396,0.19116519391536713
0.0,False,0.0,1.0,0.0,7397,0.05611049756407738
0.0,True,0.0,1.0,0.0,7398,0.12091702222824097
0.0,False,0.0,1.0,0.0,7399,0.40857958793640137
0.0,True,0.0,1.0,0.0,7400,0.9366183876991272
0.0,True,0.0,1.0,0.0,7401,0.7818511724472046
0.0,True,0.0,1.0,0.0,7402,0.22910857200622559
0.0,True,0.0,1.0,0.0,7403,0.93720543384552
0.0,True,0.0,1.0,0.0,7404,0.9464587569236755
0.0,False,0.0,1.0,0.0,7405,0.11421796679496765
0.0,True,0.0,1.0,0.0,7406,0.832209587097168
0.0,False,0.0,1.0,0.0,7407,0.36138078570365906
0.0,True,0.0,1.0,0.0,7408,0.4376145899295807
0.0,True,0.0,1.0,0.0,7409,0.36701729893684387
0.0,False,0.0,1.0,0.0,7410,0.5107518434524536
0.0,True,0.0,1.0,0.0,7411,0.969591498374939
0.0,True,0.0,1.0,0.0,7412,0.9402903914451599
0.0,True,0.0,1.0,0.0,7413,0.8785775303840637
0.0,True,0.0,1.0,0.0,7414,0.9311416745185852
0.0,False,0.0,1.0,0.0,7415,0.7774175405502319
0.0,True,0.0,1.0,0.0,7416,0.6636647582054138
0.0,True,0.0,1.0,0.0,7417,0.9782906770706177
0.0,True,0.0,1.0,0.0,7418,0.4286234378814697
0.0,True,0.0,1.0,0.0,7419,0.8240761160850525
0.0,True,0.0,1.0,0.0,7420,0.43673470616340637
0.0,True,0.0,1.0,0.0,7421,0.7519251704216003
0.0,True,0.0,1.0,0.0,7422,0.5489453673362732
0.0,True,0.0,1.0,0.0,7423,0.1787930727005005
0.0,False,0.0,1.0,0.0,7424,0.15140573680400848
0.0,True,0.0,1.0,0.0,7425,0.7821535468101501
0.0,True,0.0,1.0,0.0,7426,0.8005619645118713
0.0,True,0.0,1.0,0.0,7427,0.9253156185150146
0.0,True,0.0,1.0,0.0,7428,0.4027617573738098
0.0,True,0.0,1.0,0.0,7429,0.7487553954124451
0.0,False,0.0,1.0,0.0,7430,0.774251401424408
0.0,True,0.0,1.0,0.0,7431,0.5949388146400452
0.0,True,0.0,1.0,0.0,7432,0.792074978351593
0.0,True,0.0,1.0,0.0,7433,0.47384923696517944
0.0,True,0.0,1.0,0.0,7434,0.7961411476135254
0.0,False,0.0,1.0,0.0,7435,0.36270445585250854
0.0,True,0.0,1.0,0.0,7436,0.622978925704956
0.0,True,0.0,1.0,0.0,7437,0.9307237863540649
0.0,True,0.0,1.0,0.0,7438,0.5973612666130066
0.0,True,0.0,1.0,0.0,7439,0.7388899326324463
0.0,True,0.0,1.0,0.0,7440,0.611589789390564
0.0,True,0.0,1.0,0.0,7441,0.7465342879295349
0.0,False,0.0,1.0,0.0,7442,0.3844583034515381
0.0,True,0.0,1.0,0.0,7443,0.5521395206451416
0.0,True,0.0,1.0,0.0,7444,0.528349757194519
0.0,True,0.0,1.0,0.0,7445,0.7960107922554016
0.0,True,0.0,1.0,0.0,7446,0.8016582727432251
0.0,True,0.0,1.0,0.0,7447,0.9276624917984009
0.0,True,0.0,1.0,0.0,7448,0.6541403532028198
0.0,False,0.0,1.0,0.0,7449,0.1687799096107483
0.0,True,0.0,1.0,0.0,7450,0.40089690685272217
0.0,True,0.0,1.0,0.0,7451,0.21892881393432617
0.0,True,0.0,1.0,0.0,7452,0.8026623129844666
0.0,True,0.0,1.0,0.0,7453,0.5693299770355225
0.0,True,0.0,1.0,0.0,7454,0.9234538674354553
0.0,True,0.0,1.0,0.0,7455,0.7535445094108582
0.0,False,0.0,1.0,0.0,7456,0.08178845793008804
0.0,False,0.0,1.0,0.0,7457,0.08267732709646225
0.0,True,0.0,1.0,0.0,7458,0.6106563210487366
0.0,True,0.0,1.0,0.0,7459,0.4210813045501709
0.0,True,0.0,1.0,0.0,7460,0.7967201471328735
0.0,True,0.0,1.0,0.0,7461,0.8106614351272583
0.0,True,0.0,1.0,0.0,7462,0.9389832615852356
0.0,False,0.0,1.0,0.0,7463,0.2086389809846878
0.0,True,0.0,1.0,0.0,7464,0.8309699296951294
0.0,False,0.0,1.0,0.0,7465,0.59824138879776
0.0,True,0.0,1.0,0.0,7466,0.22480221092700958
0.0,True,0.0,1.0,0.0,7467,0.9199935793876648
0.0,False,0.0,1.0,0.0,7468,0.14818912744522095
0.0,False,0.0,1.0,0.0,7469,0.05641085281968117
0.0,True,0.0,1.0,0.0,7470,0.7572727799415588
0.0,False,0.0,1.0,0.0,7471,0.3451101779937744
0.0,False,0.0,1.0,0.0,7472,0.273152232170105
0.0,False,0.0,1.0,0.0,7473,0.01799853704869747
0.0,False,0.0,1.0,0.0,7474,0.007818462327122688
0.0,True,0.0,1.0,0.0,7475,0.5175880193710327
0.0,True,0.0,1.0,0.0,7476,0.17095941305160522
0.0,False,0.0,1.0,0.0,7477,0.5171983242034912
0.0,True,0.0,1.0,0.0,7478,0.7299759387969971
0.0,True,0.0,1.0,0.0,7479,0.8485216498374939
0.0,True,0.0,1.0,0.0,7480,0.9099884033203125
0.0,True,0.0,1.0,0.0,7481,0.07160162180662155
0.0,True,0.0,1.0,0.0,7482,0.9196237325668335
0.0,True,0.0,1.0,0.0,7483,0.9163050651550293
0.0,True,0.0,1.0,0.0,7484,0.22867488861083984
0.0,True,0.0,1.0,0.0,7485,0.7931686043739319
0.0,True,0.0,1.0,0.0,7486,0.681474506855011
0.0,False,0.0,1.0,0.0,7487,0.14581161737442017
0.0,True,0.0,1.0,0.0,7488,0.5608409643173218
0.0,True,0.0,1.0,0.0,7489,0.6246610879898071
0.0,True,0.0,1.0,0.0,7490,0.8310065269470215
0.0,False,0.0,1.0,0.0,7491,0.1335727721452713
0.0,True,0.0,1.0,0.0,7492,0.8890380263328552
0.0,True,0.0,1.0,0.0,7493,0.7389533519744873
0.0,False,0.0,1.0,0.0,7494,0.09149454534053802
0.0,True,0.0,1.0,0.0,7495,0.6044506430625916
0.0,True,0.0,1.0,0.0,7496,0.6818636059761047
0.0,True,0.0,1.0,0.0,7497,0.9895402789115906
0.0,True,0.0,1.0,0.0,7498,0.9865095019340515
0.0,True,0.0,1.0,0.0,7499,0.9196539521217346
0.0,True,0.0,1.0,0.0,7500,0.9707205891609192
0.0,True,0.0,1.0,0.0,7501,0.9620255827903748
0.0,True,0.0,1.0,0.0,7502,0.8060190081596375
0.0,True,0.0,1.0,0.0,7503,0.982812225818634
0.0,True,0.0,1.0,0.0,7504,0.9914076924324036
0.0,True,0.0,1.0,0.0,7505,0.6716291904449463
0.0,True,0.0,1.0,0.0,7506,0.14648056030273438
0.0,True,0.0,1.0,0.0,7507,0.6310785412788391
0.0,True,0.0,1.0,0.0,7508,0.8756668567657471
0.0,True,0.0,1.0,0.0,7509,0.5626824498176575
0.0,False,0.0,1.0,0.0,7510,0.0737433210015297
0.0,True,0.0,1.0,0.0,7511,0.12144426256418228
0.0,False,0.0,1.0,0.0,7512,0.7790875434875488
0.0,True,0.0,1.0,0.0,7513,0.0054313973523676395
0.0,True,0.0,1.0,0.0,7514,0.4759194850921631
0.0,False,0.0,1.0,0.0,7515,0.2804766297340393
0.0,True,0.0,1.0,0.0,7516,0.5285596251487732
0.0,True,0.0,1.0,0.0,7517,0.9132838249206543
0.0,False,0.0,1.0,0.0,7518,0.16105706989765167
0.0,True,0.0,1.0,0.0,7519,0.4335233271121979
0.0,True,0.0,1.0,0.0,7520,0.23446042835712433
0.0,True,0.0,1.0,0.0,7521,0.07798262685537338
0.0,True,0.0,1.0,0.0,7522,0.41976624727249146
0.0,True,0.0,1.0,0.0,7523,0.6578303575515747
0.0,True,0.0,1.0,0.0,7524,0.06169842183589935
0.0,True,0.0,1.0,0.0,7525,0.9028905630111694
0.0,True,0.0,1.0,0.0,7526,0.4173988699913025
0.0,True,0.0,1.0,0.0,7527,0.3808956444263458
0.0,False,0.0,1.0,0.0,7528,0.6619900465011597
0.0,True,0.0,1.0,0.0,7529,0.5310339331626892
0.0,True,0.0,1.0,0.0,7530,0.42855799198150635
0.0,True,0.0,1.0,0.0,7531,0.5169461965560913
0.0,False,0.0,1.0,0.0,7532,0.9056519865989685
0.0,True,0.0,1.0,0.0,7533,0.34988540410995483
0.0,False,0.0,1.0,0.0,7534,0.3423449993133545
0.0,True,0.0,1.0,0.0,7535,0.01134980283677578
0.0,True,0.0,1.0,0.0,7536,0.8857284188270569
0.0,True,0.0,1.0,0.0,7537,0.4391153156757355
0.0,True,0.0,1.0,0.0,7538,0.9891830682754517
0.0,True,0.0,1.0,0.0,7539,0.10603761672973633
0.0,True,0.0,1.0,0.0,7540,0.9941869974136353
0.0,False,0.0,1.0,0.0,7541,0.38939714431762695
0.0,True,0.0,1.0,0.0,7542,0.6231082081794739
0.0,True,0.0,1.0,0.0,7543,0.4639224112033844
0.0,False,0.0,1.0,0.0,7544,0.2892843782901764
0.0,True,0.0,1.0,0.0,7545,0.4054173529148102
0.0,True,0.0,1.0,0.0,7546,0.7916345000267029
0.0,False,0.0,1.0,0.0,7547,0.019063245505094528
0.0,True,0.0,1.0,0.0,7548,0.7182183861732483
0.0,True,0.0,1.0,0.0,7549,0.383741170167923
0.0,True,0.0,1.0,0.0,7550,0.9380602240562439
0.0,False,0.0,1.0,0.0,7551,0.5381266474723816
0.0,True,0.0,1.0,0.0,7552,0.5795515775680542
0.0,True,0.0,1.0,0.0,7553,0.3773561120033264
0.0,True,0.0,1.0,0.0,7554,0.7129881978034973
0.0,True,0.0,1.0,0.0,7555,0.26874208450317383
0.0,False,0.0,1.0,0.0,7556,0.13505242764949799
0.0,False,0.0,1.0,0.0,7557,0.4236074686050415
0.0,False,0.0,1.0,0.0,7558,0.2137315422296524
0.0,True,0.0,1.0,0.0,7559,0.5211107730865479
0.0,True,0.0,1.0,0.0,7560,0.9124245643615723
0.0,True,0.0,1.0,0.0,7561,0.5132911801338196
0.0,False,0.0,1.0,0.0,7562,0.7572681903839111
0.0,False,0.0,1.0,0.0,7563,0.8161462545394897
0.0,True,0.0,1.0,0.0,7564,0.28248780965805054
0.0,True,0.0,1.0,0.0,7565,0.33422401547431946
0.0,True,0.0,1.0,0.0,7566,0.2438742220401764
0.0,True,0.0,1.0,0.0,7567,0.8716270923614502
0.0,True,0.0,1.0,0.0,7568,0.2724222242832184
0.0,True,0.0,1.0,0.0,7569,0.5332298874855042
0.0,True,0.0,1.0,0.0,7570,0.607755720615387
0.0,True,0.0,1.0,0.0,7571,0.6761699914932251
0.0,False,0.0,1.0,0.0,7572,0.3588961660861969
0.0,True,0.0,1.0,0.0,7573,0.9785586595535278
0.0,False,0.0,1.0,0.0,7574,0.4403926432132721
0.0,False,0.0,1.0,0.0,7575,0.07396604120731354
0.0,False,0.0,1.0,0.0,7576,0.22008539736270905
0.0,False,0.0,0.0,0.0,6553,0.13101500272750854
0.0,False,0.0,0.0,0.0,6554,0.5588263273239136
0.0,False,0.0,0.0,0.0,6555,0.015569046139717102
0.0,False,0.0,0.0,0.0,6556,0.3440309464931488
0.0,False,0.0,0.0,0.0,6557,0.17355450987815857
0.0,False,0.0,0.0,0.0,6558,0.2778722047805786
0.0,False,0.0,0.0,0.0,6559,0.07212680578231812
0.0,False,0.0,0.0,0.0,6560,0.05105365440249443
0.0,False,0.0,0.0,0.0,6561,0.2798859775066376
0.0,False,0.0,0.0,0.0,6562,0.6492665410041809
0.0,False,0.0,0.0,0.0,6563,0.2867070138454437
0.0,False,0.0,0.0,0.0,6564,0.1764216274023056
0.0,False,0.0,0.0,0.0,6565,0.3208337724208832
0.0,False,0.0,0.0,0.0,6566,0.2111278623342514
0.0,False,0.0,0.0,0.0,6567,0.4007420241832733
0.0,False,0.0,0.0,0.0,6568,0.12167461216449738
0.0,False,0.0,0.0,0.0,6569,0.03318129852414131
0.0,False,0.0,0.0,0.0,6570,0.11955273896455765
0.0,False,0.0,0.0,0.0,6571,0.10617055743932724
0.0,True,0.0,0.0,0.0,6572,0.7911038994789124
0.0,False,0.0,0.0,0.0,6573,0.03142065927386284
0.0,False,0.0,0.0,0.0,6574,0.4447805881500244
0.0,False,0.0,0.0,0.0,6575,0.2175063192844391
0.0,False,0.0,0.0,0.0,6576,0.06733673065900803
0.0,False,0.0,0.0,0.0,6577,0.4230390191078186
0.0,False,0.0,0.0,0.0,6578,0.286681592464447
0.0,False,0.0,0.0,0.0,6579,0.10698555409908295
0.0,False,0.0,0.0,0.0,6580,0.0712093785405159
0.0,True,0.0,0.0,0.0,6581,0.9032978415489197
0.0,False,0.0,0.0,0.0,6582,0.04899836704134941
0.0,False,0.0,0.0,0.0,6583,0.09011811017990112
0.0,False,0.0,0.0,0.0,6584,0.230916365981102
0.0,False,0.0,0.0,0.0,6585,0.07562898099422455
0.0,False,0.0,0.0,0.0,6586,0.06635649502277374
0.0,False,0.0,0.0,0.0,6587,0.038563963025808334
0.0,False,0.0,0.0,0.0,6588,0.004438895266503096
0.0,False,0.0,0.0,0.0,6589,0.16967546939849854
0.0,False,0.0,0.0,0.0,6590,0.062035419046878815
0.0,False,0.0,0.0,0.0,6591,0.7069514393806458
0.0,False,0.0,0.0,0.0,6592,0.05192449316382408
0.0,False,0.0,0.0,0.0,6593,0.03228413313627243
0.0,False,0.0,0.0,0.0,6594,0.011089947074651718
0.0,False,0.0,0.0,0.0,6595,0.5416846871376038
0.0,False,0.0,0.0,0.0,6596,0.1394507884979248
0.0,False,0.0,0.0,0.0,6597,0.18126702308654785
0.0,False,0.0,0.0,0.0,6598,0.1403806209564209
0.0,False,0.0,0.0,0.0,6599,0.1684725284576416
0.0,False,0.0,0.0,0.0,6600,0.07607623189687729
0.0,False,0.0,0.0,0.0,6601,0.3201269507408142
0.0,False,0.0,0.0,0.0,6602,0.1491801142692566
0.0,False,0.0,0.0,0.0,6603,0.5847892165184021
0.0,False,0.0,0.0,0.0,6604,0.5691820383071899
0.0,False,0.0,0.0,0.0,6605,0.6065135598182678
0.0,False,0.0,0.0,0.0,6606,0.08541639149188995
0.0,True,0.0,0.0,0.0,6607,0.10723788291215897
0.0,False,0.0,0.0,0.0,6608,0.06623373925685883
0.0,False,0.0,0.0,0.0,6609,0.12271099537611008
0.0,False,0.0,0.0,0.0,6610,0.05428219959139824
0.0,False,0.0,0.0,0.0,6611,0.6045499444007874
0.0,False,0.0,0.0,0.0,6612,0.35104435682296753
0.0,False,0.0,0.0,0.0,6613,0.030288903042674065
0.0,True,0.0,0.0,0.0,6614,0.13050536811351776
0.0,False,0.0,0.0,0.0,6615,0.06154234707355499
0.0,False,0.0,0.0,0.0,6616,0.07733967900276184
0.0,False,0.0,0.0,0.0,6617,0.42991816997528076
0.0,False,0.0,0.0,0.0,6618,0.10988159477710724
0.0,False,0.0,0.0,0.0,6619,0.6846582889556885
0.0,False,0.0,0.0,0.0,6620,0.6455421447753906
0.0,False,0.0,0.0,0.0,6621,0.20557886362075806
0.0,False,0.0,0.0,0.0,6622,0.25437137484550476
0.0,False,0.0,0.0,0.0,6623,0.6940835118293762
0.0,False,0.0,0.0,0.0,6624,0.04874422773718834
0.0,False,0.0,0.0,0.0,6625,0.12226969748735428
0.0,False,0.0,0.0,0.0,6626,0.8309388160705566
0.0,False,0.0,0.0,0.0,6627,0.015427476726472378
0.0,False,0.0,0.0,0.0,6628,0.09970570355653763
0.0,False,0.0,0.0,0.0,6629,0.05224408209323883
0.0,False,0.0,0.0,0.0,6630,0.008899452164769173
0.0,False,0.0,0.0,0.0,6631,0.023320991545915604
0.0,False,0.0,0.0,0.0,6632,0.05764260143041611
0.0,False,0.0,0.0,0.0,6633,0.036336012184619904
0.0,False,0.0,0.0,0.0,6634,0.15671859681606293
0.0,False,0.0,0.0,0.0,6635,0.025650665163993835
0.0,False,0.0,0.0,0.0,6636,0.4305720627307892
0.0,False,0.0,0.0,0.0,6637,0.005875150673091412
0.0,False,0.0,0.0,0.0,6638,0.8095510601997375
0.0,False,0.0,0.0,0.0,6639,0.25243160128593445
0.0,False,0.0,0.0,0.0,6640,0.14055460691452026
0.0,False,0.0,0.0,0.0,6641,0.43132051825523376
0.0,False,0.0,0.0,0.0,6642,0.4346006214618683
0.0,False,0.0,0.0,0.0,6643,0.4286722242832184
0.0,False,0.0,0.0,0.0,6644,0.4980813264846802
0.0,False,0.0,0.0,0.0,6645,0.4986023008823395
0.0,False,0.0,0.0,0.0,6646,0.7468088269233704
0.0,False,0.0,0.0,0.0,6647,0.043487630784511566
0.0,False,0.0,0.0,0.0,6648,0.05843030661344528
0.0,False,0.0,0.0,0.0,6649,0.1024354100227356
0.0,False,0.0,0.0,0.0,6650,0.31391292810440063
0.0,False,0.0,0.0,0.0,6651,0.3224094808101654
0.0,False,0.0,0.0,0.0,6652,0.4195287823677063
0.0,False,0.0,0.0,0.0,6653,0.09325305372476578
0.0,True,0.0,0.0,0.0,6654,0.9620335102081299
0.0,False,0.0,0.0,0.0,6655,0.7241300940513611
0.0,False,0.0,0.0,0.0,6656,0.07228516787290573
0.0,False,0.0,0.0,0.0,6657,0.47038593888282776
0.0,False,0.0,0.0,0.0,6658,0.020943697541952133
0.0,False,0.0,0.0,0.0,6659,0.05040546506643295
0.0,False,0.0,0.0,0.0,6660,0.10562149435281754
0.0,True,0.0,0.0,0.0,6661,0.3601163923740387
0.0,False,0.0,0.0,0.0,6662,0.2840884029865265
0.0,True,0.0,0.0,0.0,6663,0.546044647693634
0.0,False,0.0,0.0,0.0,6664,0.18298177421092987
0.0,False,0.0,0.0,0.0,6665,0.24115456640720367
0.0,False,0.0,0.0,0.0,6666,0.14771045744419098
0.0,False,0.0,0.0,0.0,6667,0.10678484290838242
0.0,False,0.0,0.0,0.0,6668,0.00569954514503479
0.0,True,0.0,0.0,0.0,6669,0.3700507879257202
0.0,False,0.0,0.0,0.0,6670,0.031394604593515396
0.0,False,0.0,0.0,0.0,6671,0.016695166006684303
0.0,False,0.0,0.0,0.0,6672,0.1182553619146347
0.0,True,0.0,0.0,0.0,6673,0.6254361271858215
0.0,False,0.0,0.0,0.0,6674,0.058135341852903366
0.0,False,0.0,0.0,0.0,6675,0.05583547428250313
0.0,False,0.0,0.0,0.0,6676,0.1493920534849167
0.0,False,0.0,0.0,0.0,6677,0.5659624338150024
0.0,False,0.0,0.0,0.0,6678,0.02464010752737522
0.0,False,0.0,0.0,0.0,6679,0.2984834909439087
0.0,False,0.0,0.0,0.0,6680,0.38988572359085083
0.0,False,0.0,0.0,0.0,6681,0.6223900318145752
0.0,False,0.0,0.0,0.0,6682,0.13729628920555115
0.0,True,0.0,0.0,0.0,6683,0.4155327379703522
0.0,False,0.0,0.0,0.0,6684,0.38479143381118774
0.0,False,0.0,0.0,0.0,6685,0.41108110547065735
0.0,False,0.0,0.0,0.0,6686,0.469514399766922
0.0,False,0.0,0.0,0.0,6687,0.047214459627866745
0.0,False,0.0,0.0,0.0,6688,0.03798331692814827
0.0,False,0.0,0.0,0.0,6689,0.49433663487434387
0.0,False,0.0,0.0,0.0,6690,0.10768675804138184
0.0,False,0.0,0.0,0.0,6691,0.14458011090755463
0.0,False,0.0,0.0,0.0,6692,0.47582271695137024
0.0,False,0.0,0.0,0.0,6693,0.005105557851493359
0.0,False,0.0,0.0,0.0,6694,0.07810116559267044
0.0,False,0.0,0.0,0.0,6695,0.16649512946605682
0.0,False,0.0,0.0,0.0,6696,0.38988521695137024
0.0,False,0.0,0.0,0.0,6697,0.02793906070291996
0.0,False,0.0,0.0,0.0,6698,0.1808815449476242
0.0,False,0.0,0.0,0.0,6699,0.058305900543928146
0.0,False,0.0,0.0,0.0,6700,0.3026770353317261
0.0,False,0.0,0.0,0.0,6701,0.19042645394802094
0.0,False,0.0,0.0,0.0,6702,0.024881508201360703
0.0,False,0.0,0.0,0.0,6703,0.02524229697883129
0.0,False,0.0,0.0,0.0,6704,0.018598362803459167
0.0,False,0.0,0.0,0.0,6705,0.49766385555267334
0.0,False,0.0,0.0,0.0,6706,0.05236024409532547
0.0,False,0.0,0.0,0.0,6707,0.2616235911846161
0.0,False,0.0,0.0,0.0,6708,0.05168798565864563
0.0,False,0.0,0.0,0.0,6709,0.1036674752831459
0.0,False,0.0,0.0,0.0,6710,0.3413155674934387
0.0,False,0.0,0.0,0.0,6711,0.024937046691775322
0.0,False,0.0,0.0,0.0,6712,0.009095736779272556
0.0,False,0.0,0.0,0.0,6713,0.15222187340259552
0.0,False,0.0,0.0,0.0,6714,0.5840203762054443
0.0,True,0.0,0.0,0.0,6715,0.5484241247177124
0.0,False,0.0,0.0,0.0,6716,0.6870139241218567
0.0,False,0.0,0.0,0.0,6717,0.025997672230005264
0.0,False,0.0,0.0,0.0,6718,0.2130534052848816
0.0,False,0.0,0.0,0.0,6719,0.3429436683654785
0.0,True,0.0,0.0,0.0,6720,0.5170382261276245
0.0,False,0.0,0.0,0.0,6721,0.0710095688700676
0.0,False,0.0,0.0,0.0,6722,0.4101038873195648
0.0,False,0.0,0.0,0.0,6723,0.5253812670707703
0.0,False,0.0,0.0,0.0,6724,0.049750301986932755
0.0,False,0.0,0.0,0.0,6725,0.026355084031820297
0.0,False,0.0,0.0,0.0,6726,0.46516939997673035
0.0,False,0.0,0.0,0.0,6727,0.015189997851848602
0.0,True,0.0,0.0,0.0,6728,0.0994139313697815
0.0,False,0.0,0.0,0.0,6729,0.09931419044733047
0.0,False,0.0,0.0,0.0,6730,0.14537528157234192
0.0,False,0.0,0.0,0.0,6731,0.09156902879476547
0.0,False,0.0,0.0,0.0,6732,0.5424832105636597
0.0,False,0.0,0.0,0.0,6733,0.026248985901474953
0.0,False,0.0,0.0,0.0,6734,0.04362604394555092
0.0,True,0.0,0.0,0.0,6735,0.15127252042293549
0.0,False,0.0,0.0,0.0,6736,0.4654673933982849
0.0,True,0.0,0.0,0.0,6737,0.4384588897228241
0.0,True,0.0,0.0,0.0,6738,0.0045951721258461475
0.0,False,0.0,0.0,0.0,6739,0.11011476814746857
0.0,False,0.0,0.0,0.0,6740,0.1814587414264679
0.0,False,0.0,0.0,0.0,6741,0.24092146754264832
0.0,False,0.0,0.0,0.0,6742,0.11010100692510605
0.0,False,0.0,0.0,0.0,6743,0.1727219671010971
0.0,False,0.0,0.0,0.0,6744,0.2984994649887085
0.0,True,0.0,0.0,0.0,6745,0.4573748707771301
0.0,False,0.0,0.0,0.0,6746,0.12838895618915558
0.0,False,0.0,0.0,0.0,6747,0.0164902713149786
0.0,False,0.0,0.0,0.0,6748,0.3460034132003784
0.0,False,0.0,0.0,0.0,6749,0.4535287916660309
0.0,True,0.0,0.0,0.0,6750,0.548660933971405
0.0,False,0.0,0.0,0.0,6751,0.3264504075050354
0.0,False,0.0,0.0,0.0,6752,0.41282474994659424
0.0,False,0.0,0.0,0.0,6753,0.27017757296562195
0.0,False,0.0,0.0,0.0,6754,0.22855567932128906
0.0,False,0.0,0.0,0.0,6755,0.2560831606388092
0.0,False,0.0,0.0,0.0,6756,0.3268621265888214
0.0,False,0.0,0.0,0.0,6757,0.6461684703826904
0.0,True,0.0,0.0,0.0,6758,0.23239286243915558
0.0,False,0.0,0.0,0.0,6759,0.16283845901489258
0.0,False,0.0,0.0,0.0,6760,0.6092290878295898
0.0,False,0.0,0.0,0.0,6761,0.47475332021713257
0.0,False,0.0,0.0,0.0,6762,0.1723499596118927
0.0,False,0.0,0.0,0.0,6763,0.04665326327085495
0.0,False,0.0,0.0,0.0,6764,0.16343483328819275
0.0,False,0.0,0.0,0.0,6765,0.11683381348848343
0.0,False,0.0,0.0,0.0,6766,0.2781035900115967
0.0,False,0.0,0.0,0.0,6767,0.06472298502922058
0.0,True,0.0,0.0,0.0,6768,0.9622005820274353
0.0,False,0.0,0.0,0.0,6769,0.3200090229511261
0.0,False,0.0,0.0,0.0,6770,0.0923522487282753
0.0,False,0.0,0.0,0.0,6771,0.09854874759912491
0.0,False,0.0,0.0,0.0,6772,0.06760402768850327
0.0,False,0.0,0.0,0.0,6773,0.6769307255744934
0.0,False,0.0,0.0,0.0,6774,0.2542860805988312
0.0,False,0.0,0.0,0.0,6775,0.09309884160757065
0.0,False,0.0,0.0,0.0,6776,0.8422433137893677
0.0,False,0.0,0.0,0.0,6777,0.13971373438835144
0.0,False,0.0,0.0,0.0,6778,0.1397637277841568
0.0,False,0.0,0.0,0.0,6779,0.022771770134568214
0.0,False,0.0,0.0,0.0,6780,0.07126030325889587
0.0,False,0.0,0.0,0.0,6781,0.09956490993499756
0.0,False,0.0,0.0,0.0,6782,0.14073440432548523
0.0,False,0.0,0.0,0.0,6783,0.19986367225646973
0.0,False,0.0,0.0,0.0,6784,0.4926987290382385
0.0,False,0.0,0.0,0.0,6785,0.024011759087443352
0.0,False,0.0,0.0,0.0,6786,0.4774770438671112
0.0,False,0.0,0.0,0.0,6787,0.036781419068574905
0.0,False,0.0,0.0,0.0,6788,0.011551722884178162
0.0,False,0.0,0.0,0.0,6789,0.07376894354820251
0.0,False,0.0,0.0,0.0,6790,0.1955530047416687
0.0,False,0.0,0.0,0.0,6791,0.12659019231796265
0.0,False,0.0,0.0,0.0,6792,0.5003302693367004
0.0,False,0.0,0.0,0.0,6793,0.028539612889289856
0.0,True,0.0,0.0,0.0,6794,0.189159095287323
0.0,False,0.0,0.0,0.0,6795,0.18143528699874878
0.0,False,0.0,0.0,0.0,6796,0.11881322413682938
0.0,False,0.0,0.0,0.0,6797,0.25062695145606995
0.0,False,0.0,0.0,0.0,6798,0.5924182534217834
0.0,False,0.0,0.0,0.0,6799,0.09738422930240631
0.0,False,0.0,0.0,0.0,6800,0.3963123559951782
0.0,False,0.0,0.0,0.0,6801,0.07493749260902405
0.0,False,0.0,0.0,0.0,6802,0.3496488034725189
0.0,False,0.0,0.0,0.0,6803,0.020710578188300133
0.0,False,0.0,0.0,0.0,6804,0.5470829010009766
0.0,False,0.0,0.0,0.0,6805,0.27199503779411316
0.0,False,0.0,0.0,0.0,6806,0.3210843801498413
0.0,False,0.0,0.0,0.0,6807,0.05515776947140694
0.0,False,0.0,0.0,0.0,6808,0.18472377955913544
0.0,False,0.0,0.0,0.0,6809,0.1873198002576828
0.0,False,0.0,0.0,0.0,6810,0.06898079067468643
0.0,False,0.0,0.0,0.0,6811,0.5453138947486877
0.0,False,0.0,0.0,0.0,6812,0.6765432953834534
0.0,False,0.0,0.0,0.0,6813,0.028920132666826248
0.0,False,0.0,0.0,0.0,6814,0.35997363924980164
0.0,False,0.0,0.0,0.0,6815,0.28850847482681274
0.0,False,0.0,0.0,0.0,6816,0.294731080532074
0.0,False,0.0,0.0,0.0,6817,0.09359318017959595
0.0,False,0.0,0.0,0.0,6818,0.7255581617355347
0.0,False,0.0,0.0,0.0,6819,0.08627104014158249
0.0,False,0.0,0.0,0.0,6820,0.21730102598667145
0.0,False,0.0,0.0,0.0,6821,0.07214019447565079
0.0,False,0.0,0.0,0.0,6822,0.34337738156318665
0.0,False,0.0,0.0,0.0,6823,0.1342824101448059
0.0,False,0.0,0.0,0.0,6824,0.4384247660636902
0.0,False,0.0,0.0,0.0,6825,0.3025731146335602
0.0,False,0.0,0.0,0.0,6826,0.1273096650838852
0.0,False,0.0,0.0,0.0,6827,0.623073935508728
0.0,False,0.0,0.0,0.0,6828,0.10738728195428848
0.0,False,0.0,0.0,0.0,6829,0.025026509538292885
0.0,False,0.0,0.0,0.0,6830,0.06592254340648651
0.0,False,0.0,0.0,0.0,6831,0.16220088303089142
0.0,False,0.0,0.0,0.0,6832,0.5144915580749512
0.0,False,0.0,0.0,0.0,6833,0.03832032158970833
0.0,False,0.0,0.0,0.0,6834,0.03422681614756584
0.0,False,0.0,0.0,0.0,6835,0.14186273515224457
0.0,False,0.0,0.0,0.0,6836,0.17941483855247498
0.0,False,0.0,0.0,0.0,6837,0.45682618021965027
0.0,False,0.0,0.0,0.0,6838,0.3681502044200897
0.0,False,0.0,0.0,0.0,6839,0.4822130501270294
0.0,False,0.0,0.0,0.0,6840,0.13502663373947144
0.0,False,0.0,0.0,0.0,6841,0.5422195792198181
0.0,False,0.0,0.0,0.0,6842,0.31610769033432007
0.0,False,0.0,0.0,0.0,6843,0.020469052717089653
0.0,True,0.0,0.0,0.0,6844,0.29799655079841614
0.0,False,0.0,0.0,0.0,6845,0.4200255274772644
0.0,False,0.0,0.0,0.0,6846,0.13470661640167236
0.0,False,0.0,0.0,0.0,6847,0.6175602674484253
0.0,False,0.0,0.0,0.0,6848,0.040823549032211304
0.0,False,0.0,0.0,0.0,6849,0.1359448879957199
0.0,False,0.0,0.0,0.0,6850,0.8743475675582886
0.0,False,0.0,0.0,0.0,6851,0.39233705401420593
0.0,False,0.0,0.0,0.0,6852,0.12049347162246704
0.0,False,0.0,0.0,0.0,6853,0.010515676811337471
0.0,False,0.0,0.0,0.0,6854,0.36961886286735535
0.0,False,0.0,0.0,0.0,6855,0.2544175088405609
0.0,False,0.0,0.0,0.0,6856,0.01872790977358818
0.0,False,0.0,0.0,0.0,6857,0.01897137053310871
0.0,True,0.0,0.0,0.0,6858,0.9302266240119934
0.0,False,0.0,0.0,0.0,6859,0.07179591059684753
0.0,False,0.0,0.0,0.0,6860,0.16731959581375122
0.0,False,0.0,0.0,0.0,6861,0.31097349524497986
0.0,False,0.0,0.0,0.0,6862,0.22329235076904297
0.0,False,0.0,0.0,0.0,6863,0.3235832452774048
0.0,False,0.0,0.0,0.0,6864,0.004848075099289417
0.0,False,0.0,0.0,0.0,6865,0.04600657895207405
0.0,False,0.0,0.0,0.0,6866,0.23355934023857117
0.0,False,0.0,0.0,0.0,6867,0.012119302526116371
0.0,False,0.0,0.0,0.0,6868,0.4435042440891266
0.0,False,0.0,0.0,0.0,6869,0.1689154952764511
0.0,False,0.0,0.0,0.0,6870,0.1633767932653427
0.0,False,0.0,0.0,0.0,6871,0.1714555025100708
0.0,False,0.0,0.0,0.0,6872,0.30093276500701904
0.0,False,0.0,0.0,0.0,6873,0.017739132046699524
0.0,False,0.0,0.0,0.0,6874,0.1377502828836441
0.0,False,0.0,0.0,0.0,6875,0.03785153478384018
0.0,False,0.0,0.0,0.0,6876,0.06627994775772095
0.0,False,0.0,0.0,0.0,6877,0.09959947317838669
0.0,False,0.0,0.0,0.0,6878,0.17846710979938507
0.0,False,0.0,0.0,0.0,6879,0.13099348545074463
0.0,False,0.0,0.0,0.0,6880,0.5233727097511292
0.0,False,0.0,0.0,0.0,6881,0.10781197994947433
0.0,False,0.0,0.0,0.0,6882,0.22005416452884674
0.0,False,0.0,0.0,0.0,6883,0.6849083304405212
0.0,False,0.0,0.0,0.0,6884,0.035962268710136414
0.0,False,0.0,0.0,0.0,6885,0.0568477138876915
0.0,False,0.0,0.0,0.0,6886,0.050576549023389816
0.0,False,0.0,0.0,0.0,6887,0.0548369362950325
0.0,False,0.0,0.0,0.0,6888,0.15973034501075745
0.0,False,0.0,0.0,0.0,6889,0.027330322191119194
0.0,False,0.0,0.0,0.0,6890,0.07980461418628693
0.0,False,0.0,0.0,0.0,6891,0.15780502557754517
0.0,False,0.0,0.0,0.0,6892,0.7528290152549744
0.0,False,0.0,0.0,0.0,6893,0.4524472951889038
0.0,True,0.0,0.0,0.0,6894,0.1399136483669281
0.0,False,0.0,0.0,0.0,6895,0.1104007214307785
0.0,False,0.0,0.0,0.0,6896,0.5246686935424805
0.0,False,0.0,0.0,0.0,6897,0.2768401801586151
0.0,False,0.0,0.0,0.0,6898,0.1716293841600418
0.0,False,0.0,0.0,0.0,6899,0.09860087931156158
0.0,False,0.0,0.0,0.0,6900,0.2895490527153015
0.0,False,0.0,0.0,0.0,6901,0.014937160536646843
0.0,False,0.0,0.0,0.0,6902,0.012184073217213154
0.0,False,0.0,0.0,0.0,6903,0.024607455357909203
0.0,False,0.0,0.0,0.0,6904,0.6702359914779663
0.0,False,0.0,0.0,0.0,6905,0.01566404663026333
0.0,False,0.0,0.0,0.0,6906,0.15590642392635345
0.0,False,0.0,0.0,0.0,6907,0.2992304265499115
0.0,False,0.0,0.0,0.0,6908,0.006475234869867563
0.0,False,0.0,0.0,0.0,6909,0.10060427337884903
0.0,False,0.0,0.0,0.0,6910,0.25887545943260193
0.0,False,0.0,0.0,0.0,6911,0.15136967599391937
0.0,False,0.0,0.0,0.0,6912,0.17816750705242157
0.0,False,0.0,0.0,0.0,6913,0.19881343841552734
0.0,False,0.0,0.0,0.0,6914,0.45123565196990967
0.0,False,0.0,0.0,0.0,6915,0.249988853931427
0.0,False,0.0,0.0,0.0,6916,0.18293464183807373
0.0,False,0.0,0.0,0.0,6917,0.29218754172325134
0.0,False,0.0,0.0,0.0,6918,0.15442702174186707
0.0,False,0.0,0.0,0.0,6919,0.16316437721252441
0.0,False,0.0,0.0,0.0,6920,0.32862862944602966
0.0,False,0.0,0.0,0.0,6921,0.86245197057724
0.0,False,0.0,0.0,0.0,6922,0.2663876414299011
0.0,False,0.0,0.0,0.0,6923,0.08254948258399963
0.0,False,0.0,0.0,0.0,6924,0.18844661116600037
0.0,False,0.0,0.0,0.0,6925,0.28192198276519775
0.0,False,0.0,0.0,0.0,6926,0.2974588871002197
0.0,False,0.0,0.0,0.0,6927,0.6121996641159058
0.0,False,0.0,0.0,0.0,6928,0.14998431503772736
0.0,False,0.0,0.0,0.0,6929,0.3144933581352234
0.0,False,0.0,0.0,0.0,6930,0.04042689874768257
0.0,False,0.0,0.0,0.0,6931,0.5426230430603027
0.0,False,0.0,0.0,0.0,6932,0.049088310450315475
0.0,False,0.0,0.0,0.0,6933,0.4589746594429016
0.0,False,0.0,0.0,0.0,6934,0.034413836896419525
0.0,False,0.0,0.0,0.0,6935,0.016661453992128372
0.0,False,0.0,0.0,0.0,6936,0.06435210257768631
0.0,False,0.0,0.0,0.0,6937,0.02244267426431179
0.0,False,0.0,0.0,0.0,6938,0.01675688661634922
0.0,False,0.0,0.0,0.0,6939,0.04449167847633362
0.0,False,0.0,0.0,0.0,6940,0.284167617559433
0.0,False,0.0,0.0,0.0,6941,0.8060111403465271
0.0,False,0.0,0.0,0.0,6942,0.057455647736787796
0.0,False,0.0,0.0,0.0,6943,0.5099530220031738
0.0,False,0.0,0.0,0.0,6944,0.055405594408512115
0.0,False,0.0,0.0,0.0,6945,0.34546810388565063
0.0,False,0.0,0.0,0.0,6946,0.5700905919075012
0.0,False,0.0,0.0,0.0,6947,0.06654170155525208
0.0,False,0.0,0.0,0.0,6948,0.5307239890098572
0.0,False,0.0,0.0,0.0,6949,0.029838936403393745
0.0,False,0.0,0.0,0.0,6950,0.10297147184610367
0.0,False,0.0,0.0,0.0,6951,0.03077351488173008
0.0,False,0.0,0.0,0.0,6952,0.486549973487854
0.0,False,0.0,0.0,0.0,6953,0.15908469259738922
0.0,False,0.0,0.0,0.0,6954,0.6286157369613647
0.0,False,0.0,0.0,0.0,6955,0.5979686379432678
0.0,False,0.0,0.0,0.0,6956,0.21087367832660675
0.0,False,0.0,0.0,0.0,6957,0.07812351733446121
0.0,False,0.0,0.0,0.0,6958,0.013972774147987366
0.0,False,0.0,0.0,0.0,6959,0.2528020143508911
0.0,False,0.0,0.0,0.0,6960,0.04295380786061287
0.0,False,0.0,0.0,0.0,6961,0.20521730184555054
0.0,False,0.0,0.0,0.0,6962,0.10107269883155823
0.0,False,0.0,0.0,0.0,6963,0.08356054127216339
0.0,False,0.0,0.0,0.0,6964,0.01592640019953251
0.0,False,0.0,0.0,0.0,6965,0.596019446849823
0.0,False,0.0,0.0,0.0,6966,0.032620202749967575
0.0,True,0.0,0.0,0.0,6967,0.003873436711728573
0.0,False,0.0,0.0,0.0,6968,0.13290062546730042
0.0,False,0.0,0.0,0.0,6969,0.10749965906143188
0.0,False,0.0,0.0,0.0,6970,0.03952978923916817
0.0,True,0.0,0.0,0.0,6971,0.4765092432498932
0.0,False,0.0,0.0,0.0,6972,0.006341859698295593
0.0,False,0.0,0.0,0.0,6973,0.08464256674051285
0.0,False,0.0,0.0,0.0,6974,0.4608045816421509
0.0,False,0.0,0.0,0.0,6975,0.04753866419196129
0.0,False,0.0,0.0,0.0,6976,0.4013328552246094
0.0,False,0.0,0.0,0.0,6977,0.12539322674274445
0.0,False,0.0,0.0,0.0,6978,0.1521141231060028
0.0,False,0.0,0.0,0.0,6979,0.028401853516697884
0.0,False,0.0,0.0,0.0,6980,0.04681064561009407
0.0,False,0.0,0.0,0.0,6981,0.08590575307607651
0.0,False,0.0,0.0,0.0,6982,0.004710283130407333
0.0,False,0.0,0.0,0.0,6983,0.07296538352966309
0.0,True,0.0,0.0,0.0,6984,0.06611083447933197
0.0,False,0.0,0.0,0.0,6985,0.04723915457725525
0.0,False,0.0,0.0,0.0,6986,0.007267561741173267
0.0,False,0.0,0.0,0.0,6987,0.18323877453804016
0.0,False,0.0,0.0,0.0,6988,0.031310904771089554
0.0,True,0.0,0.0,0.0,6989,0.9044095873832703
0.0,False,0.0,0.0,0.0,6990,0.013153107836842537
0.0,False,0.0,0.0,0.0,6991,0.409158319234848
0.0,False,0.0,0.0,0.0,6992,0.09174063056707382
0.0,False,0.0,0.0,0.0,6993,0.050148747861385345
0.0,False,0.0,0.0,0.0,6994,0.2795138359069824
0.0,False,0.0,0.0,0.0,6995,0.011553383432328701
0.0,False,0.0,0.0,0.0,6996,0.4900926947593689
0.0,False,0.0,0.0,0.0,6997,0.4982173442840576
0.0,False,0.0,0.0,0.0,6998,0.9337285757064819
0.0,False,0.0,0.0,0.0,6999,0.125762939453125
0.0,False,0.0,0.0,0.0,7000,0.26669958233833313
0.0,False,0.0,0.0,0.0,7001,0.04264716058969498
0.0,False,0.0,0.0,0.0,7002,0.4494094252586365
0.0,False,0.0,0.0,0.0,7003,0.034964319318532944
0.0,False,0.0,0.0,0.0,7004,0.008300828747451305
0.0,False,0.0,0.0,0.0,7005,0.6725419163703918
0.0,False,0.0,0.0,0.0,7006,0.11254902929067612
0.0,False,0.0,0.0,0.0,7007,0.005460317712277174
0.0,False,0.0,0.0,0.0,7008,0.5880199670791626
0.0,False,0.0,0.0,0.0,7009,0.5193900465965271
0.0,False,0.0,0.0,0.0,7010,0.493687242269516
0.0,False,0.0,0.0,0.0,7011,0.053549859672784805
0.0,False,0.0,0.0,0.0,7012,0.588982105255127
0.0,False,0.0,0.0,0.0,7013,0.20220893621444702
0.0,False,0.0,0.0,0.0,7014,0.8458017706871033
0.0,False,0.0,0.0,0.0,7015,0.12384385615587234
0.0,False,0.0,0.0,0.0,7016,0.03915800526738167
0.0,False,0.0,0.0,0.0,7017,0.08337034285068512
0.0,False,0.0,0.0,0.0,7018,0.22668741643428802
0.0,False,0.0,0.0,0.0,7019,0.20322145521640778
0.0,False,0.0,0.0,0.0,7020,0.8655507564544678
0.0,False,0.0,0.0,0.0,7021,0.376723051071167
0.0,False,0.0,0.0,0.0,7022,0.17648236453533173
0.0,False,0.0,0.0,0.0,7023,0.06443861871957779
0.0,False,0.0,0.0,0.0,7024,0.1912153959274292
0.0,False,0.0,0.0,0.0,7025,0.13300369679927826
0.0,False,0.0,0.0,0.0,7026,0.42603763937950134
0.0,False,0.0,0.0,0.0,7027,0.1637413650751114
0.0,False,0.0,0.0,0.0,7028,0.2440890073776245
0.0,False,0.0,0.0,0.0,7029,0.1980268955230713
0.0,False,0.0,0.0,0.0,7030,0.576490581035614
0.0,False,0.0,0.0,0.0,7031,0.03739120066165924
0.0,False,0.0,0.0,0.0,7032,0.018158016726374626
0.0,False,0.0,0.0,0.0,7033,0.46868979930877686
0.0,False,0.0,0.0,0.0,7034,0.09841840714216232
0.0,False,0.0,0.0,0.0,7035,0.038378968834877014
0.0,False,0.0,0.0,0.0,7036,0.5797958970069885
0.0,False,0.0,0.0,0.0,7037,0.20123904943466187
0.0,False,0.0,0.0,0.0,7038,0.1295689344406128
0.0,False,0.0,0.0,0.0,7039,0.10966216027736664
0.0,False,0.0,0.0,0.0,7040,0.28236526250839233
0.0,False,0.0,0.0,0.0,7041,0.09932009875774384
0.0,False,0.0,0.0,0.0,7042,0.3558814823627472
0.0,False,0.0,0.0,0.0,7043,0.15304511785507202
0.0,False,0.0,0.0,0.0,7044,0.04588613286614418
0.0,False,0.0,0.0,0.0,7045,0.04766989126801491
0.0,False,0.0,0.0,0.0,7046,0.48145318031311035
0.0,False,0.0,0.0,0.0,7047,0.08225750923156738
0.0,False,0.0,0.0,0.0,7048,0.1692890077829361
0.0,False,0.0,0.0,0.0,7049,0.15258967876434326
0.0,False,0.0,0.0,0.0,7050,0.32847198843955994
0.0,False,0.0,0.0,0.0,7051,0.34375083446502686
0.0,False,0.0,0.0,0.0,7052,0.37753981351852417
0.0,False,0.0,0.0,0.0,7053,0.39765918254852295
0.0,False,0.0,0.0,0.0,7054,0.26718032360076904
0.0,False,0.0,0.0,0.0,7055,0.34949979186058044
0.0,False,0.0,0.0,0.0,7056,0.004185331054031849
0.0,False,0.0,0.0,0.0,7057,0.33869215846061707
0.0,False,0.0,0.0,0.0,7058,0.38275888562202454
0.0,False,0.0,0.0,0.0,7059,0.4646483063697815
0.0,False,0.0,0.0,0.0,7060,0.08667110651731491
0.0,False,0.0,0.0,0.0,7061,0.4412873685359955
0.0,False,0.0,0.0,0.0,7062,0.37423640489578247
0.0,False,0.0,0.0,0.0,7063,0.22031272947788239
0.0,False,0.0,0.0,0.0,7064,0.3044664263725281
0.0,False,0.0,0.0,0.0,7065,0.07128684222698212
0.0,False,0.0,0.0,0.0,7066,0.07590196281671524
0.0,False,0.0,0.0,0.0,7067,0.3430241048336029
0.0,False,0.0,0.0,0.0,7068,0.05695034936070442
0.0,False,0.0,0.0,0.0,7069,0.1427089273929596
0.0,False,0.0,0.0,0.0,7070,0.44683438539505005
0.0,True,0.0,0.0,0.0,7071,0.49778398871421814
0.0,False,0.0,0.0,0.0,7072,0.5602173805236816
0.0,False,0.0,0.0,0.0,7073,0.26479673385620117
0.0,False,0.0,0.0,0.0,7074,0.5356579422950745
0.0,False,0.0,0.0,0.0,7075,0.09116113930940628
0.0,False,0.0,0.0,0.0,7076,0.13755831122398376
0.0,True,0.0,0.0,0.0,7077,0.4833325743675232
0.0,False,0.0,0.0,0.0,7078,0.26693084836006165
0.0,False,0.0,0.0,0.0,7079,0.14064720273017883
0.0,False,0.0,0.0,0.0,7080,0.7216405272483826
0.0,False,0.0,0.0,0.0,7081,0.08346553146839142
0.0,False,0.0,0.0,0.0,7082,0.8875200748443604
0.0,False,0.0,0.0,0.0,7083,0.04344343766570091
0.0,False,0.0,0.0,0.0,7084,0.07237330824136734
0.0,False,0.0,0.0,0.0,7085,0.23085424304008484
0.0,False,0.0,0.0,0.0,7086,0.03256931155920029
0.0,False,0.0,0.0,0.0,7087,0.20857617259025574
0.0,False,0.0,0.0,0.0,7088,0.15108978748321533
0.0,False,0.0,0.0,0.0,7089,0.6808653473854065
0.0,False,0.0,0.0,0.0,7090,0.061261337250471115
0.0,False,0.0,0.0,0.0,7091,0.278535395860672
0.0,False,0.0,0.0,0.0,7092,0.13094563782215118
0.0,True,0.0,0.0,0.0,7093,0.8486422300338745
0.0,False,0.0,0.0,0.0,7094,0.7973625659942627
0.0,False,0.0,0.0,0.0,7095,0.686988890171051
0.0,False,0.0,0.0,0.0,7096,0.31344813108444214
0.0,False,0.0,0.0,0.0,7097,0.39306214451789856
0.0,False,0.0,0.0,0.0,7098,0.14592961966991425
0.0,False,0.0,0.0,0.0,7099,0.48244762420654297
0.0,False,0.0,0.0,0.0,7100,0.22366338968276978
0.0,False,0.0,0.0,0.0,7101,0.03442894667387009
0.0,False,0.0,0.0,0.0,7102,0.28269723057746887
0.0,False,0.0,0.0,0.0,7103,0.6219211220741272
0.0,False,0.0,0.0,0.0,7104,0.08925624936819077
0.0,False,0.0,0.0,0.0,7105,0.6820166707038879
0.0,False,0.0,0.0,0.0,7106,0.5703344345092773
0.0,False,0.0,0.0,0.0,7107,0.06893490254878998
0.0,False,0.0,0.0,0.0,7108,0.15112453699111938
0.0,False,0.0,0.0,0.0,7109,0.1293417513370514
0.0,False,0.0,0.0,0.0,7110,0.07281630486249924
0.0,False,0.0,0.0,0.0,7111,0.08601944148540497
0.0,False,0.0,0.0,0.0,7112,0.32853713631629944
0.0,True,0.0,0.0,0.0,7113,0.7129265069961548
0.0,False,0.0,0.0,0.0,7114,0.28062403202056885
0.0,False,0.0,0.0,0.0,7115,0.005203630775213242
0.0,False,0.0,0.0,0.0,7116,0.5437513589859009
0.0,False,0.0,0.0,0.0,7117,0.00423100870102644
0.0,False,0.0,0.0,0.0,7118,0.0520758293569088
0.0,False,0.0,0.0,0.0,7119,0.17557542026042938
0.0,False,0.0,0.0,0.0,7120,0.14357280731201172
0.0,False,0.0,0.0,0.0,7121,0.10271194577217102
0.0,False,0.0,0.0,0.0,7122,0.5103040337562561
0.0,False,0.0,0.0,0.0,7123,0.14553871750831604
0.0,False,0.0,0.0,0.0,7124,0.5614222288131714
0.0,False,0.0,0.0,0.0,7125,0.5649138689041138
0.0,False,0.0,0.0,0.0,7126,0.2966141700744629
0.0,False,0.0,0.0,0.0,7127,0.06309976428747177
0.0,False,0.0,0.0,0.0,7128,0.8798971772193909
0.0,False,0.0,0.0,0.0,7129,0.6936843991279602
0.0,False,0.0,0.0,0.0,7130,0.6292775273323059
0.0,False,0.0,0.0,0.0,7131,0.16264602541923523
0.0,False,0.0,0.0,0.0,7132,0.18085956573486328
0.0,False,0.0,0.0,0.0,7133,0.5576756000518799
0.0,False,0.0,0.0,0.0,7134,0.08800394833087921
0.0,False,0.0,0.0,0.0,7135,0.06126908212900162
0.0,False,0.0,0.0,0.0,7136,0.058104269206523895
0.0,False,0.0,0.0,0.0,7137,0.01686769537627697
0.0,False,0.0,0.0,0.0,7138,0.23590801656246185
0.0,False,0.0,0.0,0.0,7139,0.11545060575008392
0.0,False,0.0,0.0,0.0,7140,0.43354156613349915
0.0,False,0.0,0.0,0.0,7141,0.15992790460586548
0.0,False,0.0,0.0,0.0,7142,0.312240868806839
0.0,False,0.0,0.0,0.0,7143,0.6665353775024414
0.0,False,0.0,0.0,0.0,7144,0.16158850491046906
0.0,False,0.0,0.0,0.0,7145,0.07055637240409851
0.0,False,0.0,0.0,0.0,7146,0.044042620807886124
0.0,False,0.0,0.0,0.0,7147,0.03304896876215935
0.0,False,0.0,0.0,0.0,7148,0.07948027551174164
0.0,False,0.0,0.0,0.0,7149,0.024047592654824257
0.0,False,0.0,0.0,0.0,7150,0.2951703667640686
0.0,False,0.0,0.0,0.0,7151,0.010898744687438011
0.0,False,0.0,0.0,0.0,7152,0.895954430103302
0.0,False,0.0,0.0,0.0,7153,0.16481469571590424
0.0,False,0.0,0.0,0.0,7154,0.10726279765367508
0.0,False,0.0,0.0,0.0,7155,0.682327389717102
0.0,False,0.0,0.0,0.0,7156,0.14591540396213531
0.0,False,0.0,0.0,0.0,7157,0.18515869975090027
0.0,False,0.0,0.0,0.0,7158,0.03444082662463188
0.0,True,0.0,0.0,0.0,7159,0.4839487671852112
0.0,False,0.0,0.0,0.0,7160,0.10615258663892746
0.0,False,0.0,0.0,0.0,7161,0.3146417737007141
0.0,False,0.0,0.0,0.0,7162,0.22035551071166992
0.0,False,0.0,0.0,0.0,7163,0.7230331301689148
0.0,False,0.0,0.0,0.0,7164,0.0433691032230854
0.0,False,0.0,0.0,0.0,7165,0.14113563299179077
0.0,False,0.0,0.0,0.0,7166,0.03540612384676933
0.0,False,0.0,0.0,0.0,7167,0.027477776631712914
0.0,False,0.0,0.0,0.0,7168,0.06779579073190689
0.0,False,0.0,0.0,0.0,7169,0.5068604350090027
0.0,False,0.0,0.0,0.0,7170,0.5551750063896179
0.0,False,0.0,0.0,0.0,7171,0.05572110787034035
0.0,False,0.0,0.0,0.0,7172,0.015776118263602257
0.0,False,0.0,0.0,0.0,7173,0.7049270272254944
0.0,False,0.0,0.0,0.0,7174,0.3649570643901825
0.0,False,0.0,0.0,0.0,7175,0.12239336222410202
0.0,False,0.0,0.0,0.0,7176,0.2598645091056824
0.0,False,0.0,0.0,0.0,7177,0.11923041194677353
0.0,False,0.0,0.0,0.0,7178,0.002400107914581895
0.0,False,0.0,0.0,0.0,7179,0.8293086290359497
0.0,False,0.0,0.0,0.0,7180,0.4282567799091339
0.0,False,0.0,0.0,0.0,7181,0.3902416527271271
0.0,False,0.0,0.0,0.0,7182,0.1767120212316513
0.0,True,0.0,0.0,0.0,7183,0.4297790825366974
0.0,False,0.0,0.0,0.0,7184,0.8750723600387573
0.0,False,0.0,0.0,0.0,7185,0.1325831264257431
0.0,False,0.0,0.0,0.0,7186,0.5919297337532043
0.0,False,0.0,0.0,0.0,7187,0.09092819690704346
0.0,False,0.0,0.0,0.0,7188,0.1431455761194229
0.0,False,0.0,0.0,0.0,7189,0.48452475666999817
0.0,False,0.0,0.0,0.0,7190,0.21605300903320312
0.0,False,0.0,0.0,0.0,7191,0.043069444596767426
0.0,False,0.0,0.0,0.0,7192,0.5875657796859741
0.0,False,0.0,0.0,0.0,7193,0.4258110225200653
0.0,False,0.0,0.0,0.0,7194,0.30231523513793945
0.0,False,0.0,0.0,0.0,7195,0.3865368068218231
0.0,False,0.0,0.0,0.0,7196,0.48573458194732666
0.0,False,0.0,0.0,0.0,7197,0.4368041157722473
0.0,False,0.0,0.0,0.0,7198,0.18879826366901398
0.0,True,0.0,0.0,0.0,7199,0.7728227972984314
0.0,False,0.0,0.0,0.0,7200,0.03583402931690216
0.0,False,0.0,0.0,0.0,7201,0.11188794672489166
0.0,False,0.0,0.0,0.0,7202,0.15345707535743713
0.0,False,0.0,0.0,0.0,7203,0.19620399177074432
0.0,False,0.0,0.0,0.0,7204,0.28536078333854675
0.0,True,0.0,0.0,0.0,7205,0.34591221809387207
0.0,False,0.0,0.0,0.0,7206,0.7129740118980408
0.0,False,0.0,0.0,0.0,7207,0.1466354876756668
0.0,True,0.0,0.0,0.0,7208,0.5661283731460571
0.0,False,0.0,0.0,0.0,7209,0.17700353264808655
0.0,False,0.0,0.0,0.0,7210,0.5986658930778503
0.0,False,0.0,0.0,0.0,7211,0.5251250267028809
0.0,False,0.0,0.0,0.0,7212,0.3446142077445984
0.0,False,0.0,0.0,0.0,7213,0.18489637970924377
0.0,False,0.0,0.0,0.0,7214,0.01976991631090641
0.0,False,0.0,0.0,0.0,7215,0.7502242922782898
0.0,False,0.0,0.0,0.0,7216,0.20503145456314087
0.0,False,0.0,0.0,0.0,7217,0.40535545349121094
0.0,False,0.0,0.0,0.0,7218,0.16419662535190582
0.0,False,0.0,0.0,0.0,7219,0.12340717762708664
0.0,False,0.0,0.0,0.0,7220,0.31104210019111633
0.0,False,0.0,0.0,0.0,7221,0.6802863478660583
0.0,False,0.0,0.0,0.0,7222,0.39684057235717773
0.0,False,0.0,0.0,0.0,7223,0.577505350112915
0.0,False,0.0,0.0,0.0,7224,0.2477750927209854
0.0,False,0.0,0.0,0.0,7225,0.6524019837379456
0.0,False,0.0,0.0,0.0,7226,0.672228217124939
0.0,False,0.0,0.0,0.0,7227,0.387935072183609
0.0,False,0.0,0.0,0.0,7228,0.03054095432162285
0.0,False,0.0,0.0,0.0,7229,0.664678692817688
0.0,False,0.0,0.0,0.0,7230,0.10402277857065201
0.0,False,0.0,0.0,0.0,7231,0.26216739416122437
0.0,False,0.0,0.0,0.0,7232,0.26505985856056213
0.0,False,0.0,0.0,0.0,7233,0.4356459379196167
0.0,False,0.0,0.0,0.0,7234,0.16772757470607758
0.0,False,0.0,0.0,0.0,7235,0.036534830927848816
0.0,False,0.0,0.0,0.0,7236,0.15750452876091003
0.0,False,0.0,0.0,0.0,7237,0.15507647395133972
0.0,False,0.0,0.0,0.0,7238,0.5390648245811462
0.0,False,0.0,0.0,0.0,7239,0.39965975284576416
0.0,False,0.0,0.0,0.0,7240,0.3207987844944
0.0,False,0.0,0.0,0.0,7241,0.16557954251766205
0.0,False,0.0,0.0,0.0,7242,0.12100149691104889
0.0,False,0.0,0.0,0.0,7243,0.5090250968933105
0.0,False,0.0,0.0,0.0,7244,0.04564830660820007
0.0,False,0.0,0.0,0.0,7245,0.15649156272411346
0.0,False,0.0,0.0,0.0,7246,0.15184961259365082
0.0,False,0.0,0.0,0.0,7247,0.865196943283081
0.0,False,0.0,0.0,0.0,7248,0.07789431512355804
0.0,False,0.0,0.0,0.0,7249,0.19094198942184448
0.0,False,0.0,0.0,0.0,7250,0.40722599625587463
0.0,False,0.0,0.0,0.0,7251,0.08737296611070633
0.0,True,0.0,0.0,0.0,7252,0.04818107932806015
0.0,False,0.0,0.0,0.0,7253,0.05163941532373428
0.0,False,0.0,0.0,0.0,7254,0.2701410949230194
0.0,False,0.0,0.0,0.0,7255,0.3743051588535309
0.0,True,0.0,0.0,0.0,7256,0.2710801661014557
0.0,False,0.0,0.0,0.0,7257,0.10428822785615921
0.0,False,0.0,0.0,0.0,7258,0.4871397018432617
0.0,False,0.0,0.0,0.0,7259,0.4422450363636017
0.0,False,0.0,0.0,0.0,7260,0.41852304339408875
0.0,False,0.0,0.0,0.0,7261,0.19120728969573975
0.0,False,0.0,0.0,0.0,7262,0.12226337939500809
0.0,False,0.0,0.0,0.0,7263,0.008505643345415592
0.0,False,0.0,0.0,0.0,7264,0.5050783753395081
0.0,False,0.0,0.0,0.0,7265,0.1277470737695694
0.0,False,0.0,0.0,0.0,7266,0.12293339520692825
0.0,False,0.0,0.0,0.0,7267,0.010507854633033276
0.0,False,0.0,0.0,0.0,7268,0.38432204723358154
0.0,False,0.0,0.0,0.0,7269,0.2267782986164093
0.0,False,0.0,0.0,0.0,7270,0.29306289553642273
0.0,False,0.0,0.0,0.0,7271,0.35721462965011597
0.0,False,0.0,0.0,0.0,7272,0.059317413717508316
0.0,False,0.0,0.0,0.0,7273,0.31947243213653564
0.0,False,0.0,0.0,0.0,7274,0.26947110891342163
0.0,False,0.0,0.0,0.0,7275,0.26968470215797424
0.0,False,0.0,0.0,0.0,7276,0.3695749044418335
0.0,False,0.0,0.0,0.0,7277,0.23556600511074066
0.0,False,0.0,0.0,0.0,7278,0.12169627845287323
0.0,False,0.0,0.0,0.0,7279,0.5691877603530884
0.0,False,0.0,0.0,0.0,7280,0.637506365776062
0.0,False,0.0,0.0,0.0,7281,0.3855237364768982
0.0,False,0.0,0.0,0.0,7282,0.7137879133224487
0.0,False,0.0,0.0,0.0,7283,0.013491814024746418
0.0,False,0.0,0.0,0.0,7284,0.3553023040294647
0.0,False,0.0,0.0,0.0,7285,0.2680192291736603
0.0,False,0.0,0.0,0.0,7286,0.22304868698120117
0.0,False,0.0,0.0,0.0,7287,0.2568044066429138
0.0,False,0.0,0.0,0.0,7288,0.15421681106090546
0.0,False,0.0,0.0,0.0,7289,0.09472567588090897
0.0,False,0.0,0.0,0.0,7290,0.26026108860969543
0.0,False,0.0,0.0,0.0,7291,0.02865009382367134
0.0,False,0.0,0.0,0.0,7292,0.18267512321472168
0.0,False,0.0,0.0,0.0,7293,0.2783493995666504
0.0,False,0.0,0.0,0.0,7294,0.2540409564971924
0.0,False,0.0,0.0,0.0,7295,0.037378761917352676
0.0,False,0.0,0.0,0.0,7296,0.030215872451663017
0.0,False,0.0,0.0,0.0,7297,0.21428878605365753
0.0,False,0.0,0.0,0.0,7298,0.04698512330651283
0.0,False,0.0,0.0,0.0,7299,0.3948427438735962
0.0,False,0.0,0.0,0.0,7300,0.004875523503869772
0.0,False,0.0,0.0,0.0,7301,0.01746133342385292
0.0,False,0.0,0.0,0.0,7302,0.4856756925582886
0.0,False,0.0,0.0,0.0,7303,0.04239353910088539
0.0,False,0.0,0.0,0.0,7304,0.0834987610578537
0.0,False,0.0,0.0,0.0,7305,0.6535924077033997
0.0,False,0.0,0.0,0.0,7306,0.9473859667778015
0.0,False,0.0,0.0,0.0,7307,0.2011297047138214
0.0,True,0.0,0.0,0.0,7308,0.20453017950057983
0.0,False,0.0,0.0,0.0,7309,0.02014823816716671
0.0,False,0.0,0.0,0.0,7310,0.1422450691461563
0.0,False,0.0,0.0,0.0,7311,0.09299788624048233
0.0,False,0.0,0.0,0.0,7312,0.3182891309261322
0.0,False,0.0,0.0,0.0,7313,0.09893228113651276
0.0,False,0.0,0.0,0.0,7314,0.05788757652044296
0.0,False,0.0,0.0,0.0,7315,0.40119418501853943
0.0,False,0.0,0.0,0.0,7316,0.31450170278549194
0.0,True,0.0,0.0,0.0,7317,0.29099273681640625
0.0,False,0.0,0.0,0.0,7318,0.27177512645721436
0.0,False,0.0,0.0,0.0,7319,0.11286294460296631
0.0,False,0.0,0.0,0.0,7320,0.037318527698516846
0.0,False,0.0,0.0,0.0,7321,0.04353604093194008
0.0,True,0.0,0.0,0.0,7322,0.9096840620040894
0.0,False,0.0,0.0,0.0,7323,0.23779703676700592
0.0,False,0.0,0.0,0.0,7324,0.7629768252372742
0.0,False,0.0,0.0,0.0,7325,0.04576379060745239
0.0,False,0.0,0.0,0.0,7326,0.391223281621933
0.0,False,0.0,0.0,0.0,7327,0.1398838609457016
0.0,False,0.0,0.0,0.0,7328,0.02315875142812729
0.0,False,0.0,0.0,0.0,7329,0.09511719644069672
0.0,False,0.0,0.0,0.0,7330,0.2800258994102478
0.0,False,0.0,0.0,0.0,7331,0.2620287537574768
0.0,False,0.0,0.0,0.0,7332,0.09152979403734207
0.0,False,0.0,0.0,0.0,7333,0.3655785620212555
0.0,False,0.0,0.0,0.0,7334,0.08424168825149536
0.0,False,0.0,0.0,0.0,7335,0.5351935625076294
0.0,False,0.0,0.0,0.0,7336,0.04637710750102997
0.0,False,0.0,0.0,0.0,7337,0.3727816939353943
0.0,False,0.0,0.0,0.0,7338,0.05134211480617523
0.0,False,0.0,0.0,0.0,7339,0.16525226831436157
0.0,False,0.0,0.0,0.0,7340,0.18670682609081268
0.0,False,0.0,0.0,0.0,7341,0.025928668677806854
0.0,False,0.0,0.0,0.0,7342,0.7184873223304749
0.0,False,0.0,0.0,0.0,7343,0.12860693037509918
0.0,False,0.0,0.0,0.0,7344,0.29009464383125305
0.0,False,0.0,0.0,0.0,7345,0.01150499191135168
0.0,False,0.0,0.0,0.0,7346,0.041241224855184555
0.0,True,0.0,0.0,0.0,7347,0.3985786736011505
0.0,True,0.0,0.0,0.0,7348,0.93930983543396
0.0,False,0.0,0.0,0.0,7349,0.6265676021575928
0.0,False,0.0,0.0,0.0,7350,0.047636479139328
0.0,False,0.0,0.0,0.0,7351,0.2177819013595581
0.0,False,0.0,0.0,0.0,7352,0.04679737240076065
0.0,False,0.0,0.0,0.0,7353,0.4203469157218933
0.0,False,0.0,0.0,0.0,7354,0.41323184967041016
0.0,False,0.0,0.0,0.0,7355,0.7878484129905701
0.0,False,0.0,0.0,0.0,7356,0.6148244142532349
0.0,False,0.0,0.0,0.0,7357,0.012002379633486271
0.0,False,0.0,0.0,0.0,7358,0.3811511993408203
0.0,False,0.0,0.0,0.0,7359,0.44741663336753845
0.0,False,0.0,0.0,0.0,7360,0.1392563134431839
0.0,False,0.0,0.0,0.0,7361,0.09728524088859558
0.0,False,0.0,0.0,0.0,7362,0.3283902406692505
0.0,False,0.0,0.0,0.0,7363,0.03458051756024361
0.0,False,0.0,0.0,0.0,7364,0.4938608705997467
0.0,False,0.0,0.0,0.0,7365,0.11342961341142654
0.0,False,0.0,0.0,0.0,7366,0.442932665348053
0.0,False,0.0,0.0,0.0,7367,0.10101498663425446
0.0,False,0.0,0.0,0.0,7368,0.029015060514211655
0.0,False,0.0,0.0,0.0,7369,0.00773635832592845
0.0,False,0.0,0.0,0.0,7370,0.08480304479598999
0.0,False,0.0,0.0,0.0,7371,0.056660670787096024
0.0,True,0.0,0.0,0.0,7372,0.18724758923053741
0.0,False,0.0,0.0,0.0,7373,0.26275938749313354
0.0,False,0.0,0.0,0.0,7374,0.023373877629637718
0.0,False,0.0,0.0,0.0,7375,0.07372082024812698
0.0,False,0.0,0.0,0.0,7376,0.005931277293711901
0.0,False,0.0,0.0,0.0,7377,0.02645559050142765
0.0,False,0.0,0.0,0.0,7378,0.03455110266804695
0.0,False,0.0,0.0,0.0,7379,0.04054531827569008
0.0,False,0.0,0.0,0.0,7380,0.7053662538528442
0.0,True,0.0,0.0,0.0,7381,0.7412203550338745
0.0,False,0.0,0.0,0.0,7382,0.07940765470266342
0.0,False,0.0,0.0,0.0,7383,0.3576134741306305
0.0,False,0.0,0.0,0.0,7384,0.11614760011434555
0.0,False,0.0,0.0,0.0,7385,0.004895888268947601
0.0,False,0.0,0.0,0.0,7386,0.34480375051498413
0.0,False,0.0,0.0,0.0,7387,0.41022446751594543
0.0,False,0.0,0.0,0.0,7388,0.48774856328964233
0.0,False,0.0,0.0,0.0,7389,0.04149691015481949
0.0,False,0.0,0.0,0.0,7390,0.025884361937642097
0.0,False,0.0,0.0,0.0,7391,0.10228393226861954
0.0,False,0.0,0.0,0.0,7392,0.07603190094232559
0.0,False,0.0,0.0,0.0,7393,0.3173189163208008
0.0,False,0.0,0.0,0.0,7394,0.018797680735588074
0.0,False,0.0,0.0,0.0,7395,0.2640250325202942
0.0,False,0.0,0.0,0.0,7396,0.11669019609689713
0.0,False,0.0,0.0,0.0,7397,0.0926448181271553
0.0,False,0.0,0.0,0.0,7398,0.38424211740493774
0.0,False,0.0,0.0,0.0,7399,0.16797739267349243
0.0,False,0.0,0.0,0.0,7400,0.4199428856372833
0.0,False,0.0,0.0,0.0,7401,0.15087206661701202
0.0,False,0.0,0.0,0.0,7402,0.19434970617294312
0.0,False,0.0,0.0,0.0,7403,0.8497880697250366
0.0,False,0.0,0.0,0.0,7404,0.13779421150684357
0.0,False,0.0,0.0,0.0,7405,0.2548620402812958
0.0,False,0.0,0.0,0.0,7406,0.12880747020244598
0.0,False,0.0,0.0,0.0,7407,0.27388036251068115
0.0,True,0.0,0.0,0.0,7408,0.2856278121471405
0.0,False,0.0,0.0,0.0,7409,0.27723219990730286
0.0,False,0.0,0.0,0.0,7410,0.09072306007146835
0.0,False,0.0,0.0,0.0,7411,0.023901095613837242
0.0,False,0.0,0.0,0.0,7412,0.02858106978237629
0.0,False,0.0,0.0,0.0,7413,0.0249056164175272
0.0,False,0.0,0.0,0.0,7414,0.04271283000707626
0.0,False,0.0,0.0,0.0,7415,0.27577751874923706
0.0,False,0.0,0.0,0.0,7416,0.09292146563529968
0.0,False,0.0,0.0,0.0,7417,0.0258986484259367
0.0,False,0.0,0.0,0.0,7418,0.5386127829551697
0.0,False,0.0,0.0,0.0,7419,0.09226574003696442
0.0,True,0.0,0.0,0.0,7420,0.5160762071609497
0.0,False,0.0,0.0,0.0,7421,0.01824883557856083
0.0,False,0.0,0.0,0.0,7422,0.028827371075749397
0.0,False,0.0,0.0,0.0,7423,0.17325398325920105
0.0,False,0.0,0.0,0.0,7424,0.1399933099746704
0.0,False,0.0,0.0,0.0,7425,0.01381225511431694
0.0,False,0.0,0.0,0.0,7426,0.034704722464084625
0.0,False,0.0,0.0,0.0,7427,0.03468799591064453
0.0,False,0.0,0.0,0.0,7428,0.6384507417678833
0.0,False,0.0,0.0,0.0,7429,0.02560175210237503
0.0,False,0.0,0.0,0.0,7430,0.07230144739151001
0.0,False,0.0,0.0,0.0,7431,0.17768344283103943
0.0,False,0.0,0.0,0.0,7432,0.05344656854867935
0.0,False,0.0,0.0,0.0,7433,0.4936942458152771
0.0,False,0.0,0.0,0.0,7434,0.14993594586849213
0.0,False,0.0,0.0,0.0,7435,0.3547479808330536
0.0,False,0.0,0.0,0.0,7436,0.07774163782596588
0.0,False,0.0,0.0,0.0,7437,0.06218591332435608
0.0,False,0.0,0.0,0.0,7438,0.18685615062713623
0.0,False,0.0,0.0,0.0,7439,0.40415099263191223
0.0,False,0.0,0.0,0.0,7440,0.1990014910697937
0.0,False,0.0,0.0,0.0,7441,0.020556943491101265
0.0,False,0.0,0.0,0.0,7442,0.7577488422393799
0.0,False,0.0,0.0,0.0,7443,0.5500771403312683
0.0,True,0.0,0.0,0.0,7444,0.37010952830314636
0.0,False,0.0,0.0,0.0,7445,0.026528364047408104
0.0,False,0.0,0.0,0.0,7446,0.0557752288877964
0.0,False,0.0,0.0,0.0,7447,0.02083399146795273
0.0,False,0.0,0.0,0.0,7448,0.17618286609649658
0.0,False,0.0,0.0,0.0,7449,0.4263528287410736
0.0,False,0.0,0.0,0.0,7450,0.07395628839731216
0.0,False,0.0,0.0,0.0,7451,0.23450322449207306
0.0,False,0.0,0.0,0.0,7452,0.009289843030273914
0.0,False,0.0,0.0,0.0,7453,0.343502938747406
0.0,False,0.0,0.0,0.0,7454,0.0353379100561142
0.0,False,0.0,0.0,0.0,7455,0.025916602462530136
0.0,False,0.0,0.0,0.0,7456,0.21402156352996826
0.0,False,0.0,0.0,0.0,7457,0.3153160512447357
0.0,False,0.0,0.0,0.0,7458,0.12409529834985733
0.0,False,0.0,0.0,0.0,7459,0.0855029746890068
0.0,False,0.0,0.0,0.0,7460,0.038132257759571075
0.0,False,0.0,0.0,0.0,7461,0.13799145817756653
0.0,False,0.0,0.0,0.0,7462,0.018357671797275543
0.0,False,0.0,0.0,0.0,7463,0.6111233234405518
0.0,False,0.0,0.0,0.0,7464,0.0354636013507843
0.0,False,0.0,0.0,0.0,7465,0.11364170908927917
0.0,False,0.0,0.0,0.0,7466,0.6506072282791138
0.0,False,0.0,0.0,0.0,7467,0.34844282269477844
0.0,False,0.0,0.0,0.0,7468,0.00926428847014904
0.0,False,0.0,0.0,0.0,7469,0.09515352547168732
0.0,False,0.0,0.0,0.0,7470,0.33968374133110046
0.0,False,0.0,0.0,0.0,7471,0.03720364719629288
0.0,False,0.0,0.0,0.0,7472,0.314608097076416
0.0,False,0.0,0.0,0.0,7473,0.024135509505867958
0.0,False,0.0,0.0,0.0,7474,0.0018022104632109404
0.0,False,0.0,0.0,0.0,7475,0.005588851869106293
0.0,False,0.0,0.0,0.0,7476,0.10245784372091293
0.0,False,0.0,0.0,0.0,7477,0.20121318101882935
0.0,False,0.0,0.0,0.0,7478,0.03275653347373009
0.0,False,0.0,0.0,0.0,7479,0.17405502498149872
0.0,False,0.0,0.0,0.0,7480,0.3347494304180145
0.0,False,0.0,0.0,0.0,7481,0.2243230789899826
0.0,False,0.0,0.0,0.0,7482,0.025900037959218025
0.0,False,0.0,0.0,0.0,7483,0.2877366542816162
0.0,False,0.0,0.0,0.0,7484,0.07321736216545105
0.0,False,0.0,0.0,0.0,7485,0.17789356410503387
0.0,False,0.0,0.0,0.0,7486,0.6224666237831116
0.0,False,0.0,0.0,0.0,7487,0.1503615826368332
0.0,False,0.0,0.0,0.0,7488,0.2271001785993576
0.0,False,0.0,0.0,0.0,7489,0.11526701599359512
0.0,False,0.0,0.0,0.0,7490,0.0845894068479538
0.0,False,0.0,0.0,0.0,7491,0.03105797804892063
0.0,False,0.0,0.0,0.0,7492,0.0949588418006897
0.0,False,0.0,0.0,0.0,7493,0.07759775221347809
0.0,False,0.0,0.0,0.0,7494,0.6658144593238831
0.0,False,0.0,0.0,0.0,7495,0.030437620356678963
0.0,False,0.0,0.0,0.0,7496,0.10662253201007843
0.0,False,0.0,0.0,0.0,7497,0.19593316316604614
0.0,False,0.0,0.0,0.0,7498,0.6638388633728027
0.0,False,0.0,0.0,0.0,7499,0.1214788481593132
0.0,False,0.0,0.0,0.0,7500,0.024871040135622025
0.0,False,0.0,0.0,0.0,7501,0.4614136815071106
0.0,False,0.0,0.0,0.0,7502,0.35271137952804565
0.0,False,0.0,0.0,0.0,7503,0.023073814809322357
0.0,False,0.0,0.0,0.0,7504,0.05037232115864754
0.0,False,0.0,0.0,0.0,7505,0.027048859745264053
0.0,False,0.0,0.0,0.0,7506,0.011903771199285984
0.0,False,0.0,0.0,0.0,7507,0.2506823241710663
0.0,False,0.0,0.0,0.0,7508,0.027994880452752113
0.0,False,0.0,0.0,0.0,7509,0.09213711321353912
0.0,False,0.0,0.0,0.0,7510,0.42068272829055786
0.0,False,0.0,0.0,0.0,7511,0.03623861446976662
0.0,False,0.0,0.0,0.0,7512,0.0030626277439296246
0.0,False,0.0,0.0,0.0,7513,0.00654555344954133
0.0,True,0.0,0.0,0.0,7514,0.8814144134521484
0.0,False,0.0,0.0,0.0,7515,0.28592759370803833
0.0,False,0.0,0.0,0.0,7516,0.10284405946731567
0.0,False,0.0,0.0,0.0,7517,0.005187589209526777
0.0,False,0.0,0.0,0.0,7518,0.013943811878561974
0.0,False,0.0,0.0,0.0,7519,0.4616756737232208
0.0,True,0.0,0.0,0.0,7520,0.8915318846702576
0.0,False,0.0,0.0,0.0,7521,0.07542996108531952
0.0,False,0.0,0.0,0.0,7522,0.5025931596755981
0.0,False,0.0,0.0,0.0,7523,0.009821848943829536
0.0,True,0.0,0.0,0.0,7524,0.889818549156189
0.0,False,0.0,0.0,0.0,7525,0.25629687309265137
0.0,False,0.0,0.0,0.0,7526,0.08249854296445847
0.0,False,0.0,0.0,0.0,7527,0.024901924654841423
0.0,False,0.0,0.0,0.0,7528,0.14860624074935913
0.0,True,0.0,0.0,0.0,7529,0.5533812046051025
0.0,True,0.0,0.0,0.0,7530,0.9037666916847229
0.0,True,0.0,0.0,0.0,7531,0.957158088684082
0.0,False,0.0,0.0,0.0,7532,0.7538891434669495
0.0,False,0.0,0.0,0.0,7533,0.025297295302152634
0.0,False,0.0,0.0,0.0,7534,0.08364804834127426
0.0,False,0.0,0.0,0.0,7535,0.16740427911281586
0.0,False,0.0,0.0,0.0,7536,0.4487433135509491
0.0,False,0.0,0.0,0.0,7537,0.2628839313983917
0.0,False,0.0,0.0,0.0,7538,0.02120763435959816
0.0,False,0.0,0.0,0.0,7539,0.3899693191051483
0.0,False,0.0,0.0,0.0,7540,0.08814549446105957
0.0,False,0.0,0.0,0.0,7541,0.015002737753093243
0.0,False,0.0,0.0,0.0,7542,0.011290118098258972
0.0,False,0.0,0.0,0.0,7543,0.25317713618278503
0.0,False,0.0,0.0,0.0,7544,0.30675041675567627
0.0,False,0.0,0.0,0.0,7545,0.19890008866786957
0.0,False,0.0,0.0,0.0,7546,0.007276466581970453
0.0,False,0.0,0.0,0.0,7547,0.02018456533551216
0.0,False,0.0,0.0,0.0,7548,0.6857731938362122
0.0,False,0.0,0.0,0.0,7549,0.26051294803619385
0.0,False,0.0,0.0,0.0,7550,0.07799632847309113
0.0,False,0.0,0.0,0.0,7551,0.23722563683986664
0.0,False,0.0,0.0,0.0,7552,0.007107965182512999
0.0,True,0.0,0.0,0.0,7553,0.8631987571716309
0.0,False,0.0,0.0,0.0,7554,0.27426621317863464
0.0,False,0.0,0.0,0.0,7555,0.19347842037677765
0.0,False,0.0,0.0,0.0,7556,0.2411147505044937
0.0,False,0.0,0.0,0.0,7557,0.6348950266838074
0.0,False,0.0,0.0,0.0,7558,0.37228265404701233
0.0,False,0.0,0.0,0.0,7559,0.19955967366695404
0.0,False,0.0,0.0,0.0,7560,0.0571344755589962
0.0,False,0.0,0.0,0.0,7561,0.043618738651275635
0.0,False,0.0,0.0,0.0,7562,0.12600137293338776
0.0,False,0.0,0.0,0.0,7563,0.39475736021995544
0.0,False,0.0,0.0,0.0,7564,0.29329586029052734
0.0,False,0.0,0.0,0.0,7565,0.1743941456079483
0.0,False,0.0,0.0,0.0,7566,0.270857036113739
0.0,False,0.0,0.0,0.0,7567,0.11545925587415695
0.0,False,0.0,0.0,0.0,7568,0.2965378165245056
0.0,False,0.0,0.0,0.0,7569,0.059867531061172485
0.0,False,0.0,0.0,0.0,7570,0.0642678290605545
0.0,False,0.0,0.0,0.0,7571,0.07028140872716904
0.0,False,0.0,0.0,0.0,7572,0.07554921507835388
0.0,False,0.0,0.0,0.0,7573,0.009982416406273842
0.0,False,0.0,0.0,0.0,7574,0.22166277468204498
0.0,False,0.0,0.0,0.0,7575,0.40636181831359863
0.0,False,0.0,0.0,0.0,7576,0.06521046161651611
0.0,False,0.0,1.0,0.0,7577,0.061850037425756454
0.0,False,0.0,1.0,0.0,7578,0.18033963441848755
0.0,False,0.0,1.0,0.0,7579,0.6396680474281311
0.0,False,0.0,1.0,0.0,7580,0.2408241331577301
0.0,False,0.0,1.0,0.0,7581,0.16378125548362732
0.0,True,0.0,1.0,0.0,7582,0.37295636534690857
0.0,True,0.0,1.0,0.0,7583,0.5076785683631897
0.0,True,0.0,1.0,0.0,7584,0.08205021917819977
0.0,True,0.0,1.0,0.0,7585,0.9777490496635437
0.0,False,0.0,1.0,0.0,7586,0.22905279695987701
0.0,True,0.0,1.0,0.0,7587,0.9912031888961792
0.0,True,0.0,1.0,0.0,7588,0.9469428658485413
0.0,True,0.0,1.0,0.0,7589,0.7631022334098816
0.0,False,0.0,1.0,0.0,7590,0.053085703402757645
0.0,True,0.0,1.0,0.0,7591,0.23109851777553558
0.0,True,0.0,1.0,0.0,7592,0.35308003425598145
0.0,True,0.0,1.0,0.0,7593,0.26476994156837463
0.0,False,0.0,1.0,0.0,7594,0.20013047754764557
0.0,True,0.0,1.0,0.0,7595,0.22164520621299744
0.0,True,0.0,1.0,0.0,7596,0.13499829173088074
0.0,True,0.0,1.0,0.0,7597,0.13118864595890045
0.0,True,0.0,1.0,0.0,7598,0.34033623337745667
0.0,True,0.0,1.0,0.0,7599,0.2337765097618103
0.0,True,0.0,1.0,0.0,7600,0.3265388011932373
0.0,True,0.0,1.0,0.0,7601,0.3108903169631958
0.0,True,0.0,1.0,0.0,7602,0.7082364559173584
0.0,True,0.0,1.0,0.0,7603,0.5572118163108826
0.0,True,0.0,1.0,0.0,7604,0.9774848818778992
0.0,True,0.0,1.0,0.0,7605,0.37842071056365967
0.0,True,0.0,1.0,0.0,7606,0.4895784258842468
0.0,True,0.0,1.0,0.0,7607,0.6639953851699829
0.0,True,0.0,1.0,0.0,7608,0.7648602724075317
0.0,False,0.0,1.0,0.0,7609,0.5922171473503113
0.0,False,0.0,1.0,0.0,7610,0.8567452430725098
0.0,False,0.0,1.0,0.0,7611,0.5607963800430298
0.0,False,0.0,1.0,0.0,7612,0.21515582501888275
0.0,True,0.0,1.0,0.0,7613,0.920677661895752
0.0,True,0.0,1.0,0.0,7614,0.9293798804283142
0.0,False,0.0,1.0,0.0,7615,0.21740250289440155
0.0,True,0.0,1.0,0.0,7616,0.9671164155006409
0.0,True,0.0,1.0,0.0,7617,0.9560864567756653
0.0,True,0.0,1.0,0.0,7618,0.8431025147438049
0.0,True,0.0,1.0,0.0,7619,0.4217993915081024
0.0,True,0.0,1.0,0.0,7620,0.45545488595962524
0.0,True,0.0,1.0,0.0,7621,0.7391480803489685
0.0,True,0.0,1.0,0.0,7622,0.43799033761024475
0.0,True,0.0,1.0,0.0,7623,0.3063849210739136
0.0,True,0.0,1.0,0.0,7624,0.7829315662384033
0.0,True,0.0,1.0,0.0,7625,0.8951332569122314
0.0,True,0.0,1.0,0.0,7626,0.7793609499931335
0.0,True,0.0,1.0,0.0,7627,0.07611174881458282
0.0,True,0.0,1.0,0.0,7628,0.7581721544265747
0.0,False,0.0,1.0,0.0,7629,0.23102305829524994
0.0,True,0.0,1.0,0.0,7630,0.9155445098876953
0.0,True,0.0,1.0,0.0,7631,0.6352658271789551
0.0,True,0.0,1.0,0.0,7632,0.9142472743988037
0.0,True,0.0,1.0,0.0,7633,0.2954784035682678
0.0,True,0.0,1.0,0.0,7634,0.08819136023521423
0.0,True,0.0,1.0,0.0,7635,0.42585933208465576
0.0,True,0.0,1.0,0.0,7636,0.3139708936214447
0.0,True,0.0,1.0,0.0,7637,0.7965370416641235
0.0,True,0.0,1.0,0.0,7638,0.8642902970314026
0.0,True,0.0,1.0,0.0,7639,0.533028781414032
0.0,False,0.0,1.0,0.0,7640,0.2611992657184601
0.0,True,0.0,1.0,0.0,7641,0.180029034614563
0.0,True,0.0,1.0,0.0,7642,0.21678978204727173
0.0,True,0.0,1.0,0.0,7643,0.8409913778305054
0.0,False,0.0,1.0,0.0,7644,0.8507964611053467
0.0,True,0.0,1.0,0.0,7645,0.2810475528240204
0.0,True,0.0,1.0,0.0,7646,0.20076121389865875
0.0,True,0.0,1.0,0.0,7647,0.9868752956390381
0.0,True,0.0,1.0,0.0,7648,0.6336395144462585
0.0,True,0.0,1.0,0.0,7649,0.6461127400398254
0.0,True,0.0,1.0,0.0,7650,0.01849379576742649
0.0,True,0.0,1.0,0.0,7651,0.3519110381603241
0.0,True,0.0,1.0,0.0,7652,0.9613732099533081
0.0,True,0.0,1.0,0.0,7653,0.5162242650985718
0.0,True,0.0,1.0,0.0,7654,0.3498980700969696
0.0,True,0.0,1.0,0.0,7655,0.9696295857429504
0.0,True,0.0,1.0,0.0,7656,0.3624289333820343
0.0,True,0.0,1.0,0.0,7657,0.6214970350265503
0.0,True,0.0,1.0,0.0,7658,0.6649670004844666
0.0,True,0.0,1.0,0.0,7659,0.9926847219467163
0.0,True,0.0,1.0,0.0,7660,0.9504860639572144
0.0,True,0.0,1.0,0.0,7661,0.9936022162437439
0.0,True,0.0,1.0,0.0,7662,0.9554566144943237
0.0,True,0.0,1.0,0.0,7663,0.20579220354557037
0.0,True,0.0,1.0,0.0,7664,0.9418720006942749
0.0,True,0.0,1.0,0.0,7665,0.9880717992782593
0.0,True,0.0,1.0,0.0,7666,0.08608981966972351
0.0,True,0.0,1.0,0.0,7667,0.6292338371276855
0.0,True,0.0,1.0,0.0,7668,0.2168799191713333
0.0,True,0.0,1.0,0.0,7669,0.4416092038154602
0.0,True,0.0,1.0,0.0,7670,0.9923878908157349
0.0,True,0.0,1.0,0.0,7671,0.05174752697348595
0.0,True,0.0,1.0,0.0,7672,0.7491744160652161
0.0,True,0.0,1.0,0.0,7673,0.9877875447273254
0.0,True,0.0,1.0,0.0,7674,0.9931730628013611
0.0,True,0.0,1.0,0.0,7675,0.6951722502708435
0.0,True,0.0,1.0,0.0,7676,0.9674512147903442
0.0,True,0.0,1.0,0.0,7677,0.4116588532924652
0.0,True,0.0,1.0,0.0,7678,0.5696412920951843
0.0,True,0.0,1.0,0.0,7679,0.9930082559585571
0.0,True,0.0,1.0,0.0,7680,0.46706724166870117
0.0,True,0.0,1.0,0.0,7681,0.9716955423355103
0.0,True,0.0,1.0,0.0,7682,0.9878738522529602
0.0,True,0.0,1.0,0.0,7683,0.39078280329704285
0.0,True,0.0,1.0,0.0,7684,0.4219924807548523
0.0,False,0.0,1.0,0.0,7685,0.09448734670877457
0.0,True,0.0,1.0,0.0,7686,0.7204008102416992
0.0,True,0.0,1.0,0.0,7687,0.9120510816574097
0.0,True,0.0,1.0,0.0,7688,0.38006672263145447
0.0,True,0.0,1.0,0.0,7689,0.32972803711891174
0.0,True,0.0,1.0,0.0,7690,0.5262293219566345
0.0,False,0.0,1.0,0.0,7691,0.4904766380786896
0.0,True,0.0,1.0,0.0,7692,0.8439885377883911
0.0,True,0.0,1.0,0.0,7693,0.5115288496017456
0.0,False,0.0,1.0,0.0,7694,0.3598364591598511
0.0,True,0.0,1.0,0.0,7695,0.3339007794857025
0.0,False,0.0,1.0,0.0,7696,0.25329023599624634
0.0,True,0.0,1.0,0.0,7697,0.6177791357040405
0.0,True,0.0,1.0,0.0,7698,0.5979514122009277
0.0,False,0.0,1.0,0.0,7699,0.19683058559894562
0.0,True,0.0,1.0,0.0,7700,0.9203130006790161
0.0,True,0.0,1.0,0.0,7701,0.7532554268836975
0.0,True,0.0,1.0,0.0,7702,0.880403995513916
0.0,False,0.0,1.0,0.0,7703,0.3817584812641144
0.0,True,0.0,1.0,0.0,7704,0.6052321791648865
0.0,False,0.0,1.0,0.0,7705,0.5009161829948425
0.0,False,0.0,1.0,0.0,7706,0.8133167028427124
0.0,False,0.0,1.0,0.0,7707,0.3647148013114929
0.0,False,0.0,1.0,0.0,7708,0.4917895495891571
0.0,False,0.0,1.0,0.0,7709,0.09502798318862915
0.0,False,0.0,1.0,0.0,7710,0.2899351119995117
0.0,False,0.0,1.0,0.0,7711,0.4218200147151947
0.0,True,0.0,1.0,0.0,7712,0.6031184196472168
0.0,False,0.0,1.0,0.0,7713,0.21370622515678406
0.0,False,0.0,1.0,0.0,7714,0.2642810046672821
0.0,False,0.0,1.0,0.0,7715,0.21766522526741028
0.0,False,0.0,1.0,0.0,7716,0.5798043608665466
0.0,False,0.0,1.0,0.0,7717,0.12431564927101135
0.0,True,0.0,1.0,0.0,7718,0.09086139500141144
0.0,True,0.0,1.0,0.0,7719,0.7270485758781433
0.0,True,0.0,1.0,0.0,7720,0.8552119135856628
0.0,True,0.0,1.0,0.0,7721,0.6513317227363586
0.0,False,0.0,1.0,0.0,7722,0.0889182984828949
0.0,False,0.0,1.0,0.0,7723,0.44724372029304504
0.0,True,0.0,1.0,0.0,7724,0.6153504252433777
0.0,True,0.0,1.0,0.0,7725,0.8989353179931641
0.0,True,0.0,1.0,0.0,7726,0.8097396492958069
0.0,False,0.0,1.0,0.0,7727,0.09654968231916428
0.0,False,0.0,1.0,0.0,7728,0.2797316014766693
0.0,True,0.0,1.0,0.0,7729,0.6948771476745605
0.0,True,0.0,1.0,0.0,7730,0.4796668291091919
0.0,False,0.0,1.0,0.0,7731,0.11887241899967194
0.0,False,0.0,1.0,0.0,7732,0.0834006518125534
0.0,False,0.0,1.0,0.0,7733,0.24845629930496216
0.0,True,0.0,1.0,0.0,7734,0.9786098003387451
0.0,True,0.0,1.0,0.0,7735,0.8420772552490234
0.0,True,0.0,1.0,0.0,7736,0.4058898389339447
0.0,True,0.0,1.0,0.0,7737,0.5069831609725952
0.0,True,0.0,1.0,0.0,7738,0.9704491496086121
0.0,False,0.0,1.0,0.0,7739,0.21521826088428497
0.0,True,0.0,1.0,0.0,7740,0.30183514952659607
0.0,True,0.0,1.0,0.0,7741,0.9739088416099548
0.0,True,0.0,1.0,0.0,7742,0.9879075884819031
0.0,True,0.0,1.0,0.0,7743,0.9275752902030945
0.0,False,0.0,1.0,0.0,7744,0.21603082120418549
0.0,True,0.0,1.0,0.0,7745,0.9059826731681824
0.0,True,0.0,1.0,0.0,7746,0.9245787858963013
0.0,False,0.0,1.0,0.0,7747,0.577181339263916
0.0,True,0.0,1.0,0.0,7748,0.9774826169013977
0.0,True,0.0,1.0,0.0,7749,0.2707637846469879
0.0,True,0.0,1.0,0.0,7750,0.6524240374565125
0.0,True,0.0,1.0,0.0,7751,0.5315980315208435
0.0,True,0.0,1.0,0.0,7752,0.8228338956832886
0.0,True,0.0,1.0,0.0,7753,0.47857195138931274
0.0,True,0.0,1.0,0.0,7754,0.987902045249939
0.0,True,0.0,1.0,0.0,7755,0.6960341334342957
0.0,True,0.0,1.0,0.0,7756,0.6758730411529541
0.0,False,0.0,1.0,0.0,7757,0.8719598650932312
0.0,False,0.0,1.0,0.0,7758,0.5754339098930359
0.0,True,0.0,1.0,0.0,7759,0.9912047982215881
0.0,False,0.0,1.0,0.0,7760,0.4441400468349457
0.0,False,0.0,1.0,0.0,7761,0.27802807092666626
0.0,True,0.0,1.0,0.0,7762,0.4755115807056427
0.0,False,0.0,1.0,0.0,7763,0.06337364763021469
0.0,True,0.0,1.0,0.0,7764,0.6512261629104614
0.0,True,0.0,1.0,0.0,7765,0.4691946804523468
0.0,True,0.0,1.0,0.0,7766,0.9241949319839478
0.0,True,0.0,1.0,0.0,7767,0.628661036491394
0.0,True,0.0,1.0,0.0,7768,0.930844247341156
0.0,True,0.0,1.0,0.0,7769,0.7579015493392944
0.0,True,0.0,1.0,0.0,7770,0.9499003291130066
0.0,False,0.0,1.0,0.0,7771,0.11030269414186478
0.0,True,0.0,1.0,0.0,7772,0.446554571390152
0.0,True,0.0,1.0,0.0,7773,0.606099545955658
0.0,True,0.0,1.0,0.0,7774,0.9462929964065552
0.0,True,0.0,1.0,0.0,7775,0.990667998790741
0.0,True,0.0,1.0,0.0,7776,0.19168736040592194
0.0,False,0.0,1.0,0.0,7777,0.8918269276618958
0.0,True,0.0,1.0,0.0,7778,0.8940169215202332
0.0,True,0.0,1.0,0.0,7779,0.44502177834510803
0.0,True,0.0,1.0,0.0,7780,0.8540040254592896
0.0,True,0.0,1.0,0.0,7781,0.6925411820411682
0.0,True,0.0,1.0,0.0,7782,0.8927637338638306
0.0,True,0.0,1.0,0.0,7783,0.8874701261520386
0.0,False,0.0,1.0,0.0,7784,0.6413633227348328
0.0,True,0.0,1.0,0.0,7785,0.21912431716918945
0.0,False,0.0,1.0,0.0,7786,0.5490148067474365
0.0,True,0.0,1.0,0.0,7787,0.861529529094696
0.0,True,0.0,1.0,0.0,7788,0.08739937841892242
0.0,True,0.0,1.0,0.0,7789,0.9823769330978394
0.0,True,0.0,1.0,0.0,7790,0.15035885572433472
0.0,True,0.0,1.0,0.0,7791,0.5148969888687134
0.0,True,0.0,1.0,0.0,7792,0.29652538895606995
0.0,False,0.0,1.0,0.0,7793,0.5733828544616699
0.0,False,0.0,1.0,0.0,7794,0.7153889536857605
0.0,True,0.0,1.0,0.0,7795,0.6567744016647339
0.0,True,0.0,1.0,0.0,7796,0.9564094543457031
0.0,True,0.0,1.0,0.0,7797,0.5592451095581055
0.0,True,0.0,1.0,0.0,7798,0.9907692074775696
0.0,True,0.0,1.0,0.0,7799,0.6289432048797607
0.0,True,0.0,1.0,0.0,7800,0.7835732698440552
0.0,True,0.0,1.0,0.0,7801,0.21229861676692963
0.0,True,0.0,1.0,0.0,7802,0.6656631231307983
0.0,True,0.0,1.0,0.0,7803,0.3754218816757202
0.0,True,0.0,1.0,0.0,7804,0.4665135145187378
0.0,True,0.0,1.0,0.0,7805,0.08599328249692917
0.0,True,0.0,1.0,0.0,7806,0.6504863500595093
0.0,True,0.0,1.0,0.0,7807,0.8994227051734924
0.0,True,0.0,1.0,0.0,7808,0.9800312519073486
0.0,True,0.0,1.0,0.0,7809,0.9215258955955505
0.0,True,0.0,1.0,0.0,7810,0.9895396828651428
0.0,True,0.0,1.0,0.0,7811,0.992239236831665
0.0,True,0.0,1.0,0.0,7812,0.4404105842113495
0.0,True,0.0,1.0,0.0,7813,0.901850163936615
0.0,True,0.0,1.0,0.0,7814,0.8543426990509033
0.0,True,0.0,1.0,0.0,7815,0.5573386549949646
0.0,True,0.0,1.0,0.0,7816,0.9238784909248352
0.0,True,0.0,1.0,0.0,7817,0.8917343020439148
0.0,True,0.0,1.0,0.0,7818,0.6454979777336121
0.0,True,0.0,1.0,0.0,7819,0.6160670518875122
0.0,True,0.0,1.0,0.0,7820,0.7890881299972534
0.0,True,0.0,1.0,0.0,7821,0.9754716157913208
0.0,True,0.0,1.0,0.0,7822,0.8414952754974365
0.0,True,0.0,1.0,0.0,7823,0.836078941822052
0.0,True,0.0,1.0,0.0,7824,0.6233640313148499
0.0,False,0.0,1.0,0.0,7825,0.3687867224216461
0.0,True,0.0,1.0,0.0,7826,0.8405839800834656
0.0,True,0.0,1.0,0.0,7827,0.567854106426239
0.0,True,0.0,1.0,0.0,7828,0.5549197793006897
0.0,True,0.0,1.0,0.0,7829,0.5106374621391296
0.0,False,0.0,1.0,0.0,7830,0.20578612387180328
0.0,True,0.0,1.0,0.0,7831,0.35567039251327515
0.0,False,0.0,1.0,0.0,7832,0.5508344769477844
0.0,True,0.0,1.0,0.0,7833,0.7398561835289001
0.0,True,0.0,1.0,0.0,7834,0.7688756585121155
0.0,False,0.0,1.0,0.0,7835,0.540187418460846
0.0,True,0.0,1.0,0.0,7836,0.7090083956718445
0.0,True,0.0,1.0,0.0,7837,0.7306970953941345
0.0,True,0.0,1.0,0.0,7838,0.8014216423034668
0.0,True,0.0,1.0,0.0,7839,0.9324925541877747
0.0,False,0.0,1.0,0.0,7840,0.6142905950546265
0.0,True,0.0,1.0,0.0,7841,0.570940375328064
0.0,True,0.0,1.0,0.0,7842,0.44063064455986023
0.0,True,0.0,1.0,0.0,7843,0.47752881050109863
0.0,True,0.0,1.0,0.0,7844,0.753247857093811
0.0,True,0.0,1.0,0.0,7845,0.941747784614563
0.0,True,0.0,1.0,0.0,7846,0.8112555742263794
0.0,True,0.0,1.0,0.0,7847,0.8187606334686279
0.0,False,0.0,1.0,0.0,7848,0.501121997833252
0.0,True,0.0,1.0,0.0,7849,0.48780494928359985
0.0,False,0.0,1.0,0.0,7850,0.7885240912437439
0.0,True,0.0,1.0,0.0,7851,0.7705270648002625
0.0,True,0.0,1.0,0.0,7852,0.7192875742912292
0.0,True,0.0,1.0,0.0,7853,0.8577048182487488
0.0,True,0.0,1.0,0.0,7854,0.8996546864509583
0.0,True,0.0,1.0,0.0,7855,0.8957858681678772
0.0,True,0.0,1.0,0.0,7856,0.8428254723548889
0.0,True,0.0,1.0,0.0,7857,0.5191155076026917
0.0,True,0.0,1.0,0.0,7858,0.7094323635101318
0.0,True,0.0,1.0,0.0,7859,0.6971002221107483
0.0,True,0.0,1.0,0.0,7860,0.2214050590991974
0.0,True,0.0,1.0,0.0,7861,0.3733789622783661
0.0,True,0.0,1.0,0.0,7862,0.6709300875663757
0.0,True,0.0,1.0,0.0,7863,0.758446455001831
0.0,True,0.0,1.0,0.0,7864,0.5713450312614441
0.0,True,0.0,1.0,0.0,7865,0.5761703848838806
0.0,True,0.0,1.0,0.0,7866,0.9392784833908081
0.0,True,0.0,1.0,0.0,7867,0.6665918827056885
0.0,True,0.0,1.0,0.0,7868,0.3605351746082306
0.0,True,0.0,1.0,0.0,7869,0.40543830394744873
0.0,True,0.0,1.0,0.0,7870,0.3500463664531708
0.0,True,0.0,1.0,0.0,7871,0.6208198070526123
0.0,True,0.0,1.0,0.0,7872,0.40413999557495117
0.0,True,0.0,1.0,0.0,7873,0.21721896529197693
0.0,True,0.0,1.0,0.0,7874,0.2567812502384186
0.0,True,0.0,1.0,0.0,7875,0.6838279366493225
0.0,True,0.0,1.0,0.0,7876,0.6472283005714417
0.0,True,0.0,1.0,0.0,7877,0.3632042109966278
0.0,True,0.0,1.0,0.0,7878,0.8621333837509155
0.0,True,0.0,1.0,0.0,7879,0.020585035905241966
0.0,True,0.0,1.0,0.0,7880,0.46787741780281067
0.0,True,0.0,1.0,0.0,7881,0.3303462266921997
0.0,True,0.0,1.0,0.0,7882,0.6337577700614929
0.0,True,0.0,1.0,0.0,7883,0.14907324314117432
0.0,True,0.0,1.0,0.0,7884,0.4507593810558319
0.0,True,0.0,1.0,0.0,7885,0.12376535683870316
0.0,True,0.0,1.0,0.0,7886,0.10718286782503128
0.0,False,0.0,1.0,0.0,7887,0.05419620871543884
0.0,False,0.0,1.0,0.0,7888,0.18887418508529663
0.0,True,0.0,1.0,0.0,7889,0.18030506372451782
0.0,True,0.0,1.0,0.0,7890,0.18386997282505035
0.0,True,0.0,1.0,0.0,7891,0.710518479347229
0.0,False,0.0,1.0,0.0,7892,0.5679593086242676
0.0,True,0.0,1.0,0.0,7893,0.8023778200149536
0.0,True,0.0,1.0,0.0,7894,0.48008978366851807
0.0,True,0.0,1.0,0.0,7895,0.3190551698207855
0.0,False,0.0,1.0,0.0,7896,0.18646562099456787
0.0,False,0.0,1.0,0.0,7897,0.5991203188896179
0.0,False,0.0,1.0,0.0,7898,0.2365216463804245
0.0,True,0.0,1.0,0.0,7899,0.2980468273162842
0.0,True,0.0,1.0,0.0,7900,0.8276638388633728
0.0,True,0.0,1.0,0.0,7901,0.46439066529273987
0.0,True,0.0,1.0,0.0,7902,0.6602606773376465
0.0,False,0.0,1.0,0.0,7903,0.7524109482765198
0.0,True,0.0,1.0,0.0,7904,0.11738839000463486
0.0,True,0.0,1.0,0.0,7905,0.35212409496307373
0.0,True,0.0,1.0,0.0,7906,0.7864372134208679
0.0,True,0.0,1.0,0.0,7907,0.9084054231643677
0.0,False,0.0,1.0,0.0,7908,0.6955564022064209
0.0,False,0.0,1.0,0.0,7909,0.3844265937805176
0.0,True,0.0,1.0,0.0,7910,0.48264825344085693
0.0,True,0.0,1.0,0.0,7911,0.41776326298713684
0.0,True,0.0,1.0,0.0,7912,0.5089806318283081
0.0,True,0.0,1.0,0.0,7913,0.9336381554603577
0.0,True,0.0,1.0,0.0,7914,0.925463855266571
0.0,True,0.0,1.0,0.0,7915,0.24841885268688202
0.0,True,0.0,1.0,0.0,7916,0.10610876232385635
0.0,True,0.0,1.0,0.0,7917,0.275439977645874
0.0,True,0.0,1.0,0.0,7918,0.6621230244636536
0.0,False,0.0,1.0,0.0,7919,0.5316064953804016
0.0,False,0.0,1.0,0.0,7920,0.39411866664886475
0.0,False,0.0,1.0,0.0,7921,0.6343887448310852
0.0,False,0.0,1.0,0.0,7922,0.2590711712837219
0.0,False,0.0,1.0,0.0,7923,0.3122972548007965
0.0,True,0.0,1.0,0.0,7924,0.1577870398759842
0.0,True,0.0,1.0,0.0,7925,0.3245653212070465
0.0,True,0.0,1.0,0.0,7926,0.6944206357002258
0.0,True,0.0,1.0,0.0,7927,0.48043420910835266
0.0,True,0.0,1.0,0.0,7928,0.8966527581214905
0.0,True,0.0,1.0,0.0,7929,0.48659196496009827
0.0,False,0.0,1.0,0.0,7930,0.8007381558418274
0.0,True,0.0,1.0,0.0,7931,0.987400472164154
0.0,True,0.0,1.0,0.0,7932,0.040337346494197845
0.0,False,0.0,1.0,0.0,7933,0.1358940154314041
0.0,True,0.0,1.0,0.0,7934,0.4843875467777252
0.0,True,0.0,1.0,0.0,7935,0.41661515831947327
0.0,False,0.0,1.0,0.0,7936,0.25492122769355774
0.0,False,0.0,1.0,0.0,7937,0.13657936453819275
0.0,True,0.0,1.0,0.0,7938,0.5028870701789856
0.0,False,0.0,1.0,0.0,7939,0.46056604385375977
0.0,False,0.0,1.0,0.0,7940,0.3534819781780243
0.0,True,0.0,1.0,0.0,7941,0.37309587001800537
0.0,False,0.0,1.0,0.0,7942,0.5542044043540955
0.0,True,0.0,1.0,0.0,7943,0.19488519430160522
0.0,True,0.0,1.0,0.0,7944,0.12862372398376465
0.0,True,0.0,1.0,0.0,7945,0.5241500735282898
0.0,True,0.0,1.0,0.0,7946,0.9732227921485901
0.0,True,0.0,1.0,0.0,7947,0.8512257933616638
0.0,False,0.0,1.0,0.0,7948,0.12594173848628998
0.0,False,0.0,1.0,0.0,7949,0.7385583519935608
0.0,True,0.0,1.0,0.0,7950,0.9200948476791382
0.0,True,0.0,1.0,0.0,7951,0.8850738406181335
0.0,True,0.0,1.0,0.0,7952,0.9927027225494385
0.0,False,0.0,1.0,0.0,7953,0.3541508615016937
0.0,True,0.0,1.0,0.0,7954,0.9927850961685181
0.0,True,0.0,1.0,0.0,7955,0.1608649641275406
0.0,True,0.0,1.0,0.0,7956,0.9937001466751099
0.0,False,0.0,1.0,0.0,7957,0.2495468109846115
0.0,False,0.0,1.0,0.0,7958,0.919407308101654
0.0,False,0.0,1.0,0.0,7959,0.9270950555801392
0.0,True,0.0,1.0,0.0,7960,0.1299397200345993
0.0,True,0.0,1.0,0.0,7961,0.9501707553863525
0.0,False,0.0,1.0,0.0,7962,0.3123617172241211
0.0,False,0.0,1.0,0.0,7963,0.14502021670341492
0.0,False,0.0,1.0,0.0,7964,0.9373500347137451
0.0,True,0.0,1.0,0.0,7965,0.952030599117279
0.0,True,0.0,1.0,0.0,7966,0.38097915053367615
0.0,True,0.0,1.0,0.0,7967,0.8165766000747681
0.0,True,0.0,1.0,0.0,7968,0.950651228427887
0.0,True,0.0,1.0,0.0,7969,0.9940390586853027
0.0,False,0.0,1.0,0.0,7970,0.06381602585315704
0.0,True,0.0,1.0,0.0,7971,0.9527804851531982
0.0,False,0.0,1.0,0.0,7972,0.024866437539458275
0.0,True,0.0,1.0,0.0,7973,0.48821672797203064
0.0,True,0.0,1.0,0.0,7974,0.6038997173309326
0.0,True,0.0,1.0,0.0,7975,0.5347641110420227
0.0,True,0.0,1.0,0.0,7976,0.4300414025783539
0.0,True,0.0,1.0,0.0,7977,0.07942890375852585
0.0,True,0.0,1.0,0.0,7978,0.9915313720703125
0.0,True,0.0,1.0,0.0,7979,0.5163703560829163
0.0,True,0.0,1.0,0.0,7980,0.22502639889717102
0.0,True,0.0,1.0,0.0,7981,0.9931997656822205
0.0,True,0.0,1.0,0.0,7982,0.9942110776901245
0.0,False,0.0,1.0,0.0,7983,0.0913209542632103
0.0,True,0.0,1.0,0.0,7984,0.8577101826667786
0.0,True,0.0,1.0,0.0,7985,0.9767060875892639
0.0,True,0.0,1.0,0.0,7986,0.909881591796875
0.0,True,0.0,1.0,0.0,7987,0.6049569249153137
0.0,True,0.0,1.0,0.0,7988,0.8573840856552124
0.0,False,0.0,1.0,0.0,7989,0.27328529953956604
0.0,True,0.0,1.0,0.0,7990,0.9819509983062744
0.0,True,0.0,1.0,0.0,7991,0.993837296962738
0.0,False,0.0,1.0,0.0,7992,0.35075104236602783
0.0,True,0.0,1.0,0.0,7993,0.9902055859565735
0.0,True,0.0,1.0,0.0,7994,0.983085572719574
0.0,True,0.0,1.0,0.0,7995,0.975057065486908
0.0,True,0.0,1.0,0.0,7996,0.9761005640029907
0.0,True,0.0,1.0,0.0,7997,0.9733129739761353
0.0,True,0.0,1.0,0.0,7998,0.24746306240558624
0.0,True,0.0,1.0,0.0,7999,0.3205486536026001
0.0,True,0.0,1.0,0.0,8000,0.1039409339427948
0.0,True,0.0,1.0,0.0,8001,0.698695957660675
0.0,True,0.0,1.0,0.0,8002,0.5883318185806274
0.0,True,0.0,1.0,0.0,8003,0.5763401389122009
0.0,True,0.0,1.0,0.0,8004,0.2332519292831421
0.0,True,0.0,1.0,0.0,8005,0.3040974736213684
0.0,True,0.0,1.0,0.0,8006,0.6806626915931702
0.0,True,0.0,1.0,0.0,8007,0.6560598015785217
0.0,True,0.0,1.0,0.0,8008,0.3809865713119507
0.0,True,0.0,1.0,0.0,8009,0.7676301002502441
0.0,False,0.0,1.0,0.0,8010,0.29550236463546753
0.0,False,0.0,1.0,0.0,8011,0.6295723915100098
0.0,False,0.0,1.0,0.0,8012,0.12679998576641083
0.0,False,0.0,1.0,0.0,8013,0.8646291494369507
0.0,True,0.0,1.0,0.0,8014,0.6290398240089417
0.0,True,0.0,1.0,0.0,8015,0.3975573778152466
0.0,False,0.0,1.0,0.0,8016,0.07616797089576721
0.0,False,0.0,1.0,0.0,8017,0.3523705005645752
0.0,False,0.0,1.0,0.0,8018,0.12255895137786865
0.0,True,0.0,1.0,0.0,8019,0.469269335269928
0.0,False,0.0,1.0,0.0,8020,0.39401975274086
0.0,True,0.0,1.0,0.0,8021,0.9937594532966614
0.0,True,0.0,1.0,0.0,8022,0.48607948422431946
0.0,True,0.0,1.0,0.0,8023,0.9945464134216309
0.0,True,0.0,1.0,0.0,8024,0.9939903020858765
0.0,True,0.0,1.0,0.0,8025,0.7802809476852417
0.0,False,0.0,1.0,0.0,8026,0.714352548122406
0.0,False,0.0,1.0,0.0,8027,0.019660640507936478
0.0,True,0.0,1.0,0.0,8028,0.49247047305107117
0.0,True,0.0,1.0,0.0,8029,0.9383717179298401
0.0,False,0.0,1.0,0.0,8030,0.4289967119693756
0.0,True,0.0,1.0,0.0,8031,0.9754977822303772
0.0,True,0.0,1.0,0.0,8032,0.9764531254768372
0.0,True,0.0,1.0,0.0,8033,0.6021804213523865
0.0,True,0.0,1.0,0.0,8034,0.9798359870910645
0.0,True,0.0,1.0,0.0,8035,0.9565700888633728
0.0,True,0.0,1.0,0.0,8036,0.09442207217216492
0.0,True,0.0,1.0,0.0,8037,0.9944658875465393
0.0,True,0.0,1.0,0.0,8038,0.6391894817352295
0.0,True,0.0,1.0,0.0,8039,0.09688010811805725
0.0,True,0.0,1.0,0.0,8040,0.5679427981376648
0.0,True,0.0,1.0,0.0,8041,0.7648648023605347
0.0,True,0.0,1.0,0.0,8042,0.9923093318939209
0.0,True,0.0,1.0,0.0,8043,0.7465506792068481
0.0,True,0.0,1.0,0.0,8044,0.7757631540298462
0.0,False,0.0,1.0,0.0,8045,0.4864310324192047
0.0,True,0.0,1.0,0.0,8046,0.5690786242485046
0.0,True,0.0,1.0,0.0,8047,0.3650442659854889
0.0,True,0.0,1.0,0.0,8048,0.7656829953193665
0.0,True,0.0,1.0,0.0,8049,0.8012605309486389
0.0,True,0.0,1.0,0.0,8050,0.8176665306091309
0.0,True,0.0,1.0,0.0,8051,0.5953941345214844
0.0,True,0.0,1.0,0.0,8052,0.7962496876716614
0.0,True,0.0,1.0,0.0,8053,0.15641993284225464
0.0,True,0.0,1.0,0.0,8054,0.774975597858429
0.0,True,0.0,1.0,0.0,8055,0.7809514999389648
0.0,True,0.0,1.0,0.0,8056,0.7957650423049927
0.0,True,0.0,1.0,0.0,8057,0.9572862982749939
0.0,True,0.0,1.0,0.0,8058,0.3555194139480591
0.0,True,0.0,1.0,0.0,8059,0.9952136278152466
0.0,True,0.0,1.0,0.0,8060,0.983356237411499
0.0,True,0.0,1.0,0.0,8061,0.27300572395324707
0.0,True,0.0,1.0,0.0,8062,0.2779405415058136
0.0,True,0.0,1.0,0.0,8063,0.6314289569854736
0.0,True,0.0,1.0,0.0,8064,0.47251373529434204
0.0,True,0.0,1.0,0.0,8065,0.993162989616394
0.0,True,0.0,1.0,0.0,8066,0.9945586323738098
0.0,True,0.0,1.0,0.0,8067,0.4099821150302887
0.0,False,0.0,1.0,0.0,8068,0.7177248001098633
0.0,True,0.0,1.0,0.0,8069,0.2384498417377472
0.0,False,0.0,1.0,0.0,8070,0.13950355350971222
0.0,False,0.0,1.0,0.0,8071,0.00593087263405323
0.0,False,0.0,1.0,0.0,8072,0.026855869218707085
0.0,False,0.0,1.0,0.0,8073,0.17445147037506104
0.0,False,0.0,1.0,0.0,8074,0.012865643948316574
0.0,False,0.0,1.0,0.0,8075,0.04922299459576607
0.0,False,0.0,1.0,0.0,8076,0.31435102224349976
0.0,True,0.0,1.0,0.0,8077,0.238923117518425
0.0,True,0.0,1.0,0.0,8078,0.08931398391723633
0.0,True,0.0,1.0,0.0,8079,0.8124966025352478
0.0,True,0.0,1.0,0.0,8080,0.7842548489570618
0.0,True,0.0,1.0,0.0,8081,0.7955555319786072
0.0,True,0.0,1.0,0.0,8082,0.7905631065368652
0.0,False,0.0,1.0,0.0,8083,0.257244348526001
0.0,False,0.0,1.0,0.0,8084,0.43654778599739075
0.0,True,0.0,1.0,0.0,8085,0.8247527480125427
0.0,True,0.0,1.0,0.0,8086,0.9755859375
0.0,True,0.0,1.0,0.0,8087,0.10042697191238403
0.0,False,0.0,1.0,0.0,8088,0.4046182930469513
0.0,False,0.0,1.0,0.0,8089,0.29657071828842163
0.0,False,0.0,1.0,0.0,8090,0.6096218824386597
0.0,False,0.0,1.0,0.0,8091,0.7860991358757019
0.0,False,0.0,1.0,0.0,8092,0.6236199140548706
0.0,False,0.0,1.0,0.0,8093,0.3969206213951111
0.0,False,0.0,1.0,0.0,8094,0.3116333484649658
0.0,True,0.0,1.0,0.0,8095,0.46220874786376953
0.0,True,0.0,1.0,0.0,8096,0.7478870749473572
0.0,True,0.0,1.0,0.0,8097,0.9583256840705872
0.0,True,0.0,1.0,0.0,8098,0.6471375823020935
0.0,True,0.0,1.0,0.0,8099,0.4370875060558319
0.0,True,0.0,1.0,0.0,8100,0.7500055432319641
0.0,False,0.0,1.0,0.0,8101,0.7672880291938782
0.0,False,0.0,1.0,0.0,8102,0.2127200812101364
0.0,True,0.0,1.0,0.0,8103,0.7959232926368713
0.0,True,0.0,1.0,0.0,8104,0.5327626466751099
0.0,True,0.0,1.0,0.0,8105,0.8410891890525818
0.0,True,0.0,1.0,0.0,8106,0.42311540246009827
0.0,True,0.0,1.0,0.0,8107,0.5457964539527893
0.0,True,0.0,1.0,0.0,8108,0.3630019426345825
0.0,True,0.0,1.0,0.0,8109,0.5102127194404602
0.0,True,0.0,1.0,0.0,8110,0.960883378982544
0.0,True,0.0,1.0,0.0,8111,0.6954622268676758
0.0,True,0.0,1.0,0.0,8112,0.8985081911087036
0.0,True,0.0,1.0,0.0,8113,0.8902201652526855
0.0,True,0.0,1.0,0.0,8114,0.7651756405830383
0.0,True,0.0,1.0,0.0,8115,0.1945207417011261
0.0,False,0.0,1.0,0.0,8116,0.0930573046207428
0.0,True,0.0,1.0,0.0,8117,0.5365422964096069
0.0,False,0.0,1.0,0.0,8118,0.4552338123321533
0.0,False,0.0,1.0,0.0,8119,0.14894922077655792
0.0,True,0.0,1.0,0.0,8120,0.9509914517402649
0.0,True,0.0,1.0,0.0,8121,0.9657385945320129
0.0,True,0.0,1.0,0.0,8122,0.9742240905761719
0.0,False,0.0,1.0,0.0,8123,0.46307769417762756
0.0,False,0.0,1.0,0.0,8124,0.07461294531822205
0.0,True,0.0,1.0,0.0,8125,0.4880460798740387
0.0,True,0.0,1.0,0.0,8126,0.4595147967338562
0.0,True,0.0,1.0,0.0,8127,0.4745996594429016
0.0,True,0.0,1.0,0.0,8128,0.9755065441131592
0.0,False,0.0,1.0,0.0,8129,0.5006519556045532
0.0,True,0.0,1.0,0.0,8130,0.19548282027244568
0.0,True,0.0,1.0,0.0,8131,0.9760547876358032
0.0,True,0.0,1.0,0.0,8132,0.9769415259361267
0.0,True,0.0,1.0,0.0,8133,0.9796736836433411
0.0,True,0.0,1.0,0.0,8134,0.9789023995399475
0.0,True,0.0,1.0,0.0,8135,0.9819021224975586
0.0,False,0.0,1.0,0.0,8136,0.12433650344610214
0.0,True,0.0,1.0,0.0,8137,0.9804021716117859
0.0,True,0.0,1.0,0.0,8138,0.9830291867256165
0.0,True,0.0,1.0,0.0,8139,0.9813780784606934
0.0,True,0.0,1.0,0.0,8140,0.9833226799964905
0.0,True,0.0,1.0,0.0,8141,0.9819509983062744
0.0,True,0.0,1.0,0.0,8142,0.9832459688186646
0.0,True,0.0,1.0,0.0,8143,0.9826083183288574
0.0,True,0.0,1.0,0.0,8144,0.9833452701568604
0.0,True,0.0,1.0,0.0,8145,0.9826219081878662
0.0,True,0.0,1.0,0.0,8146,0.639442503452301
0.0,True,0.0,1.0,0.0,8147,0.5380314588546753
0.0,False,0.0,1.0,0.0,8148,0.06559936702251434
0.0,True,0.0,1.0,0.0,8149,0.9837460517883301
0.0,True,0.0,1.0,0.0,8150,0.07827691733837128
0.0,False,0.0,1.0,0.0,8151,0.49047669768333435
0.0,True,0.0,1.0,0.0,8152,0.9355795383453369
0.0,True,0.0,1.0,0.0,8153,0.9484730958938599
0.0,True,0.0,1.0,0.0,8154,0.959597110748291
0.0,True,0.0,1.0,0.0,8155,0.9737825393676758
0.0,False,0.0,1.0,0.0,8156,0.594593346118927
0.0,True,0.0,1.0,0.0,8157,0.7281065583229065
0.0,True,0.0,1.0,0.0,8158,0.7441351413726807
0.0,True,0.0,1.0,0.0,8159,0.7144152522087097
0.0,True,0.0,1.0,0.0,8160,0.9716810584068298
0.0,True,0.0,1.0,0.0,8161,0.49124088883399963
0.0,True,0.0,1.0,0.0,8162,0.8544791340827942
0.0,True,0.0,1.0,0.0,8163,0.49579140543937683
0.0,True,0.0,1.0,0.0,8164,0.9317991733551025
0.0,True,0.0,1.0,0.0,8165,0.5412085056304932
0.0,True,0.0,1.0,0.0,8166,0.605843722820282
0.0,True,0.0,1.0,0.0,8167,0.549441933631897
0.0,True,0.0,1.0,0.0,8168,0.43927547335624695
0.0,False,0.0,1.0,0.0,8169,0.6943489909172058
0.0,True,0.0,1.0,0.0,8170,0.4676743149757385
0.0,True,0.0,1.0,0.0,8171,0.4976939857006073
0.0,True,0.0,1.0,0.0,8172,0.3545325994491577
0.0,True,0.0,1.0,0.0,8173,0.501471757888794
0.0,True,0.0,1.0,0.0,8174,0.5044316649436951
0.0,True,0.0,1.0,0.0,8175,0.41730985045433044
0.0,False,0.0,1.0,0.0,8176,0.17092342674732208
0.0,True,0.0,1.0,0.0,8177,0.840808093547821
0.0,True,0.0,1.0,0.0,8178,0.5900737643241882
0.0,True,0.0,1.0,0.0,8179,0.6656471490859985
0.0,True,0.0,1.0,0.0,8180,0.6497103571891785
0.0,True,0.0,1.0,0.0,8181,0.1396159529685974
0.0,True,0.0,1.0,0.0,8182,0.3418816924095154
0.0,True,0.0,1.0,0.0,8183,0.6795712113380432
0.0,True,0.0,1.0,0.0,8184,0.3534480631351471
0.0,True,0.0,1.0,0.0,8185,0.32005465030670166
0.0,False,0.0,1.0,0.0,8186,0.300876259803772
0.0,True,0.0,1.0,0.0,8187,0.7929156422615051
0.0,True,0.0,1.0,0.0,8188,0.6288346648216248
0.0,True,0.0,1.0,0.0,8189,0.33994489908218384
0.0,True,0.0,1.0,0.0,8190,0.21540920436382294
0.0,True,0.0,1.0,0.0,8191,0.8687683343887329
0.0,False,0.0,0.0,0.0,7577,0.1057562530040741
0.0,True,0.0,0.0,0.0,7578,0.7286790609359741
0.0,False,0.0,0.0,0.0,7579,0.14256000518798828
0.0,False,0.0,0.0,0.0,7580,0.11646556854248047
0.0,False,0.0,0.0,0.0,7581,0.25766727328300476
0.0,False,0.0,0.0,0.0,7582,0.017941541969776154
0.0,False,0.0,0.0,0.0,7583,0.17038770020008087
0.0,False,0.0,0.0,0.0,7584,0.6087444424629211
0.0,False,0.0,0.0,0.0,7585,0.03394890949130058
0.0,False,0.0,0.0,0.0,7586,0.34289929270744324
0.0,False,0.0,0.0,0.0,7587,0.11705758422613144
0.0,False,0.0,0.0,0.0,7588,0.03185499086976051
0.0,False,0.0,0.0,0.0,7589,0.48991942405700684
0.0,False,0.0,0.0,0.0,7590,0.5516772866249084
0.0,False,0.0,0.0,0.0,7591,0.4217265248298645
0.0,False,0.0,0.0,0.0,7592,0.11105886846780777
0.0,True,0.0,0.0,0.0,7593,0.7315247654914856
0.0,False,0.0,0.0,0.0,7594,0.49634429812431335
0.0,False,0.0,0.0,0.0,7595,0.6921799778938293
0.0,False,0.0,0.0,0.0,7596,0.4492184817790985
0.0,False,0.0,0.0,0.0,7597,0.24059681594371796
0.0,False,0.0,0.0,0.0,7598,0.3545222282409668
0.0,False,0.0,0.0,0.0,7599,0.18978187441825867
0.0,False,0.0,0.0,0.0,7600,0.2568470239639282
0.0,False,0.0,0.0,0.0,7601,0.12644723057746887
0.0,False,0.0,0.0,0.0,7602,0.2533322274684906
0.0,True,0.0,0.0,0.0,7603,0.4355623126029968
0.0,False,0.0,0.0,0.0,7604,0.0029055371414870024
0.0,False,0.0,0.0,0.0,7605,0.39637142419815063
0.0,False,0.0,0.0,0.0,7606,0.3377811312675476
0.0,False,0.0,0.0,0.0,7607,0.13966965675354004
0.0,False,0.0,0.0,0.0,7608,0.3457014560699463
0.0,False,0.0,0.0,0.0,7609,0.6265792846679688
0.0,False,0.0,0.0,0.0,7610,0.015202808193862438
0.0,False,0.0,0.0,0.0,7611,0.4963359236717224
0.0,False,0.0,0.0,0.0,7612,0.054196685552597046
0.0,False,0.0,0.0,0.0,7613,0.5152201056480408
0.0,True,0.0,0.0,0.0,7614,0.7186241745948792
0.0,False,0.0,0.0,0.0,7615,0.11514470726251602
0.0,False,0.0,0.0,0.0,7616,0.18068663775920868
0.0,False,0.0,0.0,0.0,7617,0.7497666478157043
0.0,True,0.0,0.0,0.0,7618,0.7080919146537781
0.0,False,0.0,0.0,0.0,7619,0.14138731360435486
0.0,False,0.0,0.0,0.0,7620,0.4688262641429901
0.0,False,0.0,0.0,0.0,7621,0.22038130462169647
0.0,False,0.0,0.0,0.0,7622,0.22384704649448395
0.0,False,0.0,0.0,0.0,7623,0.34649741649627686
0.0,False,0.0,0.0,0.0,7624,0.6607415080070496
0.0,False,0.0,0.0,0.0,7625,0.011528018862009048
0.0,True,0.0,0.0,0.0,7626,0.4591958522796631
0.0,False,0.0,0.0,0.0,7627,0.11343646049499512
0.0,False,0.0,0.0,0.0,7628,0.2256244271993637
0.0,False,0.0,0.0,0.0,7629,0.5460847616195679
0.0,False,0.0,0.0,0.0,7630,0.11190463602542877
0.0,False,0.0,0.0,0.0,7631,0.019128257408738136
0.0,False,0.0,0.0,0.0,7632,0.01099939551204443
0.0,False,0.0,0.0,0.0,7633,0.41328755021095276
0.0,False,0.0,0.0,0.0,7634,0.03879757225513458
0.0,False,0.0,0.0,0.0,7635,0.48536601662635803
0.0,False,0.0,0.0,0.0,7636,0.06490939110517502
0.0,False,0.0,0.0,0.0,7637,0.2929342985153198
0.0,False,0.0,0.0,0.0,7638,0.35190334916114807
0.0,False,0.0,0.0,0.0,7639,0.02762128785252571
0.0,False,0.0,0.0,0.0,7640,0.5291457176208496
0.0,False,0.0,0.0,0.0,7641,0.2968420386314392
0.0,False,0.0,0.0,0.0,7642,0.2909315824508667
0.0,False,0.0,0.0,0.0,7643,0.3745778501033783
0.0,False,0.0,0.0,0.0,7644,0.4719873070716858
0.0,False,0.0,0.0,0.0,7645,0.058509062975645065
0.0,False,0.0,0.0,0.0,7646,0.37024185061454773
0.0,False,0.0,0.0,0.0,7647,0.07086870819330215
0.0,False,0.0,0.0,0.0,7648,0.2639455795288086
0.0,False,0.0,0.0,0.0,7649,0.373421311378479
0.0,False,0.0,0.0,0.0,7650,0.03844534233212471
0.0,False,0.0,0.0,0.0,7651,0.1012638732790947
0.0,False,0.0,0.0,0.0,7652,0.052698057144880295
0.0,False,0.0,0.0,0.0,7653,0.5229666829109192
0.0,False,0.0,0.0,0.0,7654,0.35414832830429077
0.0,False,0.0,0.0,0.0,7655,0.04778492823243141
0.0,False,0.0,0.0,0.0,7656,0.21779373288154602
0.0,False,0.0,0.0,0.0,7657,0.21468393504619598
0.0,False,0.0,0.0,0.0,7658,0.38961824774742126
0.0,True,0.0,0.0,0.0,7659,0.5955908298492432
0.0,False,0.0,0.0,0.0,7660,0.1342790722846985
0.0,False,0.0,0.0,0.0,7661,0.014113240875303745
0.0,False,0.0,0.0,0.0,7662,0.09548500925302505
0.0,False,0.0,0.0,0.0,7663,0.1075403094291687
0.0,True,0.0,0.0,0.0,7664,0.9697685837745667
0.0,False,0.0,0.0,0.0,7665,0.06064861640334129
0.0,False,0.0,0.0,0.0,7666,0.45333990454673767
0.0,False,0.0,0.0,0.0,7667,0.27777254581451416
0.0,False,0.0,0.0,0.0,7668,0.6387891173362732
0.0,False,0.0,0.0,0.0,7669,0.43128272891044617
0.0,False,0.0,0.0,0.0,7670,0.09013641625642776
0.0,False,0.0,0.0,0.0,7671,0.35878264904022217
0.0,False,0.0,0.0,0.0,7672,0.6496191024780273
0.0,False,0.0,0.0,0.0,7673,0.04216569662094116
0.0,False,0.0,0.0,0.0,7674,0.02988531067967415
0.0,False,0.0,0.0,0.0,7675,0.02853674627840519
0.0,False,0.0,0.0,0.0,7676,0.14462591707706451
0.0,False,0.0,0.0,0.0,7677,0.2410418689250946
0.0,False,0.0,0.0,0.0,7678,0.3340287506580353
0.0,False,0.0,0.0,0.0,7679,0.3416484594345093
0.0,True,0.0,0.0,0.0,7680,0.813683271408081
0.0,False,0.0,0.0,0.0,7681,0.02405853010714054
0.0,False,0.0,0.0,0.0,7682,0.03223505616188049
0.0,False,0.0,0.0,0.0,7683,0.2960459887981415
0.0,False,0.0,0.0,0.0,7684,0.9559902548789978
0.0,False,0.0,0.0,0.0,7685,0.31616848707199097
0.0,False,0.0,0.0,0.0,7686,0.734856128692627
0.0,True,0.0,0.0,0.0,7687,0.5844937562942505
0.0,False,0.0,0.0,0.0,7688,0.08265966176986694
0.0,True,0.0,0.0,0.0,7689,0.36979150772094727
0.0,False,0.0,0.0,0.0,7690,0.00968256313353777
0.0,False,0.0,0.0,0.0,7691,0.3094533681869507
0.0,True,0.0,0.0,0.0,7692,0.7063536643981934
0.0,False,0.0,0.0,0.0,7693,0.12265519797801971
0.0,False,0.0,0.0,0.0,7694,0.06464604288339615
0.0,False,0.0,0.0,0.0,7695,0.38891229033470154
0.0,False,0.0,0.0,0.0,7696,0.10714766383171082
0.0,False,0.0,0.0,0.0,7697,0.7943277955055237
0.0,False,0.0,0.0,0.0,7698,0.4719061851501465
0.0,False,0.0,0.0,0.0,7699,0.6710811257362366
0.0,True,0.0,0.0,0.0,7700,0.2932594418525696
0.0,True,0.0,0.0,0.0,7701,0.5026643872261047
0.0,True,0.0,0.0,0.0,7702,0.7032483816146851
0.0,False,0.0,0.0,0.0,7703,0.019031865522265434
0.0,False,0.0,0.0,0.0,7704,0.1243094727396965
0.0,False,0.0,0.0,0.0,7705,0.21471859514713287
0.0,False,0.0,0.0,0.0,7706,0.1644061803817749
0.0,False,0.0,0.0,0.0,7707,0.05480610206723213
0.0,False,0.0,0.0,0.0,7708,0.05834159255027771
0.0,False,0.0,0.0,0.0,7709,0.1029382050037384
0.0,False,0.0,0.0,0.0,7710,0.443095326423645
0.0,False,0.0,0.0,0.0,7711,0.379222571849823
0.0,True,0.0,0.0,0.0,7712,0.723961591720581
0.0,False,0.0,0.0,0.0,7713,0.08377738296985626
0.0,False,0.0,0.0,0.0,7714,0.3191790282726288
0.0,False,0.0,0.0,0.0,7715,0.4574657380580902
0.0,False,0.0,0.0,0.0,7716,0.32273274660110474
0.0,False,0.0,0.0,0.0,7717,0.19644413888454437
0.0,False,0.0,0.0,0.0,7718,0.07583346217870712
0.0,False,0.0,0.0,0.0,7719,0.08048677444458008
0.0,False,0.0,0.0,0.0,7720,0.08644542843103409
0.0,False,0.0,0.0,0.0,7721,0.41781166195869446
0.0,False,0.0,0.0,0.0,7722,0.5151168704032898
0.0,False,0.0,0.0,0.0,7723,0.34794560074806213
0.0,False,0.0,0.0,0.0,7724,0.04247237369418144
0.0,False,0.0,0.0,0.0,7725,0.09150430560112
0.0,False,0.0,0.0,0.0,7726,0.3453660309314728
0.0,False,0.0,0.0,0.0,7727,0.48817193508148193
0.0,False,0.0,0.0,0.0,7728,0.4362580478191376
0.0,False,0.0,0.0,0.0,7729,0.18555989861488342
0.0,False,0.0,0.0,0.0,7730,0.15548694133758545
0.0,False,0.0,0.0,0.0,7731,0.14712435007095337
0.0,False,0.0,0.0,0.0,7732,0.20625880360603333
0.0,False,0.0,0.0,0.0,7733,0.2446489930152893
0.0,False,0.0,0.0,0.0,7734,0.20494766533374786
0.0,False,0.0,0.0,0.0,7735,0.010245376266539097
0.0,False,0.0,0.0,0.0,7736,0.13627693057060242
0.0,True,0.0,0.0,0.0,7737,0.9309123754501343
0.0,False,0.0,0.0,0.0,7738,0.035334277898073196
0.0,False,0.0,0.0,0.0,7739,0.227929025888443
0.0,False,0.0,0.0,0.0,7740,0.5484166741371155
0.0,False,0.0,0.0,0.0,7741,0.05950508639216423
0.0,False,0.0,0.0,0.0,7742,0.004046708811074495
0.0,False,0.0,0.0,0.0,7743,0.2205015867948532
0.0,False,0.0,0.0,0.0,7744,0.11657040566205978
0.0,False,0.0,0.0,0.0,7745,0.4135492444038391
0.0,False,0.0,0.0,0.0,7746,0.06348975747823715
0.0,True,0.0,0.0,0.0,7747,0.4380827248096466
0.0,True,0.0,0.0,0.0,7748,0.23827287554740906
0.0,True,0.0,0.0,0.0,7749,0.47289153933525085
0.0,False,0.0,0.0,0.0,7750,0.2926368713378906
0.0,False,0.0,0.0,0.0,7751,0.25924167037010193
0.0,False,0.0,0.0,0.0,7752,0.07345234602689743
0.0,False,0.0,0.0,0.0,7753,0.08143629878759384
0.0,False,0.0,0.0,0.0,7754,0.03594503179192543
0.0,False,0.0,0.0,0.0,7755,0.10795380175113678
0.0,False,0.0,0.0,0.0,7756,0.03185611218214035
0.0,False,0.0,0.0,0.0,7757,0.6467037796974182
0.0,False,0.0,0.0,0.0,7758,0.3230537474155426
0.0,False,0.0,0.0,0.0,7759,0.05368831008672714
0.0,False,0.0,0.0,0.0,7760,0.07312612235546112
0.0,False,0.0,0.0,0.0,7761,0.03920699656009674
0.0,False,0.0,0.0,0.0,7762,0.7386878132820129
0.0,False,0.0,0.0,0.0,7763,0.19935168325901031
0.0,False,0.0,0.0,0.0,7764,0.12571981549263
0.0,False,0.0,0.0,0.0,7765,0.4333648085594177
0.0,True,0.0,0.0,0.0,7766,0.12268130481243134
0.0,False,0.0,0.0,0.0,7767,0.26928457617759705
0.0,False,0.0,0.0,0.0,7768,0.07488472014665604
0.0,False,0.0,0.0,0.0,7769,0.2260509580373764
0.0,False,0.0,0.0,0.0,7770,0.07187583297491074
0.0,False,0.0,0.0,0.0,7771,0.33511561155319214
0.0,False,0.0,0.0,0.0,7772,0.4500861167907715
0.0,False,0.0,0.0,0.0,7773,0.4423638582229614
0.0,False,0.0,0.0,0.0,7774,0.052597180008888245
0.0,False,0.0,0.0,0.0,7775,0.05255229398608208
0.0,False,0.0,0.0,0.0,7776,0.002000651555135846
0.0,False,0.0,0.0,0.0,7777,0.004384744446724653
0.0,False,0.0,0.0,0.0,7778,0.09573961049318314
0.0,False,0.0,0.0,0.0,7779,0.29384028911590576
0.0,False,0.0,0.0,0.0,7780,0.07993653416633606
0.0,False,0.0,0.0,0.0,7781,0.18919719755649567
0.0,False,0.0,0.0,0.0,7782,0.4566948711872101
0.0,False,0.0,0.0,0.0,7783,0.23646694421768188
0.0,False,0.0,0.0,0.0,7784,0.3382233679294586
0.0,False,0.0,0.0,0.0,7785,0.1824680119752884
0.0,False,0.0,0.0,0.0,7786,0.6749264001846313
0.0,False,0.0,0.0,0.0,7787,0.2603932321071625
0.0,False,0.0,0.0,0.0,7788,0.6953799724578857
0.0,False,0.0,0.0,0.0,7789,0.1384848654270172
0.0,False,0.0,0.0,0.0,7790,0.298022598028183
0.0,True,0.0,0.0,0.0,7791,0.24521784484386444
0.0,False,0.0,0.0,0.0,7792,0.7327187657356262
0.0,False,0.0,0.0,0.0,7793,0.20020097494125366
0.0,False,0.0,0.0,0.0,7794,0.3093392848968506
0.0,True,0.0,0.0,0.0,7795,0.6081064939498901
0.0,False,0.0,0.0,0.0,7796,0.016819095239043236
0.0,False,0.0,0.0,0.0,7797,0.029604125767946243
0.0,False,0.0,0.0,0.0,7798,0.11805121600627899
0.0,True,0.0,0.0,0.0,7799,0.558790385723114
0.0,True,0.0,0.0,0.0,7800,0.5421279668807983
0.0,False,0.0,0.0,0.0,7801,0.19083581864833832
0.0,False,0.0,0.0,0.0,7802,0.17101415991783142
0.0,False,0.0,0.0,0.0,7803,0.17159099876880646
0.0,False,0.0,0.0,0.0,7804,0.32488369941711426
0.0,False,0.0,0.0,0.0,7805,0.22015808522701263
0.0,False,0.0,0.0,0.0,7806,0.49875402450561523
0.0,False,0.0,0.0,0.0,7807,0.2103062868118286
0.0,False,0.0,0.0,0.0,7808,0.017511190846562386
0.0,False,0.0,0.0,0.0,7809,0.21455799043178558
0.0,True,0.0,0.0,0.0,7810,0.3721018135547638
0.0,False,0.0,0.0,0.0,7811,0.07683849334716797
0.0,True,0.0,0.0,0.0,7812,0.9832643866539001
0.0,False,0.0,0.0,0.0,7813,0.05562065169215202
0.0,True,0.0,0.0,0.0,7814,0.4870019257068634
0.0,False,0.0,0.0,0.0,7815,0.029179738834500313
0.0,False,0.0,0.0,0.0,7816,0.1431737244129181
0.0,False,0.0,0.0,0.0,7817,0.005925100762397051
0.0,False,0.0,0.0,0.0,7818,0.2447190284729004
0.0,False,0.0,0.0,0.0,7819,0.2503710687160492
0.0,False,0.0,0.0,0.0,7820,0.14410285651683807
0.0,False,0.0,0.0,0.0,7821,0.4936457872390747
0.0,False,0.0,0.0,0.0,7822,0.045964986085891724
0.0,True,0.0,0.0,0.0,7823,0.4198169708251953
0.0,False,0.0,0.0,0.0,7824,0.3713856637477875
0.0,False,0.0,0.0,0.0,7825,0.5664505958557129
0.0,True,0.0,0.0,0.0,7826,0.2564254105091095
0.0,False,0.0,0.0,0.0,7827,0.58540278673172
0.0,False,0.0,0.0,0.0,7828,0.5192366242408752
0.0,False,0.0,0.0,0.0,7829,0.0756804496049881
0.0,False,0.0,0.0,0.0,7830,0.14394931495189667
0.0,False,0.0,0.0,0.0,7831,0.11186854541301727
0.0,False,0.0,0.0,0.0,7832,0.37588852643966675
0.0,False,0.0,0.0,0.0,7833,0.11946774274110794
0.0,False,0.0,0.0,0.0,7834,0.3028462827205658
0.0,False,0.0,0.0,0.0,7835,0.23068253695964813
0.0,False,0.0,0.0,0.0,7836,0.3095686733722687
0.0,False,0.0,0.0,0.0,7837,0.07716687023639679
0.0,True,0.0,0.0,0.0,7838,0.3179623484611511
0.0,True,0.0,0.0,0.0,7839,0.613266110420227
0.0,False,0.0,0.0,0.0,7840,0.4085350036621094
0.0,False,0.0,0.0,0.0,7841,0.039894949644804
0.0,False,0.0,0.0,0.0,7842,0.15497446060180664
0.0,False,0.0,0.0,0.0,7843,0.19902803003787994
0.0,False,0.0,0.0,0.0,7844,0.35827258229255676
0.0,False,0.0,0.0,0.0,7845,0.010217167437076569
0.0,False,0.0,0.0,0.0,7846,0.1747981309890747
0.0,False,0.0,0.0,0.0,7847,0.19615161418914795
0.0,False,0.0,0.0,0.0,7848,0.1367616206407547
0.0,False,0.0,0.0,0.0,7849,0.33344241976737976
0.0,False,0.0,0.0,0.0,7850,0.06851816177368164
0.0,False,0.0,0.0,0.0,7851,0.15468654036521912
0.0,False,0.0,0.0,0.0,7852,0.6414313316345215
0.0,False,0.0,0.0,0.0,7853,0.5091281533241272
0.0,False,0.0,0.0,0.0,7854,0.05221956595778465
0.0,False,0.0,0.0,0.0,7855,0.29872754216194153
0.0,False,0.0,0.0,0.0,7856,0.015005074441432953
0.0,False,0.0,0.0,0.0,7857,0.08028092980384827
0.0,False,0.0,0.0,0.0,7858,0.42250803112983704
0.0,False,0.0,0.0,0.0,7859,0.36938968300819397
0.0,True,0.0,0.0,0.0,7860,0.5678250789642334
0.0,False,0.0,0.0,0.0,7861,0.28181785345077515
0.0,False,0.0,0.0,0.0,7862,0.24277697503566742
0.0,False,0.0,0.0,0.0,7863,0.4134877026081085
0.0,False,0.0,0.0,0.0,7864,0.2819685637950897
0.0,False,0.0,0.0,0.0,7865,0.4993320107460022
0.0,False,0.0,0.0,0.0,7866,0.4640507996082306
0.0,False,0.0,0.0,0.0,7867,0.1404474675655365
0.0,False,0.0,0.0,0.0,7868,0.2604120671749115
0.0,False,0.0,0.0,0.0,7869,0.05973309278488159
0.0,False,0.0,0.0,0.0,7870,0.3102784752845764
0.0,False,0.0,0.0,0.0,7871,0.004857505206018686
0.0,False,0.0,0.0,0.0,7872,0.7132164239883423
0.0,False,0.0,0.0,0.0,7873,0.37461042404174805
0.0,False,0.0,0.0,0.0,7874,0.20082007348537445
0.0,False,0.0,0.0,0.0,7875,0.111936554312706
0.0,False,0.0,0.0,0.0,7876,0.7205540537834167
0.0,False,0.0,0.0,0.0,7877,0.14646732807159424
0.0,False,0.0,0.0,0.0,7878,0.4790613651275635
0.0,False,0.0,0.0,0.0,7879,0.3372061252593994
0.0,False,0.0,0.0,0.0,7880,0.2653893828392029
0.0,True,0.0,0.0,0.0,7881,0.30761194229125977
0.0,False,0.0,0.0,0.0,7882,0.4515870213508606
0.0,False,0.0,0.0,0.0,7883,0.3759671449661255
0.0,False,0.0,0.0,0.0,7884,0.10474521666765213
0.0,False,0.0,0.0,0.0,7885,0.14108136296272278
0.0,False,0.0,0.0,0.0,7886,0.06789856404066086
0.0,False,0.0,0.0,0.0,7887,0.19101089239120483
0.0,False,0.0,0.0,0.0,7888,0.1978788822889328
0.0,False,0.0,0.0,0.0,7889,0.05372272804379463
0.0,False,0.0,0.0,0.0,7890,0.32703500986099243
0.0,False,0.0,0.0,0.0,7891,0.10811053961515427
0.0,False,0.0,0.0,0.0,7892,0.19301529228687286
0.0,False,0.0,0.0,0.0,7893,0.06318195909261703
0.0,False,0.0,0.0,0.0,7894,0.47618022561073303
0.0,False,0.0,0.0,0.0,7895,0.2735212743282318
0.0,False,0.0,0.0,0.0,7896,0.062169644981622696
0.0,False,0.0,0.0,0.0,7897,0.3741488754749298
0.0,False,0.0,0.0,0.0,7898,0.299265056848526
0.0,True,0.0,0.0,0.0,7899,0.7771905660629272
0.0,False,0.0,0.0,0.0,7900,0.1897951364517212
0.0,False,0.0,0.0,0.0,7901,0.008980643935501575
0.0,False,0.0,0.0,0.0,7902,0.011208583600819111
0.0,False,0.0,0.0,0.0,7903,0.4439524710178375
0.0,False,0.0,0.0,0.0,7904,0.20014995336532593
0.0,False,0.0,0.0,0.0,7905,0.11292421817779541
0.0,False,0.0,0.0,0.0,7906,0.019549719989299774
0.0,False,0.0,0.0,0.0,7907,0.015286165289580822
0.0,False,0.0,0.0,0.0,7908,0.03848496451973915
0.0,False,0.0,0.0,0.0,7909,0.347339928150177
0.0,False,0.0,0.0,0.0,7910,0.007593508809804916
0.0,False,0.0,0.0,0.0,7911,0.04600488767027855
0.0,False,0.0,0.0,0.0,7912,0.16246622800827026
0.0,False,0.0,0.0,0.0,7913,0.013510720804333687
0.0,False,0.0,0.0,0.0,7914,0.1061570793390274
0.0,False,0.0,0.0,0.0,7915,0.17871332168579102
0.0,False,0.0,0.0,0.0,7916,0.0284306388348341
0.0,False,0.0,0.0,0.0,7917,0.22004523873329163
0.0,False,0.0,0.0,0.0,7918,0.0750972107052803
0.0,False,0.0,0.0,0.0,7919,0.6558125019073486
0.0,False,0.0,0.0,0.0,7920,0.20789547264575958
0.0,False,0.0,0.0,0.0,7921,0.26764988899230957
0.0,False,0.0,0.0,0.0,7922,0.0965975895524025
0.0,False,0.0,0.0,0.0,7923,0.11174456030130386
0.0,False,0.0,0.0,0.0,7924,0.28693896532058716
0.0,False,0.0,0.0,0.0,7925,0.5718044638633728
0.0,False,0.0,0.0,0.0,7926,0.015481066890060902
0.0,False,0.0,0.0,0.0,7927,0.07041747123003006
0.0,False,0.0,0.0,0.0,7928,0.23139241337776184
0.0,False,0.0,0.0,0.0,7929,0.4084211587905884
0.0,False,0.0,0.0,0.0,7930,0.06660856306552887
0.0,False,0.0,0.0,0.0,7931,0.090304434299469
0.0,False,0.0,0.0,0.0,7932,0.12327895313501358
0.0,False,0.0,0.0,0.0,7933,0.4588063955307007
0.0,False,0.0,0.0,0.0,7934,0.08247463405132294
0.0,False,0.0,0.0,0.0,7935,0.06915171444416046
0.0,False,0.0,0.0,0.0,7936,0.32519257068634033
0.0,False,0.0,0.0,0.0,7937,0.010126778855919838
0.0,False,0.0,0.0,0.0,7938,0.019080858677625656
0.0,False,0.0,0.0,0.0,7939,0.2054554522037506
0.0,False,0.0,0.0,0.0,7940,0.35407590866088867
0.0,False,0.0,0.0,0.0,7941,0.948195219039917
0.0,False,0.0,0.0,0.0,7942,0.545308530330658
0.0,False,0.0,0.0,0.0,7943,0.4745626151561737
0.0,False,0.0,0.0,0.0,7944,0.16992595791816711
0.0,False,0.0,0.0,0.0,7945,0.11892718821763992
0.0,False,0.0,0.0,0.0,7946,0.37785977125167847
0.0,False,0.0,0.0,0.0,7947,0.504692018032074
0.0,False,0.0,0.0,0.0,7948,0.18864978849887848
0.0,False,0.0,0.0,0.0,7949,0.032849717885255814
0.0,False,0.0,0.0,0.0,7950,0.32925498485565186
0.0,False,0.0,0.0,0.0,7951,0.2943904995918274
0.0,False,0.0,0.0,0.0,7952,0.10294653475284576
0.0,False,0.0,0.0,0.0,7953,0.32495176792144775
0.0,False,0.0,0.0,0.0,7954,0.02023361437022686
0.0,False,0.0,0.0,0.0,7955,0.597983717918396
0.0,False,0.0,0.0,0.0,7956,0.0858851745724678
0.0,False,0.0,0.0,0.0,7957,0.02153201773762703
0.0,False,0.0,0.0,0.0,7958,0.22072240710258484
0.0,False,0.0,0.0,0.0,7959,0.4484557509422302
0.0,False,0.0,0.0,0.0,7960,0.0893198773264885
0.0,False,0.0,0.0,0.0,7961,0.06534958630800247
0.0,False,0.0,0.0,0.0,7962,0.20512953400611877
0.0,False,0.0,0.0,0.0,7963,0.17054244875907898
0.0,False,0.0,0.0,0.0,7964,0.053309325128793716
0.0,False,0.0,0.0,0.0,7965,0.3728935718536377
0.0,False,0.0,0.0,0.0,7966,0.05750785395503044
0.0,False,0.0,0.0,0.0,7967,0.18815478682518005
0.0,False,0.0,0.0,0.0,7968,0.0687565878033638
0.0,False,0.0,0.0,0.0,7969,0.19409681856632233
0.0,False,0.0,0.0,0.0,7970,0.15163671970367432
0.0,False,0.0,0.0,0.0,7971,0.4744168817996979
0.0,False,0.0,0.0,0.0,7972,0.048887383192777634
0.0,False,0.0,0.0,0.0,7973,0.031497467309236526
0.0,False,0.0,0.0,0.0,7974,0.05350026488304138
0.0,False,0.0,0.0,0.0,7975,0.40616992115974426
0.0,False,0.0,0.0,0.0,7976,0.05298120900988579
0.0,False,0.0,0.0,0.0,7977,0.41451674699783325
0.0,False,0.0,0.0,0.0,7978,0.008480694144964218
0.0,False,0.0,0.0,0.0,7979,0.13159310817718506
0.0,False,0.0,0.0,0.0,7980,0.38674619793891907
0.0,False,0.0,0.0,0.0,7981,0.00037200163933448493
0.0,False,0.0,0.0,0.0,7982,0.015410706400871277
0.0,False,0.0,0.0,0.0,7983,0.05852910131216049
0.0,False,0.0,0.0,0.0,7984,0.01959923841059208
0.0,True,0.0,0.0,0.0,7985,0.1873590350151062
0.0,True,0.0,0.0,0.0,7986,0.7453962564468384
0.0,False,0.0,0.0,0.0,7987,0.7815790176391602
0.0,False,0.0,0.0,0.0,7988,0.18252131342887878
0.0,False,0.0,0.0,0.0,7989,0.0512332059442997
0.0,False,0.0,0.0,0.0,7990,0.3334169089794159
0.0,False,0.0,0.0,0.0,7991,0.17732076346874237
0.0,False,0.0,0.0,0.0,7992,0.284984290599823
0.0,False,0.0,0.0,0.0,7993,0.06033400073647499
0.0,False,0.0,0.0,0.0,7994,0.03434492647647858
0.0,False,0.0,0.0,0.0,7995,0.13200314342975616
0.0,False,0.0,0.0,0.0,7996,0.09015447646379471
0.0,True,0.0,0.0,0.0,7997,0.08311238139867783
0.0,False,0.0,0.0,0.0,7998,0.21485765278339386
0.0,False,0.0,0.0,0.0,7999,0.261602520942688
0.0,False,0.0,0.0,0.0,8000,0.09229296445846558
0.0,False,0.0,0.0,0.0,8001,0.5472075939178467
0.0,True,0.0,0.0,0.0,8002,0.42093268036842346
0.0,False,0.0,0.0,0.0,8003,0.07728499919176102
0.0,False,0.0,0.0,0.0,8004,0.33845946192741394
0.0,False,0.0,0.0,0.0,8005,0.6413565278053284
0.0,False,0.0,0.0,0.0,8006,0.29329371452331543
0.0,False,0.0,0.0,0.0,8007,0.05950434133410454
0.0,False,0.0,0.0,0.0,8008,0.09963563829660416
0.0,False,0.0,0.0,0.0,8009,0.023787420243024826
0.0,False,0.0,0.0,0.0,8010,0.05210636556148529
0.0,False,0.0,0.0,0.0,8011,0.12401995807886124
0.0,False,0.0,0.0,0.0,8012,0.6630994081497192
0.0,False,0.0,0.0,0.0,8013,0.0992007851600647
0.0,False,0.0,0.0,0.0,8014,0.40827566385269165
0.0,False,0.0,0.0,0.0,8015,0.6752433180809021
0.0,False,0.0,0.0,0.0,8016,0.3479682207107544
0.0,False,0.0,0.0,0.0,8017,0.5710232853889465
0.0,False,0.0,0.0,0.0,8018,0.3815184533596039
0.0,False,0.0,0.0,0.0,8019,0.29570963978767395
0.0,False,0.0,0.0,0.0,8020,0.11908714473247528
0.0,False,0.0,0.0,0.0,8021,0.5911563634872437
0.0,False,0.0,0.0,0.0,8022,0.22198186814785004
0.0,False,0.0,0.0,0.0,8023,0.029332181438803673
0.0,False,0.0,0.0,0.0,8024,0.11027424782514572
0.0,False,0.0,0.0,0.0,8025,0.7370082139968872
0.0,False,0.0,0.0,0.0,8026,0.05047767981886864
0.0,False,0.0,0.0,0.0,8027,0.38180413842201233
0.0,False,0.0,0.0,0.0,8028,0.06254220008850098
0.0,False,0.0,0.0,0.0,8029,0.37871217727661133
0.0,False,0.0,0.0,0.0,8030,0.16229042410850525
0.0,False,0.0,0.0,0.0,8031,0.10511253029108047
0.0,False,0.0,0.0,0.0,8032,0.15694311261177063
0.0,False,0.0,0.0,0.0,8033,0.6728481650352478
0.0,False,0.0,0.0,0.0,8034,0.6384082436561584
0.0,False,0.0,0.0,0.0,8035,0.03277551382780075
0.0,False,0.0,0.0,0.0,8036,0.43170595169067383
0.0,False,0.0,0.0,0.0,8037,0.015578812919557095
0.0,False,0.0,0.0,0.0,8038,0.1323290467262268
0.0,False,0.0,0.0,0.0,8039,0.07011912763118744
0.0,False,0.0,0.0,0.0,8040,0.41420552134513855
0.0,False,0.0,0.0,0.0,8041,0.02646697126328945
0.0,False,0.0,0.0,0.0,8042,0.026288527995347977
0.0,False,0.0,0.0,0.0,8043,0.32723134756088257
0.0,False,0.0,0.0,0.0,8044,0.019390471279621124
0.0,False,0.0,0.0,0.0,8045,0.33574721217155457
0.0,False,0.0,0.0,0.0,8046,0.29964694380760193
0.0,False,0.0,0.0,0.0,8047,0.3809067904949188
0.0,False,0.0,0.0,0.0,8048,0.04976871237158775
0.0,True,0.0,0.0,0.0,8049,0.4654919505119324
0.0,False,0.0,0.0,0.0,8050,0.1838684380054474
0.0,False,0.0,0.0,0.0,8051,0.17901845276355743
0.0,False,0.0,0.0,0.0,8052,0.1412971466779709
0.0,False,0.0,0.0,0.0,8053,0.1137324869632721
0.0,False,0.0,0.0,0.0,8054,0.014683572575449944
0.0,False,0.0,0.0,0.0,8055,0.3179985284805298
0.0,False,0.0,0.0,0.0,8056,0.022206664085388184
0.0,False,0.0,0.0,0.0,8057,0.03358916565775871
0.0,False,0.0,0.0,0.0,8058,0.23122310638427734
0.0,False,0.0,0.0,0.0,8059,0.03192315995693207
0.0,False,0.0,0.0,0.0,8060,0.2768816351890564
0.0,False,0.0,0.0,0.0,8061,0.36370328068733215
0.0,False,0.0,0.0,0.0,8062,0.7049392461776733
0.0,False,0.0,0.0,0.0,8063,0.03040350042283535
0.0,False,0.0,0.0,0.0,8064,0.11810608208179474
0.0,False,0.0,0.0,0.0,8065,0.0007209217874333262
0.0,False,0.0,0.0,0.0,8066,0.03099205158650875
0.0,False,0.0,0.0,0.0,8067,0.48560094833374023
0.0,False,0.0,0.0,0.0,8068,0.18831269443035126
0.0,False,0.0,0.0,0.0,8069,0.25153112411499023
0.0,False,0.0,0.0,0.0,8070,0.07440018653869629
0.0,False,0.0,0.0,0.0,8071,0.09748953580856323
0.0,False,0.0,0.0,0.0,8072,0.2379656285047531
0.0,False,0.0,0.0,0.0,8073,0.06744037568569183
0.0,False,0.0,0.0,0.0,8074,0.14391885697841644
0.0,False,0.0,0.0,0.0,8075,0.011260471306741238
0.0,False,0.0,0.0,0.0,8076,0.07405616343021393
0.0,False,0.0,0.0,0.0,8077,0.5312190055847168
0.0,False,0.0,0.0,0.0,8078,0.0593622587621212
0.0,False,0.0,0.0,0.0,8079,0.08256159722805023
0.0,False,0.0,0.0,0.0,8080,0.4193328619003296
0.0,False,0.0,0.0,0.0,8081,0.27248644828796387
0.0,True,0.0,0.0,0.0,8082,0.34295815229415894
0.0,False,0.0,0.0,0.0,8083,0.4307624101638794
0.0,False,0.0,0.0,0.0,8084,0.4764014482498169
0.0,False,0.0,0.0,0.0,8085,0.24797390401363373
0.0,False,0.0,0.0,0.0,8086,0.43519607186317444
0.0,False,0.0,0.0,0.0,8087,0.11264234781265259
0.0,False,0.0,0.0,0.0,8088,0.4748449921607971
0.0,False,0.0,0.0,0.0,8089,0.8118755221366882
0.0,False,0.0,0.0,0.0,8090,0.5881055593490601
0.0,False,0.0,0.0,0.0,8091,0.6115851402282715
0.0,False,0.0,0.0,0.0,8092,0.26778602600097656
0.0,False,0.0,0.0,0.0,8093,0.34640106558799744
0.0,False,0.0,0.0,0.0,8094,0.2585255205631256
0.0,False,0.0,0.0,0.0,8095,0.08826198428869247
0.0,False,0.0,0.0,0.0,8096,0.06843652576208115
0.0,False,0.0,0.0,0.0,8097,0.027453841641545296
0.0,False,0.0,0.0,0.0,8098,0.1618262529373169
0.0,False,0.0,0.0,0.0,8099,0.1270999312400818
0.0,False,0.0,0.0,0.0,8100,0.40235254168510437
0.0,False,0.0,0.0,0.0,8101,0.011758001521229744
0.0,False,0.0,0.0,0.0,8102,0.3782273828983307
0.0,False,0.0,0.0,0.0,8103,0.16069766879081726
0.0,False,0.0,0.0,0.0,8104,0.19593383371829987
0.0,False,0.0,0.0,0.0,8105,0.502692461013794
0.0,False,0.0,0.0,0.0,8106,0.46850094199180603
0.0,False,0.0,0.0,0.0,8107,0.5212786197662354
0.0,False,0.0,0.0,0.0,8108,0.42833834886550903
0.0,False,0.0,0.0,0.0,8109,0.5729447603225708
0.0,False,0.0,0.0,0.0,8110,0.07106567174196243
0.0,False,0.0,0.0,0.0,8111,0.048961661756038666
0.0,True,0.0,0.0,0.0,8112,0.4141553044319153
0.0,False,0.0,0.0,0.0,8113,0.665167510509491
0.0,False,0.0,0.0,0.0,8114,0.4162329137325287
0.0,False,0.0,0.0,0.0,8115,0.18903936445713043
0.0,False,0.0,0.0,0.0,8116,0.04062589257955551
0.0,False,0.0,0.0,0.0,8117,0.32668372988700867
0.0,False,0.0,0.0,0.0,8118,0.1864173263311386
0.0,False,0.0,0.0,0.0,8119,0.10515398532152176
0.0,False,0.0,0.0,0.0,8120,0.21785689890384674
0.0,False,0.0,0.0,0.0,8121,0.1503673791885376
0.0,False,0.0,0.0,0.0,8122,0.05448457971215248
0.0,False,0.0,0.0,0.0,8123,0.3118760883808136
0.0,False,0.0,0.0,0.0,8124,0.10239914059638977
0.0,False,0.0,0.0,0.0,8125,0.30769407749176025
0.0,False,0.0,0.0,0.0,8126,0.7516348361968994
0.0,False,0.0,0.0,0.0,8127,0.7598156332969666
0.0,False,0.0,0.0,0.0,8128,0.8374757766723633
0.0,True,0.0,0.0,0.0,8129,0.6327190399169922
0.0,False,0.0,0.0,0.0,8130,0.1291472613811493
0.0,False,0.0,0.0,0.0,8131,0.4079684317111969
0.0,False,0.0,0.0,0.0,8132,0.1973116546869278
0.0,False,0.0,0.0,0.0,8133,0.23659242689609528
0.0,False,0.0,0.0,0.0,8134,0.39611971378326416
0.0,False,0.0,0.0,0.0,8135,0.0902097299695015
0.0,False,0.0,0.0,0.0,8136,0.05290471389889717
0.0,False,0.0,0.0,0.0,8137,0.11642921715974808
0.0,False,0.0,0.0,0.0,8138,0.540951132774353
0.0,False,0.0,0.0,0.0,8139,0.6144545078277588
0.0,False,0.0,0.0,0.0,8140,0.3187222480773926
0.0,False,0.0,0.0,0.0,8141,0.08126306533813477
0.0,False,0.0,0.0,0.0,8142,0.08621418476104736
0.0,False,0.0,0.0,0.0,8143,0.016173498705029488
0.0,False,0.0,0.0,0.0,8144,0.025195211172103882
0.0,False,0.0,0.0,0.0,8145,0.00639987550675869
0.0,False,0.0,0.0,0.0,8146,0.278842031955719
0.0,False,0.0,0.0,0.0,8147,0.5339672565460205
0.0,False,0.0,0.0,0.0,8148,0.5984960198402405
0.0,False,0.0,0.0,0.0,8149,0.7267531156539917
0.0,False,0.0,0.0,0.0,8150,0.041453052312135696
0.0,False,0.0,0.0,0.0,8151,0.021484585478901863
0.0,False,0.0,0.0,0.0,8152,0.08957237750291824
0.0,False,0.0,0.0,0.0,8153,0.060537636280059814
0.0,False,0.0,0.0,0.0,8154,0.24962736666202545
0.0,False,0.0,0.0,0.0,8155,0.3729057013988495
0.0,False,0.0,0.0,0.0,8156,0.19174134731292725
0.0,False,0.0,0.0,0.0,8157,0.08923874795436859
0.0,False,0.0,0.0,0.0,8158,0.0693153515458107
0.0,False,0.0,0.0,0.0,8159,0.4502873718738556
0.0,False,0.0,0.0,0.0,8160,0.1301271766424179
0.0,True,0.0,0.0,0.0,8161,0.799328625202179
0.0,True,0.0,0.0,0.0,8162,0.7980598211288452
0.0,False,0.0,0.0,0.0,8163,0.5171794891357422
0.0,False,0.0,0.0,0.0,8164,0.14369627833366394
0.0,False,0.0,0.0,0.0,8165,0.34925779700279236
0.0,True,0.0,0.0,0.0,8166,0.036068886518478394
0.0,False,0.0,0.0,0.0,8167,0.31737425923347473
0.0,True,0.0,0.0,0.0,8168,0.49471399188041687
0.0,False,0.0,0.0,0.0,8169,0.7395063638687134
0.0,False,0.0,0.0,0.0,8170,0.1360933631658554
0.0,False,0.0,0.0,0.0,8171,0.36474207043647766
0.0,True,0.0,0.0,0.0,8172,0.7910413146018982
0.0,False,0.0,0.0,0.0,8173,0.2241799682378769
0.0,False,0.0,0.0,0.0,8174,0.21990235149860382
0.0,False,0.0,0.0,0.0,8175,0.09780915081501007
0.0,False,0.0,0.0,0.0,8176,0.3519608974456787
0.0,False,0.0,0.0,0.0,8177,0.15273796021938324
0.0,False,0.0,0.0,0.0,8178,0.20208224654197693
0.0,False,0.0,0.0,0.0,8179,0.659129798412323
0.0,False,0.0,0.0,0.0,8180,0.14710043370723724
0.0,False,0.0,0.0,0.0,8181,0.37882962822914124
0.0,False,0.0,0.0,0.0,8182,0.453807532787323
0.0,False,0.0,0.0,0.0,8183,0.41005846858024597
0.0,True,0.0,0.0,0.0,8184,0.4237893223762512
0.0,False,0.0,0.0,0.0,8185,0.13523754477500916
0.0,False,0.0,0.0,0.0,8186,0.4059672951698303
0.0,False,0.0,0.0,0.0,8187,0.026030899956822395
0.0,False,0.0,0.0,0.0,8188,0.4217906594276428
0.0,False,0.0,0.0,0.0,8189,0.44250836968421936
0.0,False,0.0,0.0,0.0,8190,0.583270251750946
0.0,False,0.0,0.0,0.0,8191,0.09422072768211365
