counterpart_attention_mass,counterpart_evidence_present,counterpart_warrant_mass,label,non_counterpart_warrant_mass,sample_id,score
0.0,False,0.0,1.0,1.9999868869781494,6553,0.4087528884410858
1.7672765254974365,True,1.7672672271728516,1.0,0.23272205889225006,6554,0.8582534790039062
1.0243101119995117,True,1.0243046283721924,1.0,0.9756836891174316,6555,0.9755271673202515
1.887866735458374,True,1.88785719871521,1.0,0.11213254928588867,6556,0.7402962446212769
1.9991874694824219,True,1.9991776943206787,1.0,0.0008125120075419545,6557,0.9809092283248901
1.8824782371520996,True,1.8824679851531982,1.0,0.1175210177898407,6558,0.9792342185974121
0.0,False,0.0,1.0,1.9999886751174927,6559,0.3591437041759491
1.931562066078186,True,1.9315531253814697,1.0,0.0684375986456871,6560,0.9989393353462219
0.0,False,0.0,1.0,1.9999878406524658,6561,0.35483723878860474
0.0,False,0.0,1.0,0.9999940991401672,6562,0.13234378397464752
0.0,False,0.0,1.0,1.9999864101409912,6563,0.7009380459785461
1.9658286571502686,True,1.9658184051513672,1.0,0.034171003848314285,6564,0.8435360193252563
0.0,False,0.0,1.0,1.9999868869781494,6565,0.4680592715740204
0.0,False,0.0,1.0,1.9999876022338867,6566,0.17156189680099487
0.0,False,0.0,1.0,1.9999866485595703,6567,0.747259795665741
0.0,False,0.0,1.0,1.9999873638153076,6568,0.3596038818359375
0.9794111251831055,True,0.9794061183929443,1.0,1.020582914352417,6569,0.6729026436805725
0.0,False,0.0,1.0,1.9999876022338867,6570,0.13617093861103058
0.0,False,0.0,1.0,1.9999864101409912,6571,0.22350738942623138
0.0,False,0.0,1.0,1.9999876022338867,6572,0.21702782809734344
0.0,False,0.0,1.0,1.999985694885254,6573,0.09656613320112228
1.592876672744751,True,1.5928683280944824,1.0,0.407120943069458,6574,0.8875765204429626
0.0,False,0.0,1.0,1.9999867677688599,6575,0.10302436351776123
1.3478281497955322,True,1.3478214740753174,1.0,0.6521682143211365,6576,0.983951210975647
0.0,False,0.0,1.0,1.9999871253967285,6577,0.3229430913925171
0.999870777130127,True,0.9998652935028076,1.0,1.0001229047775269,6578,0.8531438112258911
0.9997062683105469,True,0.9997010231018066,1.0,1.000287652015686,6579,0.9142594337463379
0.9991745948791504,True,0.9991693496704102,1.0,1.0008189678192139,6580,0.7607957124710083
0.9999917149543762,True,0.9999859929084778,1.0,1.0000017881393433,6581,0.8094639778137207
0.0,False,0.0,1.0,1.999988079071045,6582,0.0670350193977356
1.9989560842514038,True,1.998945951461792,1.0,0.0010437894379720092,6583,0.9624379277229309
0.9903581738471985,True,0.9903530478477478,1.0,1.0096354484558105,6584,0.2432030439376831
1.6021976470947266,True,1.6021885871887207,1.0,0.39779919385910034,6585,0.8847946524620056
1.6836971044540405,True,1.6836884021759033,1.0,0.3163011074066162,6586,0.9927997589111328
0.9929466843605042,True,0.9929415583610535,1.0,1.007047176361084,6587,0.35750216245651245
1.9769749641418457,True,1.976963996887207,1.0,0.023024780675768852,6588,0.7694087624549866
1.6826024055480957,True,1.6825940608978271,1.0,0.3173956573009491,6589,0.9520115852355957
0.9870218634605408,True,0.987016499042511,1.0,1.0129714012145996,6590,0.7499414682388306
0.0,False,0.0,1.0,1.9999878406524658,6591,0.6920773983001709
0.0,False,0.0,1.0,1.9999878406524658,6592,0.2019524872303009
1.9991657733917236,True,1.9991557598114014,1.0,0.0008342111250385642,6593,0.9812670946121216
1.9358912706375122,True,1.9358822107315063,1.0,0.06410841643810272,6594,0.9989199638366699
1.245750069618225,True,1.245743751525879,1.0,0.7542455196380615,6595,0.9831741452217102
0.0,False,0.0,1.0,1.9999876022338867,6596,0.172893688082695
1.8717703819274902,True,1.8717608451843262,1.0,0.12822885811328888,6597,0.9854177236557007
0.0,False,0.0,1.0,1.9999876022338867,6598,0.022268110886216164
1.4238150119781494,True,1.4238057136535645,1.0,0.5761801600456238,6599,0.8294435739517212
0.0,False,0.0,1.0,1.9999868869781494,6600,0.028967471793293953
1.321806788444519,True,1.321799874305725,1.0,0.6781893372535706,6601,0.9937314391136169
0.0,False,0.0,1.0,1.999988079071045,6602,0.2735765278339386
1.9501147270202637,True,1.950103759765625,1.0,0.04988500475883484,6603,0.9228420853614807
0.0,False,0.0,1.0,1.9999886751174927,6604,0.7863833904266357
0.0,False,0.0,1.0,1.9999847412109375,6605,0.054856278002262115
1.759284257888794,True,1.759275197982788,1.0,0.2407144010066986,6606,0.9943680167198181
0.9995592832565308,True,0.9995536208152771,1.0,1.000434160232544,6607,0.778255820274353
1.811898946762085,True,1.811889410018921,1.0,0.18809962272644043,6608,0.9146705269813538
0.9984212517738342,True,0.9984157681465149,1.0,1.0015722513198853,6609,0.8314516544342041
0.9998559355735779,True,0.9998506307601929,1.0,1.0001376867294312,6610,0.8453800082206726
1.814488172531128,True,1.8144787549972534,1.0,0.1855107545852661,6611,0.9956762194633484
0.9993028044700623,True,0.9992970824241638,1.0,1.0006903409957886,6612,0.8792693614959717
1.847418189048767,True,1.8474082946777344,1.0,0.1525808721780777,6613,0.9351414442062378
1.8027567863464355,True,1.802747130393982,1.0,0.19724199175834656,6614,0.9473815560340881
1.9662377834320068,True,1.9662272930145264,1.0,0.03376201540231705,6615,0.9837062358856201
1.368356704711914,True,1.3683497905731201,1.0,0.6316397786140442,6616,0.986829936504364
0.0,False,0.0,1.0,1.999988317489624,6617,0.11492268741130829
1.7214431762695312,True,1.7214343547821045,1.0,0.27855515480041504,6618,0.9215914011001587
1.9940367937088013,True,1.9940268993377686,1.0,0.005963133182376623,6619,0.9919779300689697
0.0,False,0.0,1.0,1.9999878406524658,6620,0.36124148964881897
0.0,False,0.0,1.0,1.9999885559082031,6621,0.14809513092041016
0.0,False,0.0,1.0,1.9999873638153076,6622,0.4464973509311676
0.0,False,0.0,1.0,1.9999876022338867,6623,0.4779781401157379
0.0,False,0.0,1.0,1.9999871253967285,6624,0.010201752185821533
0.0,False,0.0,1.0,1.9999885559082031,6625,0.2000136524438858
0.0,False,0.0,1.0,1.9999858140945435,6626,0.5101102590560913
0.0,False,0.0,1.0,1.9999873638153076,6627,0.4813222885131836
0.0,False,0.0,1.0,1.9999887943267822,6628,0.5775287747383118
1.9993287324905396,True,1.9993189573287964,1.0,0.0006711112800985575,6629,0.9732081890106201
1.951345682144165,True,1.9513362646102905,1.0,0.048654116690158844,6630,0.9985890984535217
1.3955515623092651,True,1.3955446481704712,1.0,0.6044448614120483,6631,0.9796938300132751
1.9848607778549194,True,1.984850287437439,1.0,0.015139102935791016,6632,0.9878000020980835
1.864097237586975,True,1.8640875816345215,1.0,0.1359020322561264,6633,0.9912137389183044
0.0,False,0.0,1.0,1.9999876022338867,6634,0.3117620050907135
1.3583029508590698,True,1.3582961559295654,1.0,0.6416933536529541,6635,0.9665709137916565
0.0,False,0.0,1.0,1.9999871253967285,6636,0.66337651014328
0.998115599155426,True,0.9981105923652649,1.0,1.0018781423568726,6637,0.7998208403587341
0.0,False,0.0,1.0,1.999983787536621,6638,0.24271126091480255
0.0,False,0.0,1.0,1.999985933303833,6639,0.4284714162349701
0.0,False,0.0,1.0,1.999988317489624,6640,0.4711090326309204
0.0,False,0.0,1.0,1.9999879598617554,6641,0.1079593151807785
0.0,False,0.0,1.0,1.999982237815857,6642,0.05066997557878494
0.0,False,0.0,1.0,1.999987244606018,6643,0.32809174060821533
1.78202486038208,True,1.7820155620574951,1.0,0.2179739624261856,6644,0.9944145679473877
0.0,False,0.0,1.0,1.999987006187439,6645,0.09070694446563721
0.3888717591762543,True,0.388869047164917,1.0,1.6111152172088623,6646,0.13231883943080902
1.4120835065841675,True,1.4120759963989258,1.0,0.5879132151603699,6647,0.9941699504852295
1.6267821788787842,True,1.6267733573913574,1.0,0.37321582436561584,6648,0.9972104430198669
0.0,False,0.0,1.0,1.9999873638153076,6649,0.24813398718833923
1.918860673904419,True,1.9188493490219116,1.0,0.08113882690668106,6650,0.6687185168266296
1.9867955446243286,True,1.986785650253296,1.0,0.01320428866893053,6651,0.9786377549171448
0.9996432065963745,True,0.9996379017829895,1.0,1.0003505945205688,6652,0.9792324900627136
1.8330321311950684,True,1.833021640777588,1.0,0.16696667671203613,6653,0.9514697194099426
0.9995765089988708,True,0.9995710849761963,1.0,1.0004172325134277,6654,0.935288667678833
1.0228958129882812,True,1.022890329360962,1.0,0.9770968556404114,6655,0.9596396088600159
1.5427873134613037,True,1.5427794456481934,1.0,0.45720964670181274,6656,0.9582101106643677
1.0382354259490967,True,1.038230061531067,1.0,0.9617578387260437,6657,0.8844831585884094
0.9999551773071289,True,0.9999500513076782,1.0,1.000038743019104,6658,0.9834722280502319
1.241380214691162,True,1.241373896598816,1.0,0.7586153149604797,6659,0.9946495890617371
1.9911152124404907,True,1.9911048412322998,1.0,0.008884764276444912,6660,0.9895426034927368
1.239760160446167,True,1.239753246307373,1.0,0.7602342963218689,6661,0.9530073404312134
1.9863219261169434,True,1.986311435699463,1.0,0.013677854090929031,6662,0.9866726398468018
1.9203929901123047,True,1.920381784439087,1.0,0.07960627973079681,6663,0.9434263110160828
0.0,False,0.0,1.0,1.9999868869781494,6664,0.06879501789808273
0.0,False,0.0,1.0,1.9999867677688599,6665,0.09159261733293533
0.9876323938369751,True,0.9876271486282349,1.0,1.012360692024231,6666,0.9468522071838379
0.0,False,0.0,1.0,1.9999866485595703,6667,0.23982174694538116
1.7983258962631226,True,1.7983165979385376,1.0,0.20167292654514313,6668,0.9949629306793213
0.9952328205108643,True,0.9952270984649658,1.0,1.004760503768921,6669,0.5877053737640381
1.999478816986084,True,1.9994690418243408,1.0,0.0005211851093918085,6670,0.9733924865722656
1.9497096538543701,True,1.9497003555297852,1.0,0.05029003322124481,6671,0.9985228180885315
1.9532932043075562,True,1.9532833099365234,1.0,0.04670644924044609,6672,0.9724851250648499
0.9970098733901978,True,0.9970046877861023,1.0,1.0029836893081665,6673,0.914082944393158
1.4722535610198975,True,1.4722462892532349,1.0,0.5277432799339294,6674,0.9808339476585388
1.9504810571670532,True,1.9504704475402832,1.0,0.0495186485350132,6675,0.9799942970275879
1.9019832611083984,True,1.9019734859466553,1.0,0.09801612794399261,6676,0.991685688495636
1.945937156677246,True,1.9459270238876343,1.0,0.05406247079372406,6677,0.9460411071777344
1.6657956838607788,True,1.6657873392105103,1.0,0.3342024087905884,6678,0.9771602153778076
1.7663286924362183,True,1.7663193941116333,1.0,0.2336699515581131,6679,0.9087428450584412
1.9500644207000732,True,1.9500536918640137,1.0,0.049935247749090195,6680,0.9436590671539307
1.9661720991134644,True,1.966161847114563,1.0,0.033827826380729675,6681,0.8861360549926758
1.5648193359375,True,1.5648109912872314,1.0,0.4351780414581299,6682,0.8498107194900513
1.9858028888702393,True,1.985792636871338,1.0,0.014196899719536304,6683,0.9612116813659668
1.9612789154052734,True,1.9612690210342407,1.0,0.038720812648534775,6684,0.9088742733001709
1.8690576553344727,True,1.8690481185913086,1.0,0.1309415102005005,6685,0.8651378750801086
1.8889319896697998,True,1.8889219760894775,1.0,0.11106724292039871,6686,0.8553416132926941
0.0,False,0.0,1.0,1.999987244606018,6687,0.007904201745986938
1.224621057510376,True,1.224614143371582,1.0,0.7753738164901733,6688,0.6875033974647522
0.0,False,0.0,1.0,1.9999845027923584,6689,0.15521501004695892
1.788912057876587,True,1.788901925086975,1.0,0.21108654141426086,6690,0.9393212199211121
1.6347086429595947,True,1.634700059890747,1.0,0.36528894305229187,6691,0.9511864185333252
1.9935117959976196,True,1.9935016632080078,1.0,0.006488121580332518,6692,0.990152895450592
0.9374330043792725,True,0.9374282360076904,1.0,1.0625606775283813,6693,0.5633397102355957
1.5026793479919434,True,1.502671480178833,1.0,0.49731773138046265,6694,0.9958542585372925
1.7960985898971558,True,1.7960892915725708,1.0,0.20390021800994873,6695,0.9943922162055969
0.0,False,0.0,1.0,1.9999887943267822,6696,0.19767960906028748
1.2924489974975586,True,1.292441725730896,1.0,0.7075466513633728,6697,0.9159612059593201
1.2284096479415894,True,1.2284022569656372,1.0,0.7715848684310913,6698,0.9389312267303467
1.067405343055725,True,1.067399501800537,1.0,0.9325886964797974,6699,0.864202082157135
1.6425890922546387,True,1.6425795555114746,1.0,0.35740846395492554,6700,0.9282959699630737
0.0,False,0.0,1.0,1.9999852180480957,6701,0.4363609552383423
1.9989588260650635,True,1.9989488124847412,1.0,0.001041112351231277,6702,0.979989230632782
1.943732738494873,True,1.9437235593795776,1.0,0.05626693740487099,6703,0.9987483024597168
1.4119558334350586,True,1.4119486808776855,1.0,0.5880405306816101,6704,0.9867702722549438
0.0,False,0.0,1.0,1.999986171722412,6705,0.1137344092130661
1.9413387775421143,True,1.941328763961792,1.0,0.05866079032421112,6706,0.9887040257453918
1.8632042407989502,True,1.863194465637207,1.0,0.1367950588464737,6707,0.995754599571228
1.6214359998703003,True,1.6214277744293213,1.0,0.37856176495552063,6708,0.9968446493148804
1.7174625396728516,True,1.7174538373947144,1.0,0.28253573179244995,6709,0.9806634783744812
0.0,False,0.0,1.0,1.9999864101409912,6710,0.18000157177448273
1.992114543914795,True,1.9921042919158936,1.0,0.007885195314884186,6711,0.9879739284515381
1.115096092224121,True,1.1150906085968018,1.0,0.8848986029624939,6712,0.8488728404045105
1.9963047504425049,True,1.9962941408157349,1.0,0.0036951033398509026,6713,0.9914429783821106
0.0,False,0.0,1.0,1.9999853372573853,6714,0.17306959629058838
1.0160455703735352,True,1.0160400867462158,1.0,0.9839474558830261,6715,0.7446929812431335
0.0,False,0.0,1.0,1.9999840259552002,6716,0.38114339113235474
0.5782804489135742,True,0.5782769918441772,1.0,1.4217088222503662,6717,0.7923698425292969
0.0,False,0.0,1.0,1.999983310699463,6718,0.22641393542289734
1.997591495513916,True,1.9975812435150146,1.0,0.0024084956385195255,6719,0.9920530319213867
1.412921667098999,True,1.4129139184951782,1.0,0.5870742201805115,6720,0.917667031288147
1.997481346130371,True,1.9974706172943115,1.0,0.0025186361744999886,6721,0.9915905594825745
0.0,False,0.0,1.0,1.999986171722412,6722,0.03778281807899475
0.9896550178527832,True,0.9896495342254639,1.0,1.0103378295898438,6723,0.9732791185379028
1.6496347188949585,True,1.6496262550354004,1.0,0.35036343336105347,6724,0.9969605803489685
1.437819242477417,True,1.437811255455017,1.0,0.5621769428253174,6725,0.8984264731407166
1.0388810634613037,True,1.0388754606246948,1.0,0.9611129760742188,6726,0.9606171250343323
1.4837448596954346,True,1.4837369918823242,1.0,0.516251802444458,6727,0.9336219429969788
1.8307557106018066,True,1.8307462930679321,1.0,0.16924342513084412,6728,0.9944940209388733
0.0,False,0.0,1.0,1.9999867677688599,6729,0.13433724641799927
0.0,False,0.0,1.0,1.9999866485595703,6730,0.04735944792628288
1.6315735578536987,True,1.6315641403198242,1.0,0.3684238791465759,6731,0.8578957915306091
1.9276063442230225,True,1.9275963306427002,1.0,0.07239328324794769,6732,0.9051032066345215
0.999862015247345,True,0.9998569488525391,1.0,1.000132441520691,6733,0.9760239720344543
0.0,False,0.0,1.0,1.9999873638153076,6734,0.24584859609603882
0.9929705858230591,True,0.9929651021957397,1.0,1.0070221424102783,6735,0.9678875803947449
1.8616214990615845,True,1.8616113662719727,1.0,0.13837763667106628,6736,0.7922367453575134
0.9990990161895752,True,0.9990935325622559,1.0,1.0008940696716309,6737,0.7329127192497253
0.9870156049728394,True,0.9870105981826782,1.0,1.012978196144104,6738,0.8467558026313782
1.9310262203216553,True,1.9310163259506226,1.0,0.06897329539060593,6739,0.9082426428794861
0.999796986579895,True,0.9997917413711548,1.0,1.0001963376998901,6740,0.9359613656997681
0.9893473386764526,True,0.989342212677002,1.0,1.0106453895568848,6741,0.7840267419815063
1.0,True,0.9999943971633911,1.0,0.9999925494194031,6742,0.9224224090576172
0.9969169497489929,True,0.9969112873077393,1.0,1.0030752420425415,6743,0.8729709982872009
0.9851979613304138,True,0.9851927161216736,1.0,1.0147950649261475,6744,0.9055353403091431
0.9930108785629272,True,0.9930053949356079,1.0,1.0069817304611206,6745,0.9300324320793152
0.9990568161010742,True,0.9990516901016235,1.0,1.000936508178711,6746,0.9742218255996704
1.9876437187194824,True,1.9876337051391602,1.0,0.012356217950582504,6747,0.9798222184181213
1.4300450086593628,True,1.4300378561019897,1.0,0.5699515342712402,6748,0.8922858834266663
1.886214017868042,True,1.8862041234970093,1.0,0.11378531157970428,6749,0.9469674825668335
1.6896978616714478,True,1.689687967300415,1.0,0.31029972434043884,6750,0.8486889004707336
1.1527831554412842,True,1.1527767181396484,1.0,0.8472113013267517,6751,0.8721575736999512
1.0627424716949463,True,1.0627367496490479,1.0,0.9372507929801941,6752,0.9237836599349976
1.0392000675201416,True,1.0391948223114014,1.0,0.960793673992157,6753,0.898511528968811
1.8485081195831299,True,1.8484975099563599,1.0,0.15149077773094177,6754,0.923243522644043
1.5506691932678223,True,1.5506612062454224,1.0,0.4493275582790375,6755,0.8340286016464233
1.2535771131515503,True,1.253570318222046,1.0,0.7464180588722229,6756,0.8366626501083374
0.8903295993804932,True,0.8903248906135559,1.0,1.1096631288528442,6757,0.8975091576576233
0.9960060119628906,True,0.9960007071495056,1.0,1.0039873123168945,6758,0.9602358341217041
0.0,False,0.0,1.0,0.999993085861206,6759,0.0413019061088562
0.9429413676261902,True,0.9429362416267395,1.0,1.057051420211792,6760,0.9118062853813171
0.9958093762397766,True,0.9958041906356812,1.0,1.0041837692260742,6761,0.9455973505973816
1.9985442161560059,True,1.998534083366394,1.0,0.0014557067770510912,6762,0.9805328845977783
1.9401363134384155,True,1.9401271343231201,1.0,0.059863507747650146,6763,0.998664140701294
1.0305403470993042,True,1.0305347442626953,1.0,0.9694523811340332,6764,0.8952726721763611
1.4001686573028564,True,1.4001615047454834,1.0,0.5998278260231018,6765,0.9862920045852661
1.9603002071380615,True,1.9602899551391602,1.0,0.03969959169626236,6766,0.8688125014305115
0.0,False,0.0,1.0,0.9999933242797852,6767,0.0843416154384613
1.9205322265625,True,1.9205225706100464,1.0,0.07946716248989105,6768,0.9885270595550537
1.7264084815979004,True,1.7263987064361572,1.0,0.27358976006507874,6769,0.9513723850250244
1.6681642532348633,True,1.6681559085845947,1.0,0.3318336308002472,6770,0.9798539280891418
1.3371844291687012,True,1.3371777534484863,1.0,0.6628117561340332,6771,0.9807791709899902
1.275417685508728,True,1.2754104137420654,1.0,0.7245763540267944,6772,0.9064457416534424
0.0,False,0.0,1.0,1.9999867677688599,6773,0.67695152759552
0.9505163431167603,True,0.9505112171173096,1.0,1.0494767427444458,6774,0.5506563782691956
0.0,False,0.0,1.0,1.999987006187439,6775,0.4441980719566345
0.0,False,0.0,1.0,1.9999868869781494,6776,0.5202288031578064
0.9673994779586792,True,0.9673944711685181,1.0,1.0325939655303955,6777,0.8780812621116638
0.9998641014099121,True,0.999859094619751,1.0,1.0001301765441895,6778,0.9549294114112854
1.9873645305633545,True,1.987354040145874,1.0,0.012635297141969204,6779,0.9859147071838379
1.9412610530853271,True,1.9412506818771362,1.0,0.05873848497867584,6780,0.9712283611297607
0.9993257522583008,True,0.9993206262588501,1.0,1.0006680488586426,6781,0.8869389891624451
0.9967683553695679,True,0.9967631101608276,1.0,1.0032247304916382,6782,0.9048601984977722
1.937669277191162,True,1.9376587867736816,1.0,0.06233040988445282,6783,0.8484998345375061
0.9955587387084961,True,0.9955534934997559,1.0,1.0044348239898682,6784,0.9433010220527649
1.2904945611953735,True,1.2904880046844482,1.0,0.7095006704330444,6785,0.9578073620796204
1.5667283535003662,True,1.5667200088500977,1.0,0.433268666267395,6786,0.9777672290802002
1.9900201559066772,True,1.9900095462799072,1.0,0.009979616850614548,6787,0.9573870301246643
0.9934730529785156,True,0.9934670925140381,1.0,1.0065189599990845,6788,0.8432096242904663
1.4078114032745361,True,1.4078030586242676,1.0,0.5921842455863953,6789,0.9089357256889343
0.0,False,0.0,1.0,1.9999842643737793,6790,0.13989992439746857
0.0,False,0.0,1.0,1.9999877214431763,6791,0.16026662290096283
0.0,False,0.0,1.0,1.9999849796295166,6792,0.058412689715623856
0.0,False,0.0,1.0,1.9999854564666748,6793,0.20509323477745056
0.9999045133590698,True,0.9998990893363953,1.0,1.0000885725021362,6794,0.8814414739608765
1.8871229887008667,True,1.887111783027649,1.0,0.11287619173526764,6795,0.9515658617019653
0.9995603561401367,True,0.9995548725128174,1.0,1.0004322528839111,6796,0.9572985172271729
0.0,False,0.0,1.0,1.9999878406524658,6797,0.05874699354171753
0.0,False,0.0,1.0,1.9999873638153076,6798,0.25598886609077454
0.0,False,0.0,1.0,1.9999877214431763,6799,0.07040809839963913
0.0,False,0.0,1.0,1.999985933303833,6800,0.37630048394203186
0.9984816908836365,True,0.9984766840934753,1.0,1.0015122890472412,6801,0.9511797428131104
1.8552571535110474,True,1.85524582862854,1.0,0.14474166929721832,6802,0.9170129299163818
0.0,False,0.0,1.0,0.9999933242797852,6803,0.634159505367279
1.5290560722351074,True,1.529047966003418,1.0,0.47094064950942993,6804,0.8827800154685974
0.0,False,0.0,1.0,1.9999871253967285,6805,0.4273751378059387
1.5575177669525146,True,1.5575098991394043,1.0,0.4424794912338257,6806,0.8880317211151123
0.9831196665763855,True,0.9831143617630005,1.0,1.0168737173080444,6807,0.6178867220878601
0.0,False,0.0,1.0,1.999988317489624,6808,0.06049266457557678
0.0,False,0.0,1.0,1.9999867677688599,6809,0.2963331341743469
0.0,False,0.0,1.0,1.9999852180480957,6810,0.31314507126808167
0.0,False,0.0,1.0,1.9999868869781494,6811,0.18213914334774017
1.926228404045105,True,1.9262170791625977,1.0,0.07377097010612488,6812,0.9257040619850159
1.8942447900772095,True,1.8942351341247559,1.0,0.10575457662343979,6813,0.9871614575386047
0.9910396933555603,True,0.9910345077514648,1.0,1.008953332901001,6814,0.957792341709137
0.9795421957969666,True,0.9795368909835815,1.0,1.020451545715332,6815,0.8604245185852051
1.5122106075286865,True,1.5122010707855225,1.0,0.48778510093688965,6816,0.971535861492157
1.0,True,0.9999947547912598,1.0,0.9999933242797852,6817,0.8357413411140442
0.0,False,0.0,1.0,1.9999871253967285,6818,0.44058749079704285
1.9474186897277832,True,1.9474087953567505,1.0,0.05258101224899292,6819,0.7491665482521057
1.0185037851333618,True,1.018498182296753,1.0,0.9814885854721069,6820,0.931154191493988
1.5599644184112549,True,1.5599560737609863,1.0,0.4400326907634735,6821,0.62502121925354
1.8622567653656006,True,1.862247109413147,1.0,0.13774222135543823,6822,0.8386953473091125
1.7357617616653442,True,1.735753059387207,1.0,0.2642366588115692,6823,0.9766943454742432
0.0,False,0.0,1.0,1.9999845027923584,6824,0.2653057277202606
1.99834144115448,True,1.9983315467834473,1.0,0.0016586373094469309,6825,0.9782623052597046
1.9125549793243408,True,1.9125456809997559,1.0,0.08744454383850098,6826,0.9983572363853455
1.0199135541915894,True,1.0199083089828491,1.0,0.9800801873207092,6827,0.947381854057312
1.9682074785232544,True,1.9681977033615112,1.0,0.03179236501455307,6828,0.7323636412620544
1.5527563095092773,True,1.552748680114746,1.0,0.4472411572933197,6829,0.9887245297431946
0.9629050493240356,True,0.9628991484642029,1.0,1.037087321281433,6830,0.8223423957824707
1.675432801246643,True,1.6754237413406372,1.0,0.32456520199775696,6831,0.5873571038246155
1.442969799041748,True,1.442962408065796,1.0,0.5570265054702759,6832,0.9754102230072021
1.973900318145752,True,1.9738900661468506,1.0,0.026099376380443573,6833,0.9539542198181152
1.943505048751831,True,1.943495273590088,1.0,0.05649464204907417,6834,0.9923560619354248
1.794816493988037,True,1.7948075532913208,1.0,0.20518219470977783,6835,0.9852694869041443
0.0,False,0.0,1.0,1.9999867677688599,6836,0.5442653894424438
1.9735572338104248,True,1.9735472202301025,1.0,0.02644275687634945,6837,0.7143945693969727
0.0,False,0.0,1.0,1.9999876022338867,6838,0.09916549175977707
0.9961981773376465,True,0.9961930513381958,1.0,1.0037952661514282,6839,0.9467911124229431
1.4320987462997437,True,1.4320908784866333,1.0,0.5678974390029907,6840,0.8954646587371826
1.8905328512191772,True,1.890522837638855,1.0,0.10946643352508545,6841,0.921292245388031
0.0,False,0.0,1.0,1.9999873638153076,6842,0.41030624508857727
0.0,False,0.0,1.0,1.9999878406524658,6843,0.19694679975509644
1.0519089698791504,True,1.0519031286239624,1.0,0.9480843544006348,6844,0.9332842230796814
0.9999703168869019,True,0.9999650120735168,1.0,1.0000227689743042,6845,0.9772375226020813
0.9844021797180176,True,0.984396755695343,1.0,1.0155911445617676,6846,0.829134464263916
0.9928916692733765,True,0.9928861856460571,1.0,1.007101058959961,6847,0.7594872713088989
0.0,False,0.0,1.0,1.999988079071045,6848,0.07774437218904495
1.640960454940796,True,1.640951156616211,1.0,0.3590371906757355,6849,0.9415310025215149
1.0404250621795654,True,1.0404194593429565,1.0,0.9595680236816406,6850,0.8723150491714478
0.0,False,0.0,1.0,1.9999868869781494,6851,0.4491601288318634
0.0,False,0.0,1.0,1.9999876022338867,6852,0.34018778800964355
0.0,False,0.0,1.0,1.9999862909317017,6853,0.4093451201915741
1.9820510149002075,True,1.982040286064148,1.0,0.017948918044567108,6854,0.9333851933479309
1.984182357788086,True,1.9841716289520264,1.0,0.015817416831851006,6855,0.911715030670166
1.416795253753662,True,1.41678786277771,1.0,0.58320152759552,6856,0.9943315982818604
0.9914843440055847,True,0.9914793372154236,1.0,1.008509635925293,6857,0.9055242538452148
0.0,False,0.0,1.0,1.999988079071045,6858,0.1138058602809906
0.9035177230834961,True,0.9035128355026245,1.0,1.096475601196289,6859,0.8035053014755249
0.0,False,0.0,1.0,1.999988079071045,6860,0.5827619433403015
1.9021542072296143,True,1.9021437168121338,1.0,0.0978451818227768,6861,0.9614955186843872
1.455084204673767,True,1.455075740814209,1.0,0.5449124574661255,6862,0.9624198079109192
0.9962940812110901,True,0.9962886571884155,1.0,1.0036989450454712,6863,0.8456254005432129
1.7557662725448608,True,1.7557573318481445,1.0,0.24423234164714813,6864,0.9927880167961121
1.9366421699523926,True,1.9366308450698853,1.0,0.06335730850696564,6865,0.9511680603027344
0.0,False,0.0,1.0,1.9999858140945435,6866,0.5959160923957825
1.5828804969787598,True,1.5828722715377808,1.0,0.4171171486377716,6867,0.9966303706169128
0.0,False,0.0,1.0,1.999987006187439,6868,0.6811044216156006
0.9781066179275513,True,0.9781015515327454,1.0,1.0218867063522339,6869,0.9561462998390198
1.9384899139404297,True,1.9384801387786865,1.0,0.06150966137647629,6870,0.9743194580078125
0.9984569549560547,True,0.9984515905380249,1.0,1.0015363693237305,6871,0.9205618500709534
0.0,False,0.0,1.0,1.999986171722412,6872,0.6802120804786682
1.817350149154663,True,1.8173409700393677,1.0,0.18264877796173096,6873,0.9777566194534302
1.0084058046340942,True,1.0084004402160645,1.0,0.9915875792503357,6874,0.9745612144470215
1.2593172788619995,True,1.2593107223510742,1.0,0.7406783103942871,6875,0.9957069754600525
1.21962308883667,True,1.2196171283721924,1.0,0.7803720831871033,6876,0.963317334651947
1.0731972455978394,True,1.073191523551941,1.0,0.9267971515655518,6877,0.9757680892944336
1.6324774026870728,True,1.6324681043624878,1.0,0.36751997470855713,6878,0.922214925289154
1.8339871168136597,True,1.8339776992797852,1.0,0.16601192951202393,6879,0.9945383667945862
0.0,False,0.0,1.0,1.9999868869781494,6880,0.19763846695423126
1.1124446392059326,True,1.1124387979507446,1.0,0.887549877166748,6881,0.8691145181655884
1.6189807653427124,True,1.6189725399017334,1.0,0.3810169994831085,6882,0.9967979788780212
0.0,False,0.0,1.0,1.9999874830245972,6883,0.04367869719862938
1.3621656894683838,True,1.362159013748169,1.0,0.6378306746482849,6884,0.9832157492637634
0.0,False,0.0,1.0,1.999983549118042,6885,0.2691410481929779
1.9015893936157227,True,1.9015796184539795,1.0,0.0984099954366684,6886,0.9747486710548401
0.0,False,0.0,1.0,0.9999922513961792,6887,0.25677600502967834
1.204309105873108,True,1.2043030261993408,1.0,0.7956861853599548,6888,0.9700213670730591
1.4203970432281494,True,1.4203898906707764,1.0,0.5795993208885193,6889,0.9494667649269104
0.0,False,0.0,1.0,1.999986171722412,6890,0.17750534415245056
0.0,False,0.0,1.0,1.9999866485595703,6891,0.31488922238349915
1.289379596710205,True,1.2893730401992798,1.0,0.7106159925460815,6892,0.9649118781089783
1.8179938793182373,True,1.8179842233657837,1.0,0.1820048987865448,6893,0.7439865469932556
1.2157444953918457,True,1.21573805809021,1.0,0.7842502593994141,6894,0.9597534537315369
1.9678233861923218,True,1.9678131341934204,1.0,0.032176386564970016,6895,0.9354047775268555
1.8634345531463623,True,1.86342453956604,1.0,0.13656453788280487,6896,0.843330442905426
1.0570405721664429,True,1.0570348501205444,1.0,0.9429531097412109,6897,0.9084702134132385
1.9035589694976807,True,1.9035489559173584,1.0,0.09644042700529099,6898,0.9026710987091064
1.4234483242034912,True,1.423440933227539,1.0,0.5765476822853088,6899,0.9809886813163757
1.9872745275497437,True,1.9872639179229736,1.0,0.01272539235651493,6900,0.9609031677246094
1.9285643100738525,True,1.9285531044006348,1.0,0.07143531739711761,6901,0.881679356098175
1.7111082077026367,True,1.7110991477966309,1.0,0.2888898551464081,6902,0.8953628540039062
1.9986577033996582,True,1.998647689819336,1.0,0.0013422236079350114,6903,0.8972758054733276
1.89838445186615,True,1.8983744382858276,1.0,0.10161492228507996,6904,0.8698851466178894
1.9892480373382568,True,1.9892377853393555,1.0,0.010751983150839806,6905,0.9888526201248169
1.6740822792053223,True,1.6740732192993164,1.0,0.3259153962135315,6906,0.9669333696365356
1.970041275024414,True,1.9700305461883545,1.0,0.029958602041006088,6907,0.9703172445297241
0.9999570846557617,True,0.9999514222145081,1.0,1.000036597251892,6908,0.30568644404411316
1.1837167739868164,True,1.1837105751037598,1.0,0.8162777423858643,6909,0.8353299498558044
1.3115973472595215,True,1.311590313911438,1.0,0.6883977651596069,6910,0.8894302248954773
1.9862126111984253,True,1.986202359199524,1.0,0.01378750428557396,6911,0.9907041192054749
1.8493051528930664,True,1.849294900894165,1.0,0.15069392323493958,6912,0.9460645914077759
1.7131543159484863,True,1.7131450176239014,1.0,0.2868439555168152,6913,0.8270562887191772
1.4667021036148071,True,1.4666941165924072,1.0,0.5332943797111511,6914,0.6739688515663147
1.3954237699508667,True,1.3954163789749146,1.0,0.6045725345611572,6915,0.9225649237632751
1.776772141456604,True,1.7767627239227295,1.0,0.2232263684272766,6916,0.983544647693634
1.9494441747665405,True,1.949433445930481,1.0,0.05055531859397888,6917,0.8298249840736389
0.0,False,0.0,1.0,1.999985933303833,6918,0.21277548372745514
1.7873082160949707,True,1.7872990369796753,1.0,0.21269036829471588,6919,0.9371092319488525
1.858410358428955,True,1.8584001064300537,1.0,0.1415887475013733,6920,0.8851450085639954
1.4889934062957764,True,1.4889849424362183,1.0,0.5110024213790894,6921,0.9396204352378845
1.6204125881195068,True,1.6204023361206055,1.0,0.3795846104621887,6922,0.9025830030441284
1.8152844905853271,True,1.815274953842163,1.0,0.18471422791481018,6923,0.9329337477684021
1.0619134902954102,True,1.0619081258773804,1.0,0.9380808472633362,6924,0.9007171988487244
1.9984972476959229,True,1.9984874725341797,1.0,0.0015028243651613593,6925,0.9279059767723083
1.6236859560012817,True,1.623677134513855,1.0,0.37631163001060486,6926,0.903450071811676
1.8573100566864014,True,1.8573001623153687,1.0,0.14268900454044342,6927,0.7984356880187988
1.9253301620483398,True,1.9253203868865967,1.0,0.07466929405927658,6928,0.9388149380683899
1.9990276098251343,True,1.9990179538726807,1.0,0.0009723737603053451,6929,0.9528844952583313
1.9821782112121582,True,1.982168197631836,1.0,0.017821628600358963,6930,0.9905097484588623
1.5330231189727783,True,1.5330150127410889,1.0,0.4669743776321411,6931,0.9958165287971497
1.9602108001708984,True,1.9602009057998657,1.0,0.03978903591632843,6932,0.9586389064788818
1.7516758441925049,True,1.7516659498214722,1.0,0.2483225017786026,6933,0.9441708922386169
1.8866643905639648,True,1.8866536617279053,1.0,0.11333475261926651,6934,0.9074956178665161
1.7550690174102783,True,1.7550599575042725,1.0,0.24492935836315155,6935,0.9416952133178711
0.9999878406524658,True,0.9999824166297913,1.0,1.0000059604644775,6936,0.46187031269073486
1.999040126800537,True,1.9990304708480835,1.0,0.0009597378666512668,6937,0.9547180533409119
1.976906418800354,True,1.9768962860107422,1.0,0.023093396797776222,6938,0.9906212091445923
1.408922791481018,True,1.4089157581329346,1.0,0.5910738706588745,6939,0.9858783483505249
1.999164342880249,True,1.999154806137085,1.0,0.0008356557809747756,6940,0.9537720084190369
1.979015588760376,True,1.9790054559707642,1.0,0.020984318107366562,6941,0.990797758102417
1.9992423057556152,True,1.9992326498031616,1.0,0.0007575761992484331,6942,0.9550073742866516
1.864924669265747,True,1.8649142980575562,1.0,0.1350744366645813,6943,0.9169371724128723
1.6685359477996826,True,1.6685278415679932,1.0,0.3314621150493622,6944,0.993990957736969
1.534214735031128,True,1.5342061519622803,1.0,0.4657818377017975,6945,0.9221993088722229
1.6766715049743652,True,1.6766622066497803,1.0,0.3233262896537781,6946,0.9255034923553467
1.8949482440948486,True,1.8949370384216309,1.0,0.10505086183547974,6947,0.9014856815338135
1.7843434810638428,True,1.78433358669281,1.0,0.21565495431423187,6948,0.879494845867157
1.9712934494018555,True,1.9712830781936646,1.0,0.028706315904855728,6949,0.9837515950202942
1.9563325643539429,True,1.9563225507736206,1.0,0.04366717115044594,6950,0.9762536883354187
1.5742629766464233,True,1.5742549896240234,1.0,0.4257345497608185,6951,0.9966914653778076
1.1575324535369873,True,1.1575257778167725,1.0,0.8424616456031799,6952,0.7689080834388733
0.0,False,0.0,1.0,1.9999852180480957,6953,0.08672772347927094
1.882103443145752,True,1.8820937871932983,1.0,0.11789587885141373,6954,0.9883558750152588
0.0,False,0.0,1.0,1.9999873638153076,6955,0.47272035479545593
1.9815287590026855,True,1.9815185070037842,1.0,0.01847114972770214,6956,0.9865607023239136
1.9360005855560303,True,1.9359900951385498,1.0,0.06399895995855331,6957,0.9409232139587402
0.0,False,0.0,1.0,1.9999877214431763,6958,0.0034807652700692415
1.995882272720337,True,1.9958720207214355,1.0,0.004117642063647509,6959,0.9637128710746765
1.0,True,0.9999945759773254,1.0,0.999993622303009,6960,0.5883444547653198
1.1410412788391113,True,1.1410350799560547,1.0,0.8589534759521484,6961,0.7525113224983215
0.0,False,0.0,1.0,1.9999874830245972,6962,0.441143661737442
1.4022808074951172,True,1.402273416519165,1.0,0.5977156758308411,6963,0.7894456386566162
1.9881632328033447,True,1.9881529808044434,1.0,0.011836610734462738,6964,0.9882408380508423
1.730501651763916,True,1.7304927110671997,1.0,0.26949694752693176,6965,0.9933832287788391
1.9500787258148193,True,1.9500681161880493,1.0,0.04992097616195679,6966,0.9658646583557129
1.3421599864959717,True,1.3421528339385986,1.0,0.6578360795974731,6967,0.7837005257606506
1.5447163581848145,True,1.5447077751159668,1.0,0.45528072118759155,6968,0.7285947203636169
1.525865077972412,True,1.5258572101593018,1.0,0.4741320013999939,6969,0.9716511964797974
1.8379409313201904,True,1.8379316329956055,1.0,0.1620579957962036,6970,0.9949731826782227
1.994046926498413,True,1.9940361976623535,1.0,0.005953106563538313,6971,0.9854389429092407
1.9964587688446045,True,1.9964478015899658,1.0,0.003541149664670229,6972,0.9891266226768494
1.9973511695861816,True,1.9973403215408325,1.0,0.0026487845461815596,6973,0.9908891320228577
1.9983285665512085,True,1.9983177185058594,1.0,0.001671463600359857,6974,0.9913700819015503
0.0,False,0.0,1.0,1.9999868869781494,6975,0.09394164383411407
1.5378365516662598,True,1.5378278493881226,1.0,0.4621603488922119,6976,0.9584531188011169
0.6278002262115479,True,0.6277968287467957,1.0,1.372189998626709,6977,0.874448299407959
1.0446990728378296,True,1.0446937084197998,1.0,0.9552944898605347,6978,0.9473218321800232
1.3876538276672363,True,1.387647032737732,1.0,0.6123426556587219,6979,0.9875525236129761
1.3501436710357666,True,1.350136637687683,1.0,0.6498520374298096,6980,0.7636594772338867
1.9959485530853271,True,1.9959386587142944,1.0,0.004051244352012873,6981,0.9912106990814209
1.6967780590057373,True,1.6967694759368896,1.0,0.303220272064209,6982,0.9941256046295166
0.0,False,0.0,1.0,1.9999878406524658,6983,0.18967565894126892
1.7333002090454102,True,1.7332913875579834,1.0,0.26669803261756897,6984,0.9780410528182983
0.0,False,0.0,1.0,1.9999867677688599,6985,0.2909789979457855
0.5520556569099426,True,0.5520522594451904,1.0,1.4479320049285889,6986,0.6761106252670288
0.0,False,0.0,1.0,1.9999854564666748,6987,0.4645242691040039
0.0,False,0.0,1.0,1.999985933303833,6988,0.21853569149971008
1.3483384847640991,True,1.3483314514160156,1.0,0.6516574621200562,6989,0.7559902667999268
1.7967865467071533,True,1.796777367591858,1.0,0.20321211218833923,6990,0.9814299941062927
1.8042386770248413,True,1.804229497909546,1.0,0.19576019048690796,6991,0.9943473935127258
1.3499281406402588,True,1.3499212265014648,1.0,0.6500677466392517,6992,0.7519868016242981
1.8284093141555786,True,1.828399896621704,1.0,0.17158959805965424,6993,0.9854702949523926
1.8877439498901367,True,1.8877346515655518,1.0,0.11225521564483643,6994,0.9715560078620911
1.9649320840835571,True,1.9649217128753662,1.0,0.035067617893218994,6995,0.9491742253303528
1.245507001876831,True,1.2454999685287476,1.0,0.754487931728363,6996,0.735866904258728
0.0,False,0.0,1.0,1.9999864101409912,6997,0.9248017072677612
1.9418566226959229,True,1.9418456554412842,1.0,0.05814296379685402,6998,0.9478977918624878
1.8896418809890747,True,1.8896324634552002,1.0,0.11035743355751038,6999,0.9803103804588318
0.0,False,0.0,1.0,1.9999866485595703,7000,0.06252600997686386
1.3518307209014893,True,1.3518236875534058,1.0,0.6481651663780212,7001,0.7534900903701782
0.0,False,0.0,1.0,1.9999843835830688,7002,0.28790050745010376
1.9903182983398438,True,1.9903076887130737,1.0,0.00968175195157528,7003,0.9536412358283997
1.8657231330871582,True,1.8657134771347046,1.0,0.13427601754665375,7004,0.9863351583480835
0.0,False,0.0,1.0,1.999985933303833,7005,0.1259312778711319
1.3544416427612305,True,1.354434609413147,1.0,0.6455541849136353,7006,0.7516384124755859
1.8876819610595703,True,1.8876721858978271,1.0,0.11231756210327148,7007,0.9873374104499817
1.9085255861282349,True,1.9085148572921753,1.0,0.09147382527589798,7008,0.8392103314399719
0.0,False,0.0,1.0,1.9999850988388062,7009,0.7742300629615784
0.0,False,0.0,1.0,1.999986171722412,7010,0.09420230984687805
0.8666784167289734,True,0.866672933101654,1.0,1.1333128213882446,7011,0.5666132569313049
0.9995270371437073,True,0.9995215535163879,1.0,1.000467300415039,7012,0.7140291333198547
0.0,False,0.0,1.0,1.9999876022338867,7013,0.24806107580661774
1.1653738021850586,True,1.165367603302002,1.0,0.8346210718154907,7014,0.8361365795135498
0.6292810440063477,True,0.629277765750885,1.0,1.370710015296936,7015,0.8860868215560913
0.9991244673728943,True,0.999119222164154,1.0,1.0008693933486938,7016,0.8541990518569946
1.0965912342071533,True,1.0965858697891235,1.0,0.903403103351593,7017,0.9667820334434509
1.9963562488555908,True,1.9963457584381104,1.0,0.00364358676597476,7018,0.9865154027938843
0.0,False,0.0,1.0,1.999987244606018,7019,0.1979602426290512
0.0,False,0.0,1.0,1.9999868869781494,7020,0.1345261186361313
1.6987874507904053,True,1.6987791061401367,1.0,0.30121082067489624,7021,0.8545929789543152
0.0,False,0.0,1.0,1.9999878406524658,7022,0.8236014246940613
1.958831787109375,True,1.9588210582733154,1.0,0.0411679670214653,7023,0.9720914959907532
0.0,False,0.0,1.0,1.9999866485595703,7024,0.18684236705303192
1.9871132373809814,True,1.9871031045913696,1.0,0.012886660173535347,7025,0.9776539206504822
0.0,False,0.0,1.0,1.999988079071045,7026,0.7234599590301514
1.870149850845337,True,1.870140552520752,1.0,0.12984918057918549,7027,0.9253311157226562
1.156692624092102,True,1.1566870212554932,1.0,0.8433024883270264,7028,0.9738218784332275
1.9830808639526367,True,1.9830704927444458,1.0,0.016918970271945,7029,0.9879152774810791
0.0,False,0.0,1.0,0.9999935626983643,7030,0.17886140942573547
1.9383825063705444,True,1.9383727312088013,1.0,0.061617057770490646,7031,0.9843756556510925
1.9350614547729492,True,1.935051679611206,1.0,0.06493808329105377,7032,0.9642497301101685
0.0,False,0.0,1.0,1.9999871253967285,7033,0.17523258924484253
1.9976756572723389,True,1.9976654052734375,1.0,0.002324321074411273,7034,0.9924227595329285
1.727418303489685,True,1.7274093627929688,1.0,0.27258023619651794,7035,0.9928398132324219
1.2557580471038818,True,1.2557517290115356,1.0,0.7442371845245361,7036,0.9719572067260742
0.0,False,0.0,1.0,1.9999873638153076,7037,0.2888897657394409
1.5337823629379272,True,1.5337748527526855,1.0,0.4662148654460907,7038,0.9161096215248108
1.9875869750976562,True,1.987576961517334,1.0,0.012412915006279945,7039,0.9718879461288452
0.0,False,0.0,1.0,1.999987244606018,7040,0.5822892785072327
1.976776123046875,True,1.9767658710479736,1.0,0.02322367951273918,7041,0.9556513428688049
0.0,False,0.0,1.0,1.9999849796295166,7042,0.7526810765266418
0.0,False,0.0,1.0,0.9999940991401672,7043,0.256443053483963
0.9555564522743225,True,0.955551028251648,1.0,1.0444368124008179,7044,0.9421124458312988
0.9929728507995605,True,0.9929678440093994,1.0,1.0070210695266724,7045,0.9143980145454407
1.8174057006835938,True,1.8173965215682983,1.0,0.18259313702583313,7046,0.9276810884475708
0.7338858842849731,True,0.7338820695877075,1.0,1.2661066055297852,7047,0.8694841265678406
0.0,False,0.0,1.0,1.9999877214431763,7048,0.08618547767400742
0.9497039318084717,True,0.9496976137161255,1.0,1.0502879619598389,7049,0.9429097771644592
0.0,False,0.0,1.0,1.999985933303833,7050,0.18234655261039734
1.8824024200439453,True,1.8823920488357544,1.0,0.11759680509567261,7051,0.9608578681945801
1.9017515182495117,True,1.901740550994873,1.0,0.09824779629707336,7052,0.8861962556838989
0.0,False,0.0,1.0,1.9999876022338867,7053,0.43769049644470215
1.5885674953460693,True,1.5885586738586426,1.0,0.41142985224723816,7054,0.9029067754745483
0.0,False,0.0,1.0,1.9999860525131226,7055,0.09495765715837479
0.9798780679702759,True,0.9798729419708252,1.0,1.0201154947280884,7056,0.9169414043426514
0.0,False,0.0,1.0,1.9999868869781494,7057,0.38147154450416565
0.0,False,0.0,1.0,1.9999871253967285,7058,0.09305953234434128
0.0,False,0.0,1.0,1.9999876022338867,7059,0.15805304050445557
1.9956037998199463,True,1.9955933094024658,1.0,0.004396089352667332,7060,0.9301213026046753
0.0,False,0.0,1.0,1.9999878406524658,7061,0.20342428982257843
0.0,False,0.0,1.0,1.9999871253967285,7062,0.18627196550369263
0.0,False,0.0,1.0,1.9999873638153076,7063,0.3027718663215637
0.0,False,0.0,1.0,1.9999849796295166,7064,0.16248494386672974
1.4824188947677612,True,1.4824111461639404,1.0,0.5175780653953552,7065,0.9864290952682495
0.0,False,0.0,1.0,1.9999876022338867,7066,0.1410062164068222
0.0,False,0.0,1.0,1.9999845027923584,7067,0.13958857953548431
0.0,False,0.0,1.0,1.999987006187439,7068,0.6725688576698303
0.0,False,0.0,1.0,1.9999874830245972,7069,0.26998355984687805
0.0,False,0.0,1.0,0.9999933242797852,7070,0.6316666007041931
0.0,False,0.0,1.0,1.9999871253967285,7071,0.2700365483760834
0.0,False,0.0,1.0,1.9999852180480957,7072,0.09187740087509155
0.0,False,0.0,1.0,1.9999878406524658,7073,0.12183987349271774
0.0,False,0.0,1.0,1.9999840259552002,7074,0.3890113830566406
0.0,False,0.0,1.0,1.999987006187439,7075,0.7310776114463806
0.0,False,0.0,1.0,1.999986171722412,7076,0.3279269337654114
0.0,False,0.0,1.0,1.9999876022338867,7077,0.2636069655418396
0.9887766242027283,True,0.988771378993988,1.0,1.0112169981002808,7078,0.8765775561332703
1.813262701034546,True,1.813252568244934,1.0,0.1867360770702362,7079,0.9535880088806152
0.0,False,0.0,1.0,1.9999871253967285,7080,0.06018824502825737
0.0,False,0.0,1.0,1.9999878406524658,7081,0.7188814282417297
0.0,False,0.0,1.0,0.9999938011169434,7082,0.24247296154499054
0.9573333859443665,True,0.957328200340271,1.0,1.042660117149353,7083,0.7975549697875977
0.0,False,0.0,1.0,0.9999938011169434,7084,0.3227675259113312
1.6940209865570068,True,1.6940113306045532,1.0,0.3059770464897156,7085,0.7407851219177246
1.9987393617630005,True,1.99872887134552,1.0,0.0012605588417500257,7086,0.9697005748748779
0.0,False,0.0,1.0,1.999988079071045,7087,0.05941709503531456
0.0,False,0.0,1.0,1.9999853372573853,7088,0.18224993348121643
1.9630645513534546,True,1.9630537033081055,1.0,0.03693520650267601,7089,0.8312639594078064
1.922404170036316,True,1.9223945140838623,1.0,0.0775953009724617,7090,0.9963955283164978
1.9997797012329102,True,1.9997694492340088,1.0,0.00022025314683560282,7091,0.9796028733253479
0.0,False,0.0,1.0,0.999993085861206,7092,0.14146485924720764
1.9008163213729858,True,1.9008064270019531,1.0,0.09918298572301865,7093,0.9623971581459045
0.9224866032600403,True,0.9224812984466553,1.0,1.0775063037872314,7094,0.8673591613769531
0.0,False,0.0,1.0,1.999988079071045,7095,0.1938425600528717
1.998326063156128,True,1.9983153343200684,1.0,0.0016740073915570974,7096,0.9727022051811218
0.0,False,0.0,1.0,1.9999877214431763,7097,0.7725589871406555
1.6203486919403076,True,1.6203398704528809,1.0,0.3796488046646118,7098,0.8657495975494385
0.0,False,0.0,1.0,1.9999871253967285,7099,0.2894933521747589
0.0,False,0.0,1.0,1.9999878406524658,7100,0.7689608931541443
0.0,False,0.0,1.0,1.9999878406524658,7101,0.7753432989120483
0.0,False,0.0,1.0,1.999986171722412,7102,0.28772273659706116
0.0,False,0.0,1.0,1.9999853372573853,7103,0.20926740765571594
1.0,True,0.9999942183494568,1.0,0.9999940991401672,7104,0.7536368370056152
0.9913913011550903,True,0.9913860559463501,1.0,1.0086028575897217,7105,0.6441879868507385
0.942139744758606,True,0.9421344995498657,1.0,1.0578533411026,7106,0.8089901208877563
0.0,False,0.0,1.0,1.9999878406524658,7107,0.05283580347895622
1.9876880645751953,True,1.9876768589019775,1.0,0.012311720289289951,7108,0.9713835716247559
1.944765567779541,True,1.9447555541992188,1.0,0.05523393675684929,7109,0.9860283732414246
1.8494617938995361,True,1.8494517803192139,1.0,0.15053731203079224,7110,0.9567857980728149
1.8844693899154663,True,1.884458303451538,1.0,0.11552979052066803,7111,0.905267596244812
1.9521877765655518,True,1.9521785974502563,1.0,0.047811973839998245,7112,0.9982604384422302
1.9935415983200073,True,1.993530511856079,1.0,0.006458306219428778,7113,0.9750164747238159
1.3380945920944214,True,1.338087797164917,1.0,0.6619012355804443,7114,0.9863320589065552
1.9005368947982788,True,1.900526762008667,1.0,0.09946245700120926,7115,0.901296854019165
0.0,False,0.0,1.0,1.9999879598617554,7116,0.4481842815876007
1.937502145767212,True,1.9374908208847046,1.0,0.062497466802597046,7117,0.9422235488891602
1.2368589639663696,True,1.2368526458740234,1.0,0.763136625289917,7118,0.9785726070404053
1.9082987308502197,True,1.9082884788513184,1.0,0.09170069545507431,7119,0.9172722697257996
1.987285852432251,True,1.9872760772705078,1.0,0.012713959440588951,7120,0.9877142906188965
1.5459215641021729,True,1.5459136962890625,1.0,0.45407575368881226,7121,0.9748364686965942
1.937380075454712,True,1.937371015548706,1.0,0.06261949986219406,7122,0.9966102242469788
1.852595329284668,True,1.852586030960083,1.0,0.14740386605262756,7123,0.9955667853355408
1.993737816810608,True,1.9937281608581543,1.0,0.006262205541133881,7124,0.9367853999137878
1.9816348552703857,True,1.9816248416900635,1.0,0.01836506649851799,7125,0.9866316914558411
1.9781427383422852,True,1.9781335592269897,1.0,0.021857213228940964,7126,0.9981406927108765
1.7637150287628174,True,1.7637059688568115,1.0,0.2362835556268692,7127,0.9940815567970276
1.9983617067337036,True,1.998351812362671,1.0,0.001638219691812992,7128,0.9729730486869812
1.8136264085769653,True,1.8136168718338013,1.0,0.18637239933013916,7129,0.9824374318122864
1.998779058456421,True,1.9987688064575195,1.0,0.0012208221014589071,7130,0.9705457091331482
1.945911169052124,True,1.9459004402160645,1.0,0.0540885254740715,7131,0.8946229815483093
1.9899849891662598,True,1.9899752140045166,1.0,0.010014927946031094,7132,0.9865149855613708
1.9665215015411377,True,1.9665123224258423,1.0,0.03347833827137947,7133,0.9969620108604431
0.0,False,0.0,1.0,1.999986171722412,7134,0.27866414189338684
1.895087480545044,True,1.895078182220459,1.0,0.10491183400154114,7135,0.995528519153595
1.9777966737747192,True,1.9777867794036865,1.0,0.022203076630830765,7136,0.99006187915802
0.0,False,0.0,1.0,1.999988079071045,7137,0.6391075253486633
1.9856703281402588,True,1.9856605529785156,1.0,0.014329520985484123,7138,0.9858816862106323
1.9823579788208008,True,1.9823486804962158,1.0,0.01764204353094101,7139,0.9979154467582703
1.8403868675231934,True,1.8403775691986084,1.0,0.1596122682094574,7140,0.994528591632843
1.9846224784851074,True,1.9846115112304688,1.0,0.015377510339021683,7141,0.9786986112594604
1.9770981073379517,True,1.977087378501892,1.0,0.022901788353919983,7142,0.9377895593643188
1.9904072284698486,True,1.990397572517395,1.0,0.009592623449862003,7143,0.9856448173522949
1.9742387533187866,True,1.9742296934127808,1.0,0.025761159136891365,7144,0.9969145059585571
1.9069315195083618,True,1.9069221019744873,1.0,0.09306789934635162,7145,0.9952632188796997
1.8530523777008057,True,1.8530426025390625,1.0,0.1469467580318451,7146,0.6640238761901855
1.998669981956482,True,1.9986598491668701,1.0,0.0013300834689289331,7147,0.9607841372489929
0.0,False,0.0,1.0,1.9999868869781494,7148,0.006205025129020214
1.6866455078125,True,1.6866366863250732,1.0,0.3133525848388672,7149,0.5210973024368286
1.4590368270874023,True,1.4590297937393188,1.0,0.5409597158432007,7150,0.9818207621574402
1.677932858467102,True,1.6779221296310425,1.0,0.32206451892852783,7151,0.8376278877258301
1.8450512886047363,True,1.8450407981872559,1.0,0.15494771301746368,7152,0.8140221238136292
1.7656046152114868,True,1.765594720840454,1.0,0.23439368605613708,7153,0.9625548720359802
1.9862393140792847,True,1.986229419708252,1.0,0.013760652393102646,7154,0.9845684766769409
1.120815634727478,True,1.1208096742630005,1.0,0.8791783452033997,7155,0.9527273178100586
1.9825611114501953,True,1.9825520515441895,1.0,0.017438888549804688,7156,0.9975458979606628
1.8618943691253662,True,1.8618850708007812,1.0,0.1381048560142517,7157,0.9941293001174927
0.0,False,0.0,1.0,1.9999876022338867,7158,0.05893273279070854
0.0,False,0.0,1.0,0.9999942779541016,7159,0.17951317131519318
1.9900131225585938,True,1.9900033473968506,1.0,0.00998691562563181,7160,0.9846829771995544
1.97637939453125,True,1.9763702154159546,1.0,0.023620564490556717,7161,0.996664822101593
1.9075795412063599,True,1.9075701236724854,1.0,0.0924198180437088,7162,0.994785487651825
1.9869575500488281,True,1.986947774887085,1.0,0.013042249716818333,7163,0.9842476844787598
1.9836828708648682,True,1.9836735725402832,1.0,0.016317026689648628,7164,0.9974377155303955
1.8778297901153564,True,1.8778202533721924,1.0,0.12216957658529282,7165,0.994084894657135
0.0,False,0.0,1.0,1.9999887943267822,7166,0.052061423659324646
1.5608971118927002,True,1.560888648033142,1.0,0.43910014629364014,7167,0.8615893721580505
1.2278496026992798,True,1.2278430461883545,1.0,0.7721458077430725,7168,0.8205448985099792
1.989969253540039,True,1.989959478378296,1.0,0.010030689649283886,7169,0.9842441082000732
1.9786804914474487,True,1.9786713123321533,1.0,0.02131940796971321,7170,0.9965935349464417
1.9107798337936401,True,1.910770297050476,1.0,0.08921967446804047,7171,0.9945845007896423
1.8979231119155884,True,1.8979122638702393,1.0,0.10207617282867432,7172,0.8456526398658752
1.8542207479476929,True,1.8542115688323975,1.0,0.1457783281803131,7173,0.9770360589027405
1.9872231483459473,True,1.987213134765625,1.0,0.012776779942214489,7174,0.9837400317192078
1.9841411113739014,True,1.9841318130493164,1.0,0.015858838334679604,7175,0.9972752928733826
1.8857903480529785,True,1.8857808113098145,1.0,0.11420895159244537,7176,0.9939156174659729
1.501612663269043,True,1.5016047954559326,1.0,0.4983845353126526,7177,0.9918472766876221
1.9111406803131104,True,1.911130428314209,1.0,0.08885879069566727,7178,0.9077816605567932
0.0,False,0.0,1.0,1.9999881982803345,7179,0.48822224140167236
0.0,False,0.0,1.0,1.999988079071045,7180,0.09091655910015106
1.9897665977478027,True,1.9897568225860596,1.0,0.010233473964035511,7181,0.9837216734886169
1.9798473119735718,True,1.9798378944396973,1.0,0.02015262097120285,7182,0.9964689016342163
0.6501654982566833,True,0.6501620411872864,1.0,1.3498260974884033,7183,0.22029684484004974
1.9113588333129883,True,1.9113492965698242,1.0,0.08864066004753113,7184,0.994330883026123
1.8939201831817627,True,1.8939106464385986,1.0,0.10607892274856567,7185,0.9771634340286255
1.7178785800933838,True,1.7178699970245361,1.0,0.28211984038352966,7186,0.9795265793800354
0.998286247253418,True,0.9982810020446777,1.0,1.0017075538635254,7187,0.7315402030944824
0.8561350107192993,True,0.8561305999755859,1.0,1.1438580751419067,7188,0.8659566044807434
1.0192553997039795,True,1.0192503929138184,1.0,0.9807386994361877,7189,0.8152267932891846
1.98723304271698,True,1.9872230291366577,1.0,0.012766921892762184,7190,0.9832135438919067
1.984255313873291,True,1.9842458963394165,1.0,0.01574471779167652,7191,0.9971049427986145
1.098075270652771,True,1.098069667816162,1.0,0.9019191861152649,7192,0.8784602284431458
1.8895987272262573,True,1.8895891904830933,1.0,0.11040061712265015,7193,0.9936938881874084
1.9894952774047852,True,1.989485263824463,1.0,0.010504734702408314,7194,0.983230710029602
1.3705918788909912,True,1.3705843687057495,1.0,0.6294039487838745,7195,0.9647782444953918
1.980485200881958,True,1.980475664138794,1.0,0.01951480656862259,7196,0.9963311553001404
1.9106478691101074,True,1.9106382131576538,1.0,0.08935162425041199,7197,0.9940680265426636
1.7491042613983154,True,1.7490947246551514,1.0,0.25089412927627563,7198,0.9557348489761353
1.0774869918823242,True,1.0774813890457153,1.0,0.9225073456764221,7199,0.9525749087333679
1.9871134757995605,True,1.9871034622192383,1.0,0.01288654375821352,7200,0.9827107787132263
1.984344482421875,True,1.9843350648880005,1.0,0.015655359253287315,7201,0.9969437718391418
1.2242884635925293,True,1.2242822647094727,1.0,0.7757067680358887,7202,0.9487334489822388
1.891148328781128,True,1.8911387920379639,1.0,0.10885103046894073,7203,0.9933872818946838
1.797876000404358,True,1.797866702079773,1.0,0.20212268829345703,7204,0.9204655885696411
1.8020799160003662,True,1.8020708560943604,1.0,0.19791899621486664,7205,0.9748337268829346
1.9078909158706665,True,1.9078803062438965,1.0,0.09210843592882156,7206,0.9651373624801636
1.9885928630828857,True,1.988582968711853,1.0,0.011406956240534782,7207,0.9819021224975586
1.356332778930664,True,1.3563258647918701,1.0,0.6436633467674255,7208,0.8862798810005188
0.0,False,0.0,1.0,1.9999866485595703,7209,0.10986613482236862
1.982740879058838,True,1.9827314615249634,1.0,0.01725899428129196,7210,0.9963372945785522
1.915981650352478,True,1.9159719944000244,1.0,0.08401788026094437,7211,0.9938808679580688
0.8483564257621765,True,0.8483519554138184,1.0,1.1516362428665161,7212,0.6799762845039368
1.5561490058898926,True,1.5561408996582031,1.0,0.44384822249412537,7213,0.9912949800491333
1.63571298122406,True,1.6357041597366333,1.0,0.3642845153808594,7214,0.9774331450462341
1.6334713697433472,True,1.6334627866744995,1.0,0.3665260672569275,7215,0.9893717765808105
1.8890303373336792,True,1.8890209197998047,1.0,0.11096899211406708,7216,0.992002010345459
1.988949179649353,True,1.9889390468597412,1.0,0.011050712317228317,7217,0.9818452596664429
1.490417718887329,True,1.4904098510742188,1.0,0.5095789432525635,7218,0.715958297252655
0.0,False,0.0,1.0,1.9999885559082031,7219,0.9127050042152405
1.353644847869873,True,1.353637933731079,1.0,0.6463510990142822,7220,0.6237411499023438
1.6572015285491943,True,1.6571924686431885,1.0,0.342796266078949,7221,0.847406804561615
1.2847180366516113,True,1.2847113609313965,1.0,0.7152774333953857,7222,0.9715040326118469
1.631056785583496,True,1.6310486793518066,1.0,0.36894094944000244,7223,0.9811792969703674
1.9900875091552734,True,1.9900774955749512,1.0,0.009912417270243168,7224,0.9739235639572144
1.9605419635772705,True,1.9605309963226318,1.0,0.039457790553569794,7225,0.9720884561538696
0.0,False,0.0,1.0,1.9999868869781494,7226,0.4122469127178192
0.0,False,0.0,1.0,1.9999871253967285,7227,0.22974592447280884
1.995016098022461,True,1.9950060844421387,1.0,0.004983740858733654,7228,0.9812620282173157
1.9522939920425415,True,1.952283263206482,1.0,0.04770577698945999,7229,0.8849433660507202
0.9429951310157776,True,0.9429904222488403,1.0,1.0569987297058105,7230,0.8617693781852722
1.8553029298782349,True,1.8552935123443604,1.0,0.1446961909532547,7231,0.9313522577285767
0.0,False,0.0,1.0,1.9999879598617554,7232,0.7336502075195312
1.978724479675293,True,1.9787135124206543,1.0,0.021275365725159645,7233,0.9759953618049622
0.9846211671829224,True,0.9846161007881165,1.0,1.0153728723526,7234,0.9317971467971802
0.9849295616149902,True,0.98492431640625,1.0,1.0150642395019531,7235,0.9650893807411194
0.0,False,0.0,1.0,1.9999874830245972,7236,0.18757277727127075
1.4587340354919434,True,1.4587265253067017,1.0,0.5412625074386597,7237,0.6696671843528748
1.7958821058273315,True,1.795872449874878,1.0,0.20411671698093414,7238,0.8705335259437561
1.5762639045715332,True,1.5762553215026855,1.0,0.42373335361480713,7239,0.9086751341819763
1.4539618492126465,True,1.453953504562378,1.0,0.5460342168807983,7240,0.8654056191444397
1.1268640756607056,True,1.126858115196228,1.0,0.8731301426887512,7241,0.9458922743797302
1.5068793296813965,True,1.5068717002868652,1.0,0.4931175112724304,7242,0.9489111304283142
0.0,False,0.0,1.0,1.9999849796295166,7243,0.028214789927005768
1.8127665519714355,True,1.812757134437561,1.0,0.18723230063915253,7244,0.9242815971374512
0.0,False,0.0,1.0,1.9999864101409912,7245,0.3220823407173157
0.0,False,0.0,1.0,1.9999878406524658,7246,0.5160017013549805
0.0,False,0.0,1.0,1.999987244606018,7247,0.1889401227235794
1.972940444946289,True,1.9729297161102295,1.0,0.02705935202538967,7248,0.9193068742752075
0.0,False,0.0,1.0,1.999987244606018,7249,0.17261391878128052
0.0,False,0.0,1.0,1.9999874830245972,7250,0.3081115484237671
0.9990995526313782,True,0.9990947246551514,1.0,1.0008946657180786,7251,0.9662525057792664
0.0,False,0.0,1.0,1.9999878406524658,7252,0.22702626883983612
0.9993484616279602,True,0.9993433356285095,1.0,1.000645637512207,7253,0.8937868475914001
0.9997422099113464,True,0.9997369647026062,1.0,1.0002514123916626,7254,0.9372740983963013
1.040424108505249,True,1.0404187440872192,1.0,0.9595699310302734,7255,0.9194261431694031
1.916067361831665,True,1.9160563945770264,1.0,0.08393222093582153,7256,0.9525178074836731
1.9827057123184204,True,1.9826948642730713,1.0,0.017294209450483322,7257,0.9273787140846252
1.8188257217407227,True,1.8188161849975586,1.0,0.18117298185825348,7258,0.9793718457221985
1.8914612531661987,True,1.8914515972137451,1.0,0.10853810608386993,7259,0.9340962171554565
1.9098654985427856,True,1.9098553657531738,1.0,0.0901336818933487,7260,0.9575062394142151
0.0,False,0.0,1.0,1.999988317489624,7261,0.40214961767196655
1.8438498973846436,True,1.8438400030136108,1.0,0.1561490148305893,7262,0.9762440919876099
0.9990919828414917,True,0.9990869760513306,1.0,1.0009020566940308,7263,0.9834538698196411
0.0,False,0.0,1.0,1.999987244606018,7264,0.08582492172718048
1.8240382671356201,True,1.824028730392456,1.0,0.17596054077148438,7265,0.8049609065055847
1.2631562948226929,True,1.263149619102478,1.0,0.7368390560150146,7266,0.9280301928520203
1.9883859157562256,True,1.988375186920166,1.0,0.011613976210355759,7267,0.9349548816680908
1.7738089561462402,True,1.7737994194030762,1.0,0.22618944942951202,7268,0.5054227709770203
1.3697705268859863,True,1.369762897491455,1.0,0.630225419998169,7269,0.8787367343902588
1.8097691535949707,True,1.8097599744796753,1.0,0.19022955000400543,7270,0.8277888894081116
0.0,False,0.0,1.0,1.999988317489624,7271,0.2623765766620636
1.9943702220916748,True,1.9943604469299316,1.0,0.005629708059132099,7272,0.9920734763145447
0.0,False,0.0,1.0,1.9999876022338867,7273,0.3632051646709442
0.0,False,0.0,1.0,1.9999877214431763,7274,0.3949408233165741
0.0,False,0.0,1.0,1.9999884366989136,7275,0.32924097776412964
0.0,False,0.0,1.0,1.9999871253967285,7276,0.2241046279668808
0.0,False,0.0,1.0,1.9999877214431763,7277,0.1127379834651947
0.0,False,0.0,1.0,1.999988317489624,7278,0.17608235776424408
0.0,False,0.0,1.0,1.9999876022338867,7279,0.5037595629692078
0.0,False,0.0,1.0,1.999987006187439,7280,0.3694722056388855
0.0,False,0.0,1.0,1.9999871253967285,7281,0.24705225229263306
0.0,False,0.0,1.0,1.9999876022338867,7282,0.3441237509250641
1.6526384353637695,True,1.6526296138763428,1.0,0.34735968708992004,7283,0.9911248087882996
0.0,False,0.0,1.0,1.999988079071045,7284,0.27393093705177307
1.5267422199249268,True,1.526734471321106,1.0,0.4732547998428345,7285,0.9795957803726196
1.885258674621582,True,1.8852486610412598,1.0,0.11474056541919708,7286,0.9460088014602661
0.0,False,0.0,1.0,1.9999884366989136,7287,0.3028779923915863
0.0,False,0.0,1.0,1.9999874830245972,7288,0.08754969388246536
1.1285539865493774,True,1.1285479068756104,1.0,0.8714396357536316,7289,0.8743361830711365
0.0,False,0.0,1.0,1.999988317489624,7290,0.2530782222747803
1.980657935142517,True,1.980647325515747,1.0,0.01934194564819336,7291,0.9268434643745422
1.9486653804779053,True,1.948655128479004,1.0,0.05133429169654846,7292,0.9850322008132935
1.1631412506103516,True,1.163135051727295,1.0,0.8368542194366455,7293,0.9920935034751892
1.6710963249206543,True,1.6710875034332275,1.0,0.32890138030052185,7294,0.9654595851898193
1.951303243637085,True,1.9512927532196045,1.0,0.04869632422924042,7295,0.9194885492324829
1.977874755859375,True,1.9778647422790527,1.0,0.02212507650256157,7296,0.9867048859596252
1.7476451396942139,True,1.7476365566253662,1.0,0.25235363841056824,7297,0.9980998635292053
1.3793988227844238,True,1.3793919086456299,1.0,0.6205975413322449,7298,0.9789738059043884
1.4849951267242432,True,1.4849865436553955,1.0,0.5150015354156494,7299,0.9141879677772522
1.973167896270752,True,1.9731578826904297,1.0,0.02683202177286148,7300,0.9831568598747253
1.9877004623413086,True,1.9876904487609863,1.0,0.012299477122724056,7301,0.9936181306838989
1.6338996887207031,True,1.6338908672332764,1.0,0.3660975396633148,7302,0.936845064163208
1.945460557937622,True,1.945450782775879,1.0,0.054539065808057785,7303,0.964231550693512
1.796316146850586,True,1.79630708694458,1.0,0.2036825716495514,7304,0.9922072291374207
0.0,False,0.0,1.0,1.9999868869781494,7305,0.36476191878318787
0.0,False,0.0,1.0,1.9999876022338867,7306,0.19292820990085602
0.0,False,0.0,1.0,1.9999887943267822,7307,0.1254502683877945
0.0,False,0.0,1.0,1.999988317489624,7308,0.2443017214536667
1.9927973747253418,True,1.992787480354309,1.0,0.007202521897852421,7309,0.9879078269004822
1.8503973484039307,True,1.8503882884979248,1.0,0.1496020257472992,7310,0.9983834028244019
1.08250892162323,True,1.0825031995773315,1.0,0.9174855351448059,7311,0.9781011343002319
1.7754961252212524,True,1.7754873037338257,1.0,0.22450248897075653,7312,0.9906258583068848
1.9615100622177124,True,1.9614996910095215,1.0,0.03848974406719208,7313,0.9335483908653259
1.6500641107559204,True,1.6500557661056519,1.0,0.34993377327919006,7314,0.9869197010993958
0.0,False,0.0,1.0,0.999992847442627,7315,0.5241196155548096
0.0,False,0.0,1.0,1.9999877214431763,7316,0.03423209488391876
0.9908122420310974,True,0.9908061623573303,1.0,1.0091809034347534,7317,0.8899163603782654
0.9444900751113892,True,0.9444850087165833,1.0,1.055503487586975,7318,0.8939311504364014
1.9639054536819458,True,1.9638949632644653,1.0,0.036094143986701965,7319,0.9517566561698914
1.0995980501174927,True,1.0995924472808838,1.0,0.9003967642784119,7320,0.8086907267570496
1.7372093200683594,True,1.737200379371643,1.0,0.2627891004085541,7321,0.9882688522338867
0.0,False,0.0,1.0,1.9999877214431763,7322,0.2861166298389435
1.4794503450393677,True,1.4794424772262573,1.0,0.5205466151237488,7323,0.9071071147918701
1.7804129123687744,True,1.7804021835327148,1.0,0.2195856124162674,7324,0.9832475781440735
1.8170708417892456,True,1.817061185836792,1.0,0.1829279065132141,7325,0.9939180612564087
0.9642365574836731,True,0.9642311334609985,1.0,1.0357561111450195,7326,0.34709250926971436
1.5089476108551025,True,1.508939266204834,1.0,0.49104925990104675,7327,0.5328419208526611
0.0,False,0.0,1.0,0.9999944567680359,7328,0.19929239153862
1.8357808589935303,True,1.8357712030410767,1.0,0.16421818733215332,7329,0.9940569400787354
0.0,False,0.0,1.0,1.9999852180480957,7330,0.2359808087348938
0.0,False,0.0,1.0,1.999985694885254,7331,0.20388434827327728
0.0,False,0.0,1.0,1.9999868869781494,7332,0.29433295130729675
0.0,False,0.0,1.0,1.9999864101409912,7333,0.15204870700836182
0.0,False,0.0,1.0,1.9999852180480957,7334,0.49417728185653687
0.0,False,0.0,1.0,1.999988317489624,7335,0.10651890188455582
0.0,False,0.0,1.0,1.9999853372573853,7336,0.26962122321128845
0.0,False,0.0,1.0,1.9999878406524658,7337,0.459270715713501
1.1039435863494873,True,1.1039378643035889,1.0,0.8960511088371277,7338,0.9837312698364258
0.0,False,0.0,1.0,1.9999866485595703,7339,0.022214824333786964
1.3840545415878296,True,1.384047508239746,1.0,0.6159417629241943,7340,0.9618821740150452
1.9611403942108154,True,1.961130142211914,1.0,0.03885927423834801,7341,0.9194990396499634
0.0,False,0.0,1.0,1.9999865293502808,7342,0.2952686846256256
1.2284826040267944,True,1.2284764051437378,1.0,0.771513044834137,7343,0.9788606762886047
1.9935741424560547,True,1.993564248085022,1.0,0.006425769533962011,7344,0.9883211255073547
1.976210594177246,True,1.9762002229690552,1.0,0.02378934994339943,7345,0.9810716509819031
1.8449678421020508,True,1.844959020614624,1.0,0.15503127872943878,7346,0.998170018196106
1.1376781463623047,True,1.1376723051071167,1.0,0.8623166680335999,7347,0.9815468788146973
1.9322123527526855,True,1.9322023391723633,1.0,0.06778725981712341,7348,0.992675244808197
1.9959884881973267,True,1.9959783554077148,1.0,0.004011305049061775,7349,0.9922356009483337
1.5985796451568604,True,1.598571538925171,1.0,0.40141788125038147,7350,0.9842526316642761
0.7701447010040283,True,0.7701395750045776,1.0,1.2298450469970703,7351,0.3250120282173157
1.2009342908859253,True,1.200927972793579,1.0,0.7990611791610718,7352,0.9892145991325378
1.428574562072754,True,1.4285674095153809,1.0,0.5714220404624939,7353,0.905532717704773
0.9984983205795288,True,0.9984932541847229,1.0,1.001495361328125,7354,0.8916310667991638
0.0,False,0.0,1.0,1.9999865293502808,7355,0.37846750020980835
0.0,False,0.0,1.0,1.999988079071045,7356,0.28313714265823364
1.5395851135253906,True,1.5395770072937012,1.0,0.4604124128818512,7357,0.9963111281394958
0.0,False,0.0,1.0,1.999983787536621,7358,0.4768582880496979
1.9538617134094238,True,1.9538514614105225,1.0,0.0461379811167717,7359,0.9233647584915161
1.1804969310760498,True,1.1804907321929932,1.0,0.8194980621337891,7360,0.986700713634491
1.6348843574523926,True,1.6348761320114136,1.0,0.36511337757110596,7361,0.975123941898346
0.0,False,0.0,1.0,1.9999868869781494,7362,0.13992847502231598
1.337232232093811,True,1.3372255563735962,1.0,0.6627640128135681,7363,0.9846096038818359
1.6438068151474,True,1.6437978744506836,1.0,0.35619091987609863,7364,0.9632092714309692
1.9928685426712036,True,1.9928584098815918,1.0,0.007131441496312618,7365,0.9955399632453918
1.6592679023742676,True,1.6592589616775513,1.0,0.34073010087013245,7366,0.5854589343070984
1.9738202095031738,True,1.9738097190856934,1.0,0.026179444044828415,7367,0.9293817281723022
1.9912325143814087,True,1.9912219047546387,1.0,0.008767202496528625,7368,0.9959380626678467
1.9990384578704834,True,1.9990277290344238,1.0,0.0009614485315978527,7369,0.9971600770950317
1.734700322151184,True,1.7346912622451782,1.0,0.2652979791164398,7370,0.9897745847702026
1.9778403043746948,True,1.977830171585083,1.0,0.022159498184919357,7371,0.9956706762313843
0.0,False,0.0,1.0,1.9999865293502808,7372,0.06422511488199234
1.9842100143432617,True,1.9842000007629395,1.0,0.015789858996868134,7373,0.9968959093093872
1.8519694805145264,True,1.8519601821899414,1.0,0.14802958071231842,7374,0.9907205104827881
1.9993484020233154,True,1.9993376731872559,1.0,0.0006516489665955305,7375,0.9974036812782288
1.9995319843292236,True,1.9995214939117432,1.0,0.0004679806006606668,7376,0.9971889853477478
1.9821263551712036,True,1.9821162223815918,1.0,0.017873592674732208,7377,0.9962493777275085
1.8791143894195557,True,1.8791053295135498,1.0,0.12088485807180405,7378,0.9979537725448608
0.0,False,0.0,1.0,1.999988079071045,7379,0.42567771673202515
0.9882456660270691,True,0.9882403016090393,1.0,1.0117472410202026,7380,0.8735987544059753
0.9842162728309631,True,0.9842109680175781,1.0,1.0157766342163086,7381,0.9290980696678162
0.9958149194717407,True,0.9958092570304871,1.0,1.0041780471801758,7382,0.9083290696144104
1.3667173385620117,True,1.3667100667953491,1.0,0.6332787275314331,7383,0.4708273112773895
0.9956241846084595,True,0.9956187009811401,1.0,1.004368782043457,7384,0.9320623874664307
1.865182638168335,True,1.8651728630065918,1.0,0.13481661677360535,7385,0.5910366773605347
0.9998506903648376,True,0.9998452663421631,1.0,1.0001424551010132,7386,0.9527270197868347
1.1826517581939697,True,1.1826450824737549,1.0,0.8173421025276184,7387,0.8545876145362854
0.9938398599624634,True,0.9938347339630127,1.0,1.0061537027359009,7388,0.9448578953742981
0.0,False,0.0,1.0,1.9999881982803345,7389,0.1514330357313156
1.6941022872924805,True,1.6940934658050537,1.0,0.3058958351612091,7390,0.9491539001464844
1.9848248958587646,True,1.9848146438598633,1.0,0.015175104141235352,7391,0.988416850566864
1.8023337125778198,True,1.8023250102996826,1.0,0.1976652592420578,7392,0.9979705214500427
1.182124376296997,True,1.1821177005767822,1.0,0.817869246006012,7393,0.8526417016983032
1.1322989463806152,True,1.1322931051254272,1.0,0.8676955699920654,7394,0.9751697182655334
0.0,False,0.0,1.0,1.999987006187439,7395,0.27754396200180054
0.0,False,0.0,1.0,1.9999878406524658,7396,0.17542274296283722
0.0,False,0.0,1.0,1.999986171722412,7397,0.32488083839416504
0.9923408031463623,True,0.9923356771469116,1.0,1.0076531171798706,7398,0.8191299438476562
0.0,False,0.0,1.0,1.9999868869781494,7399,0.15295298397541046
0.9906672239303589,True,0.990662157535553,1.0,1.0093271732330322,7400,0.9728043675422668
1.964937448501587,True,1.9649274349212646,1.0,0.03506223112344742,7401,0.8979732990264893
0.9972373247146606,True,0.9972317218780518,1.0,1.0027552843093872,7402,0.9378771781921387
1.5379042625427246,True,1.5378963947296143,1.0,0.462092787027359,7403,0.8215395212173462
1.990825891494751,True,1.9908158779144287,1.0,0.009173912927508354,7404,0.9753845930099487
0.0,False,0.0,1.0,1.9999876022338867,7405,0.17535506188869476
1.0098791122436523,True,1.0098737478256226,1.0,0.9901139140129089,7406,0.9731388688087463
0.0,False,0.0,1.0,1.9999878406524658,7407,0.0659579262137413
1.0659452676773071,True,1.0659395456314087,1.0,0.9340476989746094,7408,0.9310837984085083
0.9982608556747437,True,0.9982551336288452,1.0,1.0017313957214355,7409,0.8653284907341003
0.0,False,0.0,1.0,1.9999871253967285,7410,0.37848028540611267
1.9928483963012695,True,1.9928383827209473,1.0,0.0071515110321342945,7411,0.9898774027824402
1.83864426612854,True,1.8386355638504028,1.0,0.16135483980178833,7412,0.9982423782348633
1.2131798267364502,True,1.2131736278533936,1.0,0.7868152856826782,7413,0.9809567928314209
1.8766790628433228,True,1.8766695261001587,1.0,0.12332014739513397,7414,0.9908286333084106
0.0,False,0.0,1.0,1.9999866485595703,7415,0.36187121272087097
1.764787197113037,True,1.7647780179977417,1.0,0.23521117866039276,7416,0.944150984287262
1.5068597793579102,True,1.5068522691726685,1.0,0.49313709139823914,7417,0.980361819267273
1.7371222972869873,True,1.7371125221252441,1.0,0.2628763020038605,7418,0.9150869846343994
1.9282203912734985,True,1.928210973739624,1.0,0.07177920639514923,7419,0.8968473672866821
0.9667066931724548,True,0.9667014479637146,1.0,1.033286213874817,7420,0.7411660552024841
1.9348387718200684,True,1.934828519821167,1.0,0.0651608407497406,7421,0.9083854556083679
1.9464905261993408,True,1.946479082107544,1.0,0.05350906774401665,7422,0.9025410413742065
1.1709405183792114,True,1.1709333658218384,1.0,0.829053521156311,7423,0.9688178300857544
0.0,False,0.0,1.0,0.9999929666519165,7424,0.28804636001586914
1.8225475549697876,True,1.822537899017334,1.0,0.1774512529373169,7425,0.9122195839881897
1.9987294673919678,True,1.9987194538116455,1.0,0.001270538312382996,7426,0.9108457565307617
1.9679994583129883,True,1.967989206314087,1.0,0.032000284641981125,7427,0.9862789511680603
1.5088211297988892,True,1.5088131427764893,1.0,0.49117574095726013,7428,0.9500935673713684
1.9664971828460693,True,1.9664872884750366,1.0,0.033502571284770966,7429,0.9594623446464539
0.0,False,0.0,1.0,1.9999868869781494,7430,0.17551234364509583
1.945160150527954,True,1.9451488256454468,1.0,0.05483938753604889,7431,0.9329330921173096
1.8618730306625366,True,1.8618632555007935,1.0,0.13812610507011414,7432,0.9535601735115051
0.9952292442321777,True,0.9952237606048584,1.0,1.0047634840011597,7433,0.7336079478263855
1.9987483024597168,True,1.9987382888793945,1.0,0.0012517038267105818,7434,0.9551771283149719
0.0,False,0.0,1.0,1.9999871253967285,7435,0.12659952044487
1.0632637739181519,True,1.0632578134536743,1.0,0.9367296099662781,7436,0.9320746064186096
1.9676939249038696,True,1.9676837921142578,1.0,0.03230567276477814,7437,0.9866887927055359
0.9701734781265259,True,0.9701683521270752,1.0,1.029820203781128,7438,0.9813644289970398
1.9738160371780396,True,1.9738061428070068,1.0,0.02618393674492836,7439,0.9659157395362854
1.5618903636932373,True,1.5618817806243896,1.0,0.43810680508613586,7440,0.9212718605995178
1.9665453433990479,True,1.9665353298187256,1.0,0.033454444259405136,7441,0.9601629972457886
0.0,False,0.0,1.0,1.9999865293502808,7442,0.37984538078308105
1.9281015396118164,True,1.9280903339385986,1.0,0.0718979611992836,7443,0.9423746466636658
1.0675116777420044,True,1.0675057172775269,1.0,0.9324812889099121,7444,0.9409679770469666
1.8750455379486084,True,1.8750357627868652,1.0,0.12495369464159012,7445,0.9530940651893616
1.9987237453460693,True,1.9987139701843262,1.0,0.0012761596590280533,7446,0.9551403522491455
1.9697997570037842,True,1.9697896242141724,1.0,0.030200021341443062,7447,0.9883044958114624
1.0818442106246948,True,1.0818383693695068,1.0,0.918148934841156,7448,0.9193044304847717
0.0,False,0.0,1.0,0.9999933242797852,7449,0.1820639669895172
1.148001790046692,True,1.1479958295822144,1.0,0.8519929051399231,7450,0.9616559147834778
0.40196001529693604,True,0.40195783972740173,1.0,1.5980300903320312,7451,0.846897542476654
1.9988617897033691,True,1.9988521337509155,1.0,0.0011382129741832614,7452,0.9533330202102661
0.9598308801651001,True,0.9598258137702942,1.0,1.0401625633239746,7453,0.9170822501182556
1.9743773937225342,True,1.9743672609329224,1.0,0.025622446089982986,7454,0.9884660243988037
1.9565272331237793,True,1.9565173387527466,1.0,0.04347263276576996,7455,0.9612721800804138
0.0,False,0.0,1.0,1.9999853372573853,7456,0.4784576892852783
0.0,False,0.0,1.0,1.9999866485595703,7457,0.47035080194473267
1.9065992832183838,True,1.9065883159637451,1.0,0.09339996427297592,7458,0.9379140138626099
1.4515866041183472,True,1.4515793323516846,1.0,0.5484099984169006,7459,0.8299524188041687
1.8183677196502686,True,1.8183584213256836,1.0,0.18163107335567474,7460,0.9518211483955383
1.998702049255371,True,1.9986923933029175,1.0,0.001297829207032919,7461,0.9587984085083008
1.9752081632614136,True,1.9751980304718018,1.0,0.024791615083813667,7462,0.9877875447273254
0.0,False,0.0,1.0,1.9999855756759644,7463,0.34891557693481445
0.9762284755706787,True,0.9762235879898071,1.0,1.0237653255462646,7464,0.9355512261390686
0.0,False,0.0,1.0,1.9999874830245972,7465,0.39336833357810974
1.741748571395874,True,1.7417380809783936,1.0,0.2582494914531708,7466,0.9568957090377808
1.7176437377929688,True,1.7176344394683838,1.0,0.28235456347465515,7467,0.8158273696899414
0.0,False,0.0,1.0,1.999988079071045,7468,0.006870382931083441
0.0,False,0.0,1.0,1.9999868869781494,7469,0.14882580935955048
1.5645065307617188,True,1.5644985437393188,1.0,0.43549060821533203,7470,0.869512677192688
0.0,False,0.0,1.0,1.9999885559082031,7471,0.00927246268838644
0.0,False,0.0,1.0,1.999988079071045,7472,0.09306696802377701
0.0,False,0.0,1.0,1.9999885559082031,7473,0.06269898265600204
0.0,False,0.0,1.0,1.999988317489624,7474,0.10548191517591476
0.999997615814209,True,0.9999921321868896,1.0,0.9999964237213135,7475,0.816716194152832
0.9866594076156616,True,0.9866540431976318,1.0,1.013334035873413,7476,0.7460764050483704
0.0,False,0.0,1.0,1.9999868869781494,7477,0.48738107085227966
0.9999822378158569,True,0.9999772310256958,1.0,1.000011920928955,7478,0.8863899111747742
0.4333232343196869,True,0.4333210587501526,1.0,1.566666841506958,7479,0.7832542657852173
1.847402572631836,True,1.8473927974700928,1.0,0.1525963842868805,7480,0.9852643013000488
0.9944384098052979,True,0.9944331645965576,1.0,1.0055553913116455,7481,0.7916620373725891
0.9999858140945435,True,0.9999808073043823,1.0,1.000008463859558,7482,0.9228057861328125
1.756417989730835,True,1.756408452987671,1.0,0.243580624461174,7483,0.9293577671051025
0.9912638664245605,True,0.9912588596343994,1.0,1.0087296962738037,7484,0.8885807394981384
1.9260454177856445,True,1.9260351657867432,1.0,0.07395406812429428,7485,0.8658840656280518
0.9421582818031311,True,0.9421530961990356,1.0,1.057834267616272,7486,0.8960341215133667
0.0,False,0.0,1.0,1.9999879598617554,7487,0.24006155133247375
0.954902708530426,True,0.9548977017402649,1.0,1.0450901985168457,7488,0.7850274443626404
0.7460659146308899,True,0.7460619211196899,1.0,1.2539255619049072,7489,0.6523670554161072
1.937556505203247,True,1.9375457763671875,1.0,0.06244320049881935,7490,0.934513509273529
0.0,False,0.0,1.0,1.9999873638153076,7491,0.5231990814208984
1.9743599891662598,True,1.974350094795227,1.0,0.025639928877353668,7492,0.9924226403236389
1.909257411956787,True,1.9092466831207275,1.0,0.09074193239212036,7493,0.9697813987731934
0.0,False,0.0,1.0,1.9999866485595703,7494,0.11879837512969971
1.5809332132339478,True,1.5809252262115479,1.0,0.4190642833709717,7495,0.8943502902984619
1.936249017715454,True,1.9362391233444214,1.0,0.06375067681074142,7496,0.9115458130836487
1.736356496810913,True,1.7363473176956177,1.0,0.26364195346832275,7497,0.9845048189163208
1.1931147575378418,True,1.1931084394454956,1.0,0.8068807125091553,7498,0.9896670579910278
1.9462321996688843,True,1.9462217092514038,1.0,0.05376754328608513,7499,0.9589930772781372
1.5421233177185059,True,1.5421152114868164,1.0,0.4578740894794464,7500,0.9962345957756042
1.1839125156402588,True,1.1839063167572021,1.0,0.8160825967788696,7501,0.9415489435195923
1.9820094108581543,True,1.981999158859253,1.0,0.017990395426750183,7502,0.9098913669586182
1.8283836841583252,True,1.828373908996582,1.0,0.17161521315574646,7503,0.9927709698677063
1.4256515502929688,True,1.425643801689148,1.0,0.5743448734283447,7504,0.9311913251876831
0.9777952432632446,True,0.9777902364730835,1.0,1.0221983194351196,7505,0.7834948301315308
0.938380241394043,True,0.9383754730224609,1.0,1.0616133213043213,7506,0.6744347214698792
1.531211495399475,True,1.5312036275863647,1.0,0.46878567337989807,7507,0.9233186841011047
0.36777380108833313,True,0.36777177453041077,1.0,1.6322160959243774,7508,0.603800356388092
0.15147826075553894,True,0.15147744119167328,1.0,1.8485095500946045,7509,0.07329382002353668
0.0,False,0.0,1.0,1.9999878406524658,7510,0.1901635378599167
1.7535005807876587,True,1.7534915208816528,1.0,0.24649788439273834,7511,0.6847328543663025
0.0,False,0.0,1.0,1.9999885559082031,7512,0.7626584768295288
1.9641706943511963,True,1.964160680770874,1.0,0.03582911193370819,7513,0.6956875920295715
1.7513022422790527,True,1.7512929439544678,1.0,0.2486962527036667,7514,0.9058879017829895
0.0,False,0.0,1.0,1.9999873638153076,7515,0.5856482982635498
1.363411784172058,True,1.3634048700332642,1.0,0.6365843415260315,7516,0.9431126713752747
1.9707856178283691,True,1.9707752466201782,1.0,0.02921425551176071,7517,0.9753420948982239
0.0,False,0.0,1.0,1.999988317489624,7518,0.10439450293779373
1.25447416305542,True,1.2544667720794678,1.0,0.7455207705497742,7519,0.8752540349960327
0.9365893602371216,True,0.9365837574005127,1.0,1.0634033679962158,7520,0.6167088150978088
1.9426345825195312,True,1.9426236152648926,1.0,0.05736502259969711,7521,0.8152563571929932
0.997725784778595,True,0.9977208375930786,1.0,1.0022685527801514,7522,0.9097341895103455
1.918928623199463,True,1.9189186096191406,1.0,0.08107081055641174,7523,0.7074806690216064
1.7780756950378418,True,1.7780663967132568,1.0,0.2219228297472,7524,0.1617375761270523
1.9304195642471313,True,1.9304096698760986,1.0,0.0695800855755806,7525,0.9337395429611206
1.218172550201416,True,1.2181661128997803,1.0,0.781822681427002,7526,0.8798344135284424
1.9337937831878662,True,1.9337831735610962,1.0,0.0662057101726532,7527,0.9687999486923218
0.0,False,0.0,1.0,1.9999867677688599,7528,0.28305041790008545
0.9772173166275024,True,0.9772122502326965,1.0,1.0227762460708618,7529,0.6913917064666748
1.631809115409851,True,1.6317999362945557,1.0,0.3681884706020355,7530,0.9556087851524353
0.9942905902862549,True,0.9942857027053833,1.0,1.0057035684585571,7531,0.7099384665489197
0.0,False,0.0,1.0,1.9999876022338867,7532,0.22270570695400238
1.1666100025177002,True,1.1666038036346436,1.0,0.8333851099014282,7533,0.7947961688041687
0.0,False,0.0,1.0,1.999988079071045,7534,0.10794483125209808
1.4461442232131958,True,1.446136474609375,1.0,0.5538524985313416,7535,0.6284322142601013
1.9909794330596924,True,1.9909683465957642,1.0,0.00902062002569437,7536,0.9246168732643127
0.941581130027771,True,0.941575825214386,1.0,1.0584118366241455,7537,0.7311771512031555
1.228142261505127,True,1.2281361818313599,1.0,0.7718534469604492,7538,0.9756060242652893
0.988495945930481,True,0.9884907007217407,1.0,1.0114976167678833,7539,0.8163332939147949
1.461596965789795,True,1.4615893363952637,1.0,0.5384001135826111,7540,0.995374858379364
0.0,False,0.0,1.0,1.9999873638153076,7541,0.06415845453739166
1.8857324123382568,True,1.8857223987579346,1.0,0.11426687240600586,7542,0.9063330292701721
1.8504678010940552,True,1.850457787513733,1.0,0.14953121542930603,7543,0.9381586909294128
0.0,False,0.0,1.0,1.999988079071045,7544,0.10622864961624146
1.724646806716919,True,1.7246372699737549,1.0,0.27535128593444824,7545,0.9605671763420105
1.011963129043579,True,1.0119576454162598,1.0,0.9880306124687195,7546,0.9184678196907043
0.0,False,0.0,1.0,1.999985933303833,7547,0.44871285557746887
0.9971065521240234,True,0.9971010088920593,1.0,1.00288724899292,7548,0.7165887355804443
1.638471007347107,True,1.638461709022522,1.0,0.36152639985084534,7549,0.6468896865844727
1.9657623767852783,True,1.9657517671585083,1.0,0.034237317740917206,7550,0.9688954949378967
0.0,False,0.0,1.0,1.9999871253967285,7551,0.20172317326068878
1.497354507446289,True,1.4973467588424683,1.0,0.5026425123214722,7552,0.9652163982391357
0.9935206770896912,True,0.9935147166252136,1.0,1.0064723491668701,7553,0.8273625373840332
0.9998434782028198,True,0.9998379349708557,1.0,1.0001499652862549,7554,0.9557655453681946
1.6433672904968262,True,1.6433583498001099,1.0,0.3566305935382843,7555,0.9695615768432617
0.0,False,0.0,1.0,1.9999884366989136,7556,0.25847071409225464
0.0,False,0.0,1.0,1.9999879598617554,7557,0.17105232179164886
0.0,False,0.0,1.0,1.9999878406524658,7558,0.32791170477867126
0.8976163864135742,True,0.8976119756698608,1.0,1.102376937866211,7559,0.5934295058250427
1.9774940013885498,True,1.9774837493896484,1.0,0.022505830973386765,7560,0.9765778183937073
1.6302311420440674,True,1.6302225589752197,1.0,0.3697664737701416,7561,0.920659065246582
0.0,False,0.0,1.0,1.9999871253967285,7562,0.12703730165958405
0.0,False,0.0,1.0,1.9999876022338867,7563,0.7246907353401184
1.6012952327728271,True,1.6012859344482422,1.0,0.39870208501815796,7564,0.569159746170044
0.9791879057884216,True,0.9791821241378784,1.0,1.0208055973052979,7565,0.7195773124694824
0.9994410276412964,True,0.9994351863861084,1.0,1.0005521774291992,7566,0.9108151197433472
1.9693331718444824,True,1.9693220853805542,1.0,0.030666664242744446,7567,0.9712483882904053
1.9789931774139404,True,1.9789824485778809,1.0,0.02100667543709278,7568,0.9845257997512817
1.7137384414672852,True,1.713728904724121,1.0,0.2862596809864044,7569,0.9029368162155151
1.9032520055770874,True,1.9032421112060547,1.0,0.09674737602472305,7570,0.9140239357948303
1.967175006866455,True,1.9671638011932373,1.0,0.032824721187353134,7571,0.9510263800621033
0.0,False,0.0,1.0,1.9999871253967285,7572,0.190189391374588
1.7619253396987915,True,1.7619160413742065,1.0,0.23807328939437866,7573,0.981111466884613
0.0,False,0.0,1.0,1.999986171722412,7574,0.3735135793685913
0.0,False,0.0,1.0,1.999985933303833,7575,0.1036543995141983
0.0,False,0.0,1.0,1.9999860525131226,7576,0.09064382314682007
0.0,False,0.0,0.0,1.999987006187439,6553,0.13922828435897827
0.0,False,0.0,0.0,1.9999885559082031,6554,0.678853452205658
0.0,False,0.0,0.0,1.999988079071045,6555,0.152805894613266
0.0,False,0.0,0.0,1.9999876022338867,6556,0.2691477835178375
0.0,False,0.0,0.0,1.9999885559082031,6557,0.034701306372880936
0.0,False,0.0,0.0,1.9999877214431763,6558,0.22209402918815613
0.0,False,0.0,0.0,1.9999873638153076,6559,0.11743160337209702
0.0,False,0.0,0.0,1.9999878406524658,6560,0.02756982296705246
0.0,False,0.0,0.0,1.9999878406524658,6561,0.3555118441581726
0.0,False,0.0,0.0,0.999994158744812,6562,0.15497295558452606
0.0,False,0.0,0.0,1.9999865293502808,6563,0.05130483955144882
0.0,False,0.0,0.0,1.9999868869781494,6564,0.03729628771543503
0.0,False,0.0,0.0,1.9999862909317017,6565,0.3622163236141205
0.0,False,0.0,0.0,1.9999868869781494,6566,0.10548342019319534
0.0,False,0.0,0.0,1.9999877214431763,6567,0.23608127236366272
0.0,False,0.0,0.0,1.9999877214431763,6568,0.12012090533971786
0.0,False,0.0,0.0,1.9999885559082031,6569,0.4983544945716858
0.0,False,0.0,0.0,1.9999876022338867,6570,0.4447927474975586
0.0,False,0.0,0.0,1.9999876022338867,6571,0.43642985820770264
0.0,False,0.0,0.0,1.9999874830245972,6572,0.40289726853370667
0.0,False,0.0,0.0,1.9999874830245972,6573,0.0834178701043129
0.0,False,0.0,0.0,1.9999876022338867,6574,0.15551282465457916
0.0,False,0.0,0.0,1.9999865293502808,6575,0.02507990039885044
0.0,False,0.0,0.0,1.9999887943267822,6576,0.03578446805477142
0.0,False,0.0,0.0,1.999987006187439,6577,0.13051563501358032
0.0,False,0.0,0.0,1.9999876022338867,6578,0.15527428686618805
0.0,False,0.0,0.0,1.9999877214431763,6579,0.28990116715431213
0.0,False,0.0,0.0,1.9999874830245972,6580,0.09810954332351685
0.0,False,0.0,0.0,1.9999876022338867,6581,0.3258492052555084
0.0,False,0.0,0.0,1.9999881982803345,6582,0.06379134207963943
0.0,False,0.0,0.0,1.9999876022338867,6583,0.0595293752849102
0.0,False,0.0,0.0,1.9999867677688599,6584,0.03218083828687668
0.0,False,0.0,0.0,1.9999868869781494,6585,0.3169853985309601
0.0,False,0.0,0.0,1.9999878406524658,6586,0.004088815301656723
0.0,False,0.0,0.0,1.999988079071045,6587,0.28242549300193787
0.0,False,0.0,0.0,1.9999886751174927,6588,0.008162816986441612
0.0,False,0.0,0.0,1.9999885559082031,6589,0.04023076221346855
0.0,False,0.0,0.0,1.9999887943267822,6590,0.3475957214832306
0.0,False,0.0,0.0,1.999985694885254,6591,0.40684396028518677
0.0,False,0.0,0.0,1.9999885559082031,6592,0.10485553741455078
0.0,False,0.0,0.0,1.9999887943267822,6593,0.0060456283390522
0.0,False,0.0,0.0,1.9999885559082031,6594,0.018081925809383392
0.0,False,0.0,0.0,1.9999884366989136,6595,0.002842260990291834
0.0,False,0.0,0.0,1.9999873638153076,6596,0.10280150175094604
0.0,False,0.0,0.0,1.9999886751174927,6597,0.005593291949480772
0.0,False,0.0,0.0,1.999988079071045,6598,0.21763190627098083
0.0,False,0.0,0.0,1.9999845027923584,6599,0.05050136521458626
0.0,False,0.0,0.0,1.9999885559082031,6600,0.07180344313383102
0.0,False,0.0,0.0,1.9999879598617554,6601,0.019673995673656464
0.0,False,0.0,0.0,1.9999881982803345,6602,0.028155166655778885
0.0,False,0.0,0.0,1.9999866485595703,6603,0.545137345790863
0.0,False,0.0,0.0,1.999988079071045,6604,0.31746920943260193
0.0,False,0.0,0.0,1.9999854564666748,6605,0.28188031911849976
1.8026454448699951,True,1.8026361465454102,0.0,0.19735343754291534,6606,0.9896267652511597
0.0,False,0.0,0.0,1.9999862909317017,6607,0.6434376239776611
0.0,False,0.0,0.0,1.999988079071045,6608,0.06943292170763016
0.0,False,0.0,0.0,1.9999878406524658,6609,0.4052884578704834
0.0,False,0.0,0.0,1.999988317489624,6610,0.2011292725801468
0.0,False,0.0,0.0,1.9999874830245972,6611,0.052309755235910416
0.0,False,0.0,0.0,1.9999871253967285,6612,0.053429730236530304
0.0,False,0.0,0.0,1.9999868869781494,6613,0.0660882443189621
0.0,False,0.0,0.0,1.9999874830245972,6614,0.4657837450504303
0.0,False,0.0,0.0,1.9999884366989136,6615,0.02584327943623066
0.0,False,0.0,0.0,1.9999873638153076,6616,0.008327619172632694
0.0,False,0.0,0.0,1.9999878406524658,6617,0.188809335231781
0.0,False,0.0,0.0,1.9999871253967285,6618,0.10073857754468918
0.0,False,0.0,0.0,1.9999878406524658,6619,0.042275410145521164
0.0,False,0.0,0.0,1.9999891519546509,6620,0.36699509620666504
0.0,False,0.0,0.0,1.999985933303833,6621,0.22436931729316711
0.0,False,0.0,0.0,1.9999873638153076,6622,0.1577426642179489
0.0,False,0.0,0.0,1.9999879598617554,6623,0.21450893580913544
0.0,False,0.0,0.0,1.9999878406524658,6624,0.0014356921892613173
0.0,False,0.0,0.0,1.9999876022338867,6625,0.14400853216648102
0.0,False,0.0,0.0,1.999985933303833,6626,0.6354824304580688
0.0,False,0.0,0.0,1.9999879598617554,6627,0.612249493598938
0.0,False,0.0,0.0,1.9999873638153076,6628,0.509935736656189
0.0,False,0.0,0.0,1.9999866485595703,6629,0.029291128739714622
0.0,False,0.0,0.0,1.9999890327453613,6630,0.006423868238925934
0.0,False,0.0,0.0,1.9999876022338867,6631,0.0029473998583853245
0.0,False,0.0,0.0,1.9999878406524658,6632,0.02234046533703804
0.0,False,0.0,0.0,1.999987006187439,6633,0.03697923570871353
0.0,False,0.0,0.0,1.9999864101409912,6634,0.10885350406169891
0.0,False,0.0,0.0,1.9999876022338867,6635,0.004800299182534218
0.0,False,0.0,0.0,1.9999885559082031,6636,0.6431713700294495
0.0,False,0.0,0.0,1.9999881982803345,6637,0.03446970134973526
0.0,False,0.0,0.0,1.999985694885254,6638,0.11597905308008194
0.0,False,0.0,0.0,1.9999876022338867,6639,0.5551909804344177
0.0,False,0.0,0.0,1.9999878406524658,6640,0.348360151052475
0.0,False,0.0,0.0,1.9999878406524658,6641,0.25582101941108704
0.0,False,0.0,0.0,1.999986171722412,6642,0.20174269378185272
0.0,False,0.0,0.0,1.9999874830245972,6643,0.052316561341285706
0.0,False,0.0,0.0,1.999988317489624,6644,0.006169287487864494
0.0,False,0.0,0.0,1.999985933303833,6645,0.186885803937912
0.0,False,0.0,0.0,1.9999849796295166,6646,0.5196256041526794
0.0,False,0.0,0.0,1.999988079071045,6647,0.012850118800997734
0.0,False,0.0,0.0,1.999988079071045,6648,0.04275086894631386
0.990543782711029,True,0.9905382990837097,0.0,1.0094496011734009,6649,0.9711174964904785
0.0,False,0.0,0.0,1.9999873638153076,6650,0.19953890144824982
0.0,False,0.0,0.0,1.9999885559082031,6651,0.2595781087875366
0.0,False,0.0,0.0,1.999988317489624,6652,0.21152180433273315
0.0,False,0.0,0.0,1.999987244606018,6653,0.2038186490535736
0.0,False,0.0,0.0,1.999988079071045,6654,0.024201279506087303
0.0,False,0.0,0.0,1.9999852180480957,6655,0.011209413409233093
1.989759087562561,True,1.989748477935791,0.0,0.010240869596600533,6656,0.9870759844779968
0.0,False,0.0,0.0,1.9999864101409912,6657,0.1249723806977272
0.0,False,0.0,0.0,1.9999877214431763,6658,0.14251424372196198
0.0,False,0.0,0.0,1.9999878406524658,6659,0.23874729871749878
0.0,False,0.0,0.0,1.999988079071045,6660,0.010555218905210495
0.0,False,0.0,0.0,1.9999864101409912,6661,0.18585611879825592
0.0,False,0.0,0.0,1.999987244606018,6662,0.37003323435783386
0.0,False,0.0,0.0,1.9999849796295166,6663,0.6025323867797852
0.0,False,0.0,0.0,1.9999866485595703,6664,0.07818099111318588
0.0,False,0.0,0.0,1.9999850988388062,6665,0.13135288655757904
0.0,False,0.0,0.0,1.999986171722412,6666,0.10728459060192108
0.0,False,0.0,0.0,1.9999878406524658,6667,0.04985876381397247
0.0,False,0.0,0.0,1.9999881982803345,6668,0.009398226626217365
0.0,False,0.0,0.0,1.9999864101409912,6669,0.19611798226833344
0.0,False,0.0,0.0,1.9999885559082031,6670,0.003751665586605668
0.0,False,0.0,0.0,1.9999879598617554,6671,0.03596622869372368
0.0,False,0.0,0.0,1.9999862909317017,6672,0.07980065047740936
0.9963927268981934,True,0.9963871836662292,0.0,1.0035998821258545,6673,0.9470782279968262
0.0,False,0.0,0.0,1.999988079071045,6674,0.010712378658354282
0.0,False,0.0,0.0,1.9999878406524658,6675,0.14526721835136414
0.0,False,0.0,0.0,1.9999868869781494,6676,0.007082437630742788
0.0,False,0.0,0.0,1.9999873638153076,6677,0.13829532265663147
0.0,False,0.0,0.0,1.999988317489624,6678,0.009981200098991394
0.0,False,0.0,0.0,1.9999879598617554,6679,0.2957892417907715
0.0,False,0.0,0.0,1.999988079071045,6680,0.3357817232608795
0.0,False,0.0,0.0,1.9999867677688599,6681,0.2001374214887619
0.0,False,0.0,0.0,1.9999873638153076,6682,0.22378936409950256
0.0,False,0.0,0.0,1.9999873638153076,6683,0.09228072315454483
0.0,False,0.0,0.0,1.999988317489624,6684,0.05157463997602463
0.0,False,0.0,0.0,1.9999867677688599,6685,0.5281641483306885
0.0,False,0.0,0.0,1.9999873638153076,6686,0.23611226677894592
0.0,False,0.0,0.0,1.9999879598617554,6687,0.01749332994222641
0.0,False,0.0,0.0,1.9999867677688599,6688,0.4142579734325409
0.0,False,0.0,0.0,1.9999862909317017,6689,0.33086422085762024
0.0,False,0.0,0.0,1.999988079071045,6690,0.6541041135787964
0.0,False,0.0,0.0,1.9999876022338867,6691,0.1449679434299469
0.0,False,0.0,0.0,1.9999881982803345,6692,0.023177051916718483
0.0,False,0.0,0.0,1.999988079071045,6693,0.02592315338551998
0.0,False,0.0,0.0,1.9999876022338867,6694,0.03494211286306381
0.9922744035720825,True,0.9922691583633423,0.0,1.0077199935913086,6695,0.82744961977005
0.0,False,0.0,0.0,1.9999876022338867,6696,0.03223612904548645
0.0,False,0.0,0.0,1.9999865293502808,6697,0.08538360148668289
0.0,False,0.0,0.0,1.9999854564666748,6698,0.13839511573314667
0.0,False,0.0,0.0,1.999987006187439,6699,0.09420266002416611
0.0,False,0.0,0.0,1.9999868869781494,6700,0.6527674198150635
0.0,False,0.0,0.0,1.999983310699463,6701,0.15486377477645874
0.0,False,0.0,0.0,1.9999884366989136,6702,0.0269315168261528
0.0,False,0.0,0.0,1.9999890327453613,6703,0.0018146814545616508
0.0,False,0.0,0.0,1.9999873638153076,6704,0.005245157051831484
0.0,False,0.0,0.0,1.9999852180480957,6705,0.3337196409702301
0.0,False,0.0,0.0,1.9999867677688599,6706,0.017634142190217972
0.0,False,0.0,0.0,1.9999878406524658,6707,0.029471347108483315
0.9932073354721069,True,0.9932020902633667,0.0,1.006786823272705,6708,0.8928155899047852
0.0,False,0.0,0.0,1.999988079071045,6709,0.08917933702468872
0.0,False,0.0,0.0,1.9999878406524658,6710,0.22408056259155273
0.0,False,0.0,0.0,1.999986171722412,6711,0.01270828116685152
0.9985698461532593,True,0.9985647797584534,0.0,1.001423954963684,6712,0.9437610507011414
0.0,False,0.0,0.0,1.9999854564666748,6713,0.0768912062048912
0.0,False,0.0,0.0,1.999986171722412,6714,0.6290183663368225
0.0,False,0.0,0.0,1.9999860525131226,6715,0.06061771884560585
0.0,False,0.0,0.0,1.9999839067459106,6716,0.0488443523645401
0.0,False,0.0,0.0,1.999983787536621,6717,0.09572610259056091
0.0,False,0.0,0.0,1.9999806880950928,6718,0.11532656848430634
0.0,False,0.0,0.0,1.9999876022338867,6719,0.03825885057449341
0.9988651871681213,True,0.9988598823547363,0.0,1.0011279582977295,6720,0.9504931569099426
0.0,False,0.0,0.0,1.9999864101409912,6721,0.3679876923561096
0.0,False,0.0,0.0,1.9999871253967285,6722,0.27497440576553345
0.0,False,0.0,0.0,1.999985933303833,6723,0.22248469293117523
0.0,False,0.0,0.0,1.9999878406524658,6724,0.010120260529220104
0.0,False,0.0,0.0,1.9999877214431763,6725,0.4598913788795471
0.0,False,0.0,0.0,1.999988079071045,6726,0.029540996998548508
0.0,False,0.0,0.0,1.9999878406524658,6727,0.11761220544576645
0.0,False,0.0,0.0,1.999988079071045,6728,0.004989626817405224
0.0,False,0.0,0.0,1.9999871253967285,6729,0.020780455321073532
1.719156265258789,True,1.7191470861434937,0.0,0.28084197640419006,6730,0.9761338233947754
0.0,False,0.0,0.0,1.9999865293502808,6731,0.07904675602912903
0.0,False,0.0,0.0,1.9999866485595703,6732,0.14946000277996063
0.0,False,0.0,0.0,1.9999873638153076,6733,0.005307239014655352
0.0,False,0.0,0.0,1.999987244606018,6734,0.20798484981060028
0.0,False,0.0,0.0,1.9999873638153076,6735,0.1572628915309906
0.0,False,0.0,0.0,1.9999873638153076,6736,0.30953481793403625
1.3176486492156982,True,1.3176419734954834,0.0,0.6823464632034302,6737,0.9117645025253296
0.0,False,0.0,0.0,1.999988317489624,6738,0.009280241094529629
0.0,False,0.0,0.0,1.999988317489624,6739,0.02043953537940979
0.9797528982162476,True,0.9797478318214417,0.0,1.020240306854248,6740,0.9587497711181641
0.0,False,0.0,0.0,1.999985694885254,6741,0.33428138494491577
0.0,False,0.0,0.0,1.9999864101409912,6742,0.3379300534725189
0.0,False,0.0,0.0,1.9999868869781494,6743,0.20836284756660461
0.0,False,0.0,0.0,1.999986171722412,6744,0.19706293940544128
0.0,False,0.0,0.0,1.9999852180480957,6745,0.22356462478637695
0.0,False,0.0,0.0,1.9999868869781494,6746,0.14199165999889374
0.0,False,0.0,0.0,1.9999871253967285,6747,0.008803321048617363
0.0,False,0.0,0.0,1.9999879598617554,6748,0.19622333347797394
0.0,False,0.0,0.0,1.9999867677688599,6749,0.2256542444229126
0.0,False,0.0,0.0,1.999986171722412,6750,0.1252851039171219
0.0,False,0.0,0.0,1.999987244606018,6751,0.04014867916703224
0.0,False,0.0,0.0,1.9999852180480957,6752,0.11713279038667679
0.9999805688858032,True,0.9999751448631287,0.0,1.0000128746032715,6753,0.9375510811805725
0.0,False,0.0,0.0,1.9999864101409912,6754,0.04107745736837387
0.0,False,0.0,0.0,1.999987006187439,6755,0.17072775959968567
0.0,False,0.0,0.0,1.9999879598617554,6756,0.08690202981233597
0.0,False,0.0,0.0,1.9999866485595703,6757,0.14909955859184265
0.9997456073760986,True,0.9997401833534241,0.0,1.000247597694397,6758,0.9435564875602722
0.0,False,0.0,0.0,1.9999873638153076,6759,0.09030455350875854
1.2526944875717163,True,1.2526881694793701,0.0,0.7473001480102539,6760,0.8054632544517517
0.0,False,0.0,0.0,1.9999841451644897,6761,0.1061907634139061
0.0,False,0.0,0.0,1.9999873638153076,6762,0.0059286970645189285
0.0,False,0.0,0.0,1.9999887943267822,6763,0.07515019923448563
0.0,False,0.0,0.0,1.9999864101409912,6764,0.20080915093421936
0.0,False,0.0,0.0,1.9999878406524658,6765,0.0032218347769230604
0.0,False,0.0,0.0,1.9999864101409912,6766,0.40808919072151184
0.0,False,0.0,0.0,1.9999866485595703,6767,0.31364646553993225
0.0,False,0.0,0.0,1.9999885559082031,6768,0.022127527743577957
0.0,False,0.0,0.0,1.9999839067459106,6769,0.039866555482149124
0.0,False,0.0,0.0,1.999988079071045,6770,0.0370449461042881
0.0,False,0.0,0.0,1.9999885559082031,6771,0.0392167866230011
0.0,False,0.0,0.0,1.9999847412109375,6772,0.4518570005893707
0.0,False,0.0,0.0,1.9999847412109375,6773,0.06567572802305222
0.0,False,0.0,0.0,1.9999867677688599,6774,0.18633514642715454
0.0,False,0.0,0.0,1.999987244606018,6775,0.22666887938976288
0.0,False,0.0,0.0,1.9999873638153076,6776,0.4543972611427307
0.0,False,0.0,0.0,1.9999871253967285,6777,0.42442476749420166
0.0,False,0.0,0.0,1.9999892711639404,6778,0.004486150108277798
0.0,False,0.0,0.0,1.9999871253967285,6779,0.016237614676356316
0.0,False,0.0,0.0,1.9999854564666748,6780,0.32153767347335815
0.0,False,0.0,0.0,1.9999874830245972,6781,0.004099993500858545
0.0,False,0.0,0.0,1.9999854564666748,6782,0.06958607584238052
0.0,False,0.0,0.0,1.9999868869781494,6783,0.070032499730587
0.0,False,0.0,0.0,1.9999866485595703,6784,0.24955500662326813
0.0,False,0.0,0.0,1.9999864101409912,6785,0.01909136213362217
0.0,False,0.0,0.0,1.999987006187439,6786,0.05574628338217735
0.0,False,0.0,0.0,1.9999871253967285,6787,0.3079115152359009
0.0,False,0.0,0.0,1.9999849796295166,6788,0.2668296992778778
0.0,False,0.0,0.0,1.9999845027923584,6789,0.1580953598022461
0.0,False,0.0,0.0,1.9999828338623047,6790,0.03601925075054169
0.0,False,0.0,0.0,1.999986171722412,6791,0.07864899933338165
0.9999728202819824,True,0.9999677538871765,0.0,1.0000203847885132,6792,0.8754547834396362
0.0,False,0.0,0.0,1.9999871253967285,6793,0.26346826553344727
0.0,False,0.0,0.0,1.9999871253967285,6794,0.11990377306938171
0.0,False,0.0,0.0,1.9999841451644897,6795,0.10794233530759811
0.9868815541267395,True,0.9868761301040649,0.0,1.0131113529205322,6796,0.8383177518844604
0.0,False,0.0,0.0,1.9999864101409912,6797,0.056756604462862015
0.0,False,0.0,0.0,1.999986171722412,6798,0.6594698429107666
0.0,False,0.0,0.0,1.9999868869781494,6799,0.014208365231752396
0.0,False,0.0,0.0,1.9999854564666748,6800,0.058805037289857864
0.0,False,0.0,0.0,0.999994158744812,6801,0.025909755378961563
0.0,False,0.0,0.0,1.9999849796295166,6802,0.14561177790164948
0.0,False,0.0,0.0,1.9999877214431763,6803,0.2118506133556366
0.0,False,0.0,0.0,1.9999868869781494,6804,0.4172888696193695
0.0,False,0.0,0.0,1.9999866485595703,6805,0.3489179313182831
0.0,False,0.0,0.0,1.999985933303833,6806,0.2739575207233429
0.0,False,0.0,0.0,1.999988317489624,6807,0.24854415655136108
1.850893259048462,True,1.8508832454681396,0.0,0.14910578727722168,6808,0.16397210955619812
0.0,False,0.0,0.0,1.9999873638153076,6809,0.377084344625473
0.0,False,0.0,0.0,1.9999852180480957,6810,0.3069370985031128
0.0,False,0.0,0.0,1.9999858140945435,6811,0.4509735703468323
0.0,False,0.0,0.0,1.999987006187439,6812,0.13357144594192505
0.0,False,0.0,0.0,1.9999895095825195,6813,0.008526035584509373
0.9923646450042725,True,0.9923592805862427,0.0,1.0076284408569336,6814,0.91240394115448
0.0,False,0.0,0.0,1.999988079071045,6815,0.2716429829597473
0.0,False,0.0,0.0,1.9999854564666748,6816,0.04648606851696968
0.0,False,0.0,0.0,1.9999862909317017,6817,0.03586671128869057
0.0,False,0.0,0.0,1.9999868869781494,6818,0.14770522713661194
0.0,False,0.0,0.0,1.9999878406524658,6819,0.08766839653253555
0.0,False,0.0,0.0,1.999985694885254,6820,0.1200985237956047
0.0,False,0.0,0.0,1.9999866485595703,6821,0.09454325586557388
0.0,False,0.0,0.0,1.999987244606018,6822,0.3423537313938141
0.0,False,0.0,0.0,1.9999878406524658,6823,0.05370728671550751
0.0,False,0.0,0.0,1.9999864101409912,6824,0.2217344045639038
1.76720130443573,True,1.7671923637390137,0.0,0.23279723525047302,6825,0.9452722668647766
0.0,False,0.0,0.0,1.9999884366989136,6826,0.06049608439207077
0.0,False,0.0,0.0,1.9999876022338867,6827,0.2081727385520935
0.0,False,0.0,0.0,1.9999862909317017,6828,0.08753903955221176
0.0,False,0.0,0.0,1.9999878406524658,6829,0.028997043147683144
0.0,False,0.0,0.0,1.9999852180480957,6830,0.12398671358823776
1.9355489015579224,True,1.9355387687683105,0.0,0.0644507184624672,6831,0.7508948445320129
0.0,False,0.0,0.0,0.9999938011169434,6832,0.35386964678764343
0.0,False,0.0,0.0,1.999988317489624,6833,0.030411161482334137
0.0,False,0.0,0.0,1.9999886751174927,6834,0.007060685660690069
0.0,False,0.0,0.0,1.9999890327453613,6835,0.0031183299142867327
0.0,False,0.0,0.0,1.999988317489624,6836,0.14452949166297913
0.0,False,0.0,0.0,1.9999877214431763,6837,0.2666945159435272
0.0,False,0.0,0.0,0.9999943375587463,6838,0.27301207184791565
0.0,False,0.0,0.0,1.9999849796295166,6839,0.06961465626955032
0.0,False,0.0,0.0,1.9999884366989136,6840,0.1484309434890747
0.0,False,0.0,0.0,1.999985694885254,6841,0.15103858709335327
0.0,False,0.0,0.0,1.9999874830245972,6842,0.11786393076181412
0.0,False,0.0,0.0,1.9999876022338867,6843,0.7252388596534729
0.0,False,0.0,0.0,1.9999860525131226,6844,0.047455865889787674
0.0,False,0.0,0.0,1.9999873638153076,6845,0.16296058893203735
0.0,False,0.0,0.0,1.999987006187439,6846,0.07886863499879837
0.0,False,0.0,0.0,1.9999855756759644,6847,0.7872917056083679
0.0,False,0.0,0.0,1.9999864101409912,6848,0.4342532455921173
0.0,False,0.0,0.0,1.9999873638153076,6849,0.21394036710262299
0.0,False,0.0,0.0,1.9999873638153076,6850,0.06302236020565033
0.0,False,0.0,0.0,1.9999876022338867,6851,0.3241915702819824
0.0,False,0.0,0.0,1.999985694885254,6852,0.4521048367023468
0.0,False,0.0,0.0,1.9999876022338867,6853,0.11116397380828857
0.0,False,0.0,0.0,1.9999862909317017,6854,0.08041863888502121
0.0,False,0.0,0.0,1.999988079071045,6855,0.05037454515695572
0.0,False,0.0,0.0,1.9999878406524658,6856,0.04533854499459267
0.0,False,0.0,0.0,1.9999868869781494,6857,0.010071057826280594
0.0,False,0.0,0.0,1.9999873638153076,6858,0.08453535288572311
0.0,False,0.0,0.0,1.9999873638153076,6859,0.18209226429462433
0.0,False,0.0,0.0,1.9999879598617554,6860,0.1708093285560608
0.0,False,0.0,0.0,1.9999849796295166,6861,0.07363545149564743
0.0,False,0.0,0.0,1.9999874830245972,6862,0.32087257504463196
0.0,False,0.0,0.0,1.9999854564666748,6863,0.017742082476615906
0.0,False,0.0,0.0,1.9999881982803345,6864,0.43180280923843384
0.0,False,0.0,0.0,1.9999867677688599,6865,0.29664862155914307
0.0,False,0.0,0.0,1.9999887943267822,6866,0.16550548374652863
0.0,False,0.0,0.0,1.9999885559082031,6867,0.02457100711762905
0.0,False,0.0,0.0,1.999987006187439,6868,0.37587136030197144
0.988944411277771,True,0.9889391660690308,0.0,1.0110489130020142,6869,0.9472135901451111
0.0,False,0.0,0.0,1.9999865293502808,6870,0.06868085265159607
0.0,False,0.0,0.0,1.999985694885254,6871,0.11519964784383774
0.0,False,0.0,0.0,1.9999847412109375,6872,0.019640721380710602
0.0,False,0.0,0.0,1.9999873638153076,6873,0.022642837837338448
0.0,False,0.0,0.0,1.999987244606018,6874,0.06223500892519951
0.0,False,0.0,0.0,1.9999877214431763,6875,0.07819672673940659
0.0,False,0.0,0.0,1.999988079071045,6876,0.021353546530008316
0.0,False,0.0,0.0,1.9999871253967285,6877,0.03606363385915756
0.0,False,0.0,0.0,1.9999866485595703,6878,0.08603140711784363
0.0,False,0.0,0.0,1.9999878406524658,6879,0.004371722228825092
0.0,False,0.0,0.0,1.999988079071045,6880,0.24898165464401245
0.0,False,0.0,0.0,1.9999864101409912,6881,0.24415680766105652
0.0,False,0.0,0.0,1.9999887943267822,6882,0.005618432071059942
0.0,False,0.0,0.0,1.9999878406524658,6883,0.4412977993488312
0.0,False,0.0,0.0,1.9999871253967285,6884,0.004162336699664593
1.4411112070083618,True,1.441103219985962,0.0,0.5588850975036621,6885,0.3868281841278076
0.0,False,0.0,0.0,1.9999873638153076,6886,0.0670955702662468
0.0,False,0.0,0.0,1.999985694885254,6887,0.2640676200389862
0.0,False,0.0,0.0,1.9999873638153076,6888,0.017652325332164764
0.0,False,0.0,0.0,0.999994158744812,6889,0.033730458468198776
0.0,False,0.0,0.0,1.9999849796295166,6890,0.36027219891548157
0.0,False,0.0,0.0,1.9999864101409912,6891,0.25616541504859924
0.9996615648269653,True,0.9996564388275146,0.0,1.0003324747085571,6892,0.7840889096260071
0.0,False,0.0,0.0,1.9999867677688599,6893,0.12388741225004196
0.0,False,0.0,0.0,1.9999876022338867,6894,0.19279667735099792
0.0,False,0.0,0.0,1.9999881982803345,6895,0.39262402057647705
0.0,False,0.0,0.0,1.9999876022338867,6896,0.2668241858482361
0.0,False,0.0,0.0,1.9999865293502808,6897,0.0769415944814682
0.0,False,0.0,0.0,1.9999885559082031,6898,0.06264609843492508
0.0,False,0.0,0.0,1.9999867677688599,6899,0.07929094135761261
0.0,False,0.0,0.0,1.9999867677688599,6900,0.5142704248428345
0.0,False,0.0,0.0,1.9999876022338867,6901,0.060550395399332047
0.0,False,0.0,0.0,1.9999871253967285,6902,0.08390530198812485
0.0,False,0.0,0.0,1.999986171722412,6903,0.011211996898055077
0.0,False,0.0,0.0,1.9999871253967285,6904,0.2804602384567261
0.0,False,0.0,0.0,1.9999873638153076,6905,0.04276881366968155
0.0,False,0.0,0.0,1.9999865293502808,6906,0.3721453845500946
0.0,False,0.0,0.0,1.9999871253967285,6907,0.21136130392551422
0.0,False,0.0,0.0,1.9999871253967285,6908,0.026328178122639656
0.0,False,0.0,0.0,1.9999877214431763,6909,0.22986936569213867
0.0,False,0.0,0.0,1.9999879598617554,6910,0.055633991956710815
0.0,False,0.0,0.0,1.999987244606018,6911,0.10082963854074478
0.0,False,0.0,0.0,1.9999868869781494,6912,0.23578065633773804
0.0,False,0.0,0.0,1.999988317489624,6913,0.1597258299589157
0.0,False,0.0,0.0,1.9999868869781494,6914,0.14956694841384888
0.0,False,0.0,0.0,1.9999871253967285,6915,0.36613503098487854
0.0,False,0.0,0.0,1.999988079071045,6916,0.10811348259449005
0.0,False,0.0,0.0,1.999987006187439,6917,0.0629153847694397
0.0,False,0.0,0.0,1.9999876022338867,6918,0.051226623356342316
0.0,False,0.0,0.0,1.9999877214431763,6919,0.030346887186169624
0.0,False,0.0,0.0,1.9999855756759644,6920,0.4867126941680908
0.0,False,0.0,0.0,1.9999843835830688,6921,0.3244466483592987
0.9747112989425659,True,0.9747050404548645,0.0,1.0252803564071655,6922,0.4975900650024414
0.0,False,0.0,0.0,1.9999864101409912,6923,0.3968912661075592
0.0,False,0.0,0.0,1.9999878406524658,6924,0.4513929486274719
0.0,False,0.0,0.0,1.999987244606018,6925,0.04935165122151375
0.0,False,0.0,0.0,1.9999878406524658,6926,0.13983100652694702
0.0,False,0.0,0.0,1.9999877214431763,6927,0.2850770354270935
0.0,False,0.0,0.0,1.9999876022338867,6928,0.07955972105264664
0.0,False,0.0,0.0,1.9999868869781494,6929,0.07760466635227203
0.0,False,0.0,0.0,1.9999867677688599,6930,0.007916847243905067
0.0,False,0.0,0.0,1.9999878406524658,6931,0.009807330556213856
0.0,False,0.0,0.0,1.9999874830245972,6932,0.02983304299414158
0.0,False,0.0,0.0,1.9999871253967285,6933,0.06777621060609818
0.0,False,0.0,0.0,1.9999871253967285,6934,0.021350840106606483
0.0,False,0.0,0.0,1.999986171722412,6935,0.11359606683254242
0.0,False,0.0,0.0,1.9999868869781494,6936,0.0367155447602272
0.0,False,0.0,0.0,1.9999865293502808,6937,0.03178611025214195
0.0,False,0.0,0.0,1.999986171722412,6938,0.021117568016052246
0.0,False,0.0,0.0,1.9999871253967285,6939,0.01325923204421997
0.0,False,0.0,0.0,1.9999864101409912,6940,0.024731025099754333
0.0,False,0.0,0.0,1.999987244606018,6941,0.017728060483932495
0.0,False,0.0,0.0,1.9999884366989136,6942,0.04086433723568916
0.0,False,0.0,0.0,1.9999849796295166,6943,0.3442314565181732
0.0,False,0.0,0.0,1.9999881982803345,6944,0.009731177240610123
0.0,False,0.0,0.0,1.9999849796295166,6945,0.5067604184150696
0.0,False,0.0,0.0,1.9999871253967285,6946,0.6130986213684082
0.0,False,0.0,0.0,1.9999864101409912,6947,0.14532551169395447
1.4762382507324219,True,1.476230263710022,0.0,0.5237579345703125,6948,0.8748010396957397
0.0,False,0.0,0.0,1.9999868869781494,6949,0.02166874147951603
0.0,False,0.0,0.0,1.9999881982803345,6950,0.08116205781698227
0.0,False,0.0,0.0,1.9999873638153076,6951,0.011736616492271423
0.0,False,0.0,0.0,1.999987244606018,6952,0.08138963580131531
0.0,False,0.0,0.0,1.9999866485595703,6953,0.09303616732358932
0.0,False,0.0,0.0,0.9999935626983643,6954,0.04567062109708786
0.0,False,0.0,0.0,1.9999876022338867,6955,0.0857570692896843
0.0,False,0.0,0.0,1.9999874830245972,6956,0.08434945344924927
0.0,False,0.0,0.0,1.9999873638153076,6957,0.005156026687473059
0.0,False,0.0,0.0,1.999988079071045,6958,0.005455187987536192
0.0,False,0.0,0.0,1.999988079071045,6959,0.26122263073921204
0.0,False,0.0,0.0,1.999987006187439,6960,0.3435903787612915
0.0,False,0.0,0.0,1.999988079071045,6961,0.03920235484838486
0.0,False,0.0,0.0,1.9999878406524658,6962,0.17827840149402618
0.0,False,0.0,0.0,1.9999879598617554,6963,0.05721302703022957
0.0,False,0.0,0.0,1.9999879598617554,6964,0.010350802913308144
0.0,False,0.0,0.0,1.9999887943267822,6965,0.08845294266939163
0.0,False,0.0,0.0,1.999986171722412,6966,0.3209648132324219
0.0,False,0.0,0.0,1.999987244606018,6967,0.03320927917957306
0.0,False,0.0,0.0,1.9999852180480957,6968,0.24316266179084778
0.0,False,0.0,0.0,1.999988317489624,6969,0.01651875302195549
0.0,False,0.0,0.0,1.999988079071045,6970,0.009417809545993805
0.7865153551101685,True,0.7865108251571655,0.0,1.2134759426116943,6971,0.7719257473945618
0.0,False,0.0,0.0,1.9999873638153076,6972,0.08898022025823593
0.0,False,0.0,0.0,1.9999876022338867,6973,0.11562707275152206
0.0,False,0.0,0.0,1.999985694885254,6974,0.21959517896175385
0.0,False,0.0,0.0,1.9999864101409912,6975,0.11027947068214417
0.0,False,0.0,0.0,1.9999871253967285,6976,0.08727012574672699
0.0,False,0.0,0.0,0.9999927282333374,6977,0.13816383481025696
0.0,False,0.0,0.0,1.999984622001648,6978,0.25869256258010864
0.9852654337882996,True,0.985259473323822,0.0,1.01472806930542,6979,0.2829226553440094
0.0,False,0.0,0.0,1.9999874830245972,6980,0.044062770903110504
0.0,False,0.0,0.0,1.999988079071045,6981,0.026857316493988037
0.0,False,0.0,0.0,1.9999873638153076,6982,0.01060592569410801
0.0,False,0.0,0.0,1.9999873638153076,6983,0.18283748626708984
0.0,False,0.0,0.0,1.999987244606018,6984,0.008341042324900627
0.0,False,0.0,0.0,1.9999876022338867,6985,0.6700332164764404
0.0,False,0.0,0.0,1.9999825954437256,6986,0.2240496724843979
1.7893190383911133,True,1.7893054485321045,0.0,0.21067920327186584,6987,0.963543176651001
0.0,False,0.0,0.0,1.999988317489624,6988,0.15459826588630676
0.0,False,0.0,0.0,0.9999940395355225,6989,0.07331079989671707
0.0,False,0.0,0.0,1.9999876022338867,6990,0.016814205795526505
0.0,False,0.0,0.0,1.999988079071045,6991,0.03612450137734413
0.0,False,0.0,0.0,1.999987244606018,6992,0.014298987574875355
0.0,False,0.0,0.0,1.9999885559082031,6993,0.0027360492385923862
0.0,False,0.0,0.0,1.999988079071045,6994,0.14269450306892395
0.0,False,0.0,0.0,1.9999873638153076,6995,0.07648978382349014
0.0,False,0.0,0.0,1.9999864101409912,6996,0.7868024706840515
0.0,False,0.0,0.0,1.9999840259552002,6997,0.7305521368980408
0.0,False,0.0,0.0,1.999987244606018,6998,0.36053311824798584
0.9787793755531311,True,0.9787744283676147,0.0,1.0212146043777466,6999,0.8761692047119141
0.0,False,0.0,0.0,1.999984860420227,7000,0.2477509081363678
0.0,False,0.0,0.0,1.999988317489624,7001,0.003622192656621337
0.0,False,0.0,0.0,1.9999829530715942,7002,0.15366777777671814
0.0,False,0.0,0.0,1.999988079071045,7003,0.14733703434467316
0.0,False,0.0,0.0,1.999988317489624,7004,0.054514963179826736
0.0,False,0.0,0.0,1.9999854564666748,7005,0.559741735458374
1.9331516027450562,True,1.9331417083740234,0.0,0.06684792786836624,7006,0.9900650382041931
0.0,False,0.0,0.0,1.999988317489624,7007,0.06755181401968002
0.0,False,0.0,0.0,1.9999852180480957,7008,0.3328365385532379
0.0,False,0.0,0.0,1.999985933303833,7009,0.09734683483839035
0.0,False,0.0,0.0,1.9999873638153076,7010,0.6475873589515686
0.0,False,0.0,0.0,1.9999866485595703,7011,0.121335968375206
0.0,False,0.0,0.0,1.9999873638153076,7012,0.3010047376155853
0.0,False,0.0,0.0,1.9999879598617554,7013,0.27013108134269714
0.0,False,0.0,0.0,1.9999873638153076,7014,0.19376729428768158
0.0,False,0.0,0.0,1.9999871253967285,7015,0.42463168501853943
0.0,False,0.0,0.0,1.999988317489624,7016,0.004685957450419664
0.0,False,0.0,0.0,1.999988079071045,7017,0.21256837248802185
0.0,False,0.0,0.0,1.9999877214431763,7018,0.18728753924369812
0.0,False,0.0,0.0,1.9999868869781494,7019,0.38889390230178833
0.0,False,0.0,0.0,1.9999873638153076,7020,0.260852187871933
0.0,False,0.0,0.0,1.9999867677688599,7021,0.16656579077243805
0.0,False,0.0,0.0,1.9999887943267822,7022,0.22206290066242218
0.0,False,0.0,0.0,1.9999868869781494,7023,0.07311998307704926
0.0,False,0.0,0.0,1.999983787536621,7024,0.3124462068080902
0.0,False,0.0,0.0,1.9999871253967285,7025,0.021991662681102753
0.0,False,0.0,0.0,1.999988317489624,7026,0.18305854499340057
0.0,False,0.0,0.0,1.9999879598617554,7027,0.09381943196058273
0.0,False,0.0,0.0,1.9999895095825195,7028,0.10954559594392776
0.0,False,0.0,0.0,1.9999879598617554,7029,0.013654086738824844
0.0,False,0.0,0.0,1.9999864101409912,7030,0.18654489517211914
0.0,False,0.0,0.0,1.9999877214431763,7031,0.0695057287812233
0.0,False,0.0,0.0,1.999988079071045,7032,0.22200964391231537
0.0,False,0.0,0.0,1.9999866485595703,7033,0.04207706078886986
0.0,False,0.0,0.0,1.9999878406524658,7034,0.03291916102170944
0.0,False,0.0,0.0,1.9999876022338867,7035,0.2943246066570282
0.0,False,0.0,0.0,1.9999871253967285,7036,0.29288074374198914
0.0,False,0.0,0.0,1.9999874830245972,7037,0.31271466612815857
0.0,False,0.0,0.0,0.9999942183494568,7038,0.13452957570552826
0.0,False,0.0,0.0,1.999988079071045,7039,0.2343595027923584
0.0,False,0.0,0.0,1.9999876022338867,7040,0.0604928620159626
0.0,False,0.0,0.0,1.9999881982803345,7041,0.09489524364471436
0.0,False,0.0,0.0,1.9999876022338867,7042,0.5911323428153992
0.0,False,0.0,0.0,1.999988079071045,7043,0.3486937880516052
0.0,False,0.0,0.0,1.9999868869781494,7044,0.3847433924674988
0.0,False,0.0,0.0,1.9999885559082031,7045,0.015306670218706131
0.0,False,0.0,0.0,1.999988079071045,7046,0.015831373631954193
0.0,False,0.0,0.0,1.999987244606018,7047,0.33979421854019165
0.0,False,0.0,0.0,1.9999876022338867,7048,0.04159574955701828
0.0,False,0.0,0.0,1.999985933303833,7049,0.28865566849708557
0.0,False,0.0,0.0,1.9999876022338867,7050,0.34500908851623535
0.0,False,0.0,0.0,1.999986171722412,7051,0.06160316243767738
0.0,False,0.0,0.0,1.9999878406524658,7052,0.2870950400829315
0.0,False,0.0,0.0,1.9999871253967285,7053,0.8583327531814575
0.0,False,0.0,0.0,1.999988079071045,7054,0.026859086006879807
0.0,False,0.0,0.0,1.999988317489624,7055,0.5283450484275818
0.0,False,0.0,0.0,1.9999853372573853,7056,0.16019640862941742
0.0,False,0.0,0.0,1.999987006187439,7057,0.330188125371933
0.0,False,0.0,0.0,1.9999878406524658,7058,0.10471877455711365
0.0,False,0.0,0.0,1.9999864101409912,7059,0.5159277319908142
0.0,False,0.0,0.0,1.9999884366989136,7060,0.1461268812417984
0.0,False,0.0,0.0,1.9999868869781494,7061,0.19137227535247803
0.0,False,0.0,0.0,1.999988079071045,7062,0.16037693619728088
1.900632619857788,True,1.9006226062774658,0.0,0.09936650842428207,7063,0.8451709151268005
0.0,False,0.0,0.0,1.9999864101409912,7064,0.44596046209335327
0.0,False,0.0,0.0,1.999987244606018,7065,0.059266507625579834
1.3609414100646973,True,1.3609341382980347,0.0,0.6390543580055237,7066,0.9575818777084351
0.0,False,0.0,0.0,1.999983310699463,7067,0.1895536333322525
0.0,False,0.0,0.0,1.9999867677688599,7068,0.4094924330711365
0.0,False,0.0,0.0,1.999986171722412,7069,0.17251665890216827
0.0,False,0.0,0.0,1.999988317489624,7070,0.19553737342357635
0.0,False,0.0,0.0,1.9999864101409912,7071,0.24809491634368896
0.0,False,0.0,0.0,1.999987006187439,7072,0.20283342897891998
0.0,False,0.0,0.0,1.9999890327453613,7073,0.14442993700504303
0.0,False,0.0,0.0,1.9999849796295166,7074,0.5762454867362976
0.0,False,0.0,0.0,1.9999866485595703,7075,0.34280282258987427
0.0,False,0.0,0.0,1.9999849796295166,7076,0.06081271544098854
0.0,False,0.0,0.0,1.9999876022338867,7077,0.11903908103704453
0.0,False,0.0,0.0,1.999988079071045,7078,0.49298614263534546
0.0,False,0.0,0.0,1.999988079071045,7079,0.25657594203948975
0.0,False,0.0,0.0,1.9999867677688599,7080,0.29129499197006226
0.0,False,0.0,0.0,1.9999868869781494,7081,0.22340749204158783
0.0,False,0.0,0.0,1.9999866485595703,7082,0.0832410380244255
0.0,False,0.0,0.0,1.999987244606018,7083,0.23958051204681396
0.0,False,0.0,0.0,1.9999878406524658,7084,0.08583521097898483
0.0,False,0.0,0.0,1.9999871253967285,7085,0.06662324070930481
0.0,False,0.0,0.0,1.9999871253967285,7086,0.017085254192352295
0.0,False,0.0,0.0,1.9999878406524658,7087,0.10945651680231094
0.0,False,0.0,0.0,1.9999849796295166,7088,0.3659991919994354
1.9715875387191772,True,1.971576452255249,0.0,0.02841218374669552,7089,0.9564181566238403
0.0,False,0.0,0.0,1.999988079071045,7090,0.006443558260798454
0.0,False,0.0,0.0,1.9999868869781494,7091,0.17243914306163788
0.0,False,0.0,0.0,1.9999871253967285,7092,0.09713682532310486
0.0,False,0.0,0.0,1.9999885559082031,7093,0.01907232031226158
0.0,False,0.0,0.0,1.9999885559082031,7094,0.04073306918144226
0.0,False,0.0,0.0,1.9999871253967285,7095,0.20967623591423035
0.0,False,0.0,0.0,1.9999865293502808,7096,0.10346267372369766
0.0,False,0.0,0.0,1.999986171722412,7097,0.7358067035675049
0.0,False,0.0,0.0,1.9999866485595703,7098,0.6334830522537231
0.0,False,0.0,0.0,1.9999878406524658,7099,0.34743452072143555
0.0,False,0.0,0.0,1.999987244606018,7100,0.5284507870674133
0.0,False,0.0,0.0,1.999988079071045,7101,0.13333100080490112
0.0,False,0.0,0.0,1.9999874830245972,7102,0.2753612995147705
0.0,False,0.0,0.0,1.9999868869781494,7103,0.2539239525794983
0.0,False,0.0,0.0,1.9999876022338867,7104,0.09223251044750214
0.0,False,0.0,0.0,1.9999878406524658,7105,0.02124679461121559
0.0,False,0.0,0.0,1.9999878406524658,7106,0.2955980896949768
0.0,False,0.0,0.0,1.9999877214431763,7107,0.028166688978672028
0.0,False,0.0,0.0,1.999988079071045,7108,0.09781836718320847
0.0,False,0.0,0.0,1.9999858140945435,7109,0.11035991460084915
0.0,False,0.0,0.0,1.999988079071045,7110,0.009495583362877369
0.0,False,0.0,0.0,1.999987006187439,7111,0.013421951793134212
0.0,False,0.0,0.0,1.9999871253967285,7112,0.41356873512268066
0.0,False,0.0,0.0,1.9999877214431763,7113,0.06797672063112259
0.0,False,0.0,0.0,1.9999868869781494,7114,0.06595964729785919
0.0,False,0.0,0.0,1.999988317489624,7115,0.3894403278827667
0.0,False,0.0,0.0,1.9999873638153076,7116,0.15413609147071838
0.0,False,0.0,0.0,1.9999879598617554,7117,0.11260609328746796
0.0,False,0.0,0.0,1.9999866485595703,7118,0.01789594441652298
0.0,False,0.0,0.0,1.9999878406524658,7119,0.253048300743103
0.0,False,0.0,0.0,1.9999873638153076,7120,0.06265668570995331
0.0,False,0.0,0.0,1.9999891519546509,7121,0.006123648956418037
0.0,False,0.0,0.0,1.9999886751174927,7122,0.021310938522219658
0.0,False,0.0,0.0,1.9999881982803345,7123,0.33859410881996155
0.0,False,0.0,0.0,1.9999887943267822,7124,0.4925287663936615
0.0,False,0.0,0.0,1.9999871253967285,7125,0.2675336003303528
0.0,False,0.0,0.0,1.999988079071045,7126,0.1943719983100891
0.0,False,0.0,0.0,1.9999876022338867,7127,0.15058690309524536
0.0,False,0.0,0.0,1.9999887943267822,7128,0.142643541097641
0.0,False,0.0,0.0,1.9999876022338867,7129,0.024222245439887047
0.0,False,0.0,0.0,1.999987244606018,7130,0.10314416885375977
0.0,False,0.0,0.0,1.9999864101409912,7131,0.033455364406108856
0.0,False,0.0,0.0,1.9999878406524658,7132,0.17249320447444916
0.0,False,0.0,0.0,1.9999864101409912,7133,0.11319872736930847
0.0,False,0.0,0.0,1.9999868869781494,7134,0.37024202942848206
0.0,False,0.0,0.0,1.9999876022338867,7135,0.1918199062347412
0.0,False,0.0,0.0,1.9999887943267822,7136,0.0069464826956391335
0.0,False,0.0,0.0,1.999988079071045,7137,0.06864649057388306
0.0,False,0.0,0.0,1.9999868869781494,7138,0.13238240778446198
0.0,False,0.0,0.0,1.9999876022338867,7139,0.30154523253440857
0.0,False,0.0,0.0,1.999986171722412,7140,0.09947291016578674
0.0,False,0.0,0.0,1.999988079071045,7141,0.1308232843875885
0.0,False,0.0,0.0,1.9999874830245972,7142,0.271647185087204
0.0,False,0.0,0.0,1.999988079071045,7143,0.019584188237786293
0.0,False,0.0,0.0,1.999986171722412,7144,0.15556707978248596
0.0,False,0.0,0.0,1.9999878406524658,7145,0.19824986159801483
0.0,False,0.0,0.0,1.9999874830245972,7146,0.18529248237609863
0.0,False,0.0,0.0,1.9999873638153076,7147,0.07947469502687454
0.0,False,0.0,0.0,1.9999864101409912,7148,0.06367257982492447
0.0,False,0.0,0.0,1.9999866485595703,7149,0.03552849590778351
0.0,False,0.0,0.0,1.9999885559082031,7150,0.017493151128292084
0.0,False,0.0,0.0,1.999985694885254,7151,0.09829620271921158
0.0,False,0.0,0.0,1.9999854564666748,7152,0.40255892276763916
0.0,False,0.0,0.0,1.9999876022338867,7153,0.15601113438606262
0.0,False,0.0,0.0,1.9999864101409912,7154,0.19018995761871338
0.0,False,0.0,0.0,1.999988079071045,7155,0.09851770102977753
0.0,False,0.0,0.0,1.9999892711639404,7156,0.1766892522573471
0.0,False,0.0,0.0,1.9999873638153076,7157,0.4176825284957886
0.0,False,0.0,0.0,1.9999873638153076,7158,0.04647209867835045
0.9945682287216187,True,0.9945626258850098,0.0,1.0054258108139038,7159,0.7367827892303467
0.0,False,0.0,0.0,1.9999891519546509,7160,0.3057490885257721
0.0,False,0.0,0.0,1.9999881982803345,7161,0.44851550459861755
0.0,False,0.0,0.0,1.9999878406524658,7162,0.23650957643985748
0.0,False,0.0,0.0,1.9999865293502808,7163,0.38941240310668945
0.0,False,0.0,0.0,1.9999884366989136,7164,0.06403402984142303
0.0,False,0.0,0.0,1.9999881982803345,7165,0.041831400245428085
0.0,False,0.0,0.0,1.9999887943267822,7166,0.03552946448326111
0.0,False,0.0,0.0,1.9999885559082031,7167,0.11171214282512665
0.9881671071052551,True,0.9881619811058044,0.0,1.0118266344070435,7168,0.6979597806930542
0.0,False,0.0,0.0,1.9999887943267822,7169,0.28343701362609863
0.0,False,0.0,0.0,1.9999874830245972,7170,0.2775404155254364
0.0,False,0.0,0.0,1.999985933303833,7171,0.11955540627241135
0.9980837106704712,True,0.9980785250663757,0.0,1.0019100904464722,7172,0.8272191882133484
0.0,False,0.0,0.0,1.9999892711639404,7173,0.32991647720336914
0.0,False,0.0,0.0,1.999988317489624,7174,0.0913039818406105
0.0,False,0.0,0.0,1.999987244606018,7175,0.10016557574272156
0.0,False,0.0,0.0,1.9999878406524658,7176,0.05165765434503555
0.0,False,0.0,0.0,1.9999873638153076,7177,0.07691927999258041
0.0,False,0.0,0.0,1.999988317489624,7178,0.020369980484247208
0.0,False,0.0,0.0,1.9999876022338867,7179,0.0653875395655632
0.0,False,0.0,0.0,1.9999885559082031,7180,0.22753570973873138
0.0,False,0.0,0.0,1.999988317489624,7181,0.06378232687711716
0.0,False,0.0,0.0,1.9999864101409912,7182,0.31801894307136536
0.960819661617279,True,0.9608146548271179,0.0,1.0391744375228882,7183,0.8694140911102295
0.0,False,0.0,0.0,1.9999878406524658,7184,0.09041804820299149
0.0,False,0.0,0.0,1.9999878406524658,7185,0.363071471452713
0.0,False,0.0,0.0,1.9999881982803345,7186,0.14659316837787628
0.9910234212875366,True,0.9910180568695068,0.0,1.0089704990386963,7187,0.9090561270713806
0.0,False,0.0,0.0,1.9999887943267822,7188,0.06435570120811462
0.0,False,0.0,0.0,1.999988079071045,7189,0.25198355317115784
0.0,False,0.0,0.0,1.999987244606018,7190,0.1233024075627327
0.0,False,0.0,0.0,1.9999873638153076,7191,0.20302575826644897
0.0,False,0.0,0.0,1.9999878406524658,7192,0.19742310047149658
0.0,False,0.0,0.0,1.9999876022338867,7193,0.057709064334630966
0.0,False,0.0,0.0,1.9999873638153076,7194,0.11608616262674332
0.0,False,0.0,0.0,1.9999862909317017,7195,0.07358181476593018
0.0,False,0.0,0.0,1.9999871253967285,7196,0.1227203980088234
0.0,False,0.0,0.0,1.9999864101409912,7197,0.11591208726167679
0.8895110487937927,True,0.889506459236145,0.0,1.1104826927185059,7198,0.9624170660972595
0.0,False,0.0,0.0,1.9999884366989136,7199,0.19923707842826843
0.0,False,0.0,0.0,1.999987006187439,7200,0.17981453239917755
0.0,False,0.0,0.0,1.999988317489624,7201,0.20580828189849854
0.0,False,0.0,0.0,1.9999878406524658,7202,0.5543655753135681
0.0,False,0.0,0.0,1.9999874830245972,7203,0.18894776701927185
0.0,False,0.0,0.0,1.9999885559082031,7204,0.08594846725463867
0.0,False,0.0,0.0,1.9999877214431763,7205,0.1496749222278595
0.0,False,0.0,0.0,1.999986171722412,7206,0.024095620959997177
0.0,False,0.0,0.0,1.9999871253967285,7207,0.2223861813545227
0.0,False,0.0,0.0,1.9999868869781494,7208,0.178085058927536
0.0,False,0.0,0.0,1.999987006187439,7209,0.0361248143017292
0.0,False,0.0,0.0,1.9999884366989136,7210,0.12792132794857025
0.0,False,0.0,0.0,1.9999876022338867,7211,0.10922128707170486
0.0,False,0.0,0.0,1.9999878406524658,7212,0.23619554936885834
0.0,False,0.0,0.0,1.9999874830245972,7213,0.21599926054477692
0.0,False,0.0,0.0,1.999985694885254,7214,0.16848817467689514
0.0,False,0.0,0.0,1.9999876022338867,7215,0.25065138936042786
0.0,False,0.0,0.0,1.9999878406524658,7216,0.2919526696205139
0.0,False,0.0,0.0,1.9999878406524658,7217,0.10117343068122864
0.0,False,0.0,0.0,1.999988079071045,7218,0.44693663716316223
0.0,False,0.0,0.0,1.999988079071045,7219,0.19525370001792908
0.9976730942726135,True,0.9976680874824524,0.0,1.002320647239685,7220,0.9219409823417664
0.0,False,0.0,0.0,1.9999874830245972,7221,0.16598542034626007
0.0,False,0.0,0.0,1.9999878406524658,7222,0.37277713418006897
1.4403538703918457,True,1.4403462409973145,0.0,0.5596426129341125,7223,0.7111912369728088
0.0,False,0.0,0.0,1.9999866485595703,7224,0.056878816336393356
0.0,False,0.0,0.0,1.9999873638153076,7225,0.08868540823459625
0.0,False,0.0,0.0,1.9999876022338867,7226,0.26467710733413696
0.0,False,0.0,0.0,1.999988317489624,7227,0.5125362873077393
0.0,False,0.0,0.0,1.9999876022338867,7228,0.033396828919649124
0.0,False,0.0,0.0,1.9999854564666748,7229,0.5026401877403259
0.0,False,0.0,0.0,0.9999938011169434,7230,0.027955278754234314
0.0,False,0.0,0.0,1.9999891519546509,7231,0.2020544409751892
0.9727327823638916,True,0.9727278351783752,0.0,1.0272611379623413,7232,0.8199049234390259
0.0,False,0.0,0.0,1.9999868869781494,7233,0.23501835763454437
0.0,False,0.0,0.0,1.999988317489624,7234,0.03136059269309044
0.0,False,0.0,0.0,1.9999879598617554,7235,0.013131653890013695
0.0,False,0.0,0.0,1.9999871253967285,7236,0.06671103090047836
0.0,False,0.0,0.0,1.9999886751174927,7237,0.633675217628479
0.0,False,0.0,0.0,1.9999876022338867,7238,0.034321609884500504
0.0,False,0.0,0.0,1.999988079071045,7239,0.11983703821897507
0.0,False,0.0,0.0,1.9999854564666748,7240,0.25819671154022217
0.0,False,0.0,0.0,1.9999873638153076,7241,0.16559183597564697
0.0,False,0.0,0.0,1.9999873638153076,7242,0.15621601045131683
0.0,False,0.0,0.0,1.999985694885254,7243,0.1254177689552307
0.0,False,0.0,0.0,1.9999874830245972,7244,0.07705911993980408
0.0,False,0.0,0.0,1.9999876022338867,7245,0.1442921757698059
0.0,False,0.0,0.0,1.9999876022338867,7246,0.44388800859451294
0.0,False,0.0,0.0,1.9999878406524658,7247,0.20481422543525696
0.0,False,0.0,0.0,1.999988079071045,7248,0.2262931615114212
0.0,False,0.0,0.0,1.9999871253967285,7249,0.41199991106987
0.0,False,0.0,0.0,1.9999887943267822,7250,0.5475755929946899
0.0,False,0.0,0.0,1.9999881982803345,7251,0.017622334882616997
0.0,False,0.0,0.0,1.9999876022338867,7252,0.18069332838058472
0.0,False,0.0,0.0,1.9999874830245972,7253,0.010209103114902973
0.0,False,0.0,0.0,1.999988317489624,7254,0.011749953031539917
0.0,False,0.0,0.0,1.9999868869781494,7255,0.22674158215522766
0.0,False,0.0,0.0,1.9999873638153076,7256,0.024777516722679138
0.0,False,0.0,0.0,1.9999871253967285,7257,0.016563348472118378
0.0,False,0.0,0.0,1.9999879598617554,7258,0.2807866036891937
0.0,False,0.0,0.0,1.9999874830245972,7259,0.12058845907449722
0.0,False,0.0,0.0,1.9999864101409912,7260,0.13213184475898743
0.0,False,0.0,0.0,1.9999876022338867,7261,0.12737274169921875
0.0,False,0.0,0.0,1.9999862909317017,7262,0.5020061731338501
0.0,False,0.0,0.0,1.9999879598617554,7263,0.02979511395096779
0.0,False,0.0,0.0,1.999985933303833,7264,0.2252124696969986
0.0,False,0.0,0.0,1.999988079071045,7265,0.15792666375637054
0.0,False,0.0,0.0,1.9999884366989136,7266,0.1721515655517578
0.0,False,0.0,0.0,1.999988317489624,7267,0.11437536776065826
0.0,False,0.0,0.0,1.9999876022338867,7268,0.10512159019708633
0.0,False,0.0,0.0,1.9999876022338867,7269,0.1558534801006317
0.0,False,0.0,0.0,1.999987006187439,7270,0.48077625036239624
0.0,False,0.0,0.0,1.9999855756759644,7271,0.16592684388160706
0.0,False,0.0,0.0,1.9999874830245972,7272,0.051387157291173935
0.0,False,0.0,0.0,1.9999879598617554,7273,0.41674894094467163
0.0,False,0.0,0.0,1.9999860525131226,7274,0.11524751037359238
0.0,False,0.0,0.0,1.9999885559082031,7275,0.0898398756980896
0.0,False,0.0,0.0,1.999987244606018,7276,0.20941168069839478
0.0,False,0.0,0.0,1.9999887943267822,7277,0.03659399226307869
0.0,False,0.0,0.0,1.9999868869781494,7278,0.651107132434845
0.0,False,0.0,0.0,1.9999877214431763,7279,0.23462291061878204
0.0,False,0.0,0.0,1.999986171722412,7280,0.13756194710731506
0.0,False,0.0,0.0,1.9999874830245972,7281,0.1547844260931015
0.0,False,0.0,0.0,1.9999865293502808,7282,0.19526052474975586
0.0,False,0.0,0.0,1.9999885559082031,7283,0.1759549230337143
0.0,False,0.0,0.0,1.999987244606018,7284,0.11376585066318512
0.0,False,0.0,0.0,1.999988079071045,7285,0.30469998717308044
0.0,False,0.0,0.0,1.9999871253967285,7286,0.13258859515190125
0.0,False,0.0,0.0,1.999988317489624,7287,0.38696444034576416
0.0,False,0.0,0.0,1.9999877214431763,7288,0.19276580214500427
0.0,False,0.0,0.0,1.9999855756759644,7289,0.08955458551645279
0.0,False,0.0,0.0,1.9999871253967285,7290,0.08622878789901733
0.0,False,0.0,0.0,1.999988317489624,7291,0.030122606083750725
0.0,False,0.0,0.0,1.9999877214431763,7292,0.11868368089199066
0.0,False,0.0,0.0,1.9999873638153076,7293,0.05201263725757599
0.0,False,0.0,0.0,1.9999871253967285,7294,0.16801679134368896
0.0,False,0.0,0.0,1.999988079071045,7295,0.28590935468673706
0.0,False,0.0,0.0,1.9999886751174927,7296,0.005077117122709751
0.0,False,0.0,0.0,1.9999874830245972,7297,0.013211646117269993
0.0,False,0.0,0.0,1.9999895095825195,7298,0.005241085775196552
0.0,False,0.0,0.0,1.9999871253967285,7299,0.08243817836046219
0.0,False,0.0,0.0,1.999988079071045,7300,0.11494460701942444
0.0,False,0.0,0.0,1.9999878406524658,7301,0.019370583817362785
0.0,False,0.0,0.0,1.9999868869781494,7302,0.409646600484848
0.0,False,0.0,0.0,1.9999881982803345,7303,0.04131750017404556
0.0,False,0.0,0.0,1.999987244606018,7304,0.12094993889331818
0.0,False,0.0,0.0,1.9999871253967285,7305,0.17077377438545227
0.5777465105056763,True,0.5777433514595032,0.0,1.4222440719604492,7306,0.6137909889221191
0.0,False,0.0,0.0,1.9999873638153076,7307,0.3548814356327057
0.0,False,0.0,0.0,1.9999878406524658,7308,0.31106987595558167
0.0,False,0.0,0.0,1.9999874830245972,7309,0.016771338880062103
0.0,False,0.0,0.0,1.9999884366989136,7310,0.002234624931588769
0.0,False,0.0,0.0,1.9999876022338867,7311,0.02934291586279869
0.0,False,0.0,0.0,1.999988317489624,7312,0.020439336076378822
0.0,False,0.0,0.0,1.9999871253967285,7313,0.007929107174277306
0.0,False,0.0,0.0,1.9999878406524658,7314,0.009687338024377823
0.0,False,0.0,0.0,1.9999852180480957,7315,0.5752831697463989
0.0,False,0.0,0.0,1.9999867677688599,7316,0.28589317202568054
0.0,False,0.0,0.0,1.9999868869781494,7317,0.1330559104681015
0.0,False,0.0,0.0,1.9999877214431763,7318,0.2658076882362366
0.0,False,0.0,0.0,1.999988317489624,7319,0.007673800922930241
0.0,False,0.0,0.0,1.999988079071045,7320,0.01321855466812849
0.0,False,0.0,0.0,1.999988317489624,7321,0.04766155779361725
0.0,False,0.0,0.0,1.9999864101409912,7322,0.07750380039215088
0.0,False,0.0,0.0,1.9999866485595703,7323,0.16766367852687836
0.0,False,0.0,0.0,1.9999868869781494,7324,0.22383908927440643
1.8727567195892334,True,1.8727469444274902,0.0,0.1272423267364502,7325,0.9539616107940674
0.0,False,0.0,0.0,1.9999854564666748,7326,0.07237105071544647
0.0,False,0.0,0.0,1.999987244606018,7327,0.13161179423332214
0.0,False,0.0,0.0,0.9999940395355225,7328,0.11314355581998825
0.0,False,0.0,0.0,1.999988317489624,7329,0.020380621775984764
0.0,False,0.0,0.0,1.9999849796295166,7330,0.26332324743270874
0.0,False,0.0,0.0,1.9999874830245972,7331,0.23982559144496918
0.0,False,0.0,0.0,1.9999878406524658,7332,0.10506850481033325
0.0,False,0.0,0.0,1.9999871253967285,7333,0.2324640303850174
0.0,False,0.0,0.0,1.9999845027923584,7334,0.08510613441467285
0.0,False,0.0,0.0,1.9999892711639404,7335,0.17584964632987976
0.0,False,0.0,0.0,1.9999868869781494,7336,0.17265461385250092
0.0,False,0.0,0.0,1.9999868869781494,7337,0.23779791593551636
0.0,False,0.0,0.0,1.999988079071045,7338,0.0075539699755609035
0.0,False,0.0,0.0,1.9999866485595703,7339,0.1341552734375
0.0,False,0.0,0.0,1.999988317489624,7340,0.00585261220112443
0.9949254989624023,True,0.9949200749397278,0.0,1.0050687789916992,7341,0.733184814453125
0.0,False,0.0,0.0,1.999986171722412,7342,0.2705649435520172
0.0,False,0.0,0.0,1.999988317489624,7343,0.12886624038219452
0.0,False,0.0,0.0,1.9999886751174927,7344,0.0031125235836952925
0.0,False,0.0,0.0,1.9999878406524658,7345,0.016745062544941902
0.0,False,0.0,0.0,1.9999876022338867,7346,0.02831091359257698
0.0,False,0.0,0.0,1.9999887943267822,7347,0.037712741643190384
0.0,False,0.0,0.0,0.9999942183494568,7348,0.04631243273615837
0.0,False,0.0,0.0,1.9999868869781494,7349,0.16798365116119385
0.0,False,0.0,0.0,1.9999878406524658,7350,0.019137945026159286
0.0,False,0.0,0.0,1.9999877214431763,7351,0.39354822039604187
0.0,False,0.0,0.0,1.9999866485595703,7352,0.13210029900074005
0.0,False,0.0,0.0,1.9999887943267822,7353,0.039348848164081573
0.0,False,0.0,0.0,1.9999871253967285,7354,0.5090314745903015
0.0,False,0.0,0.0,1.9999830722808838,7355,0.22755928337574005
0.0,False,0.0,0.0,1.9999877214431763,7356,0.08031970262527466
0.0,False,0.0,0.0,1.9999884366989136,7357,0.035342730581760406
0.0,False,0.0,0.0,1.9999871253967285,7358,0.23958037793636322
0.0,False,0.0,0.0,1.9999868869781494,7359,0.07316339015960693
0.0,False,0.0,0.0,0.9999938607215881,7360,0.2089965045452118
0.0,False,0.0,0.0,1.9999884366989136,7361,0.005650944076478481
0.0,False,0.0,0.0,1.9999876022338867,7362,0.048857156187295914
0.9812027812004089,True,0.9811975955963135,0.0,1.0187913179397583,7363,0.840295672416687
0.0,False,0.0,0.0,1.9999871253967285,7364,0.15794730186462402
0.0,False,0.0,0.0,1.9999868869781494,7365,0.005062291398644447
0.0,False,0.0,0.0,1.9999877214431763,7366,0.06476709246635437
0.0,False,0.0,0.0,1.999988317489624,7367,0.07532256841659546
0.0,False,0.0,0.0,1.999988079071045,7368,0.019246216863393784
0.0,False,0.0,0.0,1.9999885559082031,7369,0.01564093306660652
0.0,False,0.0,0.0,1.9999877214431763,7370,0.44341304898262024
0.0,False,0.0,0.0,1.9999879598617554,7371,0.025032373145222664
0.0,False,0.0,0.0,1.9999874830245972,7372,0.07128438353538513
0.0,False,0.0,0.0,1.9999886751174927,7373,0.0009561098413541913
0.0,False,0.0,0.0,1.999988317489624,7374,0.007882573641836643
0.0,False,0.0,0.0,1.9999885559082031,7375,0.23966822028160095
0.0,False,0.0,0.0,1.9999885559082031,7376,0.5464399456977844
1.8293085098266602,True,1.8292992115020752,0.0,0.17069049179553986,7377,0.9917508959770203
0.0,False,0.0,0.0,1.999988079071045,7378,0.00879890751093626
0.0,False,0.0,0.0,1.9999873638153076,7379,0.1232832744717598
0.0,False,0.0,0.0,1.999985933303833,7380,0.2736208438873291
0.0,False,0.0,0.0,1.9999868869781494,7381,0.09957833588123322
0.0,False,0.0,0.0,1.9999858140945435,7382,0.04708348959684372
0.0,False,0.0,0.0,1.9999873638153076,7383,0.21673300862312317
0.0,False,0.0,0.0,1.9999854564666748,7384,0.0450819730758667
0.0,False,0.0,0.0,1.999988079071045,7385,0.16270266473293304
0.0,False,0.0,0.0,1.9999860525131226,7386,0.1582842320203781
0.0,False,0.0,0.0,1.999985933303833,7387,0.3678124248981476
0.0,False,0.0,0.0,1.9999855756759644,7388,0.3819282650947571
0.0,False,0.0,0.0,1.9999878406524658,7389,0.2780993580818176
0.0,False,0.0,0.0,1.999988079071045,7390,0.06475246697664261
0.0,False,0.0,0.0,1.9999876022338867,7391,0.008496454916894436
0.0,False,0.0,0.0,1.999988317489624,7392,0.006167626939713955
0.0,False,0.0,0.0,1.9999865293502808,7393,0.054037269204854965
0.0,False,0.0,0.0,1.9999873638153076,7394,0.004558313637971878
0.0,False,0.0,0.0,1.9999878406524658,7395,0.6474568843841553
0.0,False,0.0,0.0,1.9999871253967285,7396,0.06108742952346802
0.0,False,0.0,0.0,1.9999877214431763,7397,0.07079364359378815
0.0,False,0.0,0.0,1.9999873638153076,7398,0.1441454142332077
0.0,False,0.0,0.0,1.9999877214431763,7399,0.08018460869789124
0.0,False,0.0,0.0,1.9999873638153076,7400,0.02808752842247486
0.0,False,0.0,0.0,1.9999876022338867,7401,0.28453394770622253
0.0,False,0.0,0.0,1.9999852180480957,7402,0.08362042903900146
0.0,False,0.0,0.0,1.9999864101409912,7403,0.13595980405807495
0.0,False,0.0,0.0,1.9999876022338867,7404,0.035797957330942154
0.0,False,0.0,0.0,1.9999873638153076,7405,0.19363778829574585
0.9998686909675598,True,0.9998630881309509,0.0,1.0001238584518433,7406,0.8164436221122742
0.0,False,0.0,0.0,1.9999878406524658,7407,0.3398612141609192
1.086789846420288,True,1.0867838859558105,0.0,0.913203775882721,7408,0.938903272151947
0.0,False,0.0,0.0,1.999985694885254,7409,0.06705209612846375
0.0,False,0.0,0.0,1.9999873638153076,7410,0.14051246643066406
0.0,False,0.0,0.0,1.9999871253967285,7411,0.013384106568992138
0.0,False,0.0,0.0,1.9999877214431763,7412,0.005436747334897518
0.0,False,0.0,0.0,1.999988079071045,7413,0.014766699634492397
0.0,False,0.0,0.0,1.9999885559082031,7414,0.01535050105303526
0.0,False,0.0,0.0,1.9999834299087524,7415,0.09504077583551407
0.0,False,0.0,0.0,1.9999876022338867,7416,0.15116143226623535
0.0,False,0.0,0.0,1.999988079071045,7417,0.03478725999593735
0.0,False,0.0,0.0,1.9999879598617554,7418,0.19505742192268372
0.0,False,0.0,0.0,1.9999887943267822,7419,0.024643855169415474
0.0,False,0.0,0.0,1.999985694885254,7420,0.05412672832608223
0.0,False,0.0,0.0,1.9999873638153076,7421,0.09686944633722305
0.0,False,0.0,0.0,1.9999868869781494,7422,0.008857420645654202
0.0,False,0.0,0.0,1.9999876022338867,7423,0.20203982293605804
0.0,False,0.0,0.0,1.999985933303833,7424,0.6060803532600403
0.0,False,0.0,0.0,1.9999871253967285,7425,0.05737917870283127
0.0,False,0.0,0.0,1.9999866485595703,7426,0.0128070879727602
0.0,False,0.0,0.0,1.9999876022338867,7427,0.07804936915636063
0.0,False,0.0,0.0,1.9999864101409912,7428,0.0948449969291687
0.0,False,0.0,0.0,1.9999866485595703,7429,0.11283887177705765
0.0,False,0.0,0.0,1.9999881982803345,7430,0.60084468126297
0.0,False,0.0,0.0,1.9999868869781494,7431,0.14213207364082336
0.0,False,0.0,0.0,1.9999874830245972,7432,0.011903452686965466
0.0,False,0.0,0.0,1.9999845027923584,7433,0.1658397614955902
0.0,False,0.0,0.0,1.9999871253967285,7434,0.17451362311840057
0.0,False,0.0,0.0,1.9999868869781494,7435,0.1101604476571083
0.0,False,0.0,0.0,1.9999845027923584,7436,0.11963777244091034
0.0,False,0.0,0.0,1.9999867677688599,7437,0.02429555356502533
0.0,False,0.0,0.0,1.9999885559082031,7438,0.1283106952905655
0.0,False,0.0,0.0,1.9999885559082031,7439,0.22029763460159302
0.0,False,0.0,0.0,1.9999874830245972,7440,0.29755905270576477
0.0,False,0.0,0.0,1.9999874830245972,7441,0.03176017105579376
0.0,False,0.0,0.0,1.999987006187439,7442,0.522486686706543
0.0,False,0.0,0.0,1.9999879598617554,7443,0.05229999125003815
0.0,False,0.0,0.0,1.9999866485595703,7444,0.1466149538755417
0.0,False,0.0,0.0,1.999988079071045,7445,0.04595828428864479
0.0,False,0.0,0.0,1.999988079071045,7446,0.017220336943864822
0.0,False,0.0,0.0,1.999987244606018,7447,0.058344267308712006
0.0,False,0.0,0.0,1.9999864101409912,7448,0.2692362666130066
0.0,False,0.0,0.0,1.999987006187439,7449,0.2822124660015106
0.0,False,0.0,0.0,1.9999885559082031,7450,0.16259661316871643
0.0,False,0.0,0.0,1.999988317489624,7451,0.8160640001296997
0.0,False,0.0,0.0,1.9999864101409912,7452,0.16307558119297028
0.0,False,0.0,0.0,1.999988317489624,7453,0.370217889547348
0.0,False,0.0,0.0,1.999987244606018,7454,0.045596472918987274
0.0,False,0.0,0.0,1.9999873638153076,7455,0.04496940225362778
0.0,False,0.0,0.0,1.999986171722412,7456,0.1956651508808136
0.0,False,0.0,0.0,1.9999866485595703,7457,0.3192272484302521
0.0,False,0.0,0.0,1.9999868869781494,7458,0.007474062964320183
0.0,False,0.0,0.0,1.9999877214431763,7459,0.07330743223428726
0.0,False,0.0,0.0,1.9999871253967285,7460,0.026336966082453728
0.0,False,0.0,0.0,1.9999873638153076,7461,0.00914930459111929
0.0,False,0.0,0.0,1.999988317489624,7462,0.09691593050956726
0.0,False,0.0,0.0,1.9999873638153076,7463,0.13403208553791046
0.0,False,0.0,0.0,1.9999887943267822,7464,0.0049917506985366344
0.0,False,0.0,0.0,1.9999879598617554,7465,0.2865345776081085
0.0,False,0.0,0.0,1.999985933303833,7466,0.21494655311107635
0.0,False,0.0,0.0,1.9999874830245972,7467,0.49241843819618225
0.0,False,0.0,0.0,1.9999871253967285,7468,0.058323219418525696
0.0,False,0.0,0.0,1.9999887943267822,7469,0.0031218777876347303
0.0,False,0.0,0.0,1.9999843835830688,7470,0.2490326166152954
0.0,False,0.0,0.0,1.9999874830245972,7471,0.03316943719983101
0.0,False,0.0,0.0,1.999988317489624,7472,0.43620845675468445
0.0,False,0.0,0.0,1.999988317489624,7473,0.012782646343111992
0.0,False,0.0,0.0,1.9999873638153076,7474,0.058681685477495193
0.0,False,0.0,0.0,1.9999885559082031,7475,0.019403958693146706
0.0,False,0.0,0.0,0.9999940395355225,7476,0.06229548156261444
0.0,False,0.0,0.0,1.9999871253967285,7477,0.3249979615211487
0.0,False,0.0,0.0,1.9999878406524658,7478,0.006550454534590244
0.0,False,0.0,0.0,1.999987006187439,7479,0.01916937716305256
0.0,False,0.0,0.0,1.9999862909317017,7480,0.31358999013900757
0.0,False,0.0,0.0,1.9999871253967285,7481,0.015335711650550365
0.0,False,0.0,0.0,1.9999878406524658,7482,0.10652381181716919
0.0,False,0.0,0.0,1.999988317489624,7483,0.09950729459524155
0.0,False,0.0,0.0,1.9999873638153076,7484,0.02665230818092823
0.0,False,0.0,0.0,1.9999858140945435,7485,0.0729106143116951
1.159796953201294,True,1.1597907543182373,0.0,0.8401972651481628,7486,0.9569414258003235
0.0,False,0.0,0.0,1.999988079071045,7487,0.19414234161376953
0.0,False,0.0,0.0,1.999987006187439,7488,0.022185780107975006
0.0,False,0.0,0.0,1.9999864101409912,7489,0.031912993639707565
0.0,False,0.0,0.0,1.9999860525131226,7490,0.08890057355165482
0.0,False,0.0,0.0,1.9999860525131226,7491,0.4557656943798065
0.0,False,0.0,0.0,1.9999878406524658,7492,0.11939645558595657
0.0,False,0.0,0.0,1.999988079071045,7493,0.41324836015701294
0.0,False,0.0,0.0,1.9999868869781494,7494,0.07687404751777649
0.0,False,0.0,0.0,1.999988079071045,7495,0.0957350805401802
0.0,False,0.0,0.0,1.9999866485595703,7496,0.20841142535209656
0.0,False,0.0,0.0,1.999988317489624,7497,0.0554421991109848
0.0,False,0.0,0.0,1.9999878406524658,7498,0.13946472108364105
0.0,False,0.0,0.0,1.999987006187439,7499,0.21209143102169037
0.0,False,0.0,0.0,1.9999877214431763,7500,0.02761220745742321
0.0,False,0.0,0.0,1.9999871253967285,7501,0.11734569072723389
0.0,False,0.0,0.0,1.999988079071045,7502,0.18471133708953857
0.0,False,0.0,0.0,1.9999878406524658,7503,0.2220117151737213
0.0,False,0.0,0.0,1.9999876022338867,7504,0.2671898901462555
0.0,False,0.0,0.0,1.999988317489624,7505,0.02576608769595623
0.0,False,0.0,0.0,1.9999887943267822,7506,0.04750160500407219
0.0,False,0.0,0.0,1.9999867677688599,7507,0.05884668231010437
0.0,False,0.0,0.0,1.9999878406524658,7508,0.11895265430212021
0.0,False,0.0,0.0,1.9999881982803345,7509,0.019103622063994408
0.0,False,0.0,0.0,1.999988079071045,7510,0.11451626569032669
0.0,False,0.0,0.0,1.9999876022338867,7511,0.027770867571234703
0.0,False,0.0,0.0,1.9999873638153076,7512,0.0360470749437809
0.0,False,0.0,0.0,1.9999876022338867,7513,0.046135313808918
0.9999212026596069,True,0.9999158978462219,0.0,1.0000725984573364,7514,0.6443985104560852
0.0,False,0.0,0.0,1.999987006187439,7515,0.19887675344944
0.0,False,0.0,0.0,1.9999868869781494,7516,0.011274612508714199
0.0,False,0.0,0.0,1.9999890327453613,7517,0.044527120888233185
0.0,False,0.0,0.0,1.9999887943267822,7518,0.2944658696651459
0.0,False,0.0,0.0,1.999988079071045,7519,0.3467049300670624
0.0,False,0.0,0.0,1.9999876022338867,7520,0.1020110622048378
0.9995100498199463,True,0.9995045065879822,0.0,1.000483751296997,7521,0.6403125524520874
0.0,False,0.0,0.0,1.9999871253967285,7522,0.007906828075647354
0.0,False,0.0,0.0,1.9999878406524658,7523,0.14979802072048187
0.0,False,0.0,0.0,1.9999881982803345,7524,0.10738562792539597
0.0,False,0.0,0.0,1.9999879598617554,7525,0.17417311668395996
0.0,False,0.0,0.0,1.9999878406524658,7526,0.1185855120420456
0.0,False,0.0,0.0,1.999987006187439,7527,0.06325266510248184
0.0,False,0.0,0.0,1.9999865293502808,7528,0.22201688587665558
0.0,False,0.0,0.0,1.9999878406524658,7529,0.0109169352799654
0.0,False,0.0,0.0,1.999985694885254,7530,0.08992674946784973
0.0,False,0.0,0.0,1.999988317489624,7531,0.0038833492435514927
0.0,False,0.0,0.0,1.9999881982803345,7532,0.043424252420663834
0.0,False,0.0,0.0,1.999988079071045,7533,0.4143650233745575
0.0,False,0.0,0.0,1.9999885559082031,7534,0.6770679354667664
0.0,False,0.0,0.0,1.9999873638153076,7535,0.11961501836776733
0.0,False,0.0,0.0,1.999985933303833,7536,0.046849142760038376
0.0,False,0.0,0.0,1.999985933303833,7537,0.014192894101142883
0.0,False,0.0,0.0,1.9999874830245972,7538,0.3755444288253784
0.0,False,0.0,0.0,1.9999881982803345,7539,0.022473834455013275
0.0,False,0.0,0.0,0.9999939799308777,7540,0.046165477484464645
0.0,False,0.0,0.0,1.9999878406524658,7541,0.08324369043111801
1.0,True,0.9999942183494568,0.0,0.9999943375587463,7542,0.3280716836452484
0.0,False,0.0,0.0,1.9999881982803345,7543,0.2615596055984497
0.0,False,0.0,0.0,1.9999887943267822,7544,0.04439433664083481
0.0,False,0.0,0.0,1.9999866485595703,7545,0.25676611065864563
0.0,False,0.0,0.0,1.9999878406524658,7546,0.5146104693412781
0.0,False,0.0,0.0,1.999988079071045,7547,0.13190266489982605
0.0,False,0.0,0.0,1.9999878406524658,7548,0.03875267878174782
0.0,False,0.0,0.0,1.9999876022338867,7549,0.01863831654191017
0.0,False,0.0,0.0,1.9999876022338867,7550,0.03171811252832413
0.0,False,0.0,0.0,1.9999874830245972,7551,0.10661549866199493
0.0,False,0.0,0.0,1.999988079071045,7552,0.023009013384580612
0.0,False,0.0,0.0,1.9999871253967285,7553,0.08783569931983948
0.0,False,0.0,0.0,1.9999866485595703,7554,0.11756617575883865
0.0,False,0.0,0.0,1.999985933303833,7555,0.0757332369685173
0.0,False,0.0,0.0,1.9999891519546509,7556,0.13345201313495636
0.0,False,0.0,0.0,1.9999873638153076,7557,0.2657858431339264
0.0,False,0.0,0.0,1.9999876022338867,7558,0.1634214073419571
0.0,False,0.0,0.0,1.9999868869781494,7559,0.3092060387134552
0.0,False,0.0,0.0,1.9999876022338867,7560,0.15844105184078217
1.3328973054885864,True,1.332890510559082,0.0,0.667098343372345,7561,0.9428634643554688
0.0,False,0.0,0.0,1.9999868869781494,7562,0.37839996814727783
0.0,False,0.0,0.0,1.9999876022338867,7563,0.30375558137893677
0.0,False,0.0,0.0,1.9999858140945435,7564,0.1866779327392578
0.0,False,0.0,0.0,1.9999866485595703,7565,0.18867607414722443
0.0,False,0.0,0.0,1.9999871253967285,7566,0.12051356583833694
0.0,False,0.0,0.0,1.9999871253967285,7567,0.025615764781832695
0.0,False,0.0,0.0,1.9999866485595703,7568,0.08598094433546066
0.0,False,0.0,0.0,1.999988317489624,7569,0.15970349311828613
0.0,False,0.0,0.0,1.9999864101409912,7570,0.04005254805088043
0.0,False,0.0,0.0,1.9999877214431763,7571,0.06098056957125664
0.0,False,0.0,0.0,1.9999873638153076,7572,0.2581116259098053
0.0,False,0.0,0.0,1.9999885559082031,7573,0.06281070411205292
0.0,False,0.0,0.0,1.999984860420227,7574,0.20801813900470734
0.0,False,0.0,0.0,1.9999860525131226,7575,0.06893280893564224
0.0,False,0.0,0.0,1.9999860525131226,7576,0.33032360672950745
0.0,False,0.0,1.0,1.9999871253967285,7577,0.3659292757511139
0.0,False,0.0,1.0,1.999985694885254,7578,0.21423260867595673
0.0,False,0.0,1.0,1.9999876022338867,7579,0.24778170883655548
0.0,False,0.0,1.0,1.999987006187439,7580,0.19378504157066345
0.0,False,0.0,1.0,1.999985694885254,7581,0.11055108904838562
1.5557360649108887,True,1.5557284355163574,1.0,0.4442611336708069,7582,0.963492751121521
1.892160415649414,True,1.8921496868133545,1.0,0.10783897340297699,7583,0.9290292263031006
1.7114849090576172,True,1.7114760875701904,1.0,0.2885128855705261,7584,0.88862544298172
1.2829499244689941,True,1.2829432487487793,1.0,0.7170460224151611,7585,0.9932704567909241
0.0,False,0.0,1.0,1.9999866485595703,7586,0.13190452754497528
1.5794055461883545,True,1.579397201538086,1.0,0.42059212923049927,7587,0.9966599941253662
0.7396657466888428,True,0.7396615743637085,1.0,1.26032555103302,7588,0.6415446400642395
1.8621528148651123,True,1.8621430397033691,1.0,0.13784614205360413,7589,0.8919821977615356
0.0,False,0.0,1.0,1.999986171722412,7590,0.5013676881790161
1.9579625129699707,True,1.957950472831726,1.0,0.04203728958964348,7591,0.4840911328792572
1.9825520515441895,True,1.9825403690338135,1.0,0.01744784228503704,7592,0.730338990688324
0.9995872974395752,True,0.9995816946029663,1.0,1.000404953956604,7593,0.8643432855606079
0.0,False,0.0,1.0,1.9999878406524658,7594,0.03939012438058853
0.9939543604850769,True,0.9939488768577576,1.0,1.0060386657714844,7595,0.5555406808853149
1.9743977785110474,True,1.974387288093567,1.0,0.025602048262953758,7596,0.794791042804718
1.996274471282959,True,1.9962632656097412,1.0,0.00372540345415473,7597,0.9350025057792664
0.9962986707687378,True,0.996293306350708,1.0,1.0036938190460205,7598,0.9590315818786621
1.9935699701309204,True,1.9935600757598877,1.0,0.006429907865822315,7599,0.9233800768852234
0.9991300702095032,True,0.9991251826286316,1.0,1.0008636713027954,7600,0.9038055539131165
0.9990271329879761,True,0.9990219473838806,1.0,1.0009657144546509,7601,0.9013771414756775
0.9977077841758728,True,0.9977024793624878,1.0,1.0022850036621094,7602,0.879745364189148
0.9861828088760376,True,0.9861774444580078,1.0,1.0138095617294312,7603,0.9026865363121033
1.8268927335739136,True,1.826883316040039,1.0,0.17310622334480286,7604,0.9895991086959839
1.7568960189819336,True,1.7568864822387695,1.0,0.2431023120880127,7605,0.955635130405426
0.9997739791870117,True,0.9997682571411133,1.0,1.0002182722091675,7606,0.788247287273407
1.1737747192382812,True,1.1737685203552246,1.0,0.8262196183204651,7607,0.9509361386299133
1.324838638305664,True,1.3248317241668701,1.0,0.6751574277877808,7608,0.9338638782501221
0.0,False,0.0,1.0,1.9999878406524658,7609,0.5425269603729248
0.0,False,0.0,1.0,1.9999864101409912,7610,0.0873684361577034
0.0,False,0.0,1.0,1.999988317489624,7611,0.43483829498291016
0.0,False,0.0,1.0,1.999988317489624,7612,0.8002167344093323
1.860305905342102,True,1.860296607017517,1.0,0.1396932303905487,7613,0.9490737915039062
1.9418530464172363,True,1.9418429136276245,1.0,0.05814655125141144,7614,0.9768553972244263
0.0,False,0.0,1.0,1.9999876022338867,7615,0.3696681559085846
1.9642257690429688,True,1.9642159938812256,1.0,0.03577413037419319,7616,0.9878288507461548
1.7131102085113525,True,1.7131013870239258,1.0,0.2868881821632385,7617,0.9900318384170532
0.9998983144760132,True,0.999893069267273,1.0,1.0000947713851929,7618,0.8990926146507263
0.9983959794044495,True,0.9983905553817749,1.0,1.0015968084335327,7619,0.850638747215271
0.9905892610549927,True,0.9905842542648315,1.0,1.0094047784805298,7620,0.8650880455970764
1.333371877670288,True,1.3333649635314941,1.0,0.6666235327720642,7621,0.9632344245910645
0.939259946346283,True,0.9392551183700562,1.0,1.0607333183288574,7622,0.9679775834083557
0.9943035840988159,True,0.9942985773086548,1.0,1.005690336227417,7623,0.9724990725517273
1.0326955318450928,True,1.032690167427063,1.0,0.9672979116439819,7624,0.9764565229415894
1.963794231414795,True,1.963783860206604,1.0,0.036205556243658066,7625,0.9804184436798096
1.0128501653671265,True,1.0128445625305176,1.0,0.9871425628662109,7626,0.9477065205574036
0.9802143573760986,True,0.9802092909812927,1.0,1.0197794437408447,7627,0.9077301025390625
0.9947448968887329,True,0.9947394132614136,1.0,1.0052478313446045,7628,0.886764645576477
0.0,False,0.0,1.0,1.9999878406524658,7629,0.05811091884970665
1.9987921714782715,True,1.9987820386886597,1.0,0.0012077223509550095,7630,0.9912910461425781
1.975845217704773,True,1.975834846496582,1.0,0.024154508486390114,7631,0.9098487496376038
1.9991865158081055,True,1.9991765022277832,1.0,0.0008133441442623734,7632,0.9913045167922974
1.860456943511963,True,1.8604474067687988,1.0,0.13954220712184906,7633,0.9162344932556152
1.1037992238998413,True,1.1037933826446533,1.0,0.8961949944496155,7634,0.8786329030990601
1.3750051259994507,True,1.3749982118606567,1.0,0.6249908208847046,7635,0.9832860231399536
1.9696674346923828,True,1.96965754032135,1.0,0.03033219464123249,7636,0.9811227321624756
1.0395920276641846,True,1.0395865440368652,1.0,0.9604012966156006,7637,0.9699816703796387
1.0149811506271362,True,1.0149760246276855,1.0,0.9850121140480042,7638,0.9493500590324402
0.9637769460678101,True,0.9637720584869385,1.0,1.0362166166305542,7639,0.8231027722358704
0.0,False,0.0,1.0,0.9999935030937195,7640,0.03131493180990219
1.0,True,0.999994695186615,1.0,0.9999934434890747,7641,0.8870852589607239
0.9949133396148682,True,0.994908332824707,1.0,1.005080223083496,7642,0.9640796184539795
1.9104704856872559,True,1.9104609489440918,1.0,0.08952885866165161,7643,0.9765749573707581
0.0,False,0.0,1.0,1.999987006187439,7644,0.7531023025512695
0.9896870255470276,True,0.9896819591522217,1.0,1.010306715965271,7645,0.7345421314239502
0.9794451594352722,True,0.9794399738311768,1.0,1.0205484628677368,7646,0.751835823059082
1.8445122241973877,True,1.8445026874542236,1.0,0.15548697113990784,7647,0.9903383851051331
0.9733915328979492,True,0.9733863472938538,1.0,1.0266021490097046,7648,0.9570938348770142
0.9961216449737549,True,0.9961162805557251,1.0,1.003871202468872,7649,0.8524186611175537
0.9694472551345825,True,0.9694423675537109,1.0,1.0305465459823608,7650,0.9134144186973572
1.8094031810760498,True,1.8093937635421753,1.0,0.19059568643569946,7651,0.8916088342666626
1.8961520195007324,True,1.8961422443389893,1.0,0.10384722054004669,7652,0.9341643452644348
1.4105333089828491,True,1.4105260372161865,1.0,0.5894628763198853,7653,0.9820675849914551
0.958564281463623,True,0.9585592150688171,1.0,1.0414296388626099,7654,0.9076470136642456
1.4324166774749756,True,1.432409405708313,1.0,0.5675802826881409,7655,0.9767133593559265
1.9589893817901611,True,1.9589790105819702,1.0,0.041010383516550064,7656,0.9760092496871948
0.994739294052124,True,0.9947338700294495,1.0,1.0052536725997925,7657,0.9525739550590515
1.6032557487487793,True,1.6032474040985107,1.0,0.3967415988445282,7658,0.9448321461677551
1.7132904529571533,True,1.7132816314697266,1.0,0.2867077887058258,7659,0.994381844997406
1.9937365055084229,True,1.9937264919281006,1.0,0.006263276562094688,7660,0.982975423336029
1.977830410003662,True,1.9778205156326294,1.0,0.022169455885887146,7661,0.9973129630088806
1.9104158878326416,True,1.9104063510894775,1.0,0.08958368003368378,7662,0.9981393814086914
1.0073273181915283,True,1.007321834564209,1.0,0.9926645755767822,7663,0.732707679271698
1.988290786743164,True,1.9882807731628418,1.0,0.011709198355674744,7664,0.9923961758613586
1.264526605606079,True,1.2645200490951538,1.0,0.7354691028594971,7665,0.997291624546051
1.925337553024292,True,1.9253275394439697,1.0,0.07466191798448563,7666,0.9754688739776611
0.9996141791343689,True,0.9996087551116943,1.0,1.0003787279129028,7667,0.8868640661239624
1.556257724761963,True,1.5562491416931152,1.0,0.4437394440174103,7668,0.657106339931488
0.9990403652191162,True,0.9990348219871521,1.0,1.000952124595642,7669,0.9405243396759033
1.9794293642044067,True,1.979419469833374,1.0,0.020570604130625725,7670,0.9970920085906982
0.9993748068809509,True,0.9993693828582764,1.0,1.0006194114685059,7671,0.573765218257904
0.9951649904251099,True,0.9951594471931458,1.0,1.0048273801803589,7672,0.9453510046005249
1.3270586729049683,True,1.3270517587661743,1.0,0.6729372143745422,7673,0.9805814027786255
1.9820687770843506,True,1.9820588827133179,1.0,0.0179311390966177,7674,0.9970544576644897
0.997051477432251,True,0.9970461130142212,1.0,1.0029412508010864,7675,0.865838348865509
1.9267919063568115,True,1.9267821311950684,1.0,0.07320769876241684,7676,0.9657572507858276
0.9931948781013489,True,0.9931894540786743,1.0,1.0067979097366333,7677,0.8503578901290894
0.9999092817306519,True,0.9999035596847534,1.0,1.0000829696655273,7678,0.8888505697250366
1.9883878231048584,True,1.9883780479431152,1.0,0.011612066067755222,7679,0.997954249382019
0.9804589748382568,True,0.9804537296295166,1.0,1.019533634185791,7680,0.9210750460624695
1.6409509181976318,True,1.6409424543380737,1.0,0.35904690623283386,7681,0.9910679459571838
1.5224190950393677,True,1.5224113464355469,1.0,0.4775780439376831,7682,0.9979660511016846
0.999366819858551,True,0.9993611574172974,1.0,1.0006248950958252,7683,0.9395673871040344
0.835960865020752,True,0.8359561562538147,1.0,1.1640312671661377,7684,0.7891478538513184
0.0,False,0.0,1.0,1.9999871253967285,7685,0.321815550327301
1.522152066230774,True,1.522143840789795,1.0,0.4778446853160858,7686,0.9496579766273499
1.7859702110290527,True,1.7859605550765991,1.0,0.21402834355831146,7687,0.977360188961029
1.937234878540039,True,1.9372234344482422,1.0,0.06276457011699677,7688,0.9323515892028809
0.9976315498352051,True,0.9976259469985962,1.0,1.0023609399795532,7689,0.8511302471160889
1.0945475101470947,True,1.0945416688919067,1.0,0.9054465889930725,7690,0.9449439644813538
0.0,False,0.0,1.0,1.9999866485595703,7691,0.4374145269393921
0.9781681299209595,True,0.9781627655029297,1.0,1.0218247175216675,7692,0.8026558756828308
0.9935961365699768,True,0.9935907125473022,1.0,1.0063965320587158,7693,0.9709309935569763
0.0,False,0.0,1.0,1.999988079071045,7694,0.40299737453460693
1.4592478275299072,True,1.4592406749725342,1.0,0.5407484769821167,7695,0.9679052233695984
0.0,False,0.0,1.0,0.9999934434890747,7696,0.3681797981262207
1.062544822692871,True,1.062538981437683,1.0,0.9374481439590454,7697,0.9511412978172302
1.1454163789749146,True,1.1454102993011475,1.0,0.8545774817466736,7698,0.8835455775260925
0.0,False,0.0,1.0,1.999987006187439,7699,0.09205517917871475
0.9963709115982056,True,0.9963655471801758,1.0,1.0036219358444214,7700,0.9225423336029053
1.338548183441162,True,1.338541030883789,1.0,0.6614473462104797,7701,0.9490854740142822
0.9983147978782654,True,0.9983095526695251,1.0,1.001678228378296,7702,0.9534847140312195
0.0,False,0.0,1.0,1.9999885559082031,7703,0.36432191729545593
0.9968109726905823,True,0.9968057870864868,1.0,1.0031819343566895,7704,0.9665271639823914
0.0,False,0.0,1.0,1.999988317489624,7705,0.341266393661499
0.0,False,0.0,1.0,1.9999864101409912,7706,0.28592488169670105
0.0,False,0.0,1.0,1.9999871253967285,7707,0.09868649393320084
0.0,False,0.0,1.0,1.9999876022338867,7708,0.2526199519634247
0.0,False,0.0,1.0,1.9999871253967285,7709,0.13857103884220123
0.0,False,0.0,1.0,1.9999876022338867,7710,0.04383936896920204
0.0,False,0.0,1.0,1.999986171722412,7711,0.08909280598163605
0.9981231689453125,True,0.9981178045272827,1.0,1.0018696784973145,7712,0.831146240234375
0.0,False,0.0,1.0,1.9999874830245972,7713,0.04552017152309418
0.0,False,0.0,1.0,1.9999866485595703,7714,0.12511751055717468
0.0,False,0.0,1.0,0.9999934434890747,7715,0.19899792969226837
0.0,False,0.0,1.0,1.9999868869781494,7716,0.49823373556137085
0.0,False,0.0,1.0,1.9999868869781494,7717,0.23266483843326569
1.4267569780349731,True,1.4267494678497314,1.0,0.5732394456863403,7718,0.9062723517417908
0.9920709133148193,True,0.9920654296875,1.0,1.0079216957092285,7719,0.9460046291351318
1.8953001499176025,True,1.8952903747558594,1.0,0.10469911992549896,7720,0.9889139533042908
1.7519073486328125,True,1.7518980503082275,1.0,0.24809104204177856,7721,0.9447619915008545
0.0,False,0.0,1.0,1.9999841451644897,7722,0.21698501706123352
0.0,False,0.0,1.0,1.999988317489624,7723,0.6276493668556213
0.99652099609375,True,0.9965152740478516,1.0,1.0034712553024292,7724,0.8606703877449036
1.9663410186767578,True,1.9663302898406982,1.0,0.03365878388285637,7725,0.9406986832618713
0.9998058080673218,True,0.9998005032539368,1.0,1.0001877546310425,7726,0.9149678945541382
0.0,False,0.0,1.0,1.9999868869781494,7727,0.0939958468079567
0.0,False,0.0,1.0,1.999988079071045,7728,0.3506793677806854
0.7375192642211914,True,0.7375150918960571,1.0,1.262472152709961,7729,0.5818290710449219
0.9996579885482788,True,0.9996522068977356,1.0,1.0003341436386108,7730,0.8461719155311584
0.0,False,0.0,1.0,1.999988079071045,7731,0.1302509605884552
0.0,False,0.0,1.0,1.9999885559082031,7732,0.5556215047836304
0.0,False,0.0,1.0,1.9999854564666748,7733,0.5409461259841919
1.915163278579712,True,1.9151525497436523,1.0,0.08483615517616272,7734,0.9286971092224121
1.8924281597137451,True,1.8924185037612915,1.0,0.1075710654258728,7735,0.9896429181098938
0.9999493360519409,True,0.9999440312385559,1.0,1.0000436305999756,7736,0.886648952960968
1.8881580829620361,True,1.888148307800293,1.0,0.1118411123752594,7737,0.8438664674758911
1.9773554801940918,True,1.9773449897766113,1.0,0.022644227370619774,7738,0.9742985367774963
0.0,False,0.0,1.0,1.9999881982803345,7739,0.15074661374092102
0.9998974800109863,True,0.9998921155929565,1.0,1.0000967979431152,7740,0.962800920009613
1.9953396320343018,True,1.9953293800354004,1.0,0.004660385195165873,7741,0.9898427128791809
1.9007445573806763,True,1.9007346630096436,1.0,0.09925489127635956,7742,0.9911211729049683
1.89810311794281,True,1.8980941772460938,1.0,0.10189628601074219,7743,0.9983148574829102
0.0,False,0.0,1.0,1.9999885559082031,7744,0.352271169424057
1.2601978778839111,True,1.2601913213729858,1.0,0.7397977113723755,7745,0.984953761100769
1.8670933246612549,True,1.8670839071273804,1.0,0.13290587067604065,7746,0.9922542572021484
0.0,False,0.0,1.0,1.9999842643737793,7747,0.3515371084213257
1.6062378883361816,True,1.6062299013137817,1.0,0.3937596380710602,7748,0.9835519194602966
1.5782588720321655,True,1.5782498121261597,1.0,0.4217380881309509,7749,0.646727442741394
0.9909452199935913,True,0.990939736366272,1.0,1.0090482234954834,7750,0.9468470811843872
0.7827737331390381,True,0.782768726348877,1.0,1.2172164916992188,7751,0.35553625226020813
0.9934123754501343,True,0.9934070110321045,1.0,1.0065803527832031,7752,0.8732218146324158
1.7904367446899414,True,1.7904269695281982,1.0,0.20956173539161682,7753,0.9178453087806702
1.9582629203796387,True,1.9582529067993164,1.0,0.041736721992492676,7754,0.988105297088623
1.731184720993042,True,1.7311755418777466,1.0,0.2688135504722595,7755,0.796995222568512
1.8914262056350708,True,1.8914167881011963,1.0,0.10857325047254562,7756,0.9491546750068665
0.0,False,0.0,1.0,1.999985933303833,7757,0.21347026526927948
0.0,False,0.0,1.0,1.9999873638153076,7758,0.30067071318626404
1.9718830585479736,True,1.9718730449676514,1.0,0.028116554021835327,7759,0.994502067565918
0.0,False,0.0,1.0,1.9999868869781494,7760,0.11500921100378036
0.0,False,0.0,1.0,1.9999876022338867,7761,0.053487516939640045
0.9925050139427185,True,0.9924994707107544,1.0,1.0074875354766846,7762,0.9242004752159119
0.0,False,0.0,1.0,1.9999878406524658,7763,0.2739839553833008
1.6714015007019043,True,1.6713930368423462,1.0,0.32859644293785095,7764,0.8914356231689453
1.0240802764892578,True,1.0240745544433594,1.0,0.9759121537208557,7765,0.9432583451271057
1.8453547954559326,True,1.8453449010849,1.0,0.1546441614627838,7766,0.9109545350074768
1.917811632156372,True,1.917802095413208,1.0,0.08218792080879211,7767,0.9519361257553101
1.936927080154419,True,1.9369163513183594,1.0,0.06307240575551987,7768,0.8871838450431824
1.9917478561401367,True,1.9917376041412354,1.0,0.008252058178186417,7769,0.8993538618087769
1.992762565612793,True,1.9927520751953125,1.0,0.007237352896481752,7770,0.9863807559013367
0.0,False,0.0,1.0,1.999986171722412,7771,0.12870389223098755
0.9995306730270386,True,0.9995251893997192,1.0,1.0004616975784302,7772,0.9470986127853394
0.9998100399971008,True,0.9998048543930054,1.0,1.0001839399337769,7773,0.8705559968948364
1.9992389678955078,True,1.9992284774780273,1.0,0.0007607802399434149,7774,0.9924383759498596
1.36906898021698,True,1.369061827659607,1.0,0.6309273838996887,7775,0.9974833130836487
0.9658326506614685,True,0.9658275246620178,1.0,1.0341607332229614,7776,0.643366277217865
0.0,False,0.0,1.0,1.9999876022338867,7777,0.15834258496761322
1.5385942459106445,True,1.538586139678955,1.0,0.46140268445014954,7778,0.9525296092033386
1.6696624755859375,True,1.6696538925170898,1.0,0.3303353190422058,7779,0.8299273252487183
0.9999998211860657,True,0.9999943971633911,1.0,0.9999939203262329,7780,0.7917686104774475
1.0764352083206177,True,1.0764292478561401,1.0,0.9235578775405884,7781,0.8867308497428894
0.9995931386947632,True,0.999587893486023,1.0,1.0004006624221802,7782,0.9395189881324768
0.9998021125793457,True,0.9997967481613159,1.0,1.0001916885375977,7783,0.9787518382072449
0.0,False,0.0,1.0,1.9999849796295166,7784,0.5232419371604919
0.9805659055709839,True,0.9805609583854675,1.0,1.0194274187088013,7785,0.8368849158287048
0.0,False,0.0,1.0,1.9999858140945435,7786,0.1096772775053978
1.0109140872955322,True,1.010908842086792,1.0,0.9890788197517395,7787,0.9625793695449829
0.9926899075508118,True,0.9926840662956238,1.0,1.0073035955429077,7788,0.8505773544311523
1.949711561203003,True,1.9497019052505493,1.0,0.05028814822435379,7789,0.9724077582359314
0.9999999403953552,True,0.9999943971633911,1.0,0.9999927282333374,7790,0.6893523931503296
0.9400628209114075,True,0.940057635307312,1.0,1.0599294900894165,7791,0.8931587934494019
0.9968426823616028,True,0.996837317943573,1.0,1.0031503438949585,7792,0.8515952229499817
0.0,False,0.0,1.0,1.9999866485595703,7793,0.10467687249183655
0.0,False,0.0,1.0,1.9999878406524658,7794,0.3714585304260254
0.9871002435684204,True,0.9870948195457458,1.0,1.012892723083496,7795,0.9450869560241699
1.6381869316101074,True,1.6381785869598389,1.0,0.3618111312389374,7796,0.9837190508842468
0.9970934391021729,True,0.9970880150794983,1.0,1.0029007196426392,7797,0.8225144743919373
1.5445804595947266,True,1.544572353363037,1.0,0.4554169178009033,7798,0.9977905750274658
0.9989564418792725,True,0.998950719833374,1.0,1.0010360479354858,7799,0.8897198438644409
0.9980639219284058,True,0.9980584383010864,1.0,1.0019299983978271,7800,0.9034765362739563
0.9892666339874268,True,0.9892615675926208,1.0,1.010726809501648,7801,0.9644513726234436
0.9827977418899536,True,0.9827926158905029,1.0,1.017195701599121,7802,0.8194418549537659
1.9402226209640503,True,1.9402118921279907,1.0,0.059776924550533295,7803,0.9410252571105957
1.151073694229126,True,1.1510673761367798,1.0,0.8489199876785278,7804,0.8935304880142212
0.9760392904281616,True,0.9760340452194214,1.0,1.0239535570144653,7805,0.8941975235939026
0.9977706670761108,True,0.9977651834487915,1.0,1.0022222995758057,7806,0.9480209350585938
1.9178190231323242,True,1.917809247970581,1.0,0.08218038827180862,7807,0.9885155558586121
1.9957940578460693,True,1.995784044265747,1.0,0.004206005949527025,7808,0.9863189458847046
1.8951730728149414,True,1.8951642513275146,1.0,0.10482635349035263,7809,0.9980500936508179
1.2399476766586304,True,1.239941120147705,1.0,0.7600478529930115,7810,0.9829878807067871
1.4591913223266602,True,1.4591834545135498,1.0,0.540805459022522,7811,0.9530462026596069
1.7266101837158203,True,1.726601004600525,1.0,0.2733880877494812,7812,0.969552755355835
1.3454185724258423,True,1.3454115390777588,1.0,0.6545774936676025,7813,0.9854328036308289
1.1447902917861938,True,1.1447842121124268,1.0,0.8552040457725525,7814,0.9189288020133972
1.2067378759384155,True,1.2067307233810425,1.0,0.7932567000389099,7815,0.8199467658996582
1.9282090663909912,True,1.928199291229248,1.0,0.07179035991430283,7816,0.9917301535606384
1.2134106159210205,True,1.2134040594100952,1.0,0.7865846753120422,7817,0.9343552589416504
1.8226113319396973,True,1.8226008415222168,1.0,0.17738720774650574,7818,0.8922135829925537
0.9149821996688843,True,0.9149773716926575,1.0,1.0850107669830322,7819,0.632300853729248
1.2515637874603271,True,1.2515569925308228,1.0,0.7484315633773804,7820,0.9623627066612244
1.6677106618881226,True,1.6677021980285645,1.0,0.3322871923446655,7821,0.984205424785614
1.8578112125396729,True,1.8578016757965088,1.0,0.1421879380941391,7822,0.991036057472229
1.3199082612991333,True,1.3199012279510498,1.0,0.6800872087478638,7823,0.9034474492073059
1.5987417697906494,True,1.5987327098846436,1.0,0.4012552499771118,7824,0.8061051368713379
0.0,False,0.0,1.0,1.999985694885254,7825,0.30798617005348206
1.0320703983306885,True,1.0320651531219482,1.0,0.9679231643676758,7826,0.9632859230041504
0.7480326890945435,True,0.7480281591415405,1.0,1.2519580125808716,7827,0.7001648545265198
1.220072865486145,True,1.2200663089752197,1.0,0.7799219489097595,7828,0.8980153203010559
1.0766642093658447,True,1.0766582489013672,1.0,0.9233289957046509,7829,0.9292044639587402
0.0,False,0.0,1.0,1.9999864101409912,7830,0.11752326041460037
1.159235954284668,True,1.1592299938201904,1.0,0.8407591581344604,7831,0.8379430174827576
0.0,False,0.0,1.0,1.9999865293502808,7832,0.05107147991657257
0.9935448169708252,True,0.993538498878479,1.0,1.0064482688903809,7833,0.8438993692398071
0.991350531578064,True,0.991344690322876,1.0,1.0086420774459839,7834,0.8073480129241943
0.0,False,0.0,1.0,1.9999866485595703,7835,0.47974997758865356
1.0915526151657104,True,1.0915470123291016,1.0,0.9084416031837463,7836,0.8981049060821533
1.2621195316314697,True,1.2621119022369385,1.0,0.7378756403923035,7837,0.9549216032028198
0.9999144077301025,True,0.9999089241027832,1.0,1.0000783205032349,7838,0.9063677191734314
1.9333974123001099,True,1.9333868026733398,1.0,0.06660214066505432,7839,0.9344015121459961
0.0,False,0.0,1.0,1.9999865293502808,7840,0.4367077052593231
0.9534105062484741,True,0.9534053206443787,1.0,1.0465823411941528,7841,0.924950361251831
1.7618439197540283,True,1.7618343830108643,1.0,0.23815442621707916,7842,0.948429524898529
1.32883882522583,True,1.3288310766220093,1.0,0.6711565256118774,7843,0.9441097974777222
1.950613260269165,True,1.9506027698516846,1.0,0.04938650131225586,7844,0.9747352004051208
1.9568361043930054,True,1.9568262100219727,1.0,0.04316367208957672,7845,0.978211522102356
1.9477295875549316,True,1.9477195739746094,1.0,0.0522700697183609,7846,0.977814257144928
1.9788339138031006,True,1.9788234233856201,1.0,0.021165959537029266,7847,0.9850295186042786
0.0,False,0.0,1.0,1.9999866485595703,7848,0.2977536618709564
1.499497413635254,True,1.4994897842407227,1.0,0.5004995465278625,7849,0.7925707101821899
0.0,False,0.0,1.0,1.9999871253967285,7850,0.37822285294532776
0.9960038661956787,True,0.9959983825683594,1.0,1.0039900541305542,7851,0.9291056990623474
0.997489333152771,True,0.9974837303161621,1.0,1.0025032758712769,7852,0.849338948726654
0.9626742005348206,True,0.9626688361167908,1.0,1.0373196601867676,7853,0.9357691407203674
1.9899508953094482,True,1.9899406433105469,1.0,0.010049027390778065,7854,0.9907909631729126
1.5519763231277466,True,1.5519680976867676,1.0,0.44802096486091614,7855,0.93548184633255
1.9747012853622437,True,1.974691390991211,1.0,0.02529856562614441,7856,0.9910605549812317
1.48551607131958,True,1.4855087995529175,1.0,0.5144805908203125,7857,0.9294894337654114
1.9871165752410889,True,1.987106442451477,1.0,0.012883500196039677,7858,0.9786489605903625
1.7831380367279053,True,1.7831289768218994,1.0,0.2168605625629425,7859,0.9045366048812866
1.6558289527893066,True,1.6558201313018799,1.0,0.34416887164115906,7860,0.8179203867912292
1.8645598888397217,True,1.864548921585083,1.0,0.13543909788131714,7861,0.8182644248008728
1.7612507343292236,True,1.7612411975860596,1.0,0.23874753713607788,7862,0.8931952714920044
1.6390597820281982,True,1.639050841331482,1.0,0.36093762516975403,7863,0.9250927567481995
1.6878113746643066,True,1.6878023147583008,1.0,0.31218671798706055,7864,0.8823453187942505
1.8322324752807617,True,1.8322219848632812,1.0,0.16776639223098755,7865,0.9501722455024719
1.8548328876495361,True,1.8548232316970825,1.0,0.14516600966453552,7866,0.9851809740066528
1.4504218101501465,True,1.4504140615463257,1.0,0.5495744943618774,7867,0.9409819841384888
1.0559190511703491,True,1.0559135675430298,1.0,0.9440751671791077,7868,0.7444999814033508
1.7054178714752197,True,1.7054088115692139,1.0,0.29458028078079224,7869,0.8860099911689758
1.8618450164794922,True,1.8618344068527222,1.0,0.13815417885780334,7870,0.8056666851043701
1.361746072769165,True,1.361738920211792,1.0,0.6382498145103455,7871,0.8276051878929138
1.9155166149139404,True,1.915506362915039,1.0,0.08448286354541779,7872,0.9177210330963135
1.8828392028808594,True,1.882829189300537,1.0,0.11716003715991974,7873,0.8864459991455078
1.803283452987671,True,1.8032742738723755,1.0,0.19671526551246643,7874,0.9065280556678772
1.7831125259399414,True,1.7831029891967773,1.0,0.21688610315322876,7875,0.980277955532074
1.9256752729415894,True,1.9256656169891357,1.0,0.07432425767183304,7876,0.9441839456558228
1.9453587532043457,True,1.9453480243682861,1.0,0.054640837013721466,7877,0.9723907709121704
1.9881608486175537,True,1.9881502389907837,1.0,0.01183902844786644,7878,0.9374263286590576
1.0656614303588867,True,1.0656559467315674,1.0,0.934332549571991,7879,0.8745758533477783
1.741625189781189,True,1.7416155338287354,1.0,0.2583731412887573,7880,0.9674686193466187
1.6100996732711792,True,1.610091209411621,1.0,0.3898979723453522,7881,0.8732474446296692
1.0912095308303833,True,1.0912036895751953,1.0,0.9087846875190735,7882,0.7502724528312683
1.9621440172195435,True,1.962133765220642,1.0,0.03785571828484535,7883,0.9647548198699951
1.9949767589569092,True,1.9949660301208496,1.0,0.005023341625928879,7884,0.8757877945899963
1.9689351320266724,True,1.9689241647720337,1.0,0.03106452338397503,7885,0.63005530834198
1.6029586791992188,True,1.6029503345489502,1.0,0.39703893661499023,7886,0.9109663367271423
0.0,False,0.0,1.0,1.999987006187439,7887,0.5677748918533325
0.0,False,0.0,1.0,1.9999886751174927,7888,0.2657817304134369
0.42946943640708923,True,0.4294670820236206,1.0,1.570520281791687,7889,0.6765527725219727
1.0306731462478638,True,1.030667781829834,1.0,0.969321072101593,7890,0.9183091521263123
1.595770001411438,True,1.5957610607147217,1.0,0.4042273759841919,7891,0.8644622564315796
0.0,False,0.0,1.0,0.9999935626983643,7892,0.053634751588106155
1.0820986032485962,True,1.0820928812026978,1.0,0.9178954362869263,7893,0.9489285349845886
1.845968246459961,True,1.8459584712982178,1.0,0.15403088927268982,7894,0.9145067930221558
1.1505321264266968,True,1.1505259275436401,1.0,0.8494625091552734,7895,0.7803912162780762
0.0,False,0.0,1.0,1.9999845027923584,7896,0.44387513399124146
0.0,False,0.0,1.0,1.9999876022338867,7897,0.6553040146827698
0.0,False,0.0,1.0,1.9999860525131226,7898,0.5003201365470886
1.6451444625854492,True,1.6451362371444702,1.0,0.3548532724380493,7899,0.9776286482810974
0.6244279146194458,True,0.6244245767593384,1.0,1.3755630254745483,7900,0.22560903429985046
1.9981187582015991,True,1.9981083869934082,1.0,0.0018812068738043308,7901,0.9366994500160217
1.4345735311508179,True,1.4345662593841553,1.0,0.5654228925704956,7902,0.9387922286987305
0.0,False,0.0,1.0,1.9999876022338867,7903,0.47614583373069763
1.3439445495605469,True,1.343936562538147,1.0,0.6560510993003845,7904,0.8054193258285522
1.5652602910995483,True,1.565252423286438,1.0,0.43473705649375916,7905,0.950164794921875
1.998362421989441,True,1.9983524084091187,1.0,0.00163744215387851,7906,0.9140875339508057
1.9757819175720215,True,1.975771427154541,1.0,0.0242179986089468,7907,0.9863834381103516
0.0,False,0.0,1.0,1.9999884366989136,7908,0.7415801882743835
0.0,False,0.0,1.0,1.9999871253967285,7909,0.21330082416534424
1.9990779161453247,True,1.9990674257278442,1.0,0.0009220628999173641,7910,0.9603630304336548
1.432119369506836,True,1.432112216949463,1.0,0.5678771734237671,7911,0.7248712182044983
1.386676549911499,True,1.386669635772705,1.0,0.6133198738098145,7912,0.7902603149414062
1.9914379119873047,True,1.9914278984069824,1.0,0.008562076836824417,7913,0.993911623954773
1.9980729818344116,True,1.998062252998352,1.0,0.0019270677585154772,7914,0.9939165711402893
1.240128517150879,True,1.2401220798492432,1.0,0.7598666548728943,7915,0.8287547826766968
1.3328628540039062,True,1.3328558206558228,1.0,0.6671330332756042,7916,0.9258854389190674
1.1493946313858032,True,1.149388074874878,1.0,0.8505991697311401,7917,0.9130472540855408
1.9519860744476318,True,1.9519755840301514,1.0,0.04801367223262787,7918,0.9578222036361694
0.0,False,0.0,1.0,1.9999871253967285,7919,0.4193854331970215
0.0,False,0.0,1.0,1.9999876022338867,7920,0.3275119960308075
0.0,False,0.0,1.0,1.999985694885254,7921,0.10238450020551682
0.0,False,0.0,1.0,1.999986171722412,7922,0.2142271250486374
0.0,False,0.0,1.0,1.9999868869781494,7923,0.2830572724342346
1.0607764720916748,True,1.06076979637146,1.0,0.939215898513794,7924,0.15903018414974213
1.776475429534912,True,1.7764666080474854,1.0,0.22352302074432373,7925,0.9816305041313171
1.5554344654083252,True,1.5554263591766357,1.0,0.4445628523826599,7926,0.796303927898407
1.9986143112182617,True,1.9986040592193604,1.0,0.0013856198638677597,7927,0.9493645429611206
1.6634459495544434,True,1.6634376049041748,1.0,0.3365516662597656,7928,0.8661469221115112
1.3637795448303223,True,1.3637712001800537,1.0,0.6362157464027405,7929,0.5158215761184692
0.0,False,0.0,1.0,1.9999874830245972,7930,0.6163569092750549
1.9987728595733643,True,1.998762845993042,1.0,0.0012271169107407331,7931,0.9541545510292053
0.9096161127090454,True,0.9096114039421082,1.0,1.0903770923614502,7932,0.7514501214027405
0.0,False,0.0,1.0,1.9999853372573853,7933,0.06616263091564178
1.9434194564819336,True,1.9434078931808472,1.0,0.05658011883497238,7934,0.7735785245895386
1.0,True,0.9999939799308777,1.0,0.999993085861206,7935,0.4787938594818115
0.0,False,0.0,1.0,1.999988317489624,7936,0.045432429760694504
0.0,False,0.0,1.0,1.999986171722412,7937,0.7263861298561096
1.9991259574890137,True,1.9991155862808228,1.0,0.0008740070625208318,7938,0.9604474902153015
0.0,False,0.0,1.0,1.9999860525131226,7939,0.23446674644947052
0.0,False,0.0,1.0,1.9999842643737793,7940,0.21022120118141174
1.780731439590454,True,1.780721664428711,1.0,0.2192670851945877,7941,0.8610381484031677
0.0,False,0.0,1.0,1.9999847412109375,7942,0.34235134720802307
0.9949843883514404,True,0.9949791431427002,1.0,1.0050088167190552,7943,0.8625053763389587
1.5451271533966064,True,1.5451184511184692,1.0,0.45486974716186523,7944,0.4622209668159485
1.8185927867889404,True,1.8185830116271973,1.0,0.1814059615135193,7945,0.9614360332489014
1.9895753860473633,True,1.9895645380020142,1.0,0.01042445283383131,7946,0.9812244772911072
1.9881317615509033,True,1.988121509552002,1.0,0.011868061497807503,7947,0.8981853127479553
0.0,False,0.0,1.0,1.9999876022338867,7948,0.1818494349718094
0.0,False,0.0,1.0,1.9999873638153076,7949,0.6700841784477234
1.6309340000152588,True,1.6309257745742798,1.0,0.36906376481056213,7950,0.9391530752182007
0.9300084114074707,True,0.9300037622451782,1.0,1.0699845552444458,7951,0.5216003656387329
1.95090651512146,True,1.9508967399597168,1.0,0.04909316450357437,7952,0.9961475133895874
0.0,False,0.0,1.0,1.9999865293502808,7953,0.13505062460899353
1.9673397541046143,True,1.967329740524292,1.0,0.03266003355383873,7954,0.9971829652786255
1.8192650079727173,True,1.8192557096481323,1.0,0.18073391914367676,7955,0.8301025629043579
1.981287956237793,True,1.9812779426574707,1.0,0.018711842596530914,7956,0.9975982308387756
0.0,False,0.0,1.0,1.999983787536621,7957,0.21648535132408142
0.0,False,0.0,1.0,1.9999854564666748,7958,0.523938775062561
0.0,False,0.0,1.0,1.9999873638153076,7959,0.47711536288261414
0.9102350473403931,True,0.9102300405502319,1.0,1.0897576808929443,7960,0.9675626158714294
1.2065430879592896,True,1.206536054611206,1.0,0.7934516072273254,7961,0.9873464703559875
0.0,False,0.0,1.0,1.9999876022338867,7962,0.5714302062988281
0.0,False,0.0,1.0,1.9999877214431763,7963,0.2177705317735672
0.0,False,0.0,1.0,1.9999878406524658,7964,0.8907809257507324
1.9967982769012451,True,1.9967875480651855,1.0,0.003201685845851898,7965,0.9937281608581543
0.9965016841888428,True,0.99649578332901,1.0,1.003491997718811,7966,0.767799437046051
0.9979740977287292,True,0.9979684352874756,1.0,1.0020196437835693,7967,0.9827019572257996
1.995894432067871,True,1.9958839416503906,1.0,0.004105671774595976,7968,0.9858208894729614
1.7008111476898193,True,1.700802206993103,1.0,0.2991871237754822,7969,0.9948911666870117
0.0,False,0.0,1.0,1.9999873638153076,7970,0.1812591254711151
1.9982370138168335,True,1.9982264041900635,1.0,0.0017628847854211926,7971,0.9913823008537292
0.0,False,0.0,1.0,1.999987244606018,7972,0.3201422691345215
1.9983446598052979,True,1.9983344078063965,1.0,0.0016552022425457835,7973,0.9495327472686768
1.9831180572509766,True,1.9831074476242065,1.0,0.01688183844089508,7974,0.8973566889762878
1.3754799365997314,True,1.375471591949463,1.0,0.6245156526565552,7975,0.9042912721633911
0.9624224901199341,True,0.9624168276786804,1.0,1.0375704765319824,7976,0.7726103663444519
0.8268837332725525,True,0.8268791437149048,1.0,1.1731089353561401,7977,0.8842726349830627
1.923620343208313,True,1.9236104488372803,1.0,0.07637924700975418,7978,0.9902500510215759
1.9988638162612915,True,1.9988534450531006,1.0,0.0011362554505467415,7979,0.9626885652542114
0.9878612160682678,True,0.9878554940223694,1.0,1.0121324062347412,7980,0.8727977275848389
1.9748411178588867,True,1.974831223487854,1.0,0.02515878900885582,7981,0.9973213076591492
1.9837208986282349,True,1.9837108850479126,1.0,0.016278952360153198,7982,0.9979826211929321
0.0,False,0.0,1.0,1.999987006187439,7983,0.13924045860767365
0.9953023195266724,True,0.9952966570854187,1.0,1.004691481590271,7984,0.8684766292572021
1.330823540687561,True,1.3308165073394775,1.0,0.6691726446151733,7985,0.9858843684196472
1.959306240081787,True,1.959295630455017,1.0,0.04069346562027931,7986,0.9815457463264465
1.9655368328094482,True,1.965527057647705,1.0,0.034462958574295044,7987,0.921843409538269
1.921290397644043,True,1.9212799072265625,1.0,0.07870902121067047,7988,0.843992292881012
0.0,False,0.0,1.0,1.9999868869781494,7989,0.17997679114341736
1.9263482093811035,True,1.9263384342193604,1.0,0.07365134358406067,7990,0.9669996500015259
1.7240502834320068,True,1.72404146194458,1.0,0.2759478986263275,7991,0.9578961730003357
0.0,False,0.0,1.0,1.9999873638153076,7992,0.25564873218536377
1.4617588520050049,True,1.4617512226104736,1.0,0.538237988948822,7993,0.9868568778038025
1.9745687246322632,True,1.9745585918426514,1.0,0.025431087240576744,7994,0.9795032739639282
1.993722677230835,True,1.9937121868133545,1.0,0.006277291104197502,7995,0.9850744009017944
1.995225429534912,True,1.9952143430709839,1.0,0.004774394445121288,7996,0.9850435256958008
1.6353809833526611,True,1.6353728771209717,1.0,0.3646169602870941,7997,0.9817081689834595
1.0,True,0.9999948143959045,1.0,0.9999938011169434,7998,0.6400399208068848
0.9996970891952515,True,0.9996917843818665,1.0,1.0002962350845337,7999,0.7259434461593628
0.9986989498138428,True,0.9986936450004578,1.0,1.0012946128845215,8000,0.8077577352523804
0.9998680353164673,True,0.9998628497123718,1.0,1.0001256465911865,8001,0.7492954134941101
0.9995788931846619,True,0.9995737075805664,1.0,1.0004149675369263,8002,0.8608537316322327
1.6315572261810303,True,1.6315488815307617,1.0,0.3684404492378235,8003,0.9681358933448792
0.9982269406318665,True,0.9982218742370605,1.0,1.0017669200897217,8004,0.9595713019371033
1.0,True,0.9999949336051941,1.0,0.9999935626983643,8005,0.865412712097168
0.9998451471328735,True,0.9998395442962646,1.0,1.000147819519043,8006,0.8564031720161438
1.5992038249969482,True,1.5991954803466797,1.0,0.4007938802242279,8007,0.8234604597091675
1.9410512447357178,True,1.9410400390625,1.0,0.05894818529486656,8008,0.7826175093650818
1.9386718273162842,True,1.9386621713638306,1.0,0.06132780387997627,8009,0.9522417783737183
0.0,False,0.0,1.0,1.9999866485595703,8010,0.29760387539863586
0.0,False,0.0,1.0,1.9999842643737793,8011,0.10866227000951767
0.0,False,0.0,1.0,1.9999858140945435,8012,0.11348368972539902
0.0,False,0.0,1.0,1.999987244606018,8013,0.810623288154602
1.0968836545944214,True,1.0968776941299438,1.0,0.9031108021736145,8014,0.8959452509880066
0.9997158646583557,True,0.9997100830078125,1.0,1.0002782344818115,8015,0.7310338020324707
0.0,False,0.0,1.0,1.9999873638153076,8016,0.16788001358509064
0.0,False,0.0,1.0,1.9999876022338867,8017,0.4082578420639038
0.0,False,0.0,1.0,1.999986171722412,8018,0.617242157459259
0.8855175375938416,True,0.8855130076408386,1.0,1.1144757270812988,8019,0.7879464030265808
0.0,False,0.0,1.0,1.9999879598617554,8020,0.6397448182106018
1.9736964702606201,True,1.973686695098877,1.0,0.026303334161639214,8021,0.9977468848228455
1.8689675331115723,True,1.86895751953125,1.0,0.13103167712688446,8022,0.9611461758613586
1.982988715171814,True,1.9829785823822021,1.0,0.017011219635605812,8023,0.9982376098632812
1.9846137762069702,True,1.984603762626648,1.0,0.015386135317385197,8024,0.9983684420585632
0.9253981113433838,True,0.9253929853439331,1.0,1.0745947360992432,8025,0.8407991528511047
0.0,False,0.0,1.0,1.9999866485595703,8026,0.1760747879743576
0.0,False,0.0,1.0,1.9999866485595703,8027,0.3342333137989044
1.9979705810546875,True,1.9979603290557861,1.0,0.0020293346606194973,8028,0.949491560459137
0.90435791015625,True,0.9043534994125366,1.0,1.095635175704956,8029,0.9388531446456909
0.0,False,0.0,1.0,1.999983787536621,8030,0.17206822335720062
1.9938770532608032,True,1.9938666820526123,1.0,0.006122877821326256,8031,0.9849351644515991
1.995431900024414,True,1.9954206943511963,1.0,0.004568048752844334,8032,0.9846556186676025
0.9884767532348633,True,0.9884713888168335,1.0,1.0115162134170532,8033,0.7973804473876953
1.9984912872314453,True,1.9984807968139648,1.0,0.0015086805215105414,8034,0.9916442036628723
1.9993847608566284,True,1.999374270439148,1.0,0.0006152365240268409,8035,0.9866464138031006
0.9899845123291016,True,0.9899793267250061,1.0,1.0100088119506836,8036,0.8700363039970398
1.9491245746612549,True,1.9491145610809326,1.0,0.050875116139650345,8037,0.994268536567688
1.7844146490097046,True,1.7844054698944092,1.0,0.21558402478694916,8038,0.9581893086433411
1.5343257188796997,True,1.5343170166015625,1.0,0.4656710922718048,8039,0.5233306884765625
1.990102767944336,True,1.9900920391082764,1.0,0.009897255338728428,8040,0.8934335112571716
0.9999122619628906,True,0.9999068379402161,1.0,1.0000814199447632,8041,0.9064393639564514
1.9213765859603882,True,1.9213666915893555,1.0,0.07862281799316406,8042,0.9901888966560364
1.9941363334655762,True,1.994124174118042,1.0,0.005863761063665152,8043,0.9756396412849426
1.9971340894699097,True,1.9971226453781128,1.0,0.0028657596558332443,8044,0.9801762104034424
0.0,False,0.0,1.0,1.9999866485595703,8045,0.42741429805755615
1.070107102394104,True,1.070101261138916,1.0,0.9298861622810364,8046,0.8854261636734009
0.9997379183769226,True,0.9997327327728271,1.0,1.0002553462982178,8047,0.9321492910385132
1.998924970626831,True,1.9989137649536133,1.0,0.0010749968932941556,8048,0.9780132174491882
0.9925141334533691,True,0.9925090074539185,1.0,1.007478952407837,8049,0.949093222618103
1.2277154922485352,True,1.2277089357376099,1.0,0.7722794413566589,8050,0.9316869974136353
0.9999061226844788,True,0.9999006986618042,1.0,1.0000866651535034,8051,0.8401160836219788
1.9989798069000244,True,1.9989688396453857,1.0,0.001020113006234169,8052,0.9838818311691284
0.877435028553009,True,0.8774303793907166,1.0,1.1225574016571045,8053,0.9506708383560181
1.999287724494934,True,1.9992763996124268,1.0,0.0007123150862753391,8054,0.9765253663063049
0.9687762260437012,True,0.9687709808349609,1.0,1.0312166213989258,8055,0.9503583908081055
1.999352216720581,True,1.9993410110473633,1.0,0.0006478465511463583,8056,0.9825365543365479
1.9995235204696655,True,1.9995133876800537,1.0,0.00047646788880228996,8057,0.9914283156394958
0.9828192591667175,True,0.9828137159347534,1.0,1.017173171043396,8058,0.9343474507331848
1.9345901012420654,True,1.9345802068710327,1.0,0.06540936231613159,8059,0.996516227722168
1.5126811265945435,True,1.512673258781433,1.0,0.4873156249523163,8060,0.9691201448440552
0.9957855939865112,True,0.9957801103591919,1.0,1.004207730293274,8061,0.7041622996330261
1.5849058628082275,True,1.5848966836929321,1.0,0.415091335773468,8062,0.9541635513305664
1.2953970432281494,True,1.2953896522521973,1.0,0.704597532749176,8063,0.8780896067619324
1.9943418502807617,True,1.9943312406539917,1.0,0.005658106878399849,8064,0.9162594079971313
1.9325370788574219,True,1.9325271844863892,1.0,0.06746256351470947,8065,0.9916708469390869
1.9745147228240967,True,1.974504828453064,1.0,0.025485165417194366,8066,0.9979391694068909
1.01191246509552,True,1.0119069814682007,1.0,0.9880800843238831,8067,0.9614596962928772
0.0,False,0.0,1.0,1.999985933303833,8068,0.17354319989681244
0.9985508918762207,True,0.9985453486442566,1.0,1.0014417171478271,8069,0.9414730668067932
0.0,False,0.0,1.0,1.999987244606018,8070,0.17005887627601624
0.0,False,0.0,1.0,1.9999876022338867,8071,0.06855481117963791
0.0,False,0.0,1.0,1.9999865293502808,8072,0.04903726652264595
0.0,False,0.0,1.0,1.9999871253967285,8073,0.2559632360935211
0.0,False,0.0,1.0,1.9999871253967285,8074,0.14452782273292542
0.0,False,0.0,1.0,1.9999884366989136,8075,0.2475108504295349
0.0,False,0.0,1.0,1.9999876022338867,8076,0.01695101335644722
0.999929666519165,True,0.99992436170578,1.0,1.0000636577606201,8077,0.9151679873466492
0.9995941519737244,True,0.9995890855789185,1.0,1.0003997087478638,8078,0.8850989937782288
0.9984273910522461,True,0.9984220266342163,1.0,1.0015662908554077,8079,0.8981398940086365
1.814828872680664,True,1.8148186206817627,1.0,0.185169979929924,8080,0.9608033895492554
1.8819451332092285,True,1.8819348812103271,1.0,0.11805405467748642,8081,0.9651018381118774
1.1174319982528687,True,1.1174260377883911,1.0,0.8825619220733643,8082,0.9526649117469788
0.0,False,0.0,1.0,0.9999933838844299,8083,0.3031781315803528
0.0,False,0.0,1.0,1.9999873638153076,8084,0.09460210055112839
1.9472330808639526,True,1.9472224712371826,1.0,0.052766524255275726,8085,0.973202109336853
1.992098331451416,True,1.9920878410339355,1.0,0.007901651784777641,8086,0.9855132699012756
1.540649652481079,True,1.540640950202942,1.0,0.45934703946113586,8087,0.4714992940425873
0.0,False,0.0,1.0,1.9999850988388062,8088,0.40203195810317993
0.0,False,0.0,1.0,1.9999855756759644,8089,0.46549510955810547
0.0,False,0.0,1.0,1.9999852180480957,8090,0.46249154210090637
0.0,False,0.0,1.0,1.9999884366989136,8091,0.5123457908630371
0.0,False,0.0,1.0,1.9999850988388062,8092,0.5431653261184692
0.0,False,0.0,1.0,1.9999860525131226,8093,0.17990170419216156
0.0,False,0.0,1.0,0.9999927282333374,8094,0.1740110069513321
1.0460474491119385,True,1.0460419654846191,1.0,0.9539462924003601,8095,0.8375957012176514
1.3293461799621582,True,1.329338788986206,1.0,0.6706492304801941,8096,0.9272817373275757
1.961234450340271,True,1.961223840713501,1.0,0.03876527026295662,8097,0.9517433643341064
1.7521404027938843,True,1.7521302700042725,1.0,0.24785763025283813,8098,0.5505183339118958
1.1917901039123535,True,1.1917831897735596,1.0,0.8082040548324585,8099,0.4978307783603668
1.4101673364639282,True,1.410159945487976,1.0,0.589828610420227,8100,0.5438653826713562
0.0,False,0.0,1.0,1.999985933303833,8101,0.01893739216029644
0.0,False,0.0,1.0,1.999985933303833,8102,0.11652421206235886
0.9999866485595703,True,0.9999814629554749,1.0,1.0000066757202148,8103,0.8778403401374817
0.9998563528060913,True,0.9998510479927063,1.0,1.0001369714736938,8104,0.8941848874092102
1.0,True,0.999994695186615,1.0,0.9999934434890747,8105,0.865536093711853
0.9999942779541016,True,0.9999887347221375,1.0,0.9999987483024597,8106,0.9429194927215576
1.0,True,0.9999943971633911,1.0,0.999993085861206,8107,0.8033493161201477
1.0,True,0.9999946355819702,1.0,0.9999935626983643,8108,0.6738360524177551
0.9998083114624023,True,0.9998032450675964,1.0,1.0001856088638306,8109,0.8873767852783203
1.6429948806762695,True,1.64298677444458,1.0,0.35700303316116333,8110,0.9597302079200745
0.9999784231185913,True,0.9999734163284302,1.0,1.000015139579773,8111,0.9199462532997131
0.9970431923866272,True,0.9970378875732422,1.0,1.0029504299163818,8112,0.9417505264282227
0.9991915225982666,True,0.9991860389709473,1.0,1.000801682472229,8113,0.823330819606781
1.906857967376709,True,1.9068479537963867,1.0,0.09314136207103729,8114,0.8795284628868103
1.9795807600021362,True,1.9795706272125244,1.0,0.020419050008058548,8115,0.9415691494941711
0.0,False,0.0,1.0,1.9999871253967285,8116,0.3065927028656006
1.931654930114746,True,1.9316449165344238,1.0,0.06834451854228973,8117,0.8679555654525757
0.0,False,0.0,1.0,1.999986171722412,8118,0.07017949968576431
0.0,False,0.0,1.0,1.9999871253967285,8119,0.2130243182182312
1.9270877838134766,True,1.9270780086517334,1.0,0.07291168719530106,8120,0.9485787153244019
1.8928712606430054,True,1.8928619623184204,1.0,0.10712800920009613,8121,0.979780375957489
0.15016426146030426,True,0.150163471698761,1.0,1.8498246669769287,8122,0.9007375836372375
0.0,False,0.0,1.0,1.999988079071045,8123,0.1130581945180893
0.0,False,0.0,1.0,1.9999873638153076,8124,0.057836513966321945
1.667055368423462,True,1.6670465469360352,1.0,0.33294248580932617,8125,0.8415101170539856
1.6554676294326782,True,1.6554582118988037,1.0,0.3445303440093994,8126,0.9090521931648254
1.1606571674346924,True,1.1606509685516357,1.0,0.839337170124054,8127,0.5837132334709167
1.9906854629516602,True,1.9906744956970215,1.0,0.009314445778727531,8128,0.9786329865455627
0.0,False,0.0,1.0,1.9999884366989136,8129,0.40408673882484436
1.334203839302063,True,1.3341972827911377,1.0,0.6657919883728027,8130,0.5488842725753784
1.9947500228881836,True,1.9947396516799927,1.0,0.005249931011348963,8131,0.9865692853927612
1.9950506687164307,True,1.995039701461792,1.0,0.004949118476361036,8132,0.9849130511283875
1.997769832611084,True,1.9977593421936035,1.0,0.0022300260607153177,8133,0.9909858703613281
1.997607707977295,True,1.9975965023040771,1.0,0.002392340451478958,8134,0.9886935353279114
1.9989032745361328,True,1.9988925457000732,1.0,0.0010966567788273096,8135,0.9923858642578125
0.0,False,0.0,1.0,1.9999879598617554,8136,0.5463206768035889
1.9985530376434326,True,1.9985419511795044,1.0,0.001446925918571651,8137,0.9903749823570251
1.9993581771850586,True,1.9993476867675781,1.0,0.0006417824188247323,8138,0.9930952191352844
1.9988281726837158,True,1.9988172054290771,1.0,0.0011717394227162004,8139,0.9927433729171753
1.9995627403259277,True,1.9995521306991577,1.0,0.0004372711409814656,8140,0.9937207698822021
1.999227523803711,True,1.9992165565490723,1.0,0.0007724632159806788,8141,0.9935824275016785
1.9996278285980225,True,1.9996172189712524,1.0,0.00037206715205684304,8142,0.993848979473114
1.9994131326675415,True,1.9994022846221924,1.0,0.0005869320593774319,8143,0.9939817786216736
1.9997127056121826,True,1.9997022151947021,1.0,0.000287207163637504,8144,0.9939517378807068
1.9995644092559814,True,1.9995534420013428,1.0,0.0004356171702966094,8145,0.9942842125892639
1.4310150146484375,True,1.4310071468353271,1.0,0.5689812302589417,8146,0.9538804888725281
1.0237407684326172,True,1.0237352848052979,1.0,0.9762526154518127,8147,0.9460057020187378
0.0,False,0.0,1.0,1.999987006187439,8148,0.5204050540924072
1.9995518922805786,True,1.9995417594909668,1.0,0.00044804575736634433,8149,0.9935705661773682
1.4444478750228882,True,1.4444398880004883,1.0,0.5555483102798462,8150,0.48555654287338257
0.0,False,0.0,1.0,1.9999862909317017,8151,0.10626953840255737
1.6402935981750488,True,1.6402852535247803,1.0,0.35970425605773926,8152,0.9243186712265015
1.9535781145095825,True,1.9535679817199707,1.0,0.04642162099480629,8153,0.9867673516273499
1.9630613327026367,True,1.9630513191223145,1.0,0.03693866357207298,8154,0.9831879734992981
1.842052936553955,True,1.8420436382293701,1.0,0.15794600546360016,8155,0.9943548440933228
0.0,False,0.0,1.0,1.9999878406524658,8156,0.4304346442222595
1.9825398921966553,True,1.982529878616333,1.0,0.01745983213186264,8157,0.9621284008026123
1.9978811740875244,True,1.997870683670044,1.0,0.002118822652846575,8158,0.9946073889732361
1.999002456665039,True,1.9989919662475586,1.0,0.0009974983986467123,8159,0.9868797063827515
1.9771934747695923,True,1.9771828651428223,1.0,0.022806309163570404,8160,0.9773002862930298
0.999682605266571,True,0.9996771812438965,1.0,1.0003103017807007,8161,0.9487090706825256
0.9884087443351746,True,0.9884032011032104,1.0,1.0115842819213867,8162,0.8939594626426697
0.9906775951385498,True,0.9906721711158752,1.0,1.0093152523040771,8163,0.8710667490959167
1.3806368112564087,True,1.3806294202804565,1.0,0.6193590760231018,8164,0.9241648316383362
1.0891602039337158,True,1.0891542434692383,1.0,0.9108332395553589,8165,0.9491164088249207
1.2672460079193115,True,1.2672386169433594,1.0,0.7327487468719482,8166,0.8234058022499084
0.9977420568466187,True,0.9977365732192993,1.0,1.0022505521774292,8167,0.890423059463501
0.9829838275909424,True,0.982978343963623,1.0,1.0170084238052368,8168,0.9190425872802734
0.0,False,0.0,1.0,1.9999860525131226,8169,0.030782802030444145
1.3549929857254028,True,1.3549853563308716,1.0,0.6450021862983704,8170,0.947923481464386
1.7587008476257324,True,1.7586915493011475,1.0,0.24129757285118103,8171,0.9256465435028076
0.9937254190444946,True,0.9937200546264648,1.0,1.0062675476074219,8172,0.8254956007003784
0.9980607032775879,True,0.998055100440979,1.0,1.0019316673278809,8173,0.7451708912849426
0.9804061651229858,True,0.9804006218910217,1.0,1.0195863246917725,8174,0.9297284483909607
1.030833125114441,True,1.0308274030685425,1.0,0.9691598415374756,8175,0.9603149890899658
0.0,False,0.0,1.0,0.999993085861206,8176,0.3111388385295868
1.0071403980255127,True,1.007135272026062,1.0,0.9928529262542725,8177,0.9487695693969727
0.9964982271194458,True,0.9964926838874817,1.0,1.0034945011138916,8178,0.8810999393463135
0.9998546242713928,True,0.9998493194580078,1.0,1.0001379251480103,8179,0.8789995908737183
0.9942491054534912,True,0.9942437410354614,1.0,1.0057438611984253,8180,0.8105866312980652
1.0,True,0.9999943971633911,1.0,0.999992847442627,8181,0.6915880441665649
0.9927801489830017,True,0.9927744269371033,1.0,1.007212519645691,8182,0.9158349633216858
1.0398365259170532,True,1.0398310422897339,1.0,0.9601568579673767,8183,0.9486671090126038
0.9996720552444458,True,0.9996662139892578,1.0,1.0003200769424438,8184,0.9314770102500916
0.994758129119873,True,0.9947530031204224,1.0,1.0052350759506226,8185,0.7374181151390076
0.0,False,0.0,1.0,1.9999849796295166,8186,0.11102785170078278
1.0867972373962402,True,1.0867916345596313,1.0,0.9131965637207031,8187,0.9271032214164734
0.9982468485832214,True,0.9982415437698364,1.0,1.0017461776733398,8188,0.9224159121513367
0.9974910616874695,True,0.9974859356880188,1.0,1.0025023221969604,8189,0.942035973072052
1.0,True,0.9999945759773254,1.0,0.999993085861206,8190,0.7375297546386719
0.9999827146530151,True,0.9999775290489197,1.0,1.0000104904174805,8191,0.969681978225708
0.0,False,0.0,0.0,1.9999873638153076,7577,0.09313011914491653
0.0,False,0.0,0.0,1.9999854564666748,7578,0.23906955122947693
0.0,False,0.0,0.0,1.999986171722412,7579,0.11412100493907928
0.0,False,0.0,0.0,1.9999871253967285,7580,0.24922220408916473
0.0,False,0.0,0.0,1.9999849796295166,7581,0.09762334078550339
0.0,False,0.0,0.0,1.9999871253967285,7582,0.23165015876293182
0.0,False,0.0,0.0,1.999985694885254,7583,0.06891137361526489
0.0,False,0.0,0.0,1.999988317489624,7584,0.12298465520143509
1.958794355392456,True,1.9587841033935547,0.0,0.04120536521077156,7585,0.8929827213287354
0.0,False,0.0,0.0,1.999986171722412,7586,0.4053519666194916
0.0,False,0.0,0.0,1.9999876022338867,7587,0.10925083607435226
0.0,False,0.0,0.0,1.999987244606018,7588,0.0566619336605072
0.0,False,0.0,0.0,1.9999873638153076,7589,0.30462974309921265
0.0,False,0.0,0.0,1.9999871253967285,7590,0.2371249943971634
0.0,False,0.0,0.0,1.9999840259552002,7591,0.20231422781944275
0.0,False,0.0,0.0,1.9999847412109375,7592,0.5364143252372742
0.9638619422912598,True,0.96385657787323,0.0,1.0361310243606567,7593,0.868962287902832
0.0,False,0.0,0.0,1.9999868869781494,7594,0.05019073933362961
0.978478193283081,True,0.9784727692604065,0.0,1.0215147733688354,7595,0.9341209530830383
0.0,False,0.0,0.0,1.9999879598617554,7596,0.34029048681259155
0.0,False,0.0,0.0,1.999988079071045,7597,0.460416704416275
0.0,False,0.0,0.0,1.9999847412109375,7598,0.06951894611120224
0.0,False,0.0,0.0,1.999988317489624,7599,0.42323997616767883
0.0,False,0.0,0.0,1.999985933303833,7600,0.03856094181537628
0.0,False,0.0,0.0,1.999985694885254,7601,0.6032525897026062
0.0,False,0.0,0.0,1.9999866485595703,7602,0.1794147789478302
0.0,False,0.0,0.0,1.999985694885254,7603,0.12257357686758041
0.0,False,0.0,0.0,1.9999878406524658,7604,0.004429263062775135
0.0,False,0.0,0.0,1.999985694885254,7605,0.07297281175851822
0.0,False,0.0,0.0,1.9999842643737793,7606,0.2527123689651489
0.0,False,0.0,0.0,1.9999860525131226,7607,0.27586570382118225
0.0,False,0.0,0.0,1.9999878406524658,7608,0.1357937455177307
0.0,False,0.0,0.0,1.9999887943267822,7609,0.26962605118751526
0.0,False,0.0,0.0,1.9999868869781494,7610,0.37018924951553345
0.0,False,0.0,0.0,1.9999885559082031,7611,0.05431699380278587
0.0,False,0.0,0.0,1.999988317489624,7612,0.3832744359970093
0.0,False,0.0,0.0,1.9999887943267822,7613,0.3724459111690521
0.0,False,0.0,0.0,1.9999881982803345,7614,0.16167697310447693
0.0,False,0.0,0.0,1.999988079071045,7615,0.4383120834827423
0.0,False,0.0,0.0,1.9999878406524658,7616,0.09877631813287735
0.0,False,0.0,0.0,1.9999881982803345,7617,0.11546112596988678
0.0,False,0.0,0.0,1.999985933303833,7618,0.14320030808448792
1.882475733757019,True,1.8824656009674072,0.0,0.11752346903085709,7619,0.9479252696037292
0.0,False,0.0,0.0,1.999987006187439,7620,0.2401091754436493
0.0,False,0.0,0.0,1.999986171722412,7621,0.22025538980960846
0.0,False,0.0,0.0,1.999988079071045,7622,0.20999634265899658
0.0,False,0.0,0.0,1.999988079071045,7623,0.04870990663766861
1.445643663406372,True,1.4456359148025513,0.0,0.5543525218963623,7624,0.9616408944129944
0.0,False,0.0,0.0,1.9999885559082031,7625,0.01688406430184841
0.0,False,0.0,0.0,1.999986171722412,7626,0.4559347331523895
0.0,False,0.0,0.0,1.9999876022338867,7627,0.1973336935043335
0.0,False,0.0,0.0,1.9999866485595703,7628,0.23732174932956696
1.175109624862671,True,1.1751024723052979,0.0,0.824884295463562,7629,0.9668097496032715
0.0,False,0.0,0.0,1.999988317489624,7630,0.13610069453716278
0.0,False,0.0,0.0,1.9999874830245972,7631,0.09118713438510895
0.9978169798851013,True,0.9978114366531372,0.0,1.0021770000457764,7632,0.6583573222160339
0.0,False,0.0,0.0,1.9999881982803345,7633,0.2701788544654846
0.0,False,0.0,0.0,1.9999876022338867,7634,0.032046135514974594
0.0,False,0.0,0.0,1.9999876022338867,7635,0.7094741463661194
0.0,False,0.0,0.0,1.999988317489624,7636,0.6548904180526733
0.0,False,0.0,0.0,1.9999864101409912,7637,0.04139731079339981
0.0,False,0.0,0.0,1.9999867677688599,7638,0.07224412262439728
0.0,False,0.0,0.0,1.9999886751174927,7639,0.2344447672367096
0.0,False,0.0,0.0,1.9999854564666748,7640,0.07686631381511688
0.0,False,0.0,0.0,1.9999879598617554,7641,0.09753363579511642
0.0,False,0.0,0.0,1.9999878406524658,7642,0.23855844140052795
0.0,False,0.0,0.0,1.999988317489624,7643,0.2801303267478943
0.0,False,0.0,0.0,1.9999852180480957,7644,0.09894376248121262
0.0,False,0.0,0.0,1.999988079071045,7645,0.04734856262803078
0.998350977897644,True,0.998345673084259,0.0,1.0016429424285889,7646,0.8860459327697754
0.0,False,0.0,0.0,1.999988079071045,7647,0.10327374190092087
0.0,False,0.0,0.0,1.9999876022338867,7648,0.20790091156959534
0.0,False,0.0,0.0,1.9999862909317017,7649,0.1343366801738739
0.0,False,0.0,0.0,1.999988317489624,7650,0.3590621054172516
0.0,False,0.0,0.0,1.9999871253967285,7651,0.5136969685554504
0.0,False,0.0,0.0,1.9999874830245972,7652,0.2878224849700928
0.0,False,0.0,0.0,1.999987244606018,7653,0.036504264920949936
0.0,False,0.0,0.0,1.9999885559082031,7654,0.14691881835460663
0.0,False,0.0,0.0,1.9999885559082031,7655,0.06672488152980804
0.0,False,0.0,0.0,1.9999862909317017,7656,0.23534779250621796
0.9943221807479858,True,0.9943167567253113,0.0,1.0056705474853516,7657,0.7996020317077637
0.0,False,0.0,0.0,1.9999874830245972,7658,0.2858983874320984
0.0,False,0.0,0.0,1.999988317489624,7659,0.059853944927453995
0.0,False,0.0,0.0,1.9999873638153076,7660,0.006032718811184168
0.0,False,0.0,0.0,1.9999877214431763,7661,0.05009084194898605
0.0,False,0.0,0.0,1.9999887943267822,7662,0.014241069555282593
0.0,False,0.0,0.0,1.9999852180480957,7663,0.2688673734664917
0.0,False,0.0,0.0,1.9999881982803345,7664,0.1653156578540802
0.0,False,0.0,0.0,1.9999866485595703,7665,0.13701346516609192
0.0,False,0.0,0.0,1.9999871253967285,7666,0.39337024092674255
0.9997545480728149,True,0.9997490644454956,0.0,1.0002377033233643,7667,0.8981088399887085
0.0,False,0.0,0.0,1.9999873638153076,7668,0.33204200863838196
0.0,False,0.0,0.0,1.9999864101409912,7669,0.046478819102048874
0.0,False,0.0,0.0,1.999988317489624,7670,0.06816694885492325
0.9959596991539001,True,0.9959545135498047,0.0,1.004034399986267,7671,0.7370501756668091
0.0,False,0.0,0.0,1.9999845027923584,7672,0.2489755004644394
0.0,False,0.0,0.0,1.9999886751174927,7673,0.029895901679992676
0.0,False,0.0,0.0,1.9999878406524658,7674,0.14673788845539093
0.9962571859359741,True,0.9962518811225891,0.0,1.0037356615066528,7675,0.6638760566711426
0.0,False,0.0,0.0,1.999988079071045,7676,0.06505631655454636
0.0,False,0.0,0.0,1.9999866485595703,7677,0.18897956609725952
0.0,False,0.0,0.0,1.999986171722412,7678,0.07271666079759598
0.0,False,0.0,0.0,1.999988079071045,7679,0.019745077937841415
0.0,False,0.0,0.0,1.9999860525131226,7680,0.023467356339097023
0.0,False,0.0,0.0,1.9999878406524658,7681,0.002859068103134632
0.0,False,0.0,0.0,1.9999886751174927,7682,0.18802101910114288
0.0,False,0.0,0.0,1.999985694885254,7683,0.02259255014359951
0.0,False,0.0,0.0,1.999988079071045,7684,0.09398891776800156
0.0,False,0.0,0.0,1.999987244606018,7685,0.3879474699497223
0.0,False,0.0,0.0,1.9999876022338867,7686,0.05830639228224754
0.9621791839599609,True,0.9621741771697998,0.0,1.0378146171569824,7687,0.7772954702377319
0.0,False,0.0,0.0,1.9999864101409912,7688,0.2535209059715271
0.0,False,0.0,0.0,1.9999853372573853,7689,0.08380884677171707
0.0,False,0.0,0.0,1.9999864101409912,7690,0.0038867315743118525
0.0,False,0.0,0.0,1.9999865293502808,7691,0.3756297826766968
0.0,False,0.0,0.0,1.999984860420227,7692,0.15143293142318726
0.0,False,0.0,0.0,1.9999852180480957,7693,0.09526552259922028
0.0,False,0.0,0.0,1.9999879598617554,7694,0.05899341031908989
0.0,False,0.0,0.0,1.9999873638153076,7695,0.11924723535776138
0.0,False,0.0,0.0,1.9999885559082031,7696,0.22012220323085785
0.0,False,0.0,0.0,1.9999852180480957,7697,0.10076694935560226
0.0,False,0.0,0.0,1.9999847412109375,7698,0.1733032912015915
0.0,False,0.0,0.0,1.999985933303833,7699,0.4438137114048004
0.0,False,0.0,0.0,1.9999842643737793,7700,0.18263286352157593
0.0,False,0.0,0.0,1.999985694885254,7701,0.23824211955070496
0.0,False,0.0,0.0,1.9999862909317017,7702,0.07054638117551804
0.0,False,0.0,0.0,1.999988079071045,7703,0.038307689130306244
0.0,False,0.0,0.0,1.9999853372573853,7704,0.17418500781059265
0.0,False,0.0,0.0,1.9999876022338867,7705,0.12111604958772659
0.0,False,0.0,0.0,1.9999878406524658,7706,0.07326526939868927
0.0,False,0.0,0.0,1.9999874830245972,7707,0.2574976682662964
0.0,False,0.0,0.0,1.999988317489624,7708,0.18086299300193787
0.0,False,0.0,0.0,1.9999871253967285,7709,0.16258057951927185
0.0,False,0.0,0.0,1.9999866485595703,7710,0.08533649146556854
0.0,False,0.0,0.0,1.9999876022338867,7711,0.15961796045303345
0.0,False,0.0,0.0,1.9999862909317017,7712,0.0947895497083664
0.0,False,0.0,0.0,1.9999884366989136,7713,0.4480148255825043
0.0,False,0.0,0.0,1.9999878406524658,7714,0.08008109033107758
0.0,False,0.0,0.0,1.9999866485595703,7715,0.06690707802772522
0.0,False,0.0,0.0,1.9999877214431763,7716,0.05502157658338547
0.0,False,0.0,0.0,1.9999877214431763,7717,0.3263663351535797
0.0,False,0.0,0.0,1.999988079071045,7718,0.008939184248447418
0.0,False,0.0,0.0,1.9999854564666748,7719,0.027134958654642105
0.0,False,0.0,0.0,1.9999871253967285,7720,0.1943507194519043
0.0,False,0.0,0.0,1.9999871253967285,7721,0.291328489780426
0.0,False,0.0,0.0,1.9999852180480957,7722,0.33698770403862
0.0,False,0.0,0.0,1.9999873638153076,7723,0.37828564643859863
0.0,False,0.0,0.0,1.9999847412109375,7724,0.20074906945228577
0.0,False,0.0,0.0,1.999987006187439,7725,0.10079307109117508
0.0,False,0.0,0.0,1.9999868869781494,7726,0.351712167263031
0.0,False,0.0,0.0,1.9999878406524658,7727,0.11873531341552734
0.0,False,0.0,0.0,1.9999876022338867,7728,0.12622390687465668
0.0,False,0.0,0.0,1.999985933303833,7729,0.4066849648952484
1.006195068359375,True,1.0061895847320557,0.0,0.9937976002693176,7730,0.9514691829681396
1.7167190313339233,True,1.716709852218628,0.0,0.28327929973602295,7731,0.7674828171730042
0.0,False,0.0,0.0,1.9999885559082031,7732,0.06694444268941879
0.0,False,0.0,0.0,1.9999864101409912,7733,0.30147695541381836
0.0,False,0.0,0.0,1.9999866485595703,7734,0.7427736520767212
0.0,False,0.0,0.0,1.9999878406524658,7735,0.021753676235675812
0.0,False,0.0,0.0,1.999985694885254,7736,0.08123660087585449
0.0,False,0.0,0.0,1.9999895095825195,7737,0.40694722533226013
0.0,False,0.0,0.0,1.9999876022338867,7738,0.018380621448159218
0.0,False,0.0,0.0,1.9999879598617554,7739,0.2038768231868744
0.0,False,0.0,0.0,1.999987244606018,7740,0.06781027466058731
0.0,False,0.0,0.0,1.999988079071045,7741,0.01693822629749775
0.0,False,0.0,0.0,1.9999886751174927,7742,0.019837280735373497
0.0,False,0.0,0.0,1.9999890327453613,7743,0.019787659868597984
0.0,False,0.0,0.0,1.9999886751174927,7744,0.30026015639305115
0.0,False,0.0,0.0,1.9999887943267822,7745,0.006339591462165117
0.0,False,0.0,0.0,1.999988079071045,7746,0.0013350880471989512
0.0,False,0.0,0.0,1.999985694885254,7747,0.3548293709754944
0.0,False,0.0,0.0,1.9999873638153076,7748,0.008833141066133976
0.0,False,0.0,0.0,1.9999847412109375,7749,0.14953283965587616
0.0,False,0.0,0.0,1.9999868869781494,7750,0.31732305884361267
0.0,False,0.0,0.0,1.9999825954437256,7751,0.25233161449432373
0.0,False,0.0,0.0,1.999985933303833,7752,0.023843850940465927
0.0,False,0.0,0.0,1.9999885559082031,7753,0.13280954957008362
0.0,False,0.0,0.0,1.9999873638153076,7754,0.11881626397371292
0.0,False,0.0,0.0,1.9999885559082031,7755,0.04749830439686775
0.0,False,0.0,0.0,1.9999878406524658,7756,0.0836353451013565
0.0,False,0.0,0.0,1.9999866485595703,7757,0.12596969306468964
0.0,False,0.0,0.0,1.999985694885254,7758,0.0583399161696434
0.0,False,0.0,0.0,1.9999886751174927,7759,0.0063865901902318
0.0,False,0.0,0.0,1.9999866485595703,7760,0.22513486444950104
1.163046956062317,True,1.1630406379699707,0.0,0.8369477391242981,7761,0.8874980807304382
0.0,False,0.0,0.0,1.999986171722412,7762,0.31377631425857544
0.0,False,0.0,0.0,1.999987244606018,7763,0.49875837564468384
1.8332619667053223,True,1.8332524299621582,0.0,0.1667368859052658,7764,0.9060022830963135
0.0,False,0.0,0.0,1.9999847412109375,7765,0.08431193977594376
0.0,False,0.0,0.0,1.9999867677688599,7766,0.44105327129364014
0.0,False,0.0,0.0,1.9999868869781494,7767,0.07127268612384796
1.6706717014312744,True,1.670661449432373,0.0,0.32932576537132263,7768,0.4816317856311798
0.0,False,0.0,0.0,1.999987006187439,7769,0.2493518441915512
0.0,False,0.0,0.0,1.999988317489624,7770,0.09171538054943085
0.0,False,0.0,0.0,1.999987244606018,7771,0.36522793769836426
0.0,False,0.0,0.0,1.999985694885254,7772,0.24928592145442963
0.0,False,0.0,0.0,1.999988079071045,7773,0.09866734594106674
0.0,False,0.0,0.0,1.999988317489624,7774,0.5881524682044983
0.0,False,0.0,0.0,1.9999879598617554,7775,0.0042988876812160015
0.0,False,0.0,0.0,1.999988079071045,7776,0.0035161850973963737
0.0,False,0.0,0.0,1.999988317489624,7777,0.11110866069793701
0.0,False,0.0,0.0,1.999985933303833,7778,0.0994969978928566
0.0,False,0.0,0.0,1.9999877214431763,7779,0.06242259591817856
0.0,False,0.0,0.0,1.9999877214431763,7780,0.0239187590777874
0.0,False,0.0,0.0,1.999983787536621,7781,0.30204764008522034
0.0,False,0.0,0.0,1.999988079071045,7782,0.1267634481191635
0.0,False,0.0,0.0,1.999987244606018,7783,0.11098495870828629
0.0,False,0.0,0.0,1.9999864101409912,7784,0.3938045799732208
0.0,False,0.0,0.0,1.9999868869781494,7785,0.07813646644353867
0.0,False,0.0,0.0,1.9999876022338867,7786,0.43372026085853577
1.0,True,0.9999942183494568,0.0,0.9999924302101135,7787,0.693882167339325
0.0,False,0.0,0.0,1.9999885559082031,7788,0.7325187921524048
0.0,False,0.0,0.0,1.9999885559082031,7789,0.013420025818049908
0.0,False,0.0,0.0,1.999985933303833,7790,0.6121046543121338
0.0,False,0.0,0.0,1.9999845027923584,7791,0.0436285026371479
0.0,False,0.0,0.0,0.9999929070472717,7792,0.3874751627445221
0.0,False,0.0,0.0,1.999986171722412,7793,0.04746304452419281
0.0,False,0.0,0.0,1.9999887943267822,7794,0.04962798207998276
0.0,False,0.0,0.0,1.9999867677688599,7795,0.026363061740994453
0.0,False,0.0,0.0,1.9999891519546509,7796,0.13402509689331055
0.0,False,0.0,0.0,1.9999885559082031,7797,0.12661945819854736
0.0,False,0.0,0.0,1.999988079071045,7798,0.006145117804408073
0.0,False,0.0,0.0,1.999983787536621,7799,0.10031470656394958
0.0,False,0.0,0.0,1.999988317489624,7800,0.024786973372101784
0.0,False,0.0,0.0,1.999985933303833,7801,0.28931427001953125
0.0,False,0.0,0.0,1.9999876022338867,7802,0.0779932513833046
0.0,False,0.0,0.0,1.999985933303833,7803,0.09687209129333496
0.0,False,0.0,0.0,1.9999860525131226,7804,0.020418571308255196
0.0,False,0.0,0.0,1.9999877214431763,7805,0.09507865458726883
0.0,False,0.0,0.0,1.9999858140945435,7806,0.03803148865699768
0.0,False,0.0,0.0,1.999988317489624,7807,0.08447518199682236
0.0,False,0.0,0.0,1.9999887943267822,7808,0.006152490619570017
0.0,False,0.0,0.0,1.9999873638153076,7809,0.010491961613297462
0.0,False,0.0,0.0,1.999988079071045,7810,0.043274279683828354
0.9999898076057434,True,0.9999841451644897,0.0,1.0000040531158447,7811,0.7962985038757324
0.0,False,0.0,0.0,1.999984622001648,7812,0.06766146421432495
0.0,False,0.0,0.0,1.9999881982803345,7813,0.02926897443830967
0.0,False,0.0,0.0,1.9999849796295166,7814,0.3097080588340759
0.0,False,0.0,0.0,1.999985933303833,7815,0.0625266283750534
0.0,False,0.0,0.0,1.9999873638153076,7816,0.011851227842271328
0.0,False,0.0,0.0,0.9999940395355225,7817,0.6109948754310608
0.0,False,0.0,0.0,1.999987244606018,7818,0.05267331004142761
0.0,False,0.0,0.0,1.9999862909317017,7819,0.06457269191741943
0.0,False,0.0,0.0,1.9999876022338867,7820,0.8263844847679138
0.0,False,0.0,0.0,1.9999879598617554,7821,0.008993427269160748
0.0,False,0.0,0.0,1.9999873638153076,7822,0.23251894116401672
0.0,False,0.0,0.0,1.999985694885254,7823,0.026671908795833588
0.0,False,0.0,0.0,1.9999864101409912,7824,0.15839114785194397
0.0,False,0.0,0.0,1.9999868869781494,7825,0.1740199476480484
0.0,False,0.0,0.0,1.9999873638153076,7826,0.10464425384998322
0.9879095554351807,True,0.9879041314125061,0.0,1.0120834112167358,7827,0.9630985856056213
0.0,False,0.0,0.0,1.9999867677688599,7828,0.08918531984090805
0.0,False,0.0,0.0,1.9999867677688599,7829,0.027330264449119568
0.0,False,0.0,0.0,1.9999878406524658,7830,0.36137112975120544
0.0,False,0.0,0.0,1.999988079071045,7831,0.008297587744891644
0.0,False,0.0,0.0,1.999988317489624,7832,0.640697717666626
0.0,False,0.0,0.0,1.9999878406524658,7833,0.18291372060775757
1.0550318956375122,True,1.0550261735916138,0.0,0.9449614882469177,7834,0.9225327968597412
0.0,False,0.0,0.0,1.9999873638153076,7835,0.2173619568347931
0.0,False,0.0,0.0,1.9999865293502808,7836,0.015079233795404434
0.0,False,0.0,0.0,1.9999873638153076,7837,0.3508191406726837
0.0,False,0.0,0.0,1.9999860525131226,7838,0.07794667035341263
0.0,False,0.0,0.0,1.9999871253967285,7839,0.5624697804450989
0.0,False,0.0,0.0,1.9999836683273315,7840,0.602750837802887
0.0,False,0.0,0.0,1.9999866485595703,7841,0.2590404152870178
0.0,False,0.0,0.0,1.9999878406524658,7842,0.046257827430963516
0.0,False,0.0,0.0,1.9999871253967285,7843,0.21885018050670624
0.0,False,0.0,0.0,1.9999871253967285,7844,0.0941624864935875
0.0,False,0.0,0.0,1.9999871253967285,7845,0.04895010590553284
0.0,False,0.0,0.0,1.9999878406524658,7846,0.10937754064798355
0.0,False,0.0,0.0,1.999988079071045,7847,0.09258304536342621
0.0,False,0.0,0.0,1.9999849796295166,7848,0.09026225656270981
0.0,False,0.0,0.0,1.9999871253967285,7849,0.03030848130583763
0.0,False,0.0,0.0,1.9999871253967285,7850,0.06399741768836975
0.0,False,0.0,0.0,1.9999867677688599,7851,0.1928723156452179
0.0,False,0.0,0.0,1.9999868869781494,7852,0.07358471304178238
0.0,False,0.0,0.0,1.9999877214431763,7853,0.0841314047574997
0.0,False,0.0,0.0,1.9999877214431763,7854,0.1361975520849228
0.0,False,0.0,0.0,1.9999871253967285,7855,0.01745966263115406
0.0,False,0.0,0.0,1.999988317489624,7856,0.0410594567656517
0.0,False,0.0,0.0,1.999988079071045,7857,0.1337604820728302
0.0,False,0.0,0.0,1.9999885559082031,7858,0.3779211938381195
0.0,False,0.0,0.0,1.999988317489624,7859,0.06413176655769348
0.0,False,0.0,0.0,1.9999874830245972,7860,0.5048263072967529
0.0,False,0.0,0.0,1.9999873638153076,7861,0.0441671721637249
0.0,False,0.0,0.0,1.9999874830245972,7862,0.1901378482580185
0.0,False,0.0,0.0,1.999986171722412,7863,0.026504261419177055
0.0,False,0.0,0.0,1.9999873638153076,7864,0.20303954184055328
0.0,False,0.0,0.0,1.9999866485595703,7865,0.35799941420555115
0.0,False,0.0,0.0,1.999985933303833,7866,0.11613186448812485
0.9446764588356018,True,0.944671094417572,0.0,1.0553165674209595,7867,0.8750952482223511
0.0,False,0.0,0.0,1.9999874830245972,7868,0.37873998284339905
0.0,False,0.0,0.0,1.9999873638153076,7869,0.024496935307979584
0.0,False,0.0,0.0,1.999988079071045,7870,0.03334103524684906
0.0,False,0.0,0.0,1.9999864101409912,7871,0.03283178061246872
0.0,False,0.0,0.0,1.9999867677688599,7872,0.16506776213645935
0.0,False,0.0,0.0,1.9999867677688599,7873,0.8710576295852661
0.0,False,0.0,0.0,1.9999862909317017,7874,0.20611083507537842
0.0,False,0.0,0.0,1.999985694885254,7875,0.9117885828018188
0.0,False,0.0,0.0,1.9999873638153076,7876,0.06347452104091644
0.0,False,0.0,0.0,1.9999858140945435,7877,0.17034411430358887
0.0,False,0.0,0.0,1.9999878406524658,7878,0.07825601100921631
0.0,False,0.0,0.0,1.999988079071045,7879,0.6071981191635132
0.0,False,0.0,0.0,1.999986171722412,7880,0.029614660888910294
0.0,False,0.0,0.0,1.9999874830245972,7881,0.11734673380851746
0.0,False,0.0,0.0,1.9999849796295166,7882,0.06764144450426102
0.0,False,0.0,0.0,1.9999881982803345,7883,0.16394869983196259
0.0,False,0.0,0.0,1.9999877214431763,7884,0.18281076848506927
0.0,False,0.0,0.0,1.9999867677688599,7885,0.00828951969742775
0.0,False,0.0,0.0,1.9999874830245972,7886,0.03236497938632965
0.0,False,0.0,0.0,1.999983787536621,7887,0.09672112762928009
1.062205195426941,True,1.0621997117996216,0.0,0.9377890825271606,7888,0.9005624055862427
0.0,False,0.0,0.0,1.9999873638153076,7889,0.14997994899749756
0.0,False,0.0,0.0,1.9999871253967285,7890,0.35459011793136597
0.0,False,0.0,0.0,1.9999871253967285,7891,0.29765450954437256
0.0,False,0.0,0.0,0.9999933838844299,7892,0.4246261715888977
0.0,False,0.0,0.0,1.9999885559082031,7893,0.06315387785434723
0.0,False,0.0,0.0,1.9999879598617554,7894,0.21550552546977997
0.0,False,0.0,0.0,1.9999871253967285,7895,0.08992993086576462
0.0,False,0.0,0.0,1.9999849796295166,7896,0.026550333946943283
0.0,False,0.0,0.0,1.9999878406524658,7897,0.2961370050907135
0.0,False,0.0,0.0,1.9999871253967285,7898,0.19897101819515228
0.0,False,0.0,0.0,1.9999874830245972,7899,0.04445569962263107
0.0,False,0.0,0.0,1.9999876022338867,7900,0.062071118503808975
0.0,False,0.0,0.0,1.9999868869781494,7901,0.4120695888996124
0.0,False,0.0,0.0,1.9999871253967285,7902,0.015512246638536453
0.0,False,0.0,0.0,1.999985933303833,7903,0.09223345667123795
0.0,False,0.0,0.0,1.9999867677688599,7904,0.1407134234905243
0.0,False,0.0,0.0,1.9999884366989136,7905,0.006598104722797871
0.0,False,0.0,0.0,1.999986171722412,7906,0.005862539634108543
0.0,False,0.0,0.0,1.9999854564666748,7907,0.011038434691727161
0.0,False,0.0,0.0,1.9999878406524658,7908,0.10375940054655075
0.0,False,0.0,0.0,1.9999877214431763,7909,0.667912483215332
0.0,False,0.0,0.0,1.9999877214431763,7910,0.03664850816130638
0.0,False,0.0,0.0,1.9999887943267822,7911,0.07808447629213333
0.0,False,0.0,0.0,1.999987244606018,7912,0.005288119427859783
0.0,False,0.0,0.0,1.9999878406524658,7913,0.021579895168542862
0.0,False,0.0,0.0,1.9999878406524658,7914,0.009145047515630722
0.0,False,0.0,0.0,1.9999876022338867,7915,0.004401376936584711
0.0,False,0.0,0.0,1.9999878406524658,7916,0.00907992199063301
0.0,False,0.0,0.0,1.9999843835830688,7917,0.24849161505699158
0.0,False,0.0,0.0,1.999985694885254,7918,0.031858284026384354
0.0,False,0.0,0.0,1.9999868869781494,7919,0.21664652228355408
0.0,False,0.0,0.0,1.9999884366989136,7920,0.12284471839666367
0.0,False,0.0,0.0,1.9999868869781494,7921,0.04634417966008186
0.0,False,0.0,0.0,1.9999868869781494,7922,0.458039253950119
1.348144292831421,True,1.3481366634368896,0.0,0.6518514752388,7923,0.4923395812511444
0.0,False,0.0,0.0,1.9999843835830688,7924,0.28216955065727234
0.0,False,0.0,0.0,1.999985933303833,7925,0.31057292222976685
0.0,False,0.0,0.0,1.9999871253967285,7926,0.07187241315841675
0.0,False,0.0,0.0,1.9999873638153076,7927,0.4258436858654022
0.0,False,0.0,0.0,1.9999871253967285,7928,0.393314927816391
0.0,False,0.0,0.0,1.9999864101409912,7929,0.1508624106645584
0.0,False,0.0,0.0,1.999987244606018,7930,0.383228063583374
0.0,False,0.0,0.0,1.999988079071045,7931,0.22276048362255096
0.0,False,0.0,0.0,1.9999874830245972,7932,0.3061596751213074
0.0,False,0.0,0.0,1.9999829530715942,7933,0.06077924743294716
0.0,False,0.0,0.0,1.9999855756759644,7934,0.22366710007190704
0.0,False,0.0,0.0,1.9999853372573853,7935,0.09281311184167862
0.0,False,0.0,0.0,1.9999876022338867,7936,0.0328524187207222
0.0,False,0.0,0.0,1.9999871253967285,7937,0.4949552118778229
0.0,False,0.0,0.0,1.999988317489624,7938,0.027982959523797035
0.0,False,0.0,0.0,1.9999864101409912,7939,0.042160965502262115
0.0,False,0.0,0.0,1.9999860525131226,7940,0.13122987747192383
0.0,False,0.0,0.0,1.9999854564666748,7941,0.15514573454856873
0.0,False,0.0,0.0,1.9999840259552002,7942,0.11008469760417938
0.0,False,0.0,0.0,1.9999873638153076,7943,0.14371788501739502
0.0,False,0.0,0.0,1.999987244606018,7944,0.18554936349391937
0.0,False,0.0,0.0,1.999985694885254,7945,0.312323659658432
0.0,False,0.0,0.0,1.9999852180480957,7946,0.09945880621671677
0.0,False,0.0,0.0,1.999988079071045,7947,0.1474924236536026
0.0,False,0.0,0.0,1.999985933303833,7948,0.10180123150348663
0.0,False,0.0,0.0,1.9999868869781494,7949,0.0593462735414505
0.0,False,0.0,0.0,1.999988079071045,7950,0.003083116142079234
1.3740272521972656,True,1.374019980430603,0.0,0.6259685158729553,7951,0.8730484843254089
0.0,False,0.0,0.0,1.9999879598617554,7952,0.004767270293086767
0.0,False,0.0,0.0,1.9999852180480957,7953,0.35316580533981323
0.0,False,0.0,0.0,1.9999876022338867,7954,0.012540077790617943
0.0,False,0.0,0.0,1.9999884366989136,7955,0.01987185701727867
0.0,False,0.0,0.0,1.999988317489624,7956,0.02377360500395298
0.0,False,0.0,0.0,1.9999871253967285,7957,0.21123014390468597
0.0,False,0.0,0.0,1.9999868869781494,7958,0.156741663813591
0.0,False,0.0,0.0,1.999987006187439,7959,0.28768831491470337
0.0,False,0.0,0.0,1.9999852180480957,7960,0.5594180226325989
0.0,False,0.0,0.0,1.9999878406524658,7961,0.07397131621837616
0.0,False,0.0,0.0,1.9999868869781494,7962,0.41777321696281433
0.0,False,0.0,0.0,1.9999876022338867,7963,0.02495679445564747
0.0,False,0.0,0.0,1.9999871253967285,7964,0.14187584817409515
0.0,False,0.0,0.0,1.9999876022338867,7965,0.38037344813346863
0.0,False,0.0,0.0,1.9999876022338867,7966,0.19759154319763184
0.0,False,0.0,0.0,1.999986171722412,7967,0.16417023539543152
0.0,False,0.0,0.0,1.9999876022338867,7968,0.07932882755994797
0.0,False,0.0,0.0,1.9999885559082031,7969,0.020704952999949455
0.0,False,0.0,0.0,1.999986171722412,7970,0.2460901290178299
0.0,False,0.0,0.0,1.9999864101409912,7971,0.12844426929950714
0.0,False,0.0,0.0,1.9999867677688599,7972,0.26288115978240967
0.0,False,0.0,0.0,1.9999868869781494,7973,0.18860077857971191
0.0,False,0.0,0.0,1.9999879598617554,7974,0.3605923652648926
0.0,False,0.0,0.0,1.9999864101409912,7975,0.24084170162677765
0.0,False,0.0,0.0,1.9999868869781494,7976,0.28149524331092834
0.0,False,0.0,0.0,1.9999871253967285,7977,0.14899489283561707
0.0,False,0.0,0.0,1.9999868869781494,7978,0.09450371563434601
0.0,False,0.0,0.0,1.9999876022338867,7979,0.029576389119029045
0.0,False,0.0,0.0,1.9999873638153076,7980,0.12062548846006393
0.0,False,0.0,0.0,1.999988079071045,7981,0.004991245921701193
0.0,False,0.0,0.0,1.9999886751174927,7982,0.00856366939842701
0.0,False,0.0,0.0,1.9999878406524658,7983,0.2958867847919464
0.0,False,0.0,0.0,1.9999865293502808,7984,0.04157343879342079
0.0,False,0.0,0.0,1.9999878406524658,7985,0.09191805124282837
0.0,False,0.0,0.0,1.9999868869781494,7986,0.11656814068555832
0.0,False,0.0,0.0,1.9999868869781494,7987,0.7006016373634338
0.0,False,0.0,0.0,1.999985694885254,7988,0.1142975240945816
0.0,False,0.0,0.0,1.9999878406524658,7989,0.4127984642982483
0.0,False,0.0,0.0,1.9999876022338867,7990,0.1570093035697937
0.0,False,0.0,0.0,1.9999871253967285,7991,0.5811102390289307
0.0,False,0.0,0.0,1.9999868869781494,7992,0.24237865209579468
1.9714937210083008,True,1.9714837074279785,0.0,0.028506118804216385,7993,0.9841375350952148
0.0,False,0.0,0.0,1.9999868869781494,7994,0.3664398789405823
0.0,False,0.0,0.0,1.999985694885254,7995,0.05101586505770683
0.0,False,0.0,0.0,1.999986171722412,7996,0.029699092730879784
0.0,False,0.0,0.0,1.999988079071045,7997,0.34071457386016846
0.0,False,0.0,0.0,1.9999864101409912,7998,0.15673992037773132
0.0,False,0.0,0.0,1.9999866485595703,7999,0.0818311795592308
0.0,False,0.0,0.0,1.9999878406524658,8000,0.06065661460161209
0.0,False,0.0,0.0,1.9999855756759644,8001,0.14331655204296112
0.0,False,0.0,0.0,1.9999864101409912,8002,0.10496461391448975
0.0,False,0.0,0.0,1.9999867677688599,8003,0.02866010181605816
0.0,False,0.0,0.0,1.9999881982803345,8004,0.3591712415218353
0.0,False,0.0,0.0,1.999986171722412,8005,0.11902324855327606
0.0,False,0.0,0.0,1.9999866485595703,8006,0.39365679025650024
0.0,False,0.0,0.0,1.9999871253967285,8007,0.09660203009843826
0.0,False,0.0,0.0,1.9999852180480957,8008,0.35188308358192444
0.0,False,0.0,0.0,1.9999876022338867,8009,0.06159142404794693
0.0,False,0.0,0.0,1.9999860525131226,8010,0.1983557790517807
0.0,False,0.0,0.0,1.9999868869781494,8011,0.48319074511528015
0.0,False,0.0,0.0,1.9999866485595703,8012,0.518779456615448
0.0,False,0.0,0.0,1.9999868869781494,8013,0.7852281332015991
0.0,False,0.0,0.0,1.9999868869781494,8014,0.6719452142715454
0.0,False,0.0,0.0,1.9999874830245972,8015,0.3280964493751526
0.0,False,0.0,0.0,1.9999873638153076,8016,0.34174641966819763
0.0,False,0.0,0.0,1.9999866485595703,8017,0.4103107452392578
0.0,False,0.0,0.0,1.9999876022338867,8018,0.035927124321460724
0.0,False,0.0,0.0,1.9999868869781494,8019,0.4407624304294586
0.0,False,0.0,0.0,1.999987006187439,8020,0.12006763368844986
0.0,False,0.0,0.0,1.9999885559082031,8021,0.005236565601080656
0.0,False,0.0,0.0,1.9999885559082031,8022,0.378790020942688
0.0,False,0.0,0.0,1.9999873638153076,8023,0.021014085039496422
0.0,False,0.0,0.0,1.9999878406524658,8024,0.009821811690926552
0.0,False,0.0,0.0,1.9999866485595703,8025,0.5599533319473267
0.0,False,0.0,0.0,1.9999881982803345,8026,0.0710340142250061
0.0,False,0.0,0.0,1.9999876022338867,8027,0.07500223815441132
0.0,False,0.0,0.0,1.9999876022338867,8028,0.03142666071653366
0.0,False,0.0,0.0,1.9999871253967285,8029,0.16140106320381165
0.0,False,0.0,0.0,1.9999864101409912,8030,0.6134799122810364
0.0,False,0.0,0.0,1.999985694885254,8031,0.07912065833806992
0.0,False,0.0,0.0,1.999985694885254,8032,0.008870374411344528
0.0,False,0.0,0.0,1.9999866485595703,8033,0.16772222518920898
0.0,False,0.0,0.0,1.9999874830245972,8034,0.3113611340522766
0.0,False,0.0,0.0,1.9999866485595703,8035,0.06338376551866531
0.0,False,0.0,0.0,1.9999854564666748,8036,0.026502879336476326
0.0,False,0.0,0.0,1.9999864101409912,8037,0.2807210087776184
0.0,False,0.0,0.0,1.9999885559082031,8038,0.3651072084903717
0.0,False,0.0,0.0,1.9999873638153076,8039,0.016632018610835075
0.0,False,0.0,0.0,1.9999884366989136,8040,0.010964477434754372
0.0,False,0.0,0.0,1.999988317489624,8041,0.05933818593621254
0.0,False,0.0,0.0,1.9999876022338867,8042,0.18801960349082947
0.0,False,0.0,0.0,1.9999871253967285,8043,0.08366316556930542
1.8964496850967407,True,1.8964399099349976,0.0,0.10354972630739212,8044,0.6705150008201599
0.0,False,0.0,0.0,1.9999849796295166,8045,0.10005403310060501
0.0,False,0.0,0.0,1.999984860420227,8046,0.20301704108715057
0.0,False,0.0,0.0,1.9999845027923584,8047,0.3102003335952759
0.0,False,0.0,0.0,1.9999867677688599,8048,0.4893270432949066
0.0,False,0.0,0.0,1.999987006187439,8049,0.05485372245311737
0.0,False,0.0,0.0,1.999986171722412,8050,0.24702118337154388
0.0,False,0.0,0.0,1.9999849796295166,8051,0.3848772644996643
0.0,False,0.0,0.0,1.9999864101409912,8052,0.04128870740532875
0.0,False,0.0,0.0,1.9999842643737793,8053,0.20333494246006012
0.0,False,0.0,0.0,1.9999871253967285,8054,0.5350806713104248
0.9962936639785767,True,0.9962881803512573,0.0,1.0036988258361816,8055,0.7601416707038879
0.0,False,0.0,0.0,1.9999867677688599,8056,0.726591169834137
0.0,False,0.0,0.0,1.9999867677688599,8057,0.07775334268808365
0.0,False,0.0,0.0,1.9999868869781494,8058,0.4298518896102905
0.0,False,0.0,0.0,1.9999884366989136,8059,0.04998629912734032
0.0,False,0.0,0.0,1.9999873638153076,8060,0.348653644323349
0.0,False,0.0,0.0,1.9999866485595703,8061,0.2611629068851471
0.0,False,0.0,0.0,1.999985694885254,8062,0.14839234948158264
0.0,False,0.0,0.0,1.9999847412109375,8063,0.11569304019212723
0.0,False,0.0,0.0,1.9999868869781494,8064,0.038267832249403
0.0,False,0.0,0.0,1.9999876022338867,8065,0.19563649594783783
0.0,False,0.0,0.0,1.9999873638153076,8066,0.02394121140241623
0.9799748063087463,True,0.9799696207046509,0.0,1.0200177431106567,8067,0.7257025837898254
0.0,False,0.0,0.0,1.9999868869781494,8068,0.3878247141838074
1.0058432817459106,True,1.0058376789093018,0.0,0.9941492676734924,8069,0.9010623097419739
0.0,False,0.0,0.0,1.9999871253967285,8070,0.06672701984643936
0.0,False,0.0,0.0,1.999988317489624,8071,0.13188230991363525
0.9999094009399414,True,0.9999043345451355,0.0,1.0000841617584229,8072,0.8397428393363953
0.9985654354095459,True,0.9985601902008057,0.0,1.0014283657073975,8073,0.696179986000061
0.0,False,0.0,0.0,1.999987006187439,8074,0.03163871914148331
0.0,False,0.0,0.0,1.9999873638153076,8075,0.12765279412269592
0.0,False,0.0,0.0,1.999987244606018,8076,0.08402378857135773
0.999975860118866,True,0.9999707937240601,0.0,1.000017762184143,8077,0.8046485781669617
0.0,False,0.0,0.0,1.9999868869781494,8078,0.6203056573867798
0.0,False,0.0,0.0,1.999988317489624,8079,0.1806821972131729
0.0,False,0.0,0.0,1.9999864101409912,8080,0.05738740414381027
0.0,False,0.0,0.0,1.9999862909317017,8081,0.37871381640434265
0.0,False,0.0,0.0,1.9999847412109375,8082,0.17252424359321594
0.0,False,0.0,0.0,1.9999854564666748,8083,0.12399572134017944
0.0,False,0.0,0.0,1.9999860525131226,8084,0.07423356920480728
0.0,False,0.0,0.0,1.9999871253967285,8085,0.13857653737068176
0.0,False,0.0,0.0,1.999985933303833,8086,0.12122716009616852
0.0,False,0.0,0.0,1.999986171722412,8087,0.025971127673983574
0.0,False,0.0,0.0,1.9999864101409912,8088,0.2605924904346466
0.0,False,0.0,0.0,1.999985694885254,8089,0.23231817781925201
0.0,False,0.0,0.0,1.9999840259552002,8090,0.16155226528644562
0.0,False,0.0,0.0,1.9999871253967285,8091,0.05121142789721489
0.0,False,0.0,0.0,1.999984860420227,8092,0.5566049814224243
0.0,False,0.0,0.0,1.9999860525131226,8093,0.44331610202789307
0.0,False,0.0,0.0,1.9999873638153076,8094,0.6274532079696655
0.0,False,0.0,0.0,1.9999849796295166,8095,0.5630082488059998
0.0,False,0.0,0.0,1.9999868869781494,8096,0.027179807424545288
0.0,False,0.0,0.0,1.9999881982803345,8097,0.030734868720173836
0.0,False,0.0,0.0,1.999985694885254,8098,0.542275071144104
0.0,False,0.0,0.0,1.9999862909317017,8099,0.3531292676925659
0.0,False,0.0,0.0,1.9999866485595703,8100,0.5862281918525696
0.0,False,0.0,0.0,1.9999840259552002,8101,0.0864991769194603
0.0,False,0.0,0.0,1.9999849796295166,8102,0.16332195699214935
0.0,False,0.0,0.0,1.999987006187439,8103,0.4264220893383026
0.0,False,0.0,0.0,1.9999878406524658,8104,0.03760701045393944
0.0,False,0.0,0.0,1.9999855756759644,8105,0.1390383243560791
0.0,False,0.0,0.0,1.9999885559082031,8106,0.3611743450164795
0.0,False,0.0,0.0,1.9999865293502808,8107,0.3006311058998108
0.0,False,0.0,0.0,1.9999862909317017,8108,0.032040681689977646
0.0,False,0.0,0.0,1.9999866485595703,8109,0.15777339041233063
0.0,False,0.0,0.0,1.9999876022338867,8110,0.08379383385181427
0.0,False,0.0,0.0,1.999985933303833,8111,0.04205895960330963
0.0,False,0.0,0.0,1.9999867677688599,8112,0.3234291970729828
0.0,False,0.0,0.0,1.9999850988388062,8113,0.21384109556674957
0.0,False,0.0,0.0,1.9999879598617554,8114,0.22072714567184448
0.0,False,0.0,0.0,1.9999877214431763,8115,0.16820241510868073
0.0,False,0.0,0.0,1.9999868869781494,8116,0.0711447075009346
0.0,False,0.0,0.0,1.999988079071045,8117,0.05459453910589218
0.0,False,0.0,0.0,1.9999873638153076,8118,0.4057743549346924
0.0,False,0.0,0.0,1.9999876022338867,8119,0.23566074669361115
0.0,False,0.0,0.0,1.9999876022338867,8120,0.26251837611198425
0.0,False,0.0,0.0,1.9999867677688599,8121,0.03559688851237297
0.0,False,0.0,0.0,1.999988317489624,8122,0.03482082113623619
0.0,False,0.0,0.0,1.999988079071045,8123,0.050875525921583176
0.0,False,0.0,0.0,1.9999881982803345,8124,0.04793320223689079
0.0,False,0.0,0.0,1.9999885559082031,8125,0.09609968960285187
0.0,False,0.0,0.0,1.9999871253967285,8126,0.07423112541437149
0.0,False,0.0,0.0,1.9999853372573853,8127,0.8169388771057129
0.0,False,0.0,0.0,1.999986171722412,8128,0.1037430688738823
0.0,False,0.0,0.0,1.999988317489624,8129,0.3153420090675354
0.0,False,0.0,0.0,1.9999873638153076,8130,0.3545638620853424
0.0,False,0.0,0.0,1.999987006187439,8131,0.4813421666622162
0.0,False,0.0,0.0,1.9999831914901733,8132,0.03146378695964813
0.0,False,0.0,0.0,1.9999868869781494,8133,0.12326326966285706
0.0,False,0.0,0.0,1.9999868869781494,8134,0.03499297797679901
0.0,False,0.0,0.0,1.9999867677688599,8135,0.03343953192234039
0.0,False,0.0,0.0,1.9999876022338867,8136,0.039301127195358276
0.0,False,0.0,0.0,1.9999855756759644,8137,0.13525812327861786
0.0,False,0.0,0.0,1.999985933303833,8138,0.017476137727499008
0.0,False,0.0,0.0,1.999986171722412,8139,0.3137738108634949
0.0,False,0.0,0.0,1.9999858140945435,8140,0.09066528081893921
0.0,False,0.0,0.0,1.999987006187439,8141,0.1413116157054901
0.0,False,0.0,0.0,1.9999847412109375,8142,0.02779204025864601
0.0,False,0.0,0.0,1.9999849796295166,8143,0.017380818724632263
0.0,False,0.0,0.0,1.9999873638153076,8144,0.10924357920885086
0.0,False,0.0,0.0,1.999985933303833,8145,0.08263751119375229
0.0,False,0.0,0.0,1.999985933303833,8146,0.16279497742652893
0.0,False,0.0,0.0,1.999986171722412,8147,0.06118202582001686
0.0,False,0.0,0.0,1.9999885559082031,8148,0.1810595989227295
0.0,False,0.0,0.0,1.9999876022338867,8149,0.1255427449941635
0.0,False,0.0,0.0,1.999985694885254,8150,0.09329410642385483
0.0,False,0.0,0.0,1.9999871253967285,8151,0.06633001565933228
0.0,False,0.0,0.0,1.9999885559082031,8152,0.028185443952679634
0.0,False,0.0,0.0,1.9999867677688599,8153,0.041158683598041534
0.0,False,0.0,0.0,1.999988079071045,8154,0.02078305184841156
0.0,False,0.0,0.0,1.9999876022338867,8155,0.08180137723684311
0.0,False,0.0,0.0,1.999988317489624,8156,0.14856280386447906
0.0,False,0.0,0.0,1.9999873638153076,8157,0.18463139235973358
0.0,False,0.0,0.0,1.9999876022338867,8158,0.07510235160589218
0.0,False,0.0,0.0,1.999988317489624,8159,0.563323974609375
0.0,False,0.0,0.0,1.9999871253967285,8160,0.028103187680244446
0.0,False,0.0,0.0,1.9999852180480957,8161,0.026861416175961494
0.9980676770210266,True,0.9980621337890625,0.0,1.0019248723983765,8162,0.9281046390533447
0.0,False,0.0,0.0,1.9999849796295166,8163,0.10228220373392105
0.0,False,0.0,0.0,1.9999855756759644,8164,0.056610289961099625
0.0,False,0.0,0.0,1.999984860420227,8165,0.06776704639196396
0.0,False,0.0,0.0,1.999986171722412,8166,0.09909181296825409
0.0,False,0.0,0.0,1.9999854564666748,8167,0.1407785266637802
0.0,False,0.0,0.0,1.9999871253967285,8168,0.504772424697876
0.0,False,0.0,0.0,1.9999862909317017,8169,0.10962548851966858
0.0,False,0.0,0.0,1.9999866485595703,8170,0.042115744203329086
0.0,False,0.0,0.0,1.999987006187439,8171,0.5040956735610962
0.0,False,0.0,0.0,1.9999852180480957,8172,0.04439326375722885
0.0,False,0.0,0.0,1.999986171722412,8173,0.3504875898361206
0.0,False,0.0,0.0,1.999985694885254,8174,0.6775399446487427
0.0,False,0.0,0.0,1.9999853372573853,8175,0.18745839595794678
0.0,False,0.0,0.0,1.999985694885254,8176,0.07535269111394882
0.0,False,0.0,0.0,1.9999868869781494,8177,0.07378647476434708
0.0,False,0.0,0.0,1.9999864101409912,8178,0.25783902406692505
0.0,False,0.0,0.0,1.9999858140945435,8179,0.1509046107530594
0.0,False,0.0,0.0,1.999986171722412,8180,0.09507863968610764
0.0,False,0.0,0.0,1.9999867677688599,8181,0.19928400218486786
0.0,False,0.0,0.0,1.9999845027923584,8182,0.14192619919776917
0.0,False,0.0,0.0,1.9999873638153076,8183,0.21435245871543884
0.0,False,0.0,0.0,1.9999868869781494,8184,0.11157029122114182
0.0,False,0.0,0.0,1.9999868869781494,8185,0.3158052861690521
0.0,False,0.0,0.0,1.999983310699463,8186,0.0661487877368927
0.0,False,0.0,0.0,1.9999876022338867,8187,0.06445195525884628
0.0,False,0.0,0.0,1.999985694885254,8188,0.16513089835643768
0.9998952150344849,True,0.9998897314071655,0.0,1.0000977516174316,8189,0.8308945298194885
0.9933650493621826,True,0.9933595657348633,0.0,1.0066276788711548,8190,0.893445611000061
0.0,False,0.0,0.0,1.9999842643737793,8191,0.10835521668195724
