distractor_warrant_mass,sample_id,support_attention_mass,support_present,support_warrant_mass
0.7191896438598633,6553,0.23197419941425323,True,0.22121472656726837
0.788152277469635,6554,0.16931022703647614,True,0.15556521713733673
0.7083319425582886,6555,0.23154780268669128,True,0.2187967747449875
0.7495901584625244,6556,0.2099977433681488,True,0.20133864879608154
0.7280353307723999,6557,0.2360142022371292,True,0.22669361531734467
0.8885983228683472,6558,0.06438154727220535,True,0.06146639958024025
0.4947439432144165,6559,0.4838131368160248,True,0.46272802352905273
0.5650818943977356,6560,0.4056919813156128,True,0.3778248429298401
0.8811199069023132,6561,0.07799102365970612,True,0.0719321221113205
0.6792466640472412,6562,0.28614699840545654,True,0.27015021443367004
0.7512248754501343,6563,0.20461273193359375,True,0.19160522520542145
0.811129093170166,6564,0.13616019487380981,True,0.12908874452114105
0.7779545783996582,6565,0.18650896847248077,True,0.1783430129289627
0.8926056027412415,6566,0.056382790207862854,True,0.04989589750766754
0.6733905076980591,6567,0.28730013966560364,True,0.275163859128952
0.6763911247253418,6568,0.2822713553905487,True,0.27034425735473633
0.7027363181114197,6569,0.24946220219135284,True,0.2408040165901184
0.4383026361465454,6570,0.5392097234725952,True,0.5166635513305664
0.6181278824806213,6571,0.34792593121528625,True,0.33054840564727783
0.8269984722137451,6572,0.11495377868413925,True,0.10646845400333405
0.7695319056510925,6573,0.18461565673351288,True,0.17646360397338867
0.8490817546844482,6574,0.08644325286149979,True,0.07465402036905289
0.12822325527668,6575,0.8637923002243042,True,0.8133652210235596
0.7482731342315674,6576,0.20364676415920258,True,0.1960185468196869
0.7714349031448364,6577,0.18353992700576782,True,0.1730329990386963
0.8600467443466187,6578,0.10142514109611511,True,0.097415030002594
0.635075032711029,6579,0.3258212208747864,True,0.31032925844192505
0.6987928152084351,6580,0.2608659863471985,True,0.23685942590236664
0.8011693954467773,6581,0.13522160053253174,True,0.12742099165916443
0.42163628339767456,6582,0.5424761772155762,True,0.5057758092880249
0.7790294289588928,6583,0.17635244131088257,True,0.16995824873447418
0.8457026481628418,6584,0.10963363945484161,True,0.10136665403842926
0.3031408190727234,6585,0.6842425465583801,True,0.6582720875740051
0.6072808504104614,6586,0.36017346382141113,True,0.34134864807128906
0.9076117277145386,6587,0.041539017111063004,True,0.03617127239704132
0.81918865442276,6588,0.14267732203006744,True,0.1360122710466385
0.2562573254108429,6589,0.7315542697906494,True,0.6949520111083984
0.5891824960708618,6590,0.3720584511756897,True,0.3577089309692383
0.523582935333252,6591,0.4481521546840668,True,0.42034098505973816
0.7451434135437012,6592,0.2108410894870758,True,0.20058685541152954
0.7080951929092407,6593,0.2516375184059143,True,0.23279786109924316
0.6311913728713989,6594,0.32532772421836853,True,0.3082036077976227
0.5868433117866516,6595,0.38417330384254456,True,0.3630616068840027
0.7360735535621643,6596,0.2190689891576767,True,0.20898222923278809
0.6252403855323792,6597,0.2456693947315216,True,0.22642768919467926
0.7297881841659546,6598,0.2378309667110443,True,0.22756442427635193
0.6703824400901794,6599,0.26691922545433044,True,0.2420450747013092
0.8167406320571899,6600,0.14703699946403503,True,0.1377015858888626
0.3608893156051636,6601,0.6104702353477478,True,0.5742165446281433
0.5832617878913879,6602,0.3773098886013031,True,0.36111021041870117
0.5327253341674805,6603,0.44175034761428833,True,0.41993585228919983
0.7229903936386108,6604,0.23625031113624573,True,0.21941553056240082
0.7633551359176636,6605,0.16161248087882996,True,0.15370813012123108
0.8566640019416809,6606,0.08743632584810257,True,0.08090231567621231
0.6221693754196167,6607,0.35146236419677734,True,0.3316435217857361
0.745107114315033,6608,0.21008720993995667,True,0.19995251297950745
0.7960032820701599,6609,0.1589973121881485,True,0.1515059471130371
0.5156779289245605,6610,0.4534006714820862,True,0.4271181523799896
0.8409762978553772,6611,0.11735811829566956,True,0.11290847510099411
0.5095202922821045,6612,0.4608173668384552,True,0.4372863173484802
0.832011878490448,6613,0.11181923747062683,True,0.10746239870786667
0.7120441198348999,6614,0.22957833111286163,True,0.21498428285121918
0.687690258026123,6615,0.2746242582798004,True,0.2598769962787628
0.8453055620193481,6616,0.1044377014040947,True,0.09583916515111923
0.6728711128234863,6617,0.28043824434280396,True,0.258355975151062
0.8417746424674988,6618,0.11168459057807922,True,0.10736206918954849
0.8449753522872925,6619,0.10320281237363815,True,0.0926123633980751
0.8639709949493408,6620,0.08890749514102936,True,0.08090455830097198
0.22488358616828918,6621,0.7656826972961426,True,0.7351991534233093
0.6878973245620728,6622,0.26942509412765503,True,0.2587100565433502
0.575512170791626,6623,0.3867686688899994,True,0.3644218444824219
0.7945932149887085,6624,0.1684870421886444,True,0.16214393079280853
0.0,6625,0.9999999403953552,True,0.9451605081558228
0.402640163898468,6626,0.5698549747467041,True,0.545170247554779
0.8326236605644226,6627,0.12814602255821228,True,0.11763021349906921
0.8435943722724915,6628,0.1128837987780571,True,0.10506650805473328
0.6371186971664429,6629,0.33376047015190125,True,0.3212704062461853
0.8522012233734131,6630,0.08846303820610046,True,0.08494159579277039
0.555518627166748,6631,0.417721688747406,True,0.40098559856414795
0.6964621543884277,6632,0.26663103699684143,True,0.256797730922699
0.8150191307067871,6633,0.13637295365333557,True,0.12824979424476624
0.7447752952575684,6634,0.21214516460895538,True,0.20384900271892548
0.8718856573104858,6635,0.09497174620628357,True,0.08527698367834091
0.4549449682235718,6636,0.5187515616416931,True,0.49839651584625244
0.7805047631263733,6637,0.17065410315990448,True,0.16314125061035156
0.8411382436752319,6638,0.11269541084766388,True,0.10664016753435135
0.6693054437637329,6639,0.2884739935398102,True,0.27346527576446533
0.6802982091903687,6640,0.28063610196113586,True,0.2677352726459503
0.5119680762290955,6641,0.45648184418678284,True,0.43998488783836365
0.7776895761489868,6642,0.17816370725631714,True,0.16657434403896332
0.7813407182693481,6643,0.16386622190475464,True,0.15719634294509888
0.7629227638244629,6644,0.19831590354442596,True,0.1853746622800827
0.5389541983604431,6645,0.43803220987319946,True,0.4183652400970459
0.8025246858596802,6646,0.14562831819057465,True,0.13112176954746246
0.8492718935012817,6647,0.09023439139127731,True,0.08121757954359055
0.6069823503494263,6648,0.35582780838012695,True,0.34103667736053467
0.7746776938438416,6649,0.16712723672389984,True,0.15756921470165253
0.5773934125900269,6650,0.3966015577316284,True,0.3757721185684204
0.5983098745346069,6651,0.3492019772529602,True,0.33235299587249756
0.7450091242790222,6652,0.20924611389636993,True,0.19316823780536652
0.8692036867141724,6653,0.08394300937652588,True,0.07960817217826843
0.6834416389465332,6654,0.28311824798583984,True,0.26465362310409546
0.772829532623291,6655,0.18879473209381104,True,0.17869362235069275
0.7184993028640747,6656,0.24392937123775482,True,0.22487778961658478
0.6348469257354736,6657,0.3177523612976074,True,0.3017714321613312
0.8516181707382202,6658,0.1015213131904602,True,0.09426245093345642
0.656311571598053,6659,0.2877182066440582,True,0.25774475932121277
0.8072468042373657,6660,0.14638839662075043,True,0.13833048939704895
0.552068829536438,6661,0.3948952853679657,True,0.3662579655647278
0.6261860132217407,6662,0.3357698619365692,True,0.3220837116241455
0.802051305770874,6663,0.1444213092327118,True,0.13910029828548431
0.8299754858016968,6664,0.13146966695785522,True,0.1269906610250473
0.7585009336471558,6665,0.19183441996574402,True,0.18058866262435913
0.8299598693847656,6666,0.12926656007766724,True,0.12444031238555908
0.49430549144744873,6667,0.47497695684432983,True,0.44317758083343506
0.764237642288208,6668,0.19643771648406982,True,0.18282170593738556
0.7864346504211426,6669,0.1663285195827484,True,0.15805648267269135
0.6641885042190552,6670,0.3022761344909668,True,0.2904193699359894
0.8349635601043701,6671,0.12614552676677704,True,0.120937280356884
0.54542475938797,6672,0.41840872168540955,True,0.39690008759498596
0.7688565254211426,6673,0.18698474764823914,True,0.17975066602230072
0.6355351209640503,6674,0.3260851502418518,True,0.29674088954925537
0.8378395438194275,6675,0.11654215306043625,True,0.1090691089630127
0.6165558099746704,6676,0.3407553434371948,True,0.3182976543903351
0.7214624881744385,6677,0.22566178441047668,True,0.2115015983581543
0.6213851571083069,6678,0.33956778049468994,True,0.324168860912323
0.8097436428070068,6679,0.14039237797260284,True,0.1291464865207672
0.6898267269134521,6680,0.2703531086444855,True,0.2528730034828186
0.6649506092071533,6681,0.29232701659202576,True,0.27362266182899475
0.7173030376434326,6682,0.23735444247722626,True,0.22601944208145142
0.770048201084137,6683,0.19190813601016998,True,0.17239795625209808
0.739590048789978,6684,0.22352220118045807,True,0.2128678560256958
0.4957810938358307,6685,0.4673483371734619,True,0.43093186616897583
0.8390123248100281,6686,0.12092363834381104,True,0.11631248891353607
0.8768253922462463,6687,0.08162710815668106,True,0.07578934729099274
0.5995856523513794,6688,0.35590705275535583,True,0.33842048048973083
0.5388959646224976,6689,0.4047427773475647,True,0.38712528347969055
0.8748718500137329,6690,0.08178290724754333,True,0.07779131829738617
0.6244062185287476,6691,0.32836484909057617,True,0.31581997871398926
0.8109868764877319,6692,0.1261426955461502,True,0.12115900963544846
0.6456602215766907,6693,0.3148237466812134,True,0.29564639925956726
0.8511174321174622,6694,0.11194322258234024,True,0.10136102139949799
0.8544065952301025,6695,0.10113248974084854,True,0.09763793647289276
0.90653395652771,6696,0.047769658267498016,True,0.04389261081814766
0.8520749807357788,6697,0.10850606113672256,True,0.104633629322052
0.81617271900177,6698,0.13685831427574158,True,0.1306224912405014
0.7797786593437195,6699,0.1635700762271881,True,0.15396589040756226
0.7620911002159119,6700,0.1806420534849167,True,0.16843760013580322
0.6186692118644714,6701,0.35398226976394653,True,0.34007981419563293
0.5964975953102112,6702,0.3653773069381714,True,0.32643836736679077
0.760393500328064,6703,0.175460085272789,True,0.16020016372203827
0.8148311972618103,6704,0.11954895406961441,True,0.10791244357824326
0.5457020998001099,6705,0.42256084084510803,True,0.39652639627456665
0.5758019089698792,6706,0.3985516130924225,True,0.3817453384399414
0.6805713176727295,6707,0.2789626717567444,True,0.26719948649406433
0.74980628490448,6708,0.21394169330596924,True,0.20472170412540436
0.7142120003700256,6709,0.22848837077617645,True,0.20575685799121857
0.7215871810913086,6710,0.21600933372974396,True,0.20350760221481323
0.8137728571891785,6711,0.14948467910289764,True,0.14402617514133453
0.5451327562332153,6712,0.4286009669303894,True,0.40750306844711304
0.7506375908851624,6713,0.21010996401309967,True,0.19797173142433167
0.7642907500267029,6714,0.19788357615470886,True,0.18932005763053894
0.6124335527420044,6715,0.3570996820926666,True,0.32912677526474
0.4211527109146118,6716,0.5555692315101624,True,0.5294451713562012
0.7697464227676392,6717,0.18431507050991058,True,0.17482884228229523
0.600670576095581,6718,0.3705317974090576,True,0.35595256090164185
0.5121211409568787,6719,0.45201337337493896,True,0.43174979090690613
0.41569918394088745,6720,0.5627948641777039,True,0.5405930876731873
0.6070317029953003,6721,0.35250288248062134,True,0.33767032623291016
0.6808393001556396,6722,0.24286678433418274,True,0.21949152648448944
0.8388221859931946,6723,0.11871124058961868,True,0.11451413482427597
0.6828352808952332,6724,0.2886812388896942,True,0.27620401978492737
0.7104620933532715,6725,0.24396474659442902,True,0.23486468195915222
0.7895152568817139,6726,0.1631184220314026,True,0.15725301206111908
0.6665810942649841,6727,0.2924460768699646,True,0.2765152156352997
0.6088074445724487,6728,0.3596750497817993,True,0.34019380807876587
0.8260197639465332,6729,0.10523118823766708,True,0.09748202562332153
0.18966612219810486,6730,0.7971223592758179,True,0.7538890838623047
0.804418683052063,6731,0.14602257311344147,True,0.1364828646183014
0.6100378632545471,6732,0.3490188419818878,True,0.32821089029312134
0.6596252918243408,6733,0.2798199951648712,True,0.25518670678138733
0.5698693990707397,6734,0.3993681073188782,True,0.37363559007644653
0.523810863494873,6735,0.43602126836776733,True,0.416429340839386
0.45651930570602417,6736,0.5119086503982544,True,0.49073493480682373
0.7385342717170715,6737,0.21719832718372345,True,0.20906966924667358
0.8521522283554077,6738,0.09649860113859177,True,0.09100981056690216
0.8518587350845337,6739,0.10371270775794983,True,0.099697045981884
0.8158536553382874,6740,0.14064913988113403,True,0.1344253122806549
0.6533411741256714,6741,0.31606972217559814,True,0.30140265822410583
0.78644859790802,6742,0.1758672297000885,True,0.16712692379951477
0.8509149551391602,6743,0.11388108879327774,True,0.10814376920461655
0.5098629593849182,6744,0.4655859172344208,True,0.441092848777771
0.6436007618904114,6745,0.31984734535217285,True,0.30260902643203735
0.713313102722168,6746,0.21348348259925842,True,0.19592566788196564
0.6181432604789734,6747,0.3402804732322693,True,0.32613205909729004
0.7479248046875,6748,0.20853950083255768,True,0.19968309998512268
0.7230186462402344,6749,0.23180924355983734,True,0.21937108039855957
0.7782022953033447,6750,0.1829899102449417,True,0.17463693022727966
0.6803774833679199,6751,0.27267834544181824,True,0.25768378376960754
0.7395976781845093,6752,0.21021538972854614,True,0.19469210505485535
0.7345486283302307,6753,0.2307046353816986,True,0.2219962179660797
0.848560094833374,6754,0.0946584939956665,True,0.08224494010210037
0.5780273675918579,6755,0.3912297785282135,True,0.37068650126457214
0.7362098693847656,6756,0.23005948960781097,True,0.21517010033130646
0.6475655436515808,6757,0.3147639036178589,True,0.303762286901474
0.7377787828445435,6758,0.2240341305732727,True,0.21411506831645966
0.7822561264038086,6759,0.18036942183971405,True,0.17167742550373077
0.8182927370071411,6760,0.13846659660339355,True,0.12950503826141357
0.6803061962127686,6761,0.274371474981308,True,0.2566013038158417
0.6934568881988525,6762,0.26936694979667664,True,0.2520493268966675
0.675363302230835,6763,0.27698010206222534,True,0.25552257895469666
0.09890710562467575,6764,0.8874092102050781,True,0.8458442091941833
0.6902903914451599,6765,0.2716521918773651,True,0.2505069375038147
0.6787512302398682,6766,0.2776064872741699,True,0.2657685875892639
0.789705753326416,6767,0.1686200499534607,True,0.16065086424350739
0.7993727922439575,6768,0.15645968914031982,True,0.1408621072769165
0.7286213636398315,6769,0.22848783433437347,True,0.2150976061820984
0.709581732749939,6770,0.25280433893203735,True,0.24204882979393005
0.7850311994552612,6771,0.16656121611595154,True,0.1595880091190338
0.7505415678024292,6772,0.1976308524608612,True,0.1870279461145401
0.6194866895675659,6773,0.3425025939941406,True,0.32250308990478516
0.6895897388458252,6774,0.27883243560791016,True,0.26658886671066284
0.8162186145782471,6775,0.128009632229805,True,0.12284886091947556
0.7628711462020874,6776,0.19513487815856934,True,0.18568091094493866
0.8613722324371338,6777,0.09952044486999512,True,0.09220090508460999
0.8716953992843628,6778,0.0791550800204277,True,0.07358473539352417
0.800094485282898,6779,0.15519225597381592,True,0.14687785506248474
0.5969586372375488,6780,0.3722030222415924,True,0.3530396521091461
0.1239936426281929,6781,0.8701492547988892,True,0.8304336071014404
0.7872976064682007,6782,0.17647568881511688,True,0.16909608244895935
0.7561352849006653,6783,0.1997421383857727,True,0.18880747258663177
0.7793199419975281,6784,0.1769334375858307,True,0.16867072880268097
0.8148477077484131,6785,0.12147710472345352,True,0.11683423817157745
0.7870234251022339,6786,0.15937966108322144,True,0.15038537979125977
0.8286353349685669,6787,0.12752968072891235,True,0.12274865061044693
0.7315695285797119,6788,0.2277539074420929,True,0.21714329719543457
0.7715498208999634,6789,0.19059261679649353,True,0.17535912990570068
0.741004467010498,6790,0.20422156155109406,True,0.1889025717973709
0.7325880527496338,6791,0.2105979472398758,True,0.1930680125951767
0.8079751133918762,6792,0.14666850864887238,True,0.13345590233802795
0.5493125319480896,6793,0.42211493849754333,True,0.40562471747398376
0.8045226335525513,6794,0.15318383276462555,True,0.1454753428697586
0.7079182863235474,6795,0.2552815079689026,True,0.24158897995948792
0.752785325050354,6796,0.20925810933113098,True,0.1992134302854538
0.7041012048721313,6797,0.25233545899391174,True,0.24259595572948456
0.6569508910179138,6798,0.28961020708084106,True,0.27775856852531433
0.7065038681030273,6799,0.24465395510196686,True,0.2339838147163391
0.5669078230857849,6800,0.3943120837211609,True,0.369366854429245
0.7996715307235718,6801,0.14993098378181458,True,0.1428922563791275
0.8448871970176697,6802,0.09967201948165894,True,0.09268904477357864
0.818446934223175,6803,0.13598667085170746,True,0.12223820388317108
0.7046905755996704,6804,0.2535659074783325,True,0.24028445780277252
0.6093894839286804,6805,0.36224380135536194,True,0.3457292318344116
0.7932079434394836,6806,0.15377335250377655,True,0.14631523191928864
0.7633333206176758,6807,0.19225865602493286,True,0.18385136127471924
0.8375977873802185,6808,0.1261415034532547,True,0.12114440649747849
0.7603625059127808,6809,0.19588112831115723,True,0.18777209520339966
0.7191954851150513,6810,0.23730982840061188,True,0.2251855880022049
0.7352331280708313,6811,0.22619077563285828,True,0.21536804735660553
0.6782275438308716,6812,0.2677684724330902,True,0.2525056302547455
0.8118604421615601,6813,0.1532939225435257,True,0.14524877071380615
0.8167098760604858,6814,0.1429290473461151,True,0.13391901552677155
0.8038263320922852,6815,0.15655912458896637,True,0.149076908826828
0.666475772857666,6816,0.2881052494049072,True,0.2755931615829468
0.5617104768753052,6817,0.40411221981048584,True,0.3887248635292053
0.8497282266616821,6818,0.11141239106655121,True,0.10733404755592346
0.6646775007247925,6819,0.3020315170288086,True,0.28367841243743896
0.69218909740448,6820,0.27125445008277893,True,0.26007044315338135
0.6078550815582275,6821,0.35192254185676575,True,0.3331183195114136
0.5565908551216125,6822,0.41616129875183105,True,0.4001264274120331
0.6551187038421631,6823,0.3057122230529785,True,0.2876684367656708
0.6193903684616089,6824,0.3486596345901489,True,0.32871848344802856
0.5661160945892334,6825,0.40773364901542664,True,0.37224477529525757
0.6550475358963013,6826,0.3179587423801422,True,0.3061012029647827
0.6927619576454163,6827,0.27274051308631897,True,0.2609013617038727
0.5733122229576111,6828,0.39354920387268066,True,0.3771505355834961
0.7517129182815552,6829,0.2093515694141388,True,0.1999206244945526
0.6331102848052979,6830,0.32102495431900024,True,0.29750433564186096
0.6910580396652222,6831,0.2688707411289215,True,0.25533345341682434
0.6699784994125366,6832,0.27152493596076965,True,0.2585221529006958
0.8198037147521973,6833,0.14368167519569397,True,0.1372000277042389
0.5393514633178711,6834,0.42437511682510376,True,0.3939788341522217
0.8190956115722656,6835,0.14200280606746674,True,0.13554677367210388
0.8561273813247681,6836,0.10438431054353714,True,0.0995686948299408
0.719153106212616,6837,0.24307046830654144,True,0.23183199763298035
0.8437681198120117,6838,0.11038602143526077,True,0.10485783219337463
0.8730206489562988,6839,0.08583098649978638,True,0.07711384445428848
0.773418664932251,6840,0.1846415400505066,True,0.1754784882068634
0.7749822735786438,6841,0.1826893538236618,True,0.17319932579994202
0.8417239785194397,6842,0.10373890399932861,True,0.09936505556106567
0.3679353892803192,6843,0.5975887775421143,True,0.5688557028770447
0.829318642616272,6844,0.11315256357192993,True,0.10508698225021362
0.7246283292770386,6845,0.2231755554676056,True,0.2047417312860489
0.8350793123245239,6846,0.12508505582809448,True,0.11923990398645401
0.8744891881942749,6847,0.07223349809646606,True,0.06535538285970688
0.763719916343689,6848,0.19051973521709442,True,0.17964300513267517
0.6304921507835388,6849,0.3381868302822113,True,0.32392820715904236
0.5519564151763916,6850,0.4193671643733978,True,0.400040864944458
0.5862946510314941,6851,0.3840123414993286,True,0.36222362518310547
0.7350257039070129,6852,0.2210303544998169,True,0.21197837591171265
0.8354308605194092,6853,0.11031574010848999,True,0.10517462342977524
0.7045645117759705,6854,0.25812050700187683,True,0.24315261840820312
0.6621490716934204,6855,0.3070387542247772,True,0.29359009861946106
0.5854701995849609,6856,0.38876938819885254,True,0.37543174624443054
0.5219529271125793,6857,0.44045692682266235,True,0.4191581606864929
0.8062357902526855,6858,0.15381360054016113,True,0.14803755283355713
0.6310949325561523,6859,0.3271545469760895,True,0.3109130561351776
0.7583960294723511,6860,0.19612716138362885,True,0.18138235807418823
0.8469914197921753,6861,0.09837428480386734,True,0.09336163103580475
0.7632485628128052,6862,0.17763617634773254,True,0.16794636845588684
0.6027953624725342,6863,0.36051350831985474,True,0.3392567038536072
0.7543401122093201,6864,0.20467771589756012,True,0.1927746683359146
0.7272423505783081,6865,0.2393198311328888,True,0.2228936105966568
0.8744964599609375,6866,0.07895739376544952,True,0.06867936998605728
0.7880449891090393,6867,0.18006631731987,True,0.1730743944644928
0.6881132125854492,6868,0.27429842948913574,True,0.258839875459671
0.828874945640564,6869,0.12712180614471436,True,0.12231716513633728
0.4973869323730469,6870,0.4751688838005066,True,0.4442559480667114
0.737432599067688,6871,0.22606711089611053,True,0.2167406529188156
0.8610517978668213,6872,0.09202248603105545,True,0.08843626827001572
0.6212947964668274,6873,0.3407365679740906,True,0.32225874066352844
0.7318545579910278,6874,0.21726736426353455,True,0.20904096961021423
0.7720397710800171,6875,0.18169762194156647,True,0.17420421540737152
0.7229873538017273,6876,0.23347574472427368,True,0.21857988834381104
0.7329310178756714,6877,0.2163960039615631,True,0.20404134690761566
0.7751027941703796,6878,0.18498992919921875,True,0.1770774871110916
0.8128448724746704,6879,0.13559365272521973,True,0.1297047883272171
0.7864422798156738,6880,0.16983342170715332,True,0.16240163147449493
0.6608522534370422,6881,0.2983285188674927,True,0.28200963139533997
0.602799654006958,6882,0.3681902587413788,True,0.35061222314834595
0.6507978439331055,6883,0.3087041974067688,True,0.2841448187828064
0.49407291412353516,6884,0.4762641489505768,True,0.4577866196632385
0.7903540134429932,6885,0.17051438987255096,True,0.16278550028800964
0.868283748626709,6886,0.09117627143859863,True,0.08660602569580078
0.8227043151855469,6887,0.14244289696216583,True,0.1340249627828598
0.5489386320114136,6888,0.4148411452770233,True,0.393443763256073
0.7039027810096741,6889,0.2507812976837158,True,0.23627489805221558
0.8074250221252441,6890,0.1435171663761139,True,0.13670112192630768
0.9067142009735107,6891,0.04556873440742493,True,0.04021134227514267
0.6384145021438599,6892,0.32529744505882263,True,0.30642253160476685
0.5565140247344971,6893,0.4079238772392273,True,0.39144331216812134
0.6918734312057495,6894,0.2758687436580658,True,0.26083311438560486
0.21334686875343323,6895,0.7767822742462158,True,0.7402101755142212
0.7324367761611938,6896,0.22174108028411865,True,0.20820176601409912
0.6980698704719543,6897,0.27056634426116943,True,0.25830763578414917
0.6133528351783752,6898,0.35580113530158997,True,0.33395373821258545
0.6580910682678223,6899,0.2992701828479767,True,0.2824203372001648
0.0,6900,1.0,True,0.9265804290771484
0.7502527236938477,6901,0.19182561337947845,True,0.17925572395324707
0.785235583782196,6902,0.16383731365203857,True,0.1518150269985199
0.7089922428131104,6903,0.25871649384498596,True,0.24860481917858124
0.655164897441864,6904,0.29903432726860046,True,0.2760784327983856
0.8588828444480896,6905,0.08913255482912064,True,0.08544937521219254
0.6463929414749146,6906,0.321416437625885,True,0.3083430230617523
0.5926026701927185,6907,0.3774169683456421,True,0.35573339462280273
0.6425542831420898,6908,0.3218730092048645,True,0.30610689520835876
0.8644797801971436,6909,0.09453703463077545,True,0.09042268991470337
0.7326034307479858,6910,0.2228347361087799,True,0.19874830543994904
0.7333340048789978,6911,0.18301159143447876,True,0.15493717789649963
0.4881405234336853,6912,0.47494372725486755,True,0.4560773968696594
0.7434159517288208,6913,0.18780091404914856,True,0.17929507791996002
0.5340222120285034,6914,0.4351685643196106,True,0.41276925802230835
0.8590548634529114,6915,0.09967484325170517,True,0.0950406938791275
0.4792819619178772,6916,0.4894116520881653,True,0.4699656367301941
0.7587953805923462,6917,0.19398653507232666,True,0.17798204720020294
0.19039759039878845,6918,0.795927882194519,True,0.7482916116714478
0.5390980243682861,6919,0.43488192558288574,True,0.4194486737251282
0.47697412967681885,6920,0.4915442168712616,True,0.47164246439933777
0.7475599646568298,6921,0.2178155779838562,True,0.20920448005199432
0.6616138219833374,6922,0.2879656255245209,True,0.2681014835834503
0.7755236625671387,6923,0.1819806694984436,True,0.17540878057479858
0.7673617005348206,6924,0.196550652384758,True,0.18450307846069336
0.8583089113235474,6925,0.0953286737203598,True,0.0916655957698822
0.8348767161369324,6926,0.11777988076210022,True,0.10994105041027069
0.6065302491188049,6927,0.3622458875179291,True,0.34869417548179626
0.8285151720046997,6928,0.12166846543550491,True,0.11362520605325699
0.5997358560562134,6929,0.3732483685016632,True,0.35695433616638184
0.4502786099910736,6930,0.5269032120704651,True,0.48747605085372925
0.8408070802688599,6931,0.11543489992618561,True,0.10800506919622421
0.8086299896240234,6932,0.13521718978881836,True,0.12433134764432907
0.7802742719650269,6933,0.1589481085538864,True,0.14808350801467896
0.7987935543060303,6934,0.15725968778133392,True,0.1505383551120758
0.49770432710647583,6935,0.4677177965641022,True,0.447829931974411
0.8268599510192871,6936,0.130703866481781,True,0.12250377982854843
0.6820051670074463,6937,0.2727346122264862,True,0.25870567560195923
0.5957784056663513,6938,0.362841933965683,True,0.34266650676727295
0.6418443918228149,6939,0.3189466595649719,True,0.3046190142631531
0.8381422162055969,6940,0.12112262845039368,True,0.11513441056013107
0.8441998362541199,6941,0.11479207873344421,True,0.11063486337661743
0.7279682755470276,6942,0.21721111238002777,True,0.20869919657707214
0.821366548538208,6943,0.12967488169670105,True,0.12096352130174637
0.5488542914390564,6944,0.4191385507583618,True,0.4004342555999756
0.807682991027832,6945,0.14482730627059937,True,0.13375958800315857
0.8457561731338501,6946,0.11472523957490921,True,0.11026524007320404
0.47799551486968994,6947,0.4974513053894043,True,0.4747205972671509
0.678058922290802,6948,0.2817133367061615,True,0.26740533113479614
0.6066630482673645,6949,0.3667706251144409,True,0.3491324186325073
0.7879377603530884,6950,0.16314086318016052,True,0.1522817611694336
0.527411699295044,6951,0.43565261363983154,True,0.4189320206642151
0.7361404299736023,6952,0.15090139210224152,True,0.13467353582382202
0.6917229890823364,6953,0.27385640144348145,True,0.2641633152961731
0.4546434283256531,6954,0.5213760733604431,True,0.49911582469940186
0.8738187551498413,6955,0.07791310548782349,True,0.07460945844650269
0.5462608933448792,6956,0.4251883029937744,True,0.4078831672668457
0.7967513799667358,6957,0.16233736276626587,True,0.15350958704948425
0.8124585151672363,6958,0.1475222110748291,True,0.14119307696819305
0.744554340839386,6959,0.2166585475206375,True,0.20244479179382324
0.763654887676239,6960,0.19423559308052063,True,0.18356312811374664
0.5860586166381836,6961,0.38490793108940125,True,0.3678567409515381
0.5417911410331726,6962,0.4149300754070282,True,0.38177919387817383
0.6264898180961609,6963,0.3346673846244812,True,0.3194418251514435
0.7760393023490906,6964,0.18705780804157257,True,0.17585891485214233
0.8351733684539795,6965,0.12392348796129227,True,0.11384543031454086
0.17513050138950348,6966,0.8123127818107605,True,0.7809887528419495
0.8606622219085693,6967,0.084149070084095,True,0.07936622947454453
0.8070394992828369,6968,0.15191487967967987,True,0.1418289989233017
0.6828529834747314,6969,0.27399274706840515,True,0.25984111428260803
0.6449481844902039,6970,0.3196927309036255,True,0.30556243658065796
0.7570167183876038,6971,0.1879274994134903,True,0.1787731945514679
0.696894109249115,6972,0.2653453052043915,True,0.25089550018310547
0.7589370608329773,6973,0.20021401345729828,True,0.18882068991661072
0.7793024778366089,6974,0.16016975045204163,True,0.14964310824871063
0.7760946750640869,6975,0.17201827466487885,True,0.16413912177085876
0.596222996711731,6976,0.3693913221359253,True,0.35607555508613586
0.3722948729991913,6977,0.6014958024024963,True,0.574897825717926
0.8130276203155518,6978,0.14974617958068848,True,0.1360597163438797
0.34365615248680115,6979,0.6337050199508667,True,0.6023920774459839
0.890300989151001,6980,0.05257595703005791,True,0.04508882015943527
0.7286900877952576,6981,0.22316113114356995,True,0.20956481993198395
0.8156306743621826,6982,0.1324627697467804,True,0.1209777370095253
0.5115111470222473,6983,0.45874303579330444,True,0.4402177929878235
0.6363497972488403,6984,0.3203039765357971,True,0.30612218379974365
0.7861358523368835,6985,0.16132885217666626,True,0.14825299382209778
0.8452836871147156,6986,0.11039277166128159,True,0.10643888264894485
0.8433692455291748,6987,0.10997942090034485,True,0.10617708414793015
0.7596467733383179,6988,0.19123433530330658,True,0.18355311453342438
0.7191470265388489,6989,0.24357113242149353,True,0.22817495465278625
0.8204472064971924,6990,0.1416090875864029,True,0.1328180581331253
0.816386878490448,6991,0.14180058240890503,True,0.1329023838043213
0.6056720018386841,6992,0.3567068576812744,True,0.33615949749946594
0.47098127007484436,6993,0.4987664520740509,True,0.47351551055908203
0.7337334156036377,6994,0.21304535865783691,True,0.20496059954166412
0.6660177707672119,6995,0.29885977506637573,True,0.28746497631073
0.7583484649658203,6996,0.1781517118215561,True,0.17074145376682281
0.784889280796051,6997,0.1798601746559143,True,0.17183607816696167
0.8048489093780518,6998,0.13849835097789764,True,0.1320282518863678
0.7734226584434509,6999,0.17191898822784424,True,0.14559562504291534
0.6417914628982544,7000,0.32092350721359253,True,0.3000432550907135
0.6687520742416382,7001,0.2893085479736328,True,0.2722627520561218
0.7481217384338379,7002,0.21658001840114594,True,0.2042791247367859
0.6725723743438721,7003,0.2629238963127136,True,0.24642902612686157
0.594476580619812,7004,0.3721362352371216,True,0.35000211000442505
0.5354083180427551,7005,0.42314767837524414,True,0.3919553756713867
0.7102211713790894,7006,0.20804275572299957,True,0.18420228362083435
0.8606892824172974,7007,0.08883287757635117,True,0.08530374616384506
0.6880376935005188,7008,0.27490234375,True,0.25971898436546326
0.8006482124328613,7009,0.16070599853992462,True,0.15507923066616058
0.5832341909408569,7010,0.39024728536605835,True,0.37320226430892944
0.7739454507827759,7011,0.18477492034435272,True,0.17158664762973785
0.0,7012,1.0,True,0.9094884395599365
0.8305518627166748,7013,0.128343403339386,True,0.12097989022731781
0.8240569233894348,7014,0.13787680864334106,True,0.13134080171585083
0.6508016586303711,7015,0.31351521611213684,True,0.30098357796669006
0.668852686882019,7016,0.2975862920284271,True,0.2828420400619507
0.8381998538970947,7017,0.11372506618499756,True,0.10834410786628723
0.5796202421188354,7018,0.38279062509536743,True,0.36741775274276733
0.8414973616600037,7019,0.11345411092042923,True,0.1057458221912384
0.858884334564209,7020,0.09871041774749756,True,0.0898229107260704
0.7429310083389282,7021,0.20918141305446625,True,0.19996751844882965
0.8781400918960571,7022,0.07180623710155487,True,0.06871701031923294
0.7090857625007629,7023,0.24740654230117798,True,0.2317291647195816
0.36314764618873596,7024,0.6142273545265198,True,0.5865793824195862
0.9007741808891296,7025,0.053416356444358826,True,0.04736289009451866
0.6541562080383301,7026,0.30180686712265015,True,0.28889894485473633
0.8407670855522156,7027,0.11589387059211731,True,0.1116916686296463
0.8335577249526978,7028,0.1177174374461174,True,0.10347683727741241
0.8297557830810547,7029,0.11019483208656311,True,0.1037101075053215
0.804914116859436,7030,0.1490507572889328,True,0.14287897944450378
0.7539283037185669,7031,0.20674344897270203,True,0.1984858214855194
0.7058979272842407,7032,0.26274824142456055,True,0.2481680065393448
0.7438545227050781,7033,0.21705718338489532,True,0.20589008927345276
0.7571852207183838,7034,0.19019189476966858,True,0.18333324790000916
0.7287998795509338,7035,0.2317275106906891,True,0.2197769284248352
0.8075112104415894,7036,0.1375683844089508,True,0.1238183006644249
0.8575161695480347,7037,0.09882260113954544,True,0.090986467897892
0.3882555365562439,7038,0.5660831928253174,True,0.5357652306556702
0.5455966591835022,7039,0.41623497009277344,True,0.39546728134155273
0.8593063950538635,7040,0.09481840580701828,True,0.08876177668571472
0.8404125571250916,7041,0.1187359020113945,True,0.11389535665512085
0.8125598430633545,7042,0.1484319120645523,True,0.1399713158607483
0.6703630685806274,7043,0.2870323359966278,True,0.2622477114200592
0.8121706247329712,7044,0.13200251758098602,True,0.12360095232725143
0.6734129190444946,7045,0.2891358435153961,True,0.27693209052085876
0.7738850116729736,7046,0.17394961416721344,True,0.16636840999126434
0.8095126152038574,7047,0.12727802991867065,True,0.122135691344738
0.5659722089767456,7048,0.35901176929473877,True,0.3274660110473633
0.6461585760116577,7049,0.3218861520290375,True,0.30781984329223633
0.7475101947784424,7050,0.2119034379720688,True,0.1936313360929489
0.46484994888305664,7051,0.5138500928878784,True,0.4912481904029846
0.8017246127128601,7052,0.15547411143779755,True,0.14608776569366455
0.6139929294586182,7053,0.3425045609474182,True,0.3296281695365906
0.7404258251190186,7054,0.21526099741458893,True,0.20529226958751678
0.4941725432872772,7055,0.47985076904296875,True,0.4605289101600647
0.8105200529098511,7056,0.13367098569869995,True,0.12372010946273804
0.7027484178543091,7057,0.26062819361686707,True,0.24718399345874786
0.814322292804718,7058,0.13746818900108337,True,0.12928062677383423
0.8044947981834412,7059,0.15308257937431335,True,0.14753711223602295
0.8030340671539307,7060,0.16484348475933075,True,0.15754908323287964
0.7139443159103394,7061,0.24583318829536438,True,0.2309216856956482
0.4827386140823364,7062,0.4955710172653198,True,0.46539121866226196
0.7462862133979797,7063,0.21176590025424957,True,0.20038342475891113
0.8277256488800049,7064,0.11729362607002258,True,0.11272448301315308
0.9159016013145447,7065,0.03742583468556404,True,0.03226696327328682
0.5158511400222778,7066,0.45032548904418945,True,0.4264183044433594
0.7097388505935669,7067,0.2525790333747864,True,0.24073494970798492
0.8077788949012756,7068,0.13940654695034027,True,0.13078999519348145
0.7683948874473572,7069,0.19746074080467224,True,0.18536406755447388
0.8694405555725098,7070,0.08483243733644485,True,0.0800173431634903
0.755689799785614,7071,0.1856050193309784,True,0.17846481502056122
0.6877622604370117,7072,0.27254635095596313,True,0.2601253390312195
0.6645917296409607,7073,0.29992157220840454,True,0.27684319019317627
0.7758760452270508,7074,0.18756987154483795,True,0.17877770960330963
0.8738760948181152,7075,0.08127289265394211,True,0.07648800313472748
0.8877292275428772,7076,0.06501658260822296,True,0.05808379128575325
0.6847056746482849,7077,0.2780645489692688,True,0.2651011645793915
0.718519926071167,7078,0.23055559396743774,True,0.2199607491493225
0.7832367420196533,7079,0.17974404990673065,True,0.17307355999946594
0.6426593065261841,7080,0.3306690454483032,True,0.3125803768634796
0.83458411693573,7081,0.12329071760177612,True,0.1186039075255394
0.836349368095398,7082,0.11874822527170181,True,0.11346915364265442
0.7916043996810913,7083,0.16292551159858704,True,0.15277986228466034
0.753604531288147,7084,0.20473632216453552,True,0.19263231754302979
0.5273482203483582,7085,0.4475805163383484,True,0.42431461811065674
0.8350390195846558,7086,0.11257142573595047,True,0.10820987075567245
0.8814325332641602,7087,0.07147648930549622,True,0.06412733346223831
0.8646115064620972,7088,0.08420770615339279,True,0.07562308013439178
0.5619494915008545,7089,0.4078029990196228,True,0.38861849904060364
0.4219869077205658,7090,0.5417554378509521,True,0.5216732621192932
0.865228533744812,7091,0.0844346210360527,True,0.07611923664808273
0.7638359069824219,7092,0.19385625422000885,True,0.18397992849349976
0.7591084837913513,7093,0.20337437093257904,True,0.19422107934951782
0.8293613791465759,7094,0.11968312412500381,True,0.11516048014163971
0.48793280124664307,7095,0.47972846031188965,True,0.4583158493041992
0.830470085144043,7096,0.12457682937383652,True,0.11205711215734482
0.47793176770210266,7097,0.4950643479824066,True,0.4698561429977417
0.8621994256973267,7098,0.08927889168262482,True,0.0842936709523201
0.8163377642631531,7099,0.13547135889530182,True,0.12994696199893951
0.8554632663726807,7100,0.10395612567663193,True,0.0992019921541214
0.8633720874786377,7101,0.09300073236227036,True,0.08567928522825241
0.505553662776947,7102,0.4696911573410034,True,0.4450088441371918
0.8411738276481628,7103,0.12020115554332733,True,0.11221455037593842
0.6636629700660706,7104,0.29646387696266174,True,0.28355392813682556
0.8175743818283081,7105,0.141819030046463,True,0.1359148770570755
0.5950549840927124,7106,0.3717867434024811,True,0.3553832173347473
0.4990239143371582,7107,0.47973549365997314,True,0.4534938335418701
0.6228919625282288,7108,0.34101858735084534,True,0.32013872265815735
0.7679457664489746,7109,0.19864022731781006,True,0.1842188984155655
0.7281976342201233,7110,0.23303218185901642,True,0.21968138217926025
0.7515112161636353,7111,0.20950807631015778,True,0.1971380114555359
0.696959376335144,7112,0.26674652099609375,True,0.25522685050964355
0.6670892834663391,7113,0.30350497364997864,True,0.2930088937282562
0.7639315724372864,7114,0.1915544718503952,True,0.182154580950737
0.7083320617675781,7115,0.2548099160194397,True,0.24290230870246887
0.7917921543121338,7116,0.1653827428817749,True,0.15690839290618896
0.8128434419631958,7117,0.14997972548007965,True,0.14153499901294708
0.7628237009048462,7118,0.1752573698759079,True,0.16426260769367218
0.8052535653114319,7119,0.1304810792207718,True,0.12414377927780151
0.7464510202407837,7120,0.21672697365283966,True,0.20879198610782623
0.5479381084442139,7121,0.4194503724575043,True,0.3955979347229004
0.7376399040222168,7122,0.2241191267967224,True,0.2152090072631836
0.8615840673446655,7123,0.0926220566034317,True,0.08855457603931427
0.730491578578949,7124,0.2245425134897232,True,0.21173997223377228
0.774574339389801,7125,0.16457340121269226,True,0.1545843929052353
0.6945884823799133,7126,0.2729949653148651,True,0.261489599943161
0.6471428871154785,7127,0.3141288757324219,True,0.29887914657592773
0.7676938772201538,7128,0.19711719453334808,True,0.18839311599731445
0.4384946823120117,7129,0.5274140238761902,True,0.49724406003952026
0.5618368983268738,7130,0.4078691005706787,True,0.3847001791000366
0.7947057485580444,7131,0.15119776129722595,True,0.14407338201999664
0.7677696943283081,7132,0.19228000938892365,True,0.1794566661119461
0.517997145652771,7133,0.45179879665374756,True,0.43301570415496826
0.477486789226532,7134,0.49359530210494995,True,0.47223836183547974
0.8277300596237183,7135,0.12812155485153198,True,0.12094433605670929
0.6068935394287109,7136,0.361602246761322,True,0.34544554352760315
0.3237009048461914,7137,0.6468693614006042,True,0.6216387748718262
0.5367730855941772,7138,0.4361307621002197,True,0.418010950088501
0.83283531665802,7139,0.13351723551750183,True,0.12775394320487976
0.80736243724823,7140,0.12279263138771057,True,0.10549017041921616
0.3892991542816162,7141,0.5831091403961182,True,0.5570901036262512
0.8512978553771973,7142,0.1107914000749588,True,0.10249122977256775
0.6759190559387207,7143,0.29004308581352234,True,0.27825120091438293
0.6178733706474304,7144,0.3543875217437744,True,0.33690163493156433
0.5357348322868347,7145,0.43178504705429077,True,0.4128202795982361
0.7142843008041382,7146,0.24753977358341217,True,0.23914861679077148
0.4921480417251587,7147,0.45824936032295227,True,0.43332886695861816
0.7334686517715454,7148,0.2028651237487793,True,0.1939883679151535
0.6783974170684814,7149,0.281516969203949,True,0.266010046005249
0.7667009234428406,7150,0.1782131791114807,True,0.17044271528720856
0.6633604764938354,7151,0.30265527963638306,True,0.29007402062416077
0.600344717502594,7152,0.37184298038482666,True,0.3478706479072571
0.6188140511512756,7153,0.3523270785808563,True,0.33719637989997864
0.8220083713531494,7154,0.1294269859790802,True,0.12420593202114105
0.7508642673492432,7155,0.21223308145999908,True,0.20153477787971497
0.8320493698120117,7156,0.12941405177116394,True,0.12434057146310806
0.46845829486846924,7157,0.5045329928398132,True,0.48310980200767517
0.051482610404491425,7158,0.9396346807479858,True,0.8696854114532471
0.5830274820327759,7159,0.38483887910842896,True,0.36862942576408386
0.8946605920791626,7160,0.054336272180080414,True,0.048318732529878616
0.8013392686843872,7161,0.15529589354991913,True,0.14362959563732147
0.7272012233734131,7162,0.2304900586605072,True,0.2174137830734253
0.6381607055664062,7163,0.32766440510749817,True,0.31711888313293457
0.7187227010726929,7164,0.24578171968460083,True,0.22902986407279968
0.4285884499549866,7165,0.5452180504798889,True,0.520584762096405
0.7295466065406799,7166,0.23646412789821625,True,0.2191041111946106
0.786797285079956,7167,0.16350099444389343,True,0.15702347457408905
0.4997153580188751,7168,0.4785783290863037,True,0.45560985803604126
0.84525465965271,7169,0.11200591921806335,True,0.10776203125715256
0.7048214673995972,7170,0.24868914484977722,True,0.2380070686340332
0.6955989599227905,7171,0.2661535143852234,True,0.2535407841205597
0.3616209030151367,7172,0.6224014759063721,True,0.596900224685669
0.8683193325996399,7173,0.09065744280815125,True,0.08513332903385162
0.6986144185066223,7174,0.2628663182258606,True,0.2518739402294159
0.7362041473388672,7175,0.22352439165115356,True,0.211725115776062
0.6064683198928833,7176,0.3578846752643585,True,0.343111127614975
0.8015311360359192,7177,0.147000253200531,True,0.14049524068832397
0.8808577656745911,7178,0.06342148780822754,True,0.06065608561038971
0.7671307921409607,7179,0.1911756545305252,True,0.1797424554824829
0.7196539640426636,7180,0.24550683796405792,True,0.22762495279312134
0.677763819694519,7181,0.2894715964794159,True,0.2758823037147522
0.7551136016845703,7182,0.1918652206659317,True,0.18528398871421814
0.647645115852356,7183,0.30629658699035645,True,0.29364272952079773
0.44792497158050537,7184,0.5202792882919312,True,0.4879922568798065
0.5625134706497192,7185,0.40576720237731934,True,0.3894345164299011
0.6568294763565063,7186,0.3122198283672333,True,0.29378771781921387
0.7227351665496826,7187,0.1990949958562851,True,0.19052226841449738
0.7815698981285095,7188,0.17670246958732605,True,0.16465716063976288
0.7637066841125488,7189,0.19283165037631989,True,0.18439820408821106
0.7711157202720642,7190,0.1867026835680008,True,0.17813414335250854
0.8167111873626709,7191,0.1419178694486618,True,0.13454751670360565
0.6657910346984863,7192,0.29017722606658936,True,0.2752954959869385
0.8034185767173767,7193,0.16038550436496735,True,0.15473999083042145
0.5995315313339233,7194,0.35879042744636536,True,0.34368956089019775
0.8012806177139282,7195,0.15659818053245544,True,0.1501632034778595
0.7128903865814209,7196,0.2560455799102783,True,0.24143968522548676
0.8533614873886108,7197,0.09257921576499939,True,0.08844637125730515
0.8690110445022583,7198,0.08744554221630096,True,0.08143304288387299
0.7245197296142578,7199,0.2422512322664261,True,0.231900155544281
0.5136775374412537,7200,0.4599197804927826,True,0.44019997119903564
0.7353825569152832,7201,0.21851730346679688,True,0.20594297349452972
0.7497040033340454,7202,0.2069804072380066,True,0.19562317430973053
0.7356704473495483,7203,0.2321995496749878,True,0.21917012333869934
0.7473629713058472,7204,0.21600480377674103,True,0.20414923131465912
0.7347844839096069,7205,0.2243085354566574,True,0.20827214419841766
0.7478171586990356,7206,0.20136605203151703,True,0.19048427045345306
0.0,7207,1.0,True,0.9464002847671509
0.7553378939628601,7208,0.20115536451339722,True,0.1919012814760208
0.7688056230545044,7209,0.17939528822898865,True,0.16791871190071106
0.7510403394699097,7210,0.20376984775066376,True,0.1877148300409317
0.5776365995407104,7211,0.3958664834499359,True,0.3798496723175049
0.6773041486740112,7212,0.2755582332611084,True,0.26178303360939026
0.7664011120796204,7213,0.17685756087303162,True,0.16201317310333252
0.5241522192955017,7214,0.4183816909790039,True,0.37979429960250854
0.7368138432502747,7215,0.23096981644630432,True,0.21948695182800293
0.1016809493303299,7216,0.8940129280090332,True,0.8487260341644287
0.4474751651287079,7217,0.5233402252197266,True,0.4827753007411957
0.8087618350982666,7218,0.1479448527097702,True,0.1402837485074997
0.786666214466095,7219,0.16077104210853577,True,0.15215584635734558
0.5198941230773926,7220,0.4435284435749054,True,0.4135783910751343
0.5785480737686157,7221,0.3785795569419861,True,0.36425796151161194
0.4851354658603668,7222,0.4875927269458771,True,0.4602357745170593
0.5824818015098572,7223,0.3927444815635681,True,0.37354305386543274
0.8405486345291138,7224,0.11619612574577332,True,0.11196387559175491
0.427730530500412,7225,0.5432002544403076,True,0.5054944753646851
0.7040810585021973,7226,0.24984505772590637,True,0.23990276455879211
0.6077302098274231,7227,0.3580110967159271,True,0.33195868134498596
0.8692458271980286,7228,0.09003321826457977,True,0.0868254005908966
0.6090818047523499,7229,0.3580416440963745,True,0.34220457077026367
0.7213349342346191,7230,0.23508766293525696,True,0.2246066927909851
0.7096173763275146,7231,0.24526208639144897,True,0.2343558520078659
0.7917375564575195,7232,0.15905949473381042,True,0.1520024836063385
0.8252205848693848,7233,0.13395459949970245,True,0.12872661650180817
0.7470117211341858,7234,0.21556000411510468,True,0.19747091829776764
0.6423006057739258,7235,0.2907019853591919,True,0.2628185749053955
0.70276939868927,7236,0.2489963173866272,True,0.2360551804304123
0.8858126401901245,7237,0.06940771639347076,True,0.06397316604852676
0.7555772066116333,7238,0.1983674317598343,True,0.18914182484149933
0.7637096643447876,7239,0.20463863015174866,True,0.19585704803466797
0.5169972777366638,7240,0.43525224924087524,True,0.412027508020401
0.7529796957969666,7241,0.2090984731912613,True,0.20023272931575775
0.8552902340888977,7242,0.09975813329219818,True,0.09519527107477188
0.700261116027832,7243,0.25601789355278015,True,0.2430056929588318
0.8489137887954712,7244,0.10280733555555344,True,0.09298787266016006
0.7648992538452148,7245,0.194303959608078,True,0.18331588804721832
0.7724568247795105,7246,0.1758042871952057,True,0.1663646250963211
0.7734196186065674,7247,0.18418434262275696,True,0.17192745208740234
0.8502136468887329,7248,0.1086871325969696,True,0.10093504935503006
0.6562791466712952,7249,0.3149909973144531,True,0.30105850100517273
0.6120112538337708,7250,0.35811933875083923,True,0.3386058211326599
0.790969729423523,7251,0.16617126762866974,True,0.15874414145946503
0.7974870204925537,7252,0.157334566116333,True,0.14794330298900604
0.8211299180984497,7253,0.13281430304050446,True,0.127346932888031
0.6939641833305359,7254,0.2524707317352295,True,0.2380065768957138
0.8993467092514038,7255,0.05206437408924103,True,0.04698585346341133
0.8278306722640991,7256,0.12874433398246765,True,0.12311335653066635
0.7755203247070312,7257,0.17723387479782104,True,0.169656902551651
0.6582262516021729,7258,0.3035844564437866,True,0.28560978174209595
0.6176491379737854,7259,0.34477317333221436,True,0.3285796642303467
0.7579491138458252,7260,0.1891770362854004,True,0.17793361842632294
0.36504054069519043,7261,0.6084086894989014,True,0.5739158391952515
0.887444019317627,7262,0.06195398047566414,True,0.05457371473312378
0.6271058917045593,7263,0.3363618850708008,True,0.32317161560058594
0.8010948300361633,7264,0.1483093947172165,True,0.14225995540618896
0.5911672115325928,7265,0.34551095962524414,True,0.31515491008758545
0.7228966951370239,7266,0.24161408841609955,True,0.2291545271873474
0.8521621227264404,7267,0.09789344668388367,True,0.09281384944915771
0.7020644545555115,7268,0.2524581551551819,True,0.23835489153862
0.6699845194816589,7269,0.2882577180862427,True,0.2673615515232086
0.8429065942764282,7270,0.10811351239681244,True,0.10023768246173859
0.7747364044189453,7271,0.1730508953332901,True,0.1556219607591629
0.7941765785217285,7272,0.1692485511302948,True,0.16177144646644592
0.3520658016204834,7273,0.6213244199752808,True,0.5956377387046814
0.7349168062210083,7274,0.2296365201473236,True,0.22097428143024445
0.8288577198982239,7275,0.12801316380500793,True,0.12208613008260727
0.8630343079566956,7276,0.09653032571077347,True,0.09295255690813065
0.627835750579834,7277,0.33714503049850464,True,0.3200579881668091
0.6801517009735107,7278,0.2755163609981537,True,0.26148322224617004
0.795194685459137,7279,0.1573687195777893,True,0.14963838458061218
0.8126944303512573,7280,0.1425754874944687,True,0.1373816281557083
0.6985375881195068,7281,0.26166844367980957,True,0.24466955661773682
0.8780239224433899,7282,0.07945761829614639,True,0.07633767277002335
0.8283358812332153,7283,0.1339748650789261,True,0.12856866419315338
0.5990599393844604,7284,0.36742332577705383,True,0.35304951667785645
0.8635578155517578,7285,0.09814505279064178,True,0.09203542768955231
0.8384498357772827,7286,0.1085289940237999,True,0.1018088236451149
0.6238592863082886,7287,0.3418862819671631,True,0.31976568698883057
0.811516284942627,7288,0.14816126227378845,True,0.13875548541545868
0.6805517673492432,7289,0.28627216815948486,True,0.26835158467292786
0.792206346988678,7290,0.167066752910614,True,0.15824683010578156
0.7420332431793213,7291,0.21799233555793762,True,0.2055528312921524
0.8101063966751099,7292,0.15123924612998962,True,0.13713273406028748
0.6678305864334106,7293,0.28951317071914673,True,0.27792683243751526
0.5871564149856567,7294,0.3787549138069153,True,0.3493945002555847
0.7436349391937256,7295,0.20977158844470978,True,0.19425097107887268
0.772285521030426,7296,0.1825856864452362,True,0.1710890680551529
0.7163091897964478,7297,0.2441442459821701,True,0.23180459439754486
0.8650275468826294,7298,0.08863549679517746,True,0.08522285521030426
0.815172553062439,7299,0.13935799896717072,True,0.12833571434020996
0.7903975248336792,7300,0.1462206393480301,True,0.13929913938045502
0.7370024919509888,7301,0.2168847769498825,True,0.20429347455501556
0.5968424081802368,7302,0.363305926322937,True,0.3462265729904175
0.8701444268226624,7303,0.08766808360815048,True,0.08467629551887512
0.6419113874435425,7304,0.3254520297050476,True,0.31222185492515564
0.7469519376754761,7305,0.22144456207752228,True,0.2103266417980194
0.7941194176673889,7306,0.14629234373569489,True,0.1334388107061386
0.496661901473999,7307,0.47847622632980347,True,0.44994795322418213
0.6741394996643066,7308,0.2868447005748749,True,0.27276015281677246
0.8027495741844177,7309,0.16134972870349884,True,0.1477028876543045
0.8212751746177673,7310,0.13110654056072235,True,0.12614421546459198
0.6847954988479614,7311,0.2804674506187439,True,0.26052796840667725
0.8035640716552734,7312,0.14859023690223694,True,0.14248542487621307
0.5467395186424255,7313,0.42254021763801575,True,0.4078408181667328
0.7930278778076172,7314,0.16908982396125793,True,0.15744806826114655
0.734351396560669,7315,0.219699889421463,True,0.205919086933136
0.4999752938747406,7316,0.47952988743782043,True,0.45344001054763794
0.630122721195221,7317,0.3431347608566284,True,0.3249698877334595
0.7185784578323364,7318,0.2467491775751114,True,0.23615655303001404
0.8428903222084045,7319,0.10283232480287552,True,0.09294082224369049
0.6838515996932983,7320,0.27676403522491455,True,0.26418769359588623
0.6112483739852905,7321,0.34934261441230774,True,0.33360663056373596
0.5946130156517029,7322,0.3723054528236389,True,0.35694950819015503
0.7892462015151978,7323,0.1678965985774994,True,0.15678918361663818
0.6763547658920288,7324,0.29186272621154785,True,0.2731461524963379
0.8360227942466736,7325,0.12351255863904953,True,0.1189647912979126
0.6330796480178833,7326,0.33801892399787903,True,0.31930938363075256
0.5955565571784973,7327,0.3751729130744934,True,0.35613831877708435
0.48513263463974,7328,0.4677409827709198,True,0.4382666349411011
0.7664079666137695,7329,0.17844048142433167,True,0.16090290248394012
0.696890115737915,7330,0.2686617076396942,True,0.2572653293609619
0.686689019203186,7331,0.2560483515262604,True,0.24015268683433533
0.827440083026886,7332,0.12188225239515305,True,0.11674829572439194
0.7739630937576294,7333,0.1748645305633545,True,0.1676110029220581
0.879306972026825,7334,0.07883970439434052,True,0.07559938728809357
0.3223022222518921,7335,0.6625844836235046,True,0.6339663863182068
0.8809788823127747,7336,0.07342308014631271,True,0.06486128270626068
0.8015910387039185,7337,0.1547442376613617,True,0.13836413621902466
0.780124306678772,7338,0.1674288958311081,True,0.15499620139598846
0.7423587441444397,7339,0.22058744728565216,True,0.20977629721164703
0.7573785185813904,7340,0.20028531551361084,True,0.19159634411334991
0.6670129299163818,7341,0.29234248399734497,True,0.2760342061519623
0.7505909204483032,7342,0.19483762979507446,True,0.18285107612609863
0.8539000749588013,7343,0.09463749080896378,True,0.0909893810749054
0.8349905014038086,7344,0.11746960133314133,True,0.11213116347789764
0.6622581481933594,7345,0.28398633003234863,True,0.2687378227710724
0.6147342920303345,7346,0.35605770349502563,True,0.33315956592559814
0.7191203832626343,7347,0.23913131654262543,True,0.22754354774951935
0.6223682165145874,7348,0.34618717432022095,True,0.32443657517433167
0.8489625453948975,7349,0.11340633779764175,True,0.10865680873394012
0.7208104133605957,7350,0.2319372296333313,True,0.21690328419208527
0.802695095539093,7351,0.14504371583461761,True,0.13903333246707916
0.31820958852767944,7352,0.6671063899993896,True,0.6379166841506958
0.7870553731918335,7353,0.16650338470935822,True,0.15775679051876068
0.687798261642456,7354,0.2733585238456726,True,0.2529458999633789
0.8306082487106323,7355,0.11587343364953995,True,0.10661295801401138
0.6307473182678223,7356,0.33909136056900024,True,0.32149890065193176
0.699830174446106,7357,0.2639050781726837,True,0.2513183355331421
0.5244817733764648,7358,0.44896799325942993,True,0.42668724060058594
0.7924163937568665,7359,0.147787943482399,True,0.1367167830467224
0.6903942823410034,7360,0.27229708433151245,True,0.2631791830062866
0.8715198040008545,7361,0.08754413574934006,True,0.08346692472696304
0.7942707538604736,7362,0.15296082198619843,True,0.1471533328294754
0.7626972794532776,7363,0.19259348511695862,True,0.18101273477077484
0.8133718967437744,7364,0.1384078413248062,True,0.127227783203125
0.8059412837028503,7365,0.13862818479537964,True,0.13323715329170227
0.35525405406951904,7366,0.6166890263557434,True,0.5819084048271179
0.8271523118019104,7367,0.1253342181444168,True,0.11678072065114975
0.7440279722213745,7368,0.20701847970485687,True,0.19325754046440125
0.803354799747467,7369,0.1549946516752243,True,0.14775905013084412
0.7842243909835815,7370,0.17170482873916626,True,0.15864163637161255
0.7736384272575378,7371,0.1843729019165039,True,0.1728041172027588
0.8611551523208618,7372,0.09731918573379517,True,0.09253624081611633
0.8903279304504395,7373,0.06697043031454086,True,0.06384191662073135
0.8118945360183716,7374,0.13369637727737427,True,0.1253022998571396
0.7143750190734863,7375,0.2509628236293793,True,0.24232231080532074
0.8381879329681396,7376,0.11968587338924408,True,0.11488029360771179
0.786304771900177,7377,0.15450122952461243,True,0.14187470078468323
0.8241651058197021,7378,0.13548874855041504,True,0.12794899940490723
0.8199372291564941,7379,0.139806866645813,True,0.13334128260612488
0.6979482769966125,7380,0.25699087977409363,True,0.240158349275589
0.5455713272094727,7381,0.4180452525615692,True,0.4007045030593872
0.4961228370666504,7382,0.47474849224090576,True,0.45575401186943054
0.6399033665657043,7383,0.30832332372665405,True,0.29308855533599854
0.8217690587043762,7384,0.13405151665210724,True,0.12503504753112793
0.6509193181991577,7385,0.32183656096458435,True,0.30728307366371155
0.703285813331604,7386,0.26481133699417114,True,0.2550865113735199
0.7556842565536499,7387,0.20322246849536896,True,0.19054855406284332
0.8109450936317444,7388,0.14306429028511047,True,0.13034850358963013
0.7825166583061218,7389,0.18535417318344116,True,0.17714552581310272
0.7633741497993469,7390,0.16500571370124817,True,0.15809029340744019
0.7490439414978027,7391,0.21920137107372284,True,0.20591090619564056
0.4437817931175232,7392,0.5264856219291687,True,0.5067689418792725
0.787817120552063,7393,0.16625334322452545,True,0.1578182727098465
0.7015432119369507,7394,0.25254714488983154,True,0.23629873991012573
0.6873822212219238,7395,0.27546072006225586,True,0.26346829533576965
0.7526365518569946,7396,0.20296123623847961,True,0.19189591705799103
0.8526515960693359,7397,0.09897559881210327,True,0.09538741409778595
0.824311375617981,7398,0.12687890231609344,True,0.11989373713731766
0.5474963188171387,7399,0.4293256998062134,True,0.4069369435310364
0.6866400241851807,7400,0.2728384733200073,True,0.25961416959762573
0.8482927680015564,7401,0.10578989237546921,True,0.09821774810552597
0.6995465159416199,7402,0.25871339440345764,True,0.24514903128147125
0.7997563481330872,7403,0.15918278694152832,True,0.15124103426933289
0.7672449946403503,7404,0.19623322784900665,True,0.18638384342193604
0.782814621925354,7405,0.17799390852451324,True,0.17132635414600372
0.5577034950256348,7406,0.4096899628639221,True,0.39242327213287354
0.580277144908905,7407,0.3756803274154663,True,0.36061495542526245
0.182867631316185,7408,0.8053673505783081,True,0.7632790803909302
0.7246956825256348,7409,0.23334737122058868,True,0.21948927640914917
0.8429075479507446,7410,0.10655007511377335,True,0.09696900844573975
0.8907136917114258,7411,0.06360121071338654,True,0.06033996120095253
0.8344883322715759,7412,0.1295447200536728,True,0.12082677334547043
0.6461488008499146,7413,0.3193359375,True,0.29474008083343506
0.625595211982727,7414,0.3412030041217804,True,0.32411909103393555
0.7217373847961426,7415,0.24311502277851105,True,0.23060491681098938
0.48003506660461426,7416,0.4881346821784973,True,0.4666418731212616
0.9063659310340881,7417,0.05110115930438042,True,0.04752661660313606
0.6952633261680603,7418,0.25535738468170166,True,0.24380283057689667
0.7656822204589844,7419,0.18507009744644165,True,0.17534399032592773
0.7625083327293396,7420,0.19982686638832092,True,0.18926304578781128
0.6826590299606323,7421,0.2848353385925293,True,0.27173087000846863
0.7759202718734741,7422,0.17997711896896362,True,0.17335452139377594
0.6847254037857056,7423,0.2728232443332672,True,0.26257506012916565
0.6770747303962708,7424,0.28024083375930786,True,0.26782795786857605
0.7432210445404053,7425,0.21751947700977325,True,0.20774412155151367
0.5933834910392761,7426,0.3656751215457916,True,0.33826667070388794
0.8023837208747864,7427,0.14838579297065735,True,0.14192382991313934
0.7244943380355835,7428,0.23507675528526306,True,0.21723803877830505
0.8475127220153809,7429,0.1118181049823761,True,0.10320769250392914
0.6670213937759399,7430,0.2835952043533325,True,0.27008533477783203
0.7419545650482178,7431,0.21102270483970642,True,0.19827203452587128
0.885688066482544,7432,0.07501279562711716,True,0.0680270865559578
0.45591846108436584,7433,0.5124199390411377,True,0.48316484689712524
0.8036779761314392,7434,0.14232537150382996,True,0.13689899444580078
0.7171139717102051,7435,0.2430514693260193,True,0.22813467681407928
0.7663229703903198,7436,0.18548963963985443,True,0.17863956093788147
0.8812493085861206,7437,0.0763944685459137,True,0.06854737550020218
0.8679968118667603,7438,0.0753638818860054,True,0.07204188406467438
0.8789463043212891,7439,0.06536722183227539,True,0.06264815479516983
0.855557918548584,7440,0.100820392370224,True,0.09523183852434158
0.6834985613822937,7441,0.26237961649894714,True,0.24186459183692932
0.5219924449920654,7442,0.4402354955673218,True,0.41721487045288086
0.7783042192459106,7443,0.16448627412319183,True,0.14634136855602264
0.7585547566413879,7444,0.18292149901390076,True,0.17206412553787231
0.0,7445,1.0,True,0.9296849370002747
0.611491322517395,7446,0.36056745052337646,True,0.34579479694366455
0.7191424369812012,7447,0.22803357243537903,True,0.2161453664302826
0.6919661164283752,7448,0.2640645503997803,True,0.25116029381752014
0.8475940227508545,7449,0.1069534569978714,True,0.10300400108098984
0.7228962182998657,7450,0.23905740678310394,True,0.22273145616054535
0.6396112442016602,7451,0.3284279704093933,True,0.31267136335372925
0.6554847359657288,7452,0.3068263530731201,True,0.28793013095855713
0.9141927361488342,7453,0.04112444818019867,True,0.035549361258745193
0.5507795810699463,7454,0.4209189713001251,True,0.40225186944007874
0.7373530864715576,7455,0.21222177147865295,True,0.2008882611989975
0.5092891454696655,7456,0.4584624171257019,True,0.4258750081062317
0.7034943103790283,7457,0.2614518105983734,True,0.2507714331150055
0.7403295636177063,7458,0.22805729508399963,True,0.21798846125602722
0.9163950681686401,7459,0.032781075686216354,True,0.028652459383010864
0.738255500793457,7460,0.19174924492835999,True,0.17259278893470764
0.6578021049499512,7461,0.3074020743370056,True,0.293048620223999
0.8026396632194519,7462,0.15274924039840698,True,0.1470486968755722
0.7922989130020142,7463,0.1472412496805191,True,0.13919970393180847
0.8368251919746399,7464,0.1276368349790573,True,0.11964207887649536
0.5963972806930542,7465,0.36710262298583984,True,0.35290268063545227
0.8241001963615417,7466,0.13740487396717072,True,0.12984678149223328
0.785197913646698,7467,0.1779610812664032,True,0.16264688968658447
0.8282032012939453,7468,0.12078265845775604,True,0.11557658016681671
0.751474142074585,7469,0.20025837421417236,True,0.1924898326396942
0.7533095479011536,7470,0.21368373930454254,True,0.20062623918056488
0.6091160178184509,7471,0.3634703755378723,True,0.3387165069580078
0.8097596168518066,7472,0.149156391620636,True,0.1405416876077652
0.6211656332015991,7473,0.35220450162887573,True,0.32867518067359924
0.8022447824478149,7474,0.14668196439743042,True,0.13836613297462463
0.8106398582458496,7475,0.12769004702568054,True,0.11596035957336426
0.5953623056411743,7476,0.3613765239715576,True,0.34623652696609497
0.6125485897064209,7477,0.3525484502315521,True,0.3375988304615021
0.7760622501373291,7478,0.18379248678684235,True,0.17579138278961182
0.0,7479,1.0,True,0.8934078812599182
0.6178133487701416,7480,0.35204654932022095,True,0.3375738859176636
0.6245025992393494,7481,0.3333660960197449,True,0.31873562932014465
0.840611457824707,7482,0.11424510926008224,True,0.1067252829670906
0.7394318580627441,7483,0.22499920427799225,True,0.21444150805473328
0.8161816000938416,7484,0.1449788212776184,True,0.13873741030693054
0.881320059299469,7485,0.07411310076713562,True,0.06895386427640915
0.8125259876251221,7486,0.14190559089183807,True,0.12908314168453217
0.6688849925994873,7487,0.28044870495796204,True,0.2581098973751068
0.7548813819885254,7488,0.2009507119655609,True,0.19148901104927063
0.7691538333892822,7489,0.18857209384441376,True,0.1785385012626648
0.7871045470237732,7490,0.17152667045593262,True,0.1648254543542862
0.5534043908119202,7491,0.4244332015514374,True,0.39173388481140137
0.8503278493881226,7492,0.10588706284761429,True,0.09539727866649628
0.7815989255905151,7493,0.16185440123081207,True,0.15403147041797638
0.6280795931816101,7494,0.3356916308403015,True,0.30830538272857666
0.5900435447692871,7495,0.3480256199836731,True,0.3268105983734131
0.6815697550773621,7496,0.27899861335754395,True,0.26387736201286316
0.5842026472091675,7497,0.3719792068004608,True,0.35620182752609253
0.8060004115104675,7498,0.15332546830177307,True,0.14621952176094055
0.7794309258460999,7499,0.17686820030212402,True,0.16998979449272156
0.650010347366333,7500,0.3121522068977356,True,0.2951509952545166
0.5473127365112305,7501,0.40835142135620117,True,0.3829176425933838
0.7602469325065613,7502,0.1991240531206131,True,0.1850828230381012
0.8280581831932068,7503,0.12239725887775421,True,0.11056993901729584
0.9002561569213867,7504,0.05363127589225769,True,0.04875611886382103
0.7763105034828186,7505,0.1820351928472519,True,0.17334584891796112
0.7186731100082397,7506,0.2396843135356903,True,0.22565658390522003
0.854781448841095,7507,0.09480302780866623,True,0.09019680321216583
0.8117308020591736,7508,0.1395510733127594,True,0.1324012130498886
0.4733960032463074,7509,0.49797171354293823,True,0.4684724807739258
0.7291718125343323,7510,0.2357521653175354,True,0.22309847176074982
0.8523286581039429,7511,0.10213352739810944,True,0.0970921665430069
0.7581971287727356,7512,0.1975807100534439,True,0.18820078670978546
0.7525511980056763,7513,0.21416892111301422,True,0.20537015795707703
0.5895414352416992,7514,0.3809494972229004,True,0.35402506589889526
0.7352838516235352,7515,0.2277545928955078,True,0.21620267629623413
0.5534360408782959,7516,0.410891056060791,True,0.3798258602619171
0.7115257978439331,7517,0.24973593652248383,True,0.23795194923877716
0.7982372045516968,7518,0.15572845935821533,True,0.14987365901470184
0.8295964002609253,7519,0.12383227795362473,True,0.10812075436115265
0.7646529674530029,7520,0.1943185031414032,True,0.185421884059906
0.6235288381576538,7521,0.3309876620769501,True,0.3155718147754669
0.7383434772491455,7522,0.19661648571491241,True,0.18012014031410217
0.6145722270011902,7523,0.34824037551879883,True,0.3331315517425537
0.8483492732048035,7524,0.08495651185512543,True,0.073339082300663
0.8684964776039124,7525,0.08964880555868149,True,0.08615140616893768
0.8149596452713013,7526,0.14042922854423523,True,0.13501571118831635
0.18796715140342712,7527,0.8038240671157837,True,0.7654882669448853
0.6935980319976807,7528,0.26144182682037354,True,0.24427780508995056
0.47446081042289734,7529,0.48371997475624084,True,0.4613094627857208
0.6082954406738281,7530,0.3566368818283081,True,0.33431607484817505
0.7511357665061951,7531,0.1966596245765686,True,0.18961337208747864
0.6509894132614136,7532,0.32444682717323303,True,0.30907726287841797
0.8699654936790466,7533,0.07980769872665405,True,0.07444833219051361
0.4739207625389099,7534,0.5003851056098938,True,0.47346067428588867
0.7728615999221802,7535,0.1793326735496521,True,0.16695921123027802
0.7001659870147705,7536,0.2655503451824188,True,0.2529342770576477
0.0999830886721611,7537,0.8934420347213745,True,0.8509887456893921
0.8056111335754395,7538,0.14519640803337097,True,0.13992902636528015
0.7521997094154358,7539,0.20031721889972687,True,0.19055013358592987
0.5054330825805664,7540,0.4659644365310669,True,0.4465045928955078
0.8961416482925415,7541,0.060403790324926376,True,0.0528474822640419
0.8034831285476685,7542,0.1524781882762909,True,0.1413080245256424
0.7316203713417053,7543,0.23459191620349884,True,0.2243175357580185
0.8278555870056152,7544,0.12820345163345337,True,0.11802350729703903
0.7929862141609192,7545,0.1619478017091751,True,0.15458475053310394
0.7518734931945801,7546,0.20747290551662445,True,0.1937519758939743
0.48787349462509155,7547,0.4890538156032562,True,0.46541672945022583
0.7060438990592957,7548,0.2603948712348938,True,0.24928438663482666
0.7568626999855042,7549,0.1947014182806015,True,0.1868329644203186
0.8156717419624329,7550,0.13360753655433655,True,0.12311652302742004
0.5483893156051636,7551,0.40923067927360535,True,0.3808991312980652
0.8850080966949463,7552,0.06687579303979874,True,0.061968639492988586
0.7958214282989502,7553,0.141307532787323,True,0.1249978169798851
0.7437227964401245,7554,0.2174462080001831,True,0.205449640750885
0.6875383257865906,7555,0.27952203154563904,True,0.2673356533050537
0.810346782207489,7556,0.13477486371994019,True,0.12953147292137146
0.5861010551452637,7557,0.3770003616809845,True,0.35556095838546753
0.6132022738456726,7558,0.3550513982772827,True,0.3333912491798401
0.5846598744392395,7559,0.3855632543563843,True,0.36645975708961487
0.7479650974273682,7560,0.21512766182422638,True,0.20276808738708496
0.8249418139457703,7561,0.13553118705749512,True,0.12239736318588257
0.882546067237854,7562,0.07768598198890686,True,0.07271181046962738
0.5836582183837891,7563,0.37828388810157776,True,0.35516050457954407
0.7166881561279297,7564,0.23569230735301971,True,0.218913733959198
0.8055775761604309,7565,0.1490366905927658,True,0.14306636154651642
0.6413297653198242,7566,0.3257787525653839,True,0.302619993686676
0.8308676481246948,7567,0.12406361103057861,True,0.11913622170686722
0.5524507164955139,7568,0.4190393388271332,True,0.398444801568985
0.7251875996589661,7569,0.23024123907089233,True,0.22127263247966766
0.6662406325340271,7570,0.2813662588596344,True,0.26636266708374023
0.6252040863037109,7571,0.31939461827278137,True,0.3016452193260193
0.6568214297294617,7572,0.29158228635787964,True,0.2743005156517029
0.7728782296180725,7573,0.18799036741256714,True,0.17808029055595398
0.5428835153579712,7574,0.4311385154724121,True,0.40949589014053345
0.6615300178527832,7575,0.3058658540248871,True,0.29489028453826904
0.762439489364624,7576,0.1996528059244156,True,0.188091441988945
0.7216436862945557,7577,0.23543447256088257,True,0.22591842710971832
0.6070829629898071,7578,0.34845197200775146,True,0.3253343999385834
0.6207820773124695,7579,0.340999960899353,True,0.32129591703414917
0.8192898631095886,7580,0.12202699482440948,True,0.10844641178846359
0.7435708045959473,7581,0.1556699573993683,True,0.14118440449237823
0.7378724813461304,7582,0.21347734332084656,True,0.19599299132823944
0.6036652326583862,7583,0.3646182119846344,True,0.34678465127944946
0.5497136116027832,7584,0.4244442284107208,True,0.40565940737724304
0.6042795777320862,7585,0.3567974865436554,True,0.3411751687526703
0.6295928955078125,7586,0.33462727069854736,True,0.3182929456233978
0.7344034910202026,7587,0.19865328073501587,True,0.18744973838329315
0.6635840535163879,7588,0.3065767288208008,True,0.29396477341651917
0.7248817682266235,7589,0.22502931952476501,True,0.21667912602424622
0.823693037033081,7590,0.13377588987350464,True,0.12761494517326355
0.6546341180801392,7591,0.3083057999610901,True,0.28712987899780273
0.5795097351074219,7592,0.3843815326690674,True,0.35398948192596436
0.6736307144165039,7593,0.2845704257488251,True,0.2695372998714447
0.6494608521461487,7594,0.31423845887184143,True,0.3017578125
0.633114218711853,7595,0.3372432291507721,True,0.3216574192047119
0.7962282299995422,7596,0.1607564091682434,True,0.15454231202602386
0.6483488082885742,7597,0.31797367334365845,True,0.30270716547966003
0.47872650623321533,7598,0.49838948249816895,True,0.47777095437049866
0.784032940864563,7599,0.171280637383461,True,0.16117802262306213
0.7595223188400269,7600,0.19205449521541595,True,0.1808846890926361
0.8606075048446655,7601,0.09449528157711029,True,0.08542978018522263
0.574529767036438,7602,0.3915199339389801,True,0.37104886770248413
0.6916302442550659,7603,0.27086126804351807,True,0.25798535346984863
0.7401164174079895,7604,0.20877927541732788,True,0.19849403202533722
0.49803879857063293,7605,0.47495168447494507,True,0.44907906651496887
0.5463716387748718,7606,0.4286061227321625,True,0.40440893173217773
0.5660511255264282,7607,0.4049554467201233,True,0.3864898681640625
0.8731178045272827,7608,0.08068035542964935,True,0.07222054898738861
0.682059645652771,7609,0.2789289057254791,True,0.26501932740211487
0.8724430203437805,7610,0.07755372673273087,True,0.07440463453531265
0.5156075954437256,7611,0.4545576870441437,True,0.4339379072189331
0.7377224564552307,7612,0.20020858943462372,True,0.16905610263347626
0.81430983543396,7613,0.13804413378238678,True,0.13331419229507446
0.8252202272415161,7614,0.11026165634393692,True,0.10565981268882751
0.7084828615188599,7615,0.2545013129711151,True,0.24124716222286224
0.683701753616333,7616,0.2751582860946655,True,0.25288522243499756
0.635167121887207,7617,0.318189799785614,True,0.2966568171977997
0.8365325331687927,7618,0.11030115187168121,True,0.10345626622438431
0.7513899803161621,7619,0.20874089002609253,True,0.19413430988788605
0.7676547765731812,7620,0.18859948217868805,True,0.1808408945798874
0.8483968377113342,7621,0.10980048030614853,True,0.1060008704662323
0.6610652208328247,7622,0.28871315717697144,True,0.26852017641067505
0.8626983761787415,7623,0.0950213372707367,True,0.09069933742284775
0.8408420085906982,7624,0.11696359515190125,True,0.11226107180118561
0.7641966342926025,7625,0.18410758674144745,True,0.17123529314994812
0.8844302892684937,7626,0.05423590540885925,True,0.048101454973220825
0.7594554424285889,7627,0.2084629088640213,True,0.19362281262874603
0.8870159983634949,7628,0.06892289221286774,True,0.0662359893321991
0.4849473834037781,7629,0.4896377921104431,True,0.45852312445640564
0.7669657468795776,7630,0.1975090503692627,True,0.1896987110376358
0.6948055624961853,7631,0.25879448652267456,True,0.244905486702919
0.8356693983078003,7632,0.12577547132968903,True,0.1167890653014183
0.6712847352027893,7633,0.2905888259410858,True,0.2760527729988098
0.8316651582717896,7634,0.13241168856620789,True,0.1253858208656311
0.7248451113700867,7635,0.2202504575252533,True,0.20950593054294586
0.8721941113471985,7636,0.07985720783472061,True,0.07187251001596451
0.7588379383087158,7637,0.19587697088718414,True,0.18813523650169373
0.6073310971260071,7638,0.35770484805107117,True,0.33984196186065674
0.5413517951965332,7639,0.41613608598709106,True,0.3951736092567444
0.0,7640,0.9999999403953552,True,0.9288064241409302
0.8271669149398804,7641,0.12448917329311371,True,0.11867275089025497
0.8318048119544983,7642,0.11925213038921356,True,0.11318126320838928
0.7392383813858032,7643,0.22237391769886017,True,0.20964489877223969
0.3763003349304199,7644,0.6036587953567505,True,0.5736055970191956
0.8095113039016724,7645,0.14936433732509613,True,0.14154985547065735
0.7576503753662109,7646,0.19732341170310974,True,0.18050815165042877
0.8310623168945312,7647,0.12428107857704163,True,0.11739426106214523
0.6876308917999268,7648,0.2812313139438629,True,0.26164788007736206
0.5181583166122437,7649,0.4526861011981964,True,0.4342668950557709
0.6642802953720093,7650,0.29163163900375366,True,0.26580557227134705
0.5975775122642517,7651,0.3743377923965454,True,0.3615582585334778
0.8959652185440063,7652,0.058417048305273056,True,0.05087527632713318
0.8101540207862854,7653,0.15187278389930725,True,0.1456863135099411
0.6683071851730347,7654,0.29816800355911255,True,0.28303641080856323
0.7408959865570068,7655,0.21588827669620514,True,0.20503543317317963
0.8559138774871826,7656,0.09206347912549973,True,0.08339221030473709
0.18066421151161194,7657,0.8124226331710815,True,0.7590928077697754
0.8896859884262085,7658,0.05577634274959564,True,0.053078506141901016
0.565876841545105,7659,0.4013134837150574,True,0.3837183117866516
0.8056948184967041,7660,0.14808791875839233,True,0.13988196849822998
0.6130762100219727,7661,0.3521244525909424,True,0.32727423310279846
0.4721399247646332,7662,0.4950353503227234,True,0.4681374728679657
0.5843526721000671,7663,0.3721993863582611,True,0.35369348526000977
0.44979047775268555,7664,0.5127755403518677,True,0.4926336407661438
0.587404727935791,7665,0.35254859924316406,True,0.3351214528083801
0.5753016471862793,7666,0.39221271872520447,True,0.3774498999118805
0.5160497426986694,7667,0.4551665782928467,True,0.4378988444805145
0.0,7668,1.0,True,0.937143087387085
0.7573623657226562,7669,0.1805293709039688,True,0.16954964399337769
0.7796057462692261,7670,0.16862134635448456,True,0.1627018302679062
0.8159477710723877,7671,0.1287378966808319,True,0.12275135517120361
0.7114465236663818,7672,0.25449371337890625,True,0.24572402238845825
0.4460367262363434,7673,0.5348432660102844,True,0.5143179893493652
0.5422682762145996,7674,0.4155026972293854,True,0.39023396372795105
0.6626431941986084,7675,0.2929614782333374,True,0.2764171361923218
0.6990780830383301,7676,0.23318979144096375,True,0.22436216473579407
0.8034844398498535,7677,0.15909333527088165,True,0.1491192877292633
0.8305280208587646,7678,0.09231400489807129,True,0.08626572042703629
0.6351960301399231,7679,0.32052111625671387,True,0.30746957659721375
0.6853727102279663,7680,0.27860623598098755,True,0.265593022108078
0.4816665053367615,7681,0.48908910155296326,True,0.4659164547920227
0.7910735607147217,7682,0.15780647099018097,True,0.15052706003189087
0.6554481387138367,7683,0.3068321645259857,True,0.2924852967262268
0.7197582125663757,7684,0.23905332386493683,True,0.2276945561170578
0.8355475664138794,7685,0.12189497798681259,True,0.11665762960910797
0.8043943047523499,7686,0.14921149611473083,True,0.14217504858970642
0.851685643196106,7687,0.102030910551548,True,0.09834958612918854
0.7539562582969666,7688,0.21338485181331635,True,0.20173636078834534
0.7363624572753906,7689,0.21944794058799744,True,0.20860236883163452
0.6750639081001282,7690,0.28638723492622375,True,0.2693853974342346
0.3867839276790619,7691,0.5833840370178223,True,0.5515603423118591
0.7136189937591553,7692,0.24932844936847687,True,0.23599591851234436
0.5995841026306152,7693,0.3693300187587738,True,0.3540661931037903
0.8614240884780884,7694,0.092946857213974,True,0.08894359320402145
0.7858132719993591,7695,0.16823223233222961,True,0.1584499180316925
0.6106600761413574,7696,0.3431903123855591,True,0.31642305850982666
0.7188140153884888,7697,0.2485007792711258,True,0.23807451128959656
0.5531706809997559,7698,0.4084940254688263,True,0.38713037967681885
0.4473792612552643,7699,0.5284441709518433,True,0.5044518709182739
0.7761850357055664,7700,0.188130185008049,True,0.1752551645040512
0.7647760510444641,7701,0.19918623566627502,True,0.18978193402290344
0.6373489499092102,7702,0.2963898777961731,True,0.284729927778244
0.8364256620407104,7703,0.11643117666244507,True,0.11011871695518494
0.57725989818573,7704,0.3768691420555115,True,0.361130952835083
0.7361249327659607,7705,0.22866222262382507,True,0.21751289069652557
0.8039433360099792,7706,0.1395670622587204,True,0.13337492942810059
0.8204282522201538,7707,0.1181541383266449,True,0.10548026114702225
0.6539187431335449,7708,0.3110075891017914,True,0.2978764474391937
0.8225257396697998,7709,0.12121182680130005,True,0.11534873396158218
0.8176112174987793,7710,0.14059503376483917,True,0.13096179068088531
0.8306887149810791,7711,0.12358195334672928,True,0.11595296859741211
0.6467376947402954,7712,0.31405866146087646,True,0.29593974351882935
0.8592735528945923,7713,0.09882529824972153,True,0.0946764126420021
0.5173858404159546,7714,0.4245882034301758,True,0.3943898379802704
0.8259896039962769,7715,0.12272319942712784,True,0.11837220937013626
0.6153350472450256,7716,0.3440219461917877,True,0.32501205801963806
0.8363161683082581,7717,0.11968761682510376,True,0.1116689071059227
0.7278872728347778,7718,0.2221008986234665,True,0.2132100909948349
0.5425697565078735,7719,0.4170510470867157,True,0.3930951952934265
0.7263237237930298,7720,0.23842088878154755,True,0.2252519130706787
0.0,7721,1.0,True,0.9560811519622803
0.5910375118255615,7722,0.3692341446876526,True,0.349909245967865
0.8241933584213257,7723,0.11650848388671875,True,0.10847447067499161
0.3843226730823517,7724,0.5916877388954163,True,0.5677565336227417
0.774456799030304,7725,0.17531703412532806,True,0.16176150739192963
0.5068479180335999,7726,0.4462588429450989,True,0.4192099869251251
0.5490265488624573,7727,0.4235773980617523,True,0.40774405002593994
0.7304633259773254,7728,0.23628368973731995,True,0.22076968848705292
0.7554640769958496,7729,0.20466028153896332,True,0.1949903517961502
0.8467687368392944,7730,0.10530811548233032,True,0.10091669112443924
0.8306639790534973,7731,0.09719415754079819,True,0.08787185698747635
0.40418970584869385,7732,0.5679863691329956,True,0.5437543392181396
0.4697480797767639,7733,0.5007674694061279,True,0.47613805532455444
0.8540831208229065,7734,0.10388784110546112,True,0.09715494513511658
0.8195816278457642,7735,0.1342320591211319,True,0.1252477765083313
0.8086683750152588,7736,0.14948977530002594,True,0.13701213896274567
0.857211709022522,7737,0.10251893103122711,True,0.09674941748380661
0.8193619251251221,7738,0.13511942327022552,True,0.1265631914138794
0.8138041496276855,7739,0.14484447240829468,True,0.13373889029026031
0.7665480971336365,7740,0.1932680606842041,True,0.1832038313150406
0.6881593465805054,7741,0.2635616362094879,True,0.2450760006904602
0.7120760083198547,7742,0.2321711927652359,True,0.22135938704013824
0.7009148597717285,7743,0.2543184161186218,True,0.24423670768737793
0.8408764004707336,7744,0.11359760165214539,True,0.10120400786399841
0.8145192861557007,7745,0.134714275598526,True,0.12925413250923157
0.8429747819900513,7746,0.10910295695066452,True,0.10291286557912827
0.49212804436683655,7747,0.4761996865272522,True,0.4554167091846466
0.8570770025253296,7748,0.09359274804592133,True,0.09012595564126968
0.7705000638961792,7749,0.18625296652317047,True,0.1774458885192871
0.7330338954925537,7750,0.2233448177576065,True,0.21309752762317657
0.8334062695503235,7751,0.12398079037666321,True,0.11870127171278
0.7313771843910217,7752,0.2328675389289856,True,0.2223103940486908
0.6470252275466919,7753,0.3093406558036804,True,0.2946482002735138
0.7863776087760925,7754,0.17848683893680573,True,0.16899681091308594
0.8349629640579224,7755,0.10114748030900955,True,0.09162275493144989
0.3275820016860962,7756,0.6540095210075378,True,0.6245183348655701
0.8116669058799744,7757,0.14560915529727936,True,0.1369461864233017
0.8673746585845947,7758,0.09329956024885178,True,0.08935288339853287
0.7553336024284363,7759,0.20970547199249268,True,0.18590280413627625
0.7077939510345459,7760,0.2537068724632263,True,0.2441030889749527
0.6289941072463989,7761,0.3210327625274658,True,0.30730298161506653
0.8382617235183716,7762,0.12099726498126984,True,0.11612901836633682
0.7953821420669556,7763,0.11481353640556335,True,0.10909432917833328
0.31783995032310486,7764,0.663233757019043,True,0.6295711398124695
0.8252077102661133,7765,0.12496142089366913,True,0.11516226828098297
0.6800807118415833,7766,0.2708035707473755,True,0.25872552394866943
0.581200122833252,7767,0.38696640729904175,True,0.367417573928833
0.6739891171455383,7768,0.28968435525894165,True,0.27789628505706787
0.8404498100280762,7769,0.11858268082141876,True,0.11363217979669571
0.6495192050933838,7770,0.3185923993587494,True,0.30434179306030273
0.5149677991867065,7771,0.45305418968200684,True,0.43102142214775085
0.48480820655822754,7772,0.48655539751052856,True,0.4684404730796814
0.8604785203933716,7773,0.08230063319206238,True,0.07828707247972488
0.5304421186447144,7774,0.44275692105293274,True,0.4230886995792389
0.7977144122123718,7775,0.15465959906578064,True,0.14667196571826935
0.6613244414329529,7776,0.29646193981170654,True,0.28136831521987915
0.8242733478546143,7777,0.12994162738323212,True,0.1210579127073288
0.649915874004364,7778,0.30820998549461365,True,0.2886717915534973
0.6540360450744629,7779,0.3083166778087616,True,0.2970586121082306
0.7018605470657349,7780,0.2636869549751282,True,0.25061923265457153
0.8602297306060791,7781,0.08736418187618256,True,0.07967130839824677
0.7975484728813171,7782,0.1588052660226822,True,0.15319058299064636
0.7782071232795715,7783,0.1795327067375183,True,0.16984890401363373
0.6679284572601318,7784,0.23537731170654297,True,0.21522286534309387
0.6711320877075195,7785,0.28966882824897766,True,0.26842257380485535
0.7758594155311584,7786,0.1877608448266983,True,0.17625457048416138
0.8034400939941406,7787,0.1615954041481018,True,0.15267130732536316
0.8588539361953735,7788,0.09789435565471649,True,0.09409215301275253
0.7977945804595947,7789,0.15746407210826874,True,0.14916707575321198
0.7192608714103699,7790,0.2416526973247528,True,0.22969670593738556
0.8313450813293457,7791,0.10848131775856018,True,0.09791449457406998
0.7989276647567749,7792,0.16113868355751038,True,0.15383537113666534
0.8244346380233765,7793,0.13532520830631256,True,0.1296434998512268
0.8253993988037109,7794,0.12382815778255463,True,0.11921844631433487
0.8015803694725037,7795,0.14819850027561188,True,0.14229877293109894
0.3971847891807556,7796,0.583430826663971,True,0.5601944923400879
0.8499119281768799,7797,0.09798531234264374,True,0.09414853900671005
0.5382167100906372,7798,0.4394674599170685,True,0.4134479761123657
0.7365910410881042,7799,0.21379321813583374,True,0.20307308435440063
0.7347568273544312,7800,0.2293758988380432,True,0.22083483636379242
0.8164699077606201,7801,0.1418447643518448,True,0.13344338536262512
0.6216281652450562,7802,0.3341280519962311,True,0.319699764251709
0.7513445615768433,7803,0.2046438306570053,True,0.19222228229045868
0.0,7804,1.0,True,0.9414666891098022
0.4771246314048767,7805,0.4979481101036072,True,0.47196686267852783
0.644520103931427,7806,0.3145429491996765,True,0.2865128517150879
0.8407396078109741,7807,0.11346016079187393,True,0.10106652230024338
0.7586491107940674,7808,0.19633246958255768,True,0.18170444667339325
0.6022917628288269,7809,0.3450205624103546,True,0.3278135061264038
0.7685346603393555,7810,0.18918554484844208,True,0.17531006038188934
0.7052057385444641,7811,0.2584483027458191,True,0.24773140251636505
0.6858636140823364,7812,0.27717509865760803,True,0.25773659348487854
0.902178168296814,7813,0.05763377249240875,True,0.05304762348532677
0.6376029253005981,7814,0.3321439027786255,True,0.31881749629974365
0.6884269118309021,7815,0.2652014493942261,True,0.2423231303691864
0.8258410692214966,7816,0.13173212110996246,True,0.12713874876499176
0.6836952567100525,7817,0.2705881893634796,True,0.2536136209964752
0.39941859245300293,7818,0.5778424739837646,True,0.5492444038391113
0.8032499551773071,7819,0.15807487070560455,True,0.1483427733182907
0.5115414261817932,7820,0.4150593876838684,True,0.3853619396686554
0.8565120100975037,7821,0.10283392667770386,True,0.09892470389604568
0.5951041579246521,7822,0.36962205171585083,True,0.3539607524871826
0.8695611357688904,7823,0.09166210144758224,True,0.08777810633182526
0.6543550491333008,7824,0.3153097927570343,True,0.29959768056869507
0.8109803795814514,7825,0.1358334869146347,True,0.12960074841976166
0.7334325313568115,7826,0.2253369390964508,True,0.20744967460632324
0.8499892354011536,7827,0.10170835256576538,True,0.09691861271858215
0.8056150674819946,7828,0.15226493775844574,True,0.14524506032466888
0.6310802698135376,7829,0.31926947832107544,True,0.29544806480407715
0.8745110034942627,7830,0.08443230390548706,True,0.07886568456888199
0.7250059843063354,7831,0.24051383137702942,True,0.22972291707992554
0.7357240915298462,7832,0.2264016568660736,True,0.2106296867132187
0.7471551299095154,7833,0.2162872701883316,True,0.2061067819595337
0.5741384029388428,7834,0.3935784101486206,True,0.376578152179718
0.5526581406593323,7835,0.40196073055267334,True,0.38455477356910706
0.8828985691070557,7836,0.06695277988910675,True,0.061833761632442474
0.6398404836654663,7837,0.29155364632606506,True,0.2688773274421692
0.5068532228469849,7838,0.4638105034828186,True,0.44202545285224915
0.7762280106544495,7839,0.18028616905212402,True,0.16779060661792755
0.6638847589492798,7840,0.2984669804573059,True,0.28583982586860657
0.2769412100315094,7841,0.7078598141670227,True,0.6794489026069641
0.8578698039054871,7842,0.10494060814380646,True,0.09812498092651367
0.6775262951850891,7843,0.28935351967811584,True,0.2714260518550873
0.7886154651641846,7844,0.15047883987426758,True,0.13862662017345428
0.5584091544151306,7845,0.400011271238327,True,0.3596165180206299
0.8327457308769226,7846,0.12072553485631943,True,0.11518164724111557
0.30310481786727905,7847,0.6827970743179321,True,0.6494414806365967
0.7717075943946838,7848,0.18078500032424927,True,0.17318151891231537
0.7600576877593994,7849,0.16309425234794617,True,0.15407508611679077
0.751787006855011,7850,0.19256733357906342,True,0.18092747032642365
0.7755299806594849,7851,0.1688404381275177,True,0.15825384855270386
0.8210861682891846,7852,0.1319417953491211,True,0.1264791637659073
0.5591449737548828,7853,0.4091847538948059,True,0.39373260736465454
0.7443453073501587,7854,0.2078450471162796,True,0.19197213649749756
0.3484857976436615,7855,0.6234210729598999,True,0.5832524299621582
0.821604311466217,7856,0.10690843313932419,True,0.10139240324497223
0.497686505317688,7857,0.46378961205482483,True,0.4431351125240326
0.7855131030082703,7858,0.1670752316713333,True,0.16130313277244568
0.7837018966674805,7859,0.17037595808506012,True,0.15972356498241425
0.6391369104385376,7860,0.3213595151901245,True,0.30603498220443726
0.5651553869247437,7861,0.4006752371788025,True,0.3723345100879669
0.8859626650810242,7862,0.06614178419113159,True,0.06063997372984886
0.7911201119422913,7863,0.15856246650218964,True,0.14517027139663696
0.833282470703125,7864,0.11694379895925522,True,0.10995528846979141
0.5718459486961365,7865,0.3988206386566162,True,0.3749372661113739
0.5190263390541077,7866,0.45121556520462036,True,0.42657554149627686
0.544026792049408,7867,0.41783010959625244,True,0.3955182731151581
0.8549529314041138,7868,0.10330667346715927,True,0.09943453967571259
0.7132710218429565,7869,0.24506978690624237,True,0.23336248099803925
0.6103414297103882,7870,0.35272037982940674,True,0.32652556896209717
0.4638962149620056,7871,0.5040597915649414,True,0.47681236267089844
0.14449885487556458,7872,0.833281397819519,True,0.7851751446723938
0.8329375386238098,7873,0.12119412422180176,True,0.11618483811616898
0.5517048835754395,7874,0.4171990156173706,True,0.40233391523361206
0.8646324276924133,7875,0.09931403398513794,True,0.09029795229434967
0.31590911746025085,7876,0.6671968698501587,True,0.6331802606582642
0.8371433615684509,7877,0.1128462478518486,True,0.10297705978155136
0.5894742012023926,7878,0.37933430075645447,True,0.3630078434944153
0.6634787917137146,7879,0.2923138737678528,True,0.2783389389514923
0.7126860618591309,7880,0.23810400068759918,True,0.22778700292110443
0.7366608381271362,7881,0.21621382236480713,True,0.19814607501029968
0.8219740390777588,7882,0.13977649807929993,True,0.13155291974544525
0.6219969987869263,7883,0.3329870402812958,True,0.31297603249549866
0.6752666234970093,7884,0.2807631492614746,True,0.266635537147522
0.8120344877243042,7885,0.1406242996454239,True,0.13168290257453918
0.8278027772903442,7886,0.12757426500320435,True,0.11835719645023346
0.8960593938827515,7887,0.054654255509376526,True,0.04724454879760742
0.538631021976471,7888,0.42511504888534546,True,0.40339869260787964
0.6030898094177246,7889,0.35707446932792664,True,0.3333243727684021
0.6585384607315063,7890,0.30813226103782654,True,0.2860913872718811
0.5905762910842896,7891,0.38253164291381836,True,0.3673211932182312
0.7487679719924927,7892,0.1888768970966339,True,0.1766936480998993
0.7762526273727417,7893,0.17242833971977234,True,0.16559430956840515
0.813536524772644,7894,0.13936986029148102,True,0.13073280453681946
0.8133914470672607,7895,0.1486244946718216,True,0.1419808268547058
0.801832914352417,7896,0.1463833451271057,True,0.1397569179534912
0.7198281288146973,7897,0.21868464350700378,True,0.20455323159694672
0.7841159105300903,7898,0.18059252202510834,True,0.1706322878599167
0.3717246949672699,7899,0.612274706363678,True,0.5858387351036072
0.7209994792938232,7900,0.2377430647611618,True,0.22932974994182587
0.5464253425598145,7901,0.417363703250885,True,0.39297398924827576
0.8736111521720886,7902,0.08379039913415909,True,0.08004066348075867
0.8247950673103333,7903,0.13093622028827667,True,0.12040609121322632
0.7254132032394409,7904,0.23094837367534637,True,0.22240856289863586
0.7983067035675049,7905,0.1631840616464615,True,0.15254531800746918
0.8545041084289551,7906,0.0968228280544281,True,0.09126576781272888
0.8499726057052612,7907,0.1085842177271843,True,0.10418050736188889
0.8383581042289734,7908,0.10145098716020584,True,0.09312596917152405
0.7880675792694092,7909,0.16630765795707703,True,0.1590639054775238
0.731207013130188,7910,0.23554043471813202,True,0.225359708070755
0.775999903678894,7911,0.17646424472332,True,0.16141945123672485
0.7159717082977295,7912,0.24920518696308136,True,0.23459918797016144
0.6963139772415161,7913,0.24256986379623413,True,0.22979699075222015
0.8544191718101501,7914,0.10527530312538147,True,0.09725534915924072
0.8143747448921204,7915,0.143585205078125,True,0.1373569518327713
0.5975384712219238,7916,0.35860565304756165,True,0.3420499861240387
0.7876691818237305,7917,0.17709439992904663,True,0.16982685029506683
0.8513054847717285,7918,0.10130928456783295,True,0.09554502367973328
0.784486711025238,7919,0.17015622556209564,True,0.1595795601606369
0.8219813108444214,7920,0.12918558716773987,True,0.12252502888441086
0.6120041608810425,7921,0.3556070029735565,True,0.340032696723938
0.8348771333694458,7922,0.1254194676876068,True,0.11807530373334885
0.7460882663726807,7923,0.20766974985599518,True,0.19839851558208466
0.5670981407165527,7924,0.39655208587646484,True,0.3681322932243347
0.8738876581192017,7925,0.08069302141666412,True,0.07757584750652313
0.7627231478691101,7926,0.1845713108778,True,0.170670285820961
0.7756679058074951,7927,0.17590965330600739,True,0.16014687716960907
0.5585509538650513,7928,0.40373510122299194,True,0.3841761350631714
0.5886502265930176,7929,0.378315269947052,True,0.35919708013534546
0.6740850210189819,7930,0.29736945033073425,True,0.28613412380218506
0.7864155769348145,7931,0.17683278024196625,True,0.17043210566043854
0.7902184724807739,7932,0.16832616925239563,True,0.15970957279205322
0.8132060766220093,7933,0.13218870759010315,True,0.12073898315429688
0.8618462681770325,7934,0.09455253183841705,True,0.0867234542965889
0.7766706347465515,7935,0.1778009682893753,True,0.16845449805259705
0.748163104057312,7936,0.21650035679340363,True,0.20496851205825806
0.8670434355735779,7937,0.08305726200342178,True,0.07193736732006073
0.8358432054519653,7938,0.11097612977027893,True,0.10576734691858292
0.5901331305503845,7939,0.3693595826625824,True,0.3480355739593506
0.8026447892189026,7940,0.14537593722343445,True,0.13908109068870544
0.7986830472946167,7941,0.13992317020893097,True,0.13455864787101746
0.6844213604927063,7942,0.2811596393585205,True,0.2691119909286499
0.6140837669372559,7943,0.3476283848285675,True,0.3298645317554474
0.645018458366394,7944,0.32321029901504517,True,0.3012221157550812
0.7690865993499756,7945,0.19467422366142273,True,0.18666309118270874
0.6782086491584778,7946,0.27462244033813477,True,0.2625080645084381
0.8253053426742554,7947,0.13089361786842346,True,0.12559768557548523
0.8431847095489502,7948,0.10804493725299835,True,0.09926802664995193
0.7309146523475647,7949,0.2287312000989914,True,0.2144162356853485
0.7833874225616455,7950,0.17409445345401764,True,0.16520604491233826
0.615822970867157,7951,0.34619906544685364,True,0.3229578733444214
0.7508987188339233,7952,0.20352493226528168,True,0.194952130317688
0.6867278814315796,7953,0.2688107192516327,True,0.25586381554603577
0.813402533531189,7954,0.14170324802398682,True,0.13661670684814453
0.5452330708503723,7955,0.42367634177207947,True,0.4017046093940735
0.7832140326499939,7956,0.16778168082237244,True,0.15718862414360046
0.6818019151687622,7957,0.278766930103302,True,0.2667764127254486
0.6737093329429626,7958,0.29771676659584045,True,0.2768290638923645
0.9002465009689331,7959,0.05626000091433525,True,0.050406720489263535
0.7678258419036865,7960,0.18770280480384827,True,0.18033279478549957
0.6583032608032227,7961,0.29740792512893677,True,0.2818151116371155
0.47540217638015747,7962,0.47448286414146423,True,0.43865716457366943
0.3745054602622986,7963,0.5910167694091797,True,0.5548760890960693
0.7422802448272705,7964,0.21060022711753845,True,0.1977926343679428
0.7456611394882202,7965,0.19254644215106964,True,0.1816260665655136
0.5447834730148315,7966,0.42740052938461304,True,0.4103862941265106
0.7578516006469727,7967,0.18108652532100677,True,0.1746276170015335
0.5070229768753052,7968,0.4640910029411316,True,0.4413483738899231
0.8373817205429077,7969,0.12728913128376007,True,0.11824237555265427
0.8540513515472412,7970,0.09587947279214859,True,0.09101353585720062
0.4896102249622345,7971,0.4738549590110779,True,0.45355772972106934
0.6047495007514954,7972,0.36772212386131287,True,0.35173869132995605
0.8687312006950378,7973,0.07922712713479996,True,0.07561657577753067
0.8158020377159119,7974,0.14923761785030365,True,0.14236843585968018
0.8119295835494995,7975,0.1502591073513031,True,0.1424437314271927
0.7073359489440918,7976,0.24527299404144287,True,0.22031016647815704
0.6893422603607178,7977,0.25639206171035767,True,0.24387302994728088
0.754501461982727,7978,0.21037884056568146,True,0.20120958983898163
0.6359935402870178,7979,0.3305836617946625,True,0.3155304491519928
0.7069852352142334,7980,0.2398604303598404,True,0.22073350846767426
0.7221523523330688,7981,0.2346339225769043,True,0.22275128960609436
0.7500889301300049,7982,0.20767760276794434,True,0.19837677478790283
0.4970988631248474,7983,0.4827757179737091,True,0.46487486362457275
0.8494128584861755,7984,0.10182070732116699,True,0.09802547842264175
0.459274023771286,7985,0.5174636840820312,True,0.49479714035987854
0.6054214239120483,7986,0.3240925073623657,True,0.27531060576438904
0.8060098886489868,7987,0.15184494853019714,True,0.14017651975154877
0.6363357305526733,7988,0.33496153354644775,True,0.32169419527053833
0.7451208829879761,7989,0.21764935553073883,True,0.20750917494297028
0.8110111951828003,7990,0.1465931385755539,True,0.1367465853691101
0.6729002594947815,7991,0.2893482446670532,True,0.27541184425354004
0.5811812877655029,7992,0.38561147451400757,True,0.3710756003856659
0.659304141998291,7993,0.303466796875,True,0.2928452491760254
0.0,7994,1.0,True,0.9247431755065918
0.7871658802032471,7995,0.14096571505069733,True,0.1341342180967331
0.7644977569580078,7996,0.19693535566329956,True,0.18758194148540497
0.728440523147583,7997,0.22736689448356628,True,0.21698054671287537
0.7480036020278931,7998,0.21152231097221375,True,0.1962202787399292
0.49365901947021484,7999,0.4729563593864441,True,0.453064888715744
0.7949060201644897,8000,0.15868449211120605,True,0.14663410186767578
0.6131917238235474,8001,0.3461883068084717,True,0.31959453225135803
0.7851792573928833,8002,0.17088647186756134,True,0.16056877374649048
0.749251127243042,8003,0.2026871293783188,True,0.19212430715560913
0.6536560654640198,8004,0.30754148960113525,True,0.29395267367362976
0.5984525084495544,8005,0.3727967441082001,True,0.3585566580295563
0.7086396217346191,8006,0.23855100572109222,True,0.22522741556167603
0.7134232521057129,8007,0.21261197328567505,True,0.19283665716648102
0.8504223227500916,8008,0.10367357730865479,True,0.09895564615726471
0.8114407062530518,8009,0.14185510575771332,True,0.13592924177646637
0.6833620071411133,8010,0.2831193804740906,True,0.268879771232605
0.8160275220870972,8011,0.14068523049354553,True,0.13512365520000458
0.6593650579452515,8012,0.28250762820243835,True,0.2688082158565521
0.8387471437454224,8013,0.11831175535917282,True,0.1131322830915451
0.7277330756187439,8014,0.21661272644996643,True,0.2061484158039093
0.7769002318382263,8015,0.1869213879108429,True,0.17745764553546906
0.0,8016,1.0,True,0.9545464515686035
0.7438589334487915,8017,0.2085065096616745,True,0.19953055679798126
0.6389257907867432,8018,0.3174213469028473,True,0.30569565296173096
0.8565796613693237,8019,0.09160441160202026,True,0.08791624754667282
0.6759076714515686,8020,0.26844364404678345,True,0.2561849355697632
0.7486408948898315,8021,0.2075742781162262,True,0.1970144361257553
0.7812346816062927,8022,0.1780162751674652,True,0.16862711310386658
0.634398341178894,8023,0.32496050000190735,True,0.3064367473125458
0.803339421749115,8024,0.1592990756034851,True,0.15218393504619598
0.6548168063163757,8025,0.313674658536911,True,0.29725730419158936
0.7814502716064453,8026,0.17848904430866241,True,0.17100736498832703
0.8501233458518982,8027,0.10968364030122757,True,0.1053553968667984
0.39180102944374084,8028,0.579988956451416,True,0.5569777488708496
0.8533520102500916,8029,0.09774772077798843,True,0.088893823325634
0.8437075614929199,8030,0.11592189967632294,True,0.11151512712240219
0.6019260287284851,8031,0.3506600558757782,True,0.33606788516044617
0.6351648569107056,8032,0.3189868628978729,True,0.29567036032676697
0.7678637504577637,8033,0.19062384963035583,True,0.17907226085662842
0.728126049041748,8034,0.23413445055484772,True,0.22414493560791016
0.5801970362663269,8035,0.3895667493343353,True,0.3756861984729767
0.7070488333702087,8036,0.24565845727920532,True,0.23393359780311584
0.7363408803939819,8037,0.20710313320159912,True,0.19729110598564148
0.7782021164894104,8038,0.17939819395542145,True,0.17012816667556763
0.835668683052063,8039,0.11091947555541992,True,0.10432543605566025
0.862716794013977,8040,0.08942216634750366,True,0.08100789040327072
0.47689273953437805,8041,0.49909427762031555,True,0.46939486265182495
0.7365772724151611,8042,0.22607097029685974,True,0.21666382253170013
0.6756365299224854,8043,0.2779873013496399,True,0.26387953758239746
0.7342497110366821,8044,0.22249089181423187,True,0.21363826096057892
0.714715838432312,8045,0.2417909801006317,True,0.2299741804599762
0.6419605016708374,8046,0.33064788579940796,True,0.3149307370185852
0.7924433946609497,8047,0.1642811894416809,True,0.15210884809494019
0.6606360077857971,8048,0.3087819218635559,True,0.2939128577709198
0.7979615926742554,8049,0.15440426766872406,True,0.1387108713388443
0.7764102816581726,8050,0.16815818846225739,True,0.16094115376472473
0.5383558869361877,8051,0.4347739815711975,True,0.41276314854621887
0.7123924493789673,8052,0.23319333791732788,True,0.2199404239654541
0.8710266351699829,8053,0.07393967360258102,True,0.0646793469786644
0.5667799711227417,8054,0.399448424577713,True,0.3766973614692688
0.7834832072257996,8055,0.16215844452381134,True,0.15383616089820862
0.802928626537323,8056,0.151264488697052,True,0.14597132802009583
0.6884343028068542,8057,0.27656593918800354,True,0.2631533443927765
0.6459590196609497,8058,0.31756922602653503,True,0.3045088052749634
0.6560379266738892,8059,0.30623677372932434,True,0.28477245569229126
0.6135621666908264,8060,0.3525305688381195,True,0.3274182081222534
0.7498699426651001,8061,0.20726411044597626,True,0.19646024703979492
0.4221840798854828,8062,0.5462811589241028,True,0.5224864482879639
0.7837982773780823,8063,0.15878115594387054,True,0.14702945947647095
0.4854240119457245,8064,0.4823843836784363,True,0.4525231122970581
0.7297234535217285,8065,0.23415590822696686,True,0.22168634831905365
0.811884880065918,8066,0.15034328401088715,True,0.14014190435409546
0.6005693078041077,8067,0.35681992769241333,True,0.3380874693393707
0.6660337448120117,8068,0.28164124488830566,True,0.26294800639152527
0.7125363349914551,8069,0.24795851111412048,True,0.23027403652668
0.5395881533622742,8070,0.4230691194534302,True,0.4064457416534424
0.7779422998428345,8071,0.1724139153957367,True,0.1582268327474594
0.8518843650817871,8072,0.10102900117635727,True,0.09624519944190979
0.3983830213546753,8073,0.5848103761672974,True,0.563362717628479
0.690426230430603,8074,0.2726651132106781,True,0.2624979615211487
0.7135690450668335,8075,0.2056080847978592,True,0.19209089875221252
0.8302785158157349,8076,0.12942910194396973,True,0.12343836575746536
0.7326933145523071,8077,0.23343411087989807,True,0.21993589401245117
0.6598122119903564,8078,0.3040371239185333,True,0.2905017137527466
0.8394050002098083,8079,0.11541672796010971,True,0.11080072075128555
0.7834391593933105,8080,0.16532590985298157,True,0.15557624399662018
0.8138532638549805,8081,0.14358651638031006,True,0.1277891844511032
0.5265569686889648,8082,0.4466380476951599,True,0.41681969165802
0.8068298101425171,8083,0.15122085809707642,True,0.13787856698036194
0.7067502737045288,8084,0.26071155071258545,True,0.2504713237285614
0.8117819428443909,8085,0.1437738686800003,True,0.13600312173366547
0.5905061960220337,8086,0.36658763885498047,True,0.34974879026412964
0.5703659057617188,8087,0.3846682906150818,True,0.3452170491218567
0.8044769763946533,8088,0.14055250585079193,True,0.13237039744853973
0.7820174694061279,8089,0.17383454740047455,True,0.16377349197864532
0.690976083278656,8090,0.27702730894088745,True,0.2604297995567322
0.3818572461605072,8091,0.5884958505630493,True,0.5571334362030029
0.0,8092,1.0,True,0.9405827522277832
0.5647247433662415,8093,0.39853668212890625,True,0.38105905055999756
0.7915289402008057,8094,0.1637146919965744,True,0.1550777703523636
0.5430799722671509,8095,0.42915695905685425,True,0.40900975465774536
0.8730420470237732,8096,0.07062053680419922,True,0.06684930622577667
0.773594856262207,8097,0.18747268617153168,True,0.17760145664215088
0.741624116897583,8098,0.21959467232227325,True,0.20639395713806152
0.0,8099,1.0,True,0.9532811641693115
0.7708441019058228,8100,0.18842969834804535,True,0.18100295960903168
0.6570886373519897,8101,0.30398306250572205,True,0.2902248799800873
0.822481632232666,8102,0.1399458944797516,True,0.1317012906074524
0.6221764087677002,8103,0.3357003331184387,True,0.31832197308540344
0.7124522924423218,8104,0.24431587755680084,True,0.23107081651687622
0.8218539953231812,8105,0.13257011771202087,True,0.11836494505405426
0.692658007144928,8106,0.25644806027412415,True,0.24120895564556122
0.6890891790390015,8107,0.2760908007621765,True,0.26530471444129944
0.7924321889877319,8108,0.16120511293411255,True,0.1530103087425232
0.8667808771133423,8109,0.07819918543100357,True,0.0716455802321434
0.6314102411270142,8110,0.32548609375953674,True,0.31360578536987305
0.7216414213180542,8111,0.22436746954917908,True,0.21052272617816925
0.8669030070304871,8112,0.09256522357463837,True,0.08870623260736465
0.735644519329071,8113,0.2189091444015503,True,0.20477764308452606
0.5390483736991882,8114,0.4240676462650299,True,0.4020569324493408
0.4993806481361389,8115,0.4778946042060852,True,0.4596301019191742
0.5326366424560547,8116,0.44156503677368164,True,0.4221659004688263
0.6386537551879883,8117,0.3115035593509674,True,0.29509615898132324
0.7800499796867371,8118,0.16596411168575287,True,0.15288811922073364
0.5640465021133423,8119,0.3863283395767212,True,0.36297738552093506
0.7086822986602783,8120,0.22944679856300354,True,0.20921994745731354
0.44704627990722656,8121,0.5317124724388123,True,0.49775391817092896
0.7209783792495728,8122,0.24178561568260193,True,0.23244793713092804
0.8553156852722168,8123,0.08674471825361252,True,0.07751195132732391
0.5939924716949463,8124,0.3747895061969757,True,0.35708242654800415
0.8727221488952637,8125,0.0897342711687088,True,0.08479131013154984
0.7620930671691895,8126,0.19546517729759216,True,0.17890822887420654
0.8168447613716125,8127,0.14685386419296265,True,0.1391163021326065
0.7237327694892883,8128,0.23109933733940125,True,0.2208728790283203
0.8549524545669556,8129,0.10322383791208267,True,0.09623751044273376
0.59370356798172,8130,0.3757290244102478,True,0.35751333832740784
0.8013349771499634,8131,0.163571298122406,True,0.15670131146907806
0.7736971974372864,8132,0.17942269146442413,True,0.17286235094070435
0.7075127363204956,8133,0.2432636171579361,True,0.22876328229904175
0.657565176486969,8134,0.3067079484462738,True,0.28526103496551514
0.8450177907943726,8135,0.08702406287193298,True,0.08127511292695999
0.6725369691848755,8136,0.29169559478759766,True,0.2783440053462982
0.8387998342514038,8137,0.11439640074968338,True,0.10710589587688446
0.6306622624397278,8138,0.32941293716430664,True,0.31503573060035706
0.6324995160102844,8139,0.3417845368385315,True,0.32922035455703735
0.8595380783081055,8140,0.09217391163110733,True,0.08809296786785126
0.6242219805717468,8141,0.3361468017101288,True,0.3222898840904236
0.7305302023887634,8142,0.2099270224571228,True,0.18604432046413422
0.8462055325508118,8143,0.11033152788877487,True,0.10624482482671738
0.7294369339942932,8144,0.22397921979427338,True,0.21559683978557587
0.8119993209838867,8145,0.1346985101699829,True,0.1274910867214203
0.8790726661682129,8146,0.07780687510967255,True,0.07463058829307556
0.8771769404411316,8147,0.0717521607875824,True,0.06397101283073425
0.802875816822052,8148,0.14959239959716797,True,0.14032097160816193
0.7417854070663452,8149,0.19454360008239746,True,0.18407219648361206
0.8443252444267273,8150,0.10867626219987869,True,0.09879815578460693
0.8296072483062744,8151,0.12238822132349014,True,0.11697545647621155
0.7981388568878174,8152,0.1460159420967102,True,0.13375040888786316
0.8089160919189453,8153,0.12336605042219162,True,0.11669637262821198
0.8796786069869995,8154,0.0776720866560936,True,0.07458119839429855
0.6366236209869385,8155,0.32552725076675415,True,0.3050585389137268
0.657394289970398,8156,0.30492857098579407,True,0.2863098978996277
0.8517524600028992,8157,0.10548435896635056,True,0.10008049756288528
0.8637599349021912,8158,0.09794249385595322,True,0.08829484134912491
0.7478843927383423,8159,0.2021484225988388,True,0.19526377320289612
0.8811054229736328,8160,0.06548324227333069,True,0.05886409059166908
0.6147782802581787,8161,0.33887845277786255,True,0.3216741979122162
0.8331724405288696,8162,0.11236484348773956,True,0.10772869735956192
0.7033975124359131,8163,0.2585495710372925,True,0.24637886881828308
0.6730095148086548,8164,0.2917343080043793,True,0.2740633189678192
0.8150056004524231,8165,0.13174910843372345,True,0.1269371658563614
0.6781765818595886,8166,0.2744256556034088,True,0.25024136900901794
0.8065894842147827,8167,0.15972810983657837,True,0.15189440548419952
0.7056703567504883,8168,0.25934430956840515,True,0.24798892438411713
0.7790231704711914,8169,0.15245215594768524,True,0.13851289451122284
0.718899130821228,8170,0.22849290072917938,True,0.21804071962833405
0.49968522787094116,8171,0.4465360641479492,True,0.4233071804046631
0.7491230368614197,8172,0.22149333357810974,True,0.2133261114358902
0.6086277961730957,8173,0.3498743176460266,True,0.32598042488098145
0.8364131450653076,8174,0.1196284070611,True,0.11269769817590714
0.7392489910125732,8175,0.21163685619831085,True,0.19701270759105682
0.5294855833053589,8176,0.4421432912349701,True,0.42580604553222656
0.8110299706459045,8177,0.1280834674835205,True,0.11614890396595001
0.5096465945243835,8178,0.4593169391155243,True,0.4339883625507355
0.3845497965812683,8179,0.5985987186431885,True,0.5715010166168213
0.6374897956848145,8180,0.3174895644187927,True,0.29679417610168457
0.5971711874008179,8181,0.37790966033935547,True,0.36160585284233093
0.46096426248550415,8182,0.5109648704528809,True,0.4845474362373352
0.5117068290710449,8183,0.45040011405944824,True,0.4271915853023529
0.6603385806083679,8184,0.30569058656692505,True,0.29112333059310913
0.810940682888031,8185,0.1382945030927658,True,0.1328008472919464
0.484938383102417,8186,0.46939828991889954,True,0.44686394929885864
0.7677967548370361,8187,0.18886114656925201,True,0.17806683480739594
0.6817142963409424,8188,0.27078577876091003,True,0.25566813349723816
0.8474708795547485,8189,0.11144520342350006,True,0.10621889680624008
0.345458447933197,8190,0.6349841356277466,True,0.6067489385604858
0.8746033310890198,8191,0.0827828049659729,True,0.075384221971035
