non_true_tail_warrant_mass,rank_after_tail_bias,rank_before_tail_bias,rank_gain_from_tail_path,sample_id,true_tail_attention_mass,true_tail_bias,true_tail_copy_mass,true_tail_in_history,true_tail_warrant_mass
1.0,5380.0,5380.0,0.0,6553,0.0,0.0,0.0,False,0.0
0.9907318353652954,1.0,1.0,0.0,6554,0.009268210269510746,0.0,0.0,True,0.009268210269510746
1.0,182.0,182.0,0.0,6555,0.0,0.0,0.0,False,0.0
0.9999999403953552,7486.0,7486.0,0.0,6556,0.0,0.0,0.0,False,0.0
1.0,4736.0,4736.0,0.0,6557,0.0,0.0,0.0,False,0.0
1.0,688.0,688.0,0.0,6558,0.0,0.0,0.0,False,0.0
0.9961720705032349,7.0,7.0,0.0,6559,0.0038279532454907894,0.0,0.0,True,0.0038279532454907894
1.0,2133.0,2133.0,0.0,6560,0.0,0.0,0.0,False,0.0
1.0,6806.0,6806.0,0.0,6561,0.0,0.0,0.0,False,0.0
0.9931017756462097,1.0,1.0,0.0,6562,0.006898248568177223,0.0,0.0,True,0.006898248568177223
1.0,5231.0,5231.0,0.0,6563,0.0,0.0,0.0,False,0.0
0.979108989238739,2148.0,2148.0,0.0,6564,0.02089107222855091,0.0,0.0,True,0.02089107222855091
1.0,2476.0,2476.0,0.0,6565,0.0,0.0,0.0,False,0.0
0.9999999403953552,4255.0,4255.0,0.0,6566,0.0,0.0,0.0,False,0.0
1.0,2360.0,2360.0,0.0,6567,0.0,0.0,0.0,False,0.0
0.9934056997299194,1.0,1.0,0.0,6568,0.00659430306404829,0.0,0.0,True,0.00659430306404829
1.0,315.0,315.0,0.0,6569,0.0,0.0,0.0,False,0.0
0.9999999403953552,7257.0,7257.0,0.0,6570,0.0,0.0,0.0,False,0.0
0.9789960980415344,5840.0,5840.0,0.0,6571,0.021003887057304382,0.0,0.0,True,0.021003887057304382
0.9940787553787231,1.0,1.0,0.0,6572,0.005921281408518553,0.0,0.0,True,0.005921281408518553
1.0,4025.0,4025.0,0.0,6573,0.0,0.0,0.0,False,0.0
1.0,1792.0,1792.0,0.0,6574,0.0,0.0,0.0,False,0.0
1.0,7164.0,7164.0,0.0,6575,0.0,0.0,0.0,False,0.0
0.9691422581672668,3700.0,3700.0,0.0,6576,0.030857767909765244,0.0,0.0,True,0.030857767909765244
1.0,1159.0,1159.0,0.0,6577,0.0,0.0,0.0,False,0.0
1.0,5104.0,5104.0,0.0,6578,0.0,0.0,0.0,False,0.0
0.9859461188316345,1.0,1.0,0.0,6579,0.014053854160010815,0.0,0.0,True,0.014053854160010815
0.9897205233573914,1.0,1.0,0.0,6580,0.010279564186930656,0.0,0.0,True,0.010279564186930656
0.9999998807907104,7539.0,7539.0,0.0,6581,0.0,0.0,0.0,False,0.0
1.0,168.0,168.0,0.0,6582,0.0,0.0,0.0,False,0.0
1.0,6474.0,6474.0,0.0,6583,0.0,0.0,0.0,False,0.0
1.0,2709.0,2709.0,0.0,6584,0.0,0.0,0.0,False,0.0
0.9999999403953552,7224.0,7224.0,0.0,6585,0.0,0.0,0.0,False,0.0
1.0,679.0,679.0,0.0,6586,0.0,0.0,0.0,False,0.0
0.9944977164268494,5112.0,5112.0,0.0,6587,0.005502261221408844,0.0,0.0,True,0.005502261221408844
0.9999999403953552,1899.0,1899.0,0.0,6588,0.0,0.0,0.0,False,0.0
0.9899260997772217,6645.0,6645.0,0.0,6589,0.010073787532746792,0.0,0.0,True,0.010073787532746792
0.948638916015625,2425.0,2425.0,0.0,6590,0.051361069083213806,0.0,0.0,True,0.051361069083213806
1.0,6838.0,6838.0,0.0,6591,0.0,0.0,0.0,False,0.0
1.0,38.0,38.0,0.0,6592,0.0,0.0,0.0,False,0.0
1.0,18.0,18.0,0.0,6593,0.0,0.0,0.0,False,0.0
1.0,826.0,826.0,0.0,6594,0.0,0.0,0.0,False,0.0
0.9761791229248047,422.0,422.0,0.0,6595,0.023820800706744194,0.0,0.0,True,0.023820800706744194
0.9999999403953552,4388.0,4388.0,0.0,6596,0.0,0.0,0.0,False,0.0
0.9304823875427246,3563.0,3563.0,0.0,6597,0.06951762735843658,0.0,0.0,True,0.06951762735843658
0.959232747554779,1.0,1.0,0.0,6598,0.04076734930276871,0.0,0.0,True,0.04076734930276871
1.0,7653.0,7653.0,0.0,6599,0.0,0.0,0.0,False,0.0
0.9999999403953552,2637.0,2637.0,0.0,6600,0.0,0.0,0.0,False,0.0
0.9608722925186157,1.0,1.0,0.0,6601,0.03912767767906189,0.0,0.0,True,0.03912767767906189
1.0,5631.0,5631.0,0.0,6602,0.0,0.0,0.0,False,0.0
0.999083936214447,6847.0,6847.0,0.0,6603,0.0009160436457023025,0.0,0.0,True,0.0009160436457023025
1.0,3009.0,3009.0,0.0,6604,0.0,0.0,0.0,False,0.0
1.0000001192092896,6239.0,6239.0,0.0,6605,0.0,0.0,0.0,False,0.0
0.9999999403953552,50.0,50.0,0.0,6606,0.0,0.0,0.0,False,0.0
1.0,2763.0,2763.0,0.0,6607,0.0,0.0,0.0,False,0.0
0.9598078727722168,5825.0,5825.0,0.0,6608,0.04019217938184738,0.0,0.0,True,0.04019217938184738
1.0,2659.0,2659.0,0.0,6609,0.0,0.0,0.0,False,0.0
0.9931008815765381,7218.0,7218.0,0.0,6610,0.00689917104318738,0.0,0.0,True,0.00689917104318738
0.998400092124939,6996.0,6996.0,0.0,6611,0.0015999526949599385,0.0,0.0,True,0.0015999526949599385
0.9999999403953552,509.0,509.0,0.0,6612,0.0,0.0,0.0,False,0.0
0.9634585380554199,7166.0,7166.0,0.0,6613,0.036541491746902466,0.0,0.0,True,0.036541491746902466
0.9849044680595398,6743.0,6743.0,0.0,6614,0.015095598995685577,0.0,0.0,True,0.015095598995685577
0.9981718063354492,3245.0,3245.0,0.0,6615,0.0018282359233126044,0.0,0.0,True,0.0018282359233126044
1.0,3194.0,3194.0,0.0,6616,0.0,0.0,0.0,False,0.0
1.0,4941.0,4941.0,0.0,6617,0.0,0.0,0.0,False,0.0
1.0,373.0,373.0,0.0,6618,0.0,0.0,0.0,False,0.0
1.0000001192092896,1082.0,1082.0,0.0,6619,0.0,0.0,0.0,False,0.0
0.9699853658676147,4054.0,4054.0,0.0,6620,0.030014565214514732,0.0,0.0,True,0.030014565214514732
1.0,122.0,122.0,0.0,6621,0.0,0.0,0.0,False,0.0
0.9999999403953552,7238.0,7238.0,0.0,6622,0.0,0.0,0.0,False,0.0
1.0,1617.0,1617.0,0.0,6623,0.0,0.0,0.0,False,0.0
0.9120743870735168,2597.0,2597.0,0.0,6624,0.08792555332183838,0.0,0.0,True,0.08792555332183838
0.9999998807907104,3332.0,3332.0,0.0,6625,0.0,0.0,0.0,False,0.0
0.9431192874908447,2185.0,2185.0,0.0,6626,0.05688074603676796,0.0,0.0,True,0.05688074603676796
1.0,3269.0,3269.0,0.0,6627,0.0,0.0,0.0,False,0.0
0.9941805601119995,6623.0,6623.0,0.0,6628,0.005819431506097317,0.0,0.0,True,0.005819431506097317
0.9999998807907104,7358.0,7358.0,0.0,6629,0.0,0.0,0.0,False,0.0
1.0,76.0,76.0,0.0,6630,0.0,0.0,0.0,False,0.0
1.0,309.0,309.0,0.0,6631,0.0,0.0,0.0,False,0.0
1.0,2971.0,2971.0,0.0,6632,0.0,0.0,0.0,False,0.0
1.0,1193.0,1193.0,0.0,6633,0.0,0.0,0.0,False,0.0
1.0,3225.0,3225.0,0.0,6634,0.0,0.0,0.0,False,0.0
0.9901441335678101,2155.0,2155.0,0.0,6635,0.009855873882770538,0.0,0.0,True,0.009855873882770538
1.0,892.0,892.0,0.0,6636,0.0,0.0,0.0,False,0.0
1.0,1229.0,1229.0,0.0,6637,0.0,0.0,0.0,False,0.0
0.9859404563903809,1.0,1.0,0.0,6638,0.014059534296393394,0.0,0.0,True,0.014059534296393394
1.0,3932.0,3932.0,0.0,6639,0.0,0.0,0.0,False,0.0
0.9999999403953552,1848.0,1848.0,0.0,6640,0.0,0.0,0.0,False,0.0
0.9861671328544617,18.0,18.0,0.0,6641,0.013832876458764076,0.0,0.0,True,0.013832876458764076
1.0,6108.0,6108.0,0.0,6642,0.0,0.0,0.0,False,0.0
1.0,2632.0,2632.0,0.0,6643,0.0,0.0,0.0,False,0.0
0.9999999403953552,4986.0,4986.0,0.0,6644,0.0,0.0,0.0,False,0.0
0.9215007424354553,1174.0,1174.0,0.0,6645,0.0784991979598999,0.0,0.0,True,0.0784991979598999
1.0,1866.0,1866.0,0.0,6646,0.0,0.0,0.0,False,0.0
1.0,188.0,188.0,0.0,6647,0.0,0.0,0.0,False,0.0
1.0,1000.0,1000.0,0.0,6648,0.0,0.0,0.0,False,0.0
1.0,9.0,9.0,0.0,6649,0.0,0.0,0.0,False,0.0
1.0,80.0,80.0,0.0,6650,0.0,0.0,0.0,False,0.0
1.0,2447.0,2447.0,0.0,6651,0.0,0.0,0.0,False,0.0
0.9774459600448608,3761.0,3761.0,0.0,6652,0.022554006427526474,0.0,0.0,True,0.022554006427526474
1.0,996.0,996.0,0.0,6653,0.0,0.0,0.0,False,0.0
1.0,3109.0,3109.0,0.0,6654,0.0,0.0,0.0,False,0.0
1.0,1319.0,1319.0,0.0,6655,0.0,0.0,0.0,False,0.0
1.0,7523.0,7523.0,0.0,6656,0.0,0.0,0.0,False,0.0
0.9999998807907104,2541.0,2541.0,0.0,6657,0.0,0.0,0.0,False,0.0
0.9962649345397949,25.0,25.0,0.0,6658,0.003735028440132737,0.0,0.0,True,0.003735028440132737
0.9829105138778687,5793.0,5793.0,0.0,6659,0.01708954945206642,0.0,0.0,True,0.01708954945206642
1.0,2019.0,2019.0,0.0,6660,0.0,0.0,0.0,False,0.0
0.9851731061935425,7224.0,7224.0,0.0,6661,0.014826880767941475,0.0,0.0,True,0.014826880767941475
0.9865071177482605,1088.0,1088.0,0.0,6662,0.013492859899997711,0.0,0.0,True,0.013492859899997711
1.0,4971.0,4971.0,0.0,6663,0.0,0.0,0.0,False,0.0
0.9437267184257507,412.0,412.0,0.0,6664,0.05627329275012016,0.0,0.0,True,0.05627329275012016
0.9971154928207397,3893.0,3893.0,0.0,6665,0.0028844682965427637,0.0,0.0,True,0.0028844682965427637
1.0,4841.0,4841.0,0.0,6666,0.0,0.0,0.0,False,0.0
1.0,6625.0,6625.0,0.0,6667,0.0,0.0,0.0,False,0.0
0.9812411069869995,4194.0,4194.0,0.0,6668,0.018758811056613922,0.0,0.0,True,0.018758811056613922
1.0,6215.0,6215.0,0.0,6669,0.0,0.0,0.0,False,0.0
0.9999999403953552,530.0,530.0,0.0,6670,0.0,0.0,0.0,False,0.0
0.9985939264297485,1.0,1.0,0.0,6671,0.0014060710091143847,0.0,0.0,True,0.0014060710091143847
1.0,1006.0,1006.0,0.0,6672,0.0,0.0,0.0,False,0.0
0.9966816306114197,1.0,1.0,0.0,6673,0.0033184345811605453,0.0,0.0,True,0.0033184345811605453
1.0000001192092896,7641.0,7641.0,0.0,6674,0.0,0.0,0.0,False,0.0
1.0,1598.0,1598.0,0.0,6675,0.0,0.0,0.0,False,0.0
1.0,1668.0,1668.0,0.0,6676,0.0,0.0,0.0,False,0.0
0.9917014241218567,6271.0,6271.0,0.0,6677,0.00829856377094984,0.0,0.0,True,0.00829856377094984
0.9944871068000793,843.0,843.0,0.0,6678,0.005512824282050133,0.0,0.0,True,0.005512824282050133
0.9933339357376099,768.0,768.0,0.0,6679,0.006666109897196293,0.0,0.0,True,0.006666109897196293
1.0,6593.0,6593.0,0.0,6680,0.0,0.0,0.0,False,0.0
0.9859395027160645,1.0,1.0,0.0,6681,0.014060474932193756,0.0,0.0,True,0.014060474932193756
1.0,2653.0,2653.0,0.0,6682,0.0,0.0,0.0,False,0.0
0.9401769042015076,732.0,732.0,0.0,6683,0.05982310324907303,0.0,0.0,True,0.05982310324907303
0.9755208492279053,3488.0,3488.0,0.0,6684,0.024479154497385025,0.0,0.0,True,0.024479154497385025
1.0,3129.0,3129.0,0.0,6685,0.0,0.0,0.0,False,0.0
1.0000001192092896,910.0,910.0,0.0,6686,0.0,0.0,0.0,False,0.0
1.0,2922.0,2922.0,0.0,6687,0.0,0.0,0.0,False,0.0
1.0,3663.0,3663.0,0.0,6688,0.0,0.0,0.0,False,0.0
1.0000001192092896,1078.0,1078.0,0.0,6689,0.0,0.0,0.0,False,0.0
1.0,7159.0,7159.0,0.0,6690,0.0,0.0,0.0,False,0.0
1.0,5605.0,5605.0,0.0,6691,0.0,0.0,0.0,False,0.0
0.9999999403953552,1153.0,1153.0,0.0,6692,0.0,0.0,0.0,False,0.0
0.9999999403953552,5068.0,5068.0,0.0,6693,0.0,0.0,0.0,False,0.0
1.0,6166.0,6166.0,0.0,6694,0.0,0.0,0.0,False,0.0
1.0,46.0,46.0,0.0,6695,0.0,0.0,0.0,False,0.0
1.0,346.0,346.0,0.0,6696,0.0,0.0,0.0,False,0.0
1.0,4738.0,4738.0,0.0,6697,0.0,0.0,0.0,False,0.0
0.9791201949119568,3035.0,3035.0,0.0,6698,0.020879747346043587,0.0,0.0,True,0.020879747346043587
0.9999999403953552,1738.0,1738.0,0.0,6699,0.0,0.0,0.0,False,0.0
0.9928662180900574,459.0,459.0,0.0,6700,0.007133754435926676,0.0,0.0,True,0.007133754435926676
0.9999999403953552,3068.0,3068.0,0.0,6701,0.0,0.0,0.0,False,0.0
0.9841609001159668,7673.0,7673.0,0.0,6702,0.01583906263113022,0.0,0.0,True,0.01583906263113022
1.0,3497.0,3497.0,0.0,6703,0.0,0.0,0.0,False,0.0
1.0,1265.0,1265.0,0.0,6704,0.0,0.0,0.0,False,0.0
1.0,5923.0,5923.0,0.0,6705,0.0,0.0,0.0,False,0.0
1.0000001192092896,6872.0,6872.0,0.0,6706,0.0,0.0,0.0,False,0.0
1.0000001192092896,4956.0,4956.0,0.0,6707,0.0,0.0,0.0,False,0.0
1.0,225.0,225.0,0.0,6708,0.0,0.0,0.0,False,0.0
1.0,6548.0,6548.0,0.0,6709,0.0,0.0,0.0,False,0.0
0.9812878370285034,589.0,589.0,0.0,6710,0.018712159246206284,0.0,0.0,True,0.018712159246206284
1.0,6576.0,6576.0,0.0,6711,0.0,0.0,0.0,False,0.0
0.9273774027824402,359.0,359.0,0.0,6712,0.07262267172336578,0.0,0.0,True,0.07262267172336578
0.9330754280090332,7303.0,7303.0,0.0,6713,0.06692469120025635,0.0,0.0,True,0.06692469120025635
0.9873156547546387,1.0,1.0,0.0,6714,0.01268432941287756,0.0,0.0,True,0.01268432941287756
1.0,2655.0,2655.0,0.0,6715,0.0,0.0,0.0,False,0.0
0.9926744699478149,4472.0,4472.0,0.0,6716,0.007325509563088417,0.0,0.0,True,0.007325509563088417
0.9425195455551147,7324.0,7324.0,0.0,6717,0.05748051777482033,0.0,0.0,True,0.05748051777482033
0.9276877641677856,2608.0,2608.0,0.0,6718,0.07231231778860092,0.0,0.0,True,0.07231231778860092
0.9999999403953552,1313.0,1313.0,0.0,6719,0.0,0.0,0.0,False,0.0
1.0,698.0,698.0,0.0,6720,0.0,0.0,0.0,False,0.0
1.0,4647.0,4647.0,0.0,6721,0.0,0.0,0.0,False,0.0
0.98587965965271,1.0,1.0,0.0,6722,0.014120325446128845,0.0,0.0,True,0.014120325446128845
0.9999999403953552,2103.0,2103.0,0.0,6723,0.0,0.0,0.0,False,0.0
1.0,3562.0,3562.0,0.0,6724,0.0,0.0,0.0,False,0.0
0.9914599657058716,2813.0,2813.0,0.0,6725,0.008540078066289425,0.0,0.0,True,0.008540078066289425
0.9835026860237122,5184.0,5184.0,0.0,6726,0.016497336328029633,0.0,0.0,True,0.016497336328029633
0.9734060168266296,5128.0,5128.0,0.0,6727,0.02659403160214424,0.0,0.0,True,0.02659403160214424
0.7779046297073364,5251.0,5251.0,0.0,6728,0.22209540009498596,0.0,0.0,True,0.22209540009498596
1.0,4537.0,4537.0,0.0,6729,0.0,0.0,0.0,False,0.0
0.9813662767410278,2336.0,2336.0,0.0,6730,0.018633702769875526,0.0,0.0,True,0.018633702769875526
1.0000001192092896,548.0,548.0,0.0,6731,0.0,0.0,0.0,False,0.0
0.9999999403953552,154.0,154.0,0.0,6732,0.0,0.0,0.0,False,0.0
1.0,6415.0,6415.0,0.0,6733,0.0,0.0,0.0,False,0.0
1.0,1343.0,1343.0,0.0,6734,0.0,0.0,0.0,False,0.0
1.0,33.0,33.0,0.0,6735,0.0,0.0,0.0,False,0.0
0.9999998807907104,5936.0,5936.0,0.0,6736,0.0,0.0,0.0,False,0.0
0.9999998807907104,198.0,198.0,0.0,6737,0.0,0.0,0.0,False,0.0
1.0,1441.0,1441.0,0.0,6738,0.0,0.0,0.0,False,0.0
1.0,1107.0,1107.0,0.0,6739,0.0,0.0,0.0,False,0.0
0.997742772102356,30.0,30.0,0.0,6740,0.0022571522276848555,0.0,0.0,True,0.0022571522276848555
0.9971128106117249,1.0,1.0,0.0,6741,0.0028872182592749596,0.0,0.0,True,0.0028872182592749596
0.9999998807907104,4611.0,4611.0,0.0,6742,0.0,0.0,0.0,False,0.0
0.9692466855049133,4310.0,4310.0,0.0,6743,0.03075341135263443,0.0,0.0,True,0.03075341135263443
0.9877896308898926,332.0,332.0,0.0,6744,0.012210393324494362,0.0,0.0,True,0.012210393324494362
0.9892746806144714,4567.0,4567.0,0.0,6745,0.010725308209657669,0.0,0.0,True,0.010725308209657669
0.9963047504425049,2062.0,2062.0,0.0,6746,0.0036953312810510397,0.0,0.0,True,0.0036953312810510397
0.7683994770050049,2466.0,2466.0,0.0,6747,0.23160043358802795,0.0,0.0,True,0.23160043358802795
0.9999998807907104,2303.0,2303.0,0.0,6748,0.0,0.0,0.0,False,0.0
0.7797561883926392,2486.0,2486.0,0.0,6749,0.22024382650852203,0.0,0.0,True,0.22024382650852203
1.0,7270.0,7270.0,0.0,6750,0.0,0.0,0.0,False,0.0
0.9902975559234619,6446.0,6446.0,0.0,6751,0.009702338837087154,0.0,0.0,True,0.009702338837087154
0.9772815704345703,148.0,148.0,0.0,6752,0.022718381136655807,0.0,0.0,True,0.022718381136655807
1.0,2119.0,2119.0,0.0,6753,0.0,0.0,0.0,False,0.0
0.9976966977119446,7290.0,7290.0,0.0,6754,0.0023033267352730036,0.0,0.0,True,0.0023033267352730036
0.9999999403953552,1625.0,1625.0,0.0,6755,0.0,0.0,0.0,False,0.0
1.0,1596.0,1596.0,0.0,6756,0.0,0.0,0.0,False,0.0
1.0,6473.0,6473.0,0.0,6757,0.0,0.0,0.0,False,0.0
1.0,437.0,437.0,0.0,6758,0.0,0.0,0.0,False,0.0
0.9957904815673828,1.0,1.0,0.0,6759,0.004209487698972225,0.0,0.0,True,0.004209487698972225
0.9897898435592651,14.0,14.0,0.0,6760,0.010210145264863968,0.0,0.0,True,0.010210145264863968
1.0,582.0,582.0,0.0,6761,0.0,0.0,0.0,False,0.0
1.0,3379.0,3379.0,0.0,6762,0.0,0.0,0.0,False,0.0
1.0,4060.0,4060.0,0.0,6763,0.0,0.0,0.0,False,0.0
0.9969504475593567,6817.0,6817.0,0.0,6764,0.0030494637321680784,0.0,0.0,True,0.0030494637321680784
1.0,1235.0,1235.0,0.0,6765,0.0,0.0,0.0,False,0.0
1.0,269.0,269.0,0.0,6766,0.0,0.0,0.0,False,0.0
0.9929541349411011,3563.0,3563.0,0.0,6767,0.007045825943350792,0.0,0.0,True,0.007045825943350792
1.0,1300.0,1300.0,0.0,6768,0.0,0.0,0.0,False,0.0
1.0000001192092896,284.0,284.0,0.0,6769,0.0,0.0,0.0,False,0.0
0.9850370287895203,47.0,47.0,0.0,6770,0.014963055960834026,0.0,0.0,True,0.014963055960834026
1.0000001192092896,6611.0,6611.0,0.0,6771,0.0,0.0,0.0,False,0.0
1.0,4826.0,4826.0,0.0,6772,0.0,0.0,0.0,False,0.0
1.0,2918.0,2918.0,0.0,6773,0.0,0.0,0.0,False,0.0
0.9908981919288635,140.0,140.0,0.0,6774,0.009101890958845615,0.0,0.0,True,0.009101890958845615
1.0,5941.0,5941.0,0.0,6775,0.0,0.0,0.0,False,0.0
0.9882976412773132,1.0,1.0,0.0,6776,0.011702356860041618,0.0,0.0,True,0.011702356860041618
1.0,3611.0,3611.0,0.0,6777,0.0,0.0,0.0,False,0.0
0.9787535071372986,1.0,1.0,0.0,6778,0.021246401593089104,0.0,0.0,True,0.021246401593089104
0.9999999403953552,4373.0,4373.0,0.0,6779,0.0,0.0,0.0,False,0.0
1.0,3997.0,3997.0,0.0,6780,0.0,0.0,0.0,False,0.0
0.9751946330070496,7643.0,7643.0,0.0,6781,0.024805286899209023,0.0,0.0,True,0.024805286899209023
1.0,5991.0,5991.0,0.0,6782,0.0,0.0,0.0,False,0.0
0.9999999403953552,3099.0,3099.0,0.0,6783,0.0,0.0,0.0,False,0.0
1.0,4378.0,4378.0,0.0,6784,0.0,0.0,0.0,False,0.0
0.9999999403953552,768.0,768.0,0.0,6785,0.0,0.0,0.0,False,0.0
1.0000001192092896,1424.0,1424.0,0.0,6786,0.0,0.0,0.0,False,0.0
0.9978876709938049,2972.0,2972.0,0.0,6787,0.0021123497281223536,0.0,0.0,True,0.0021123497281223536
1.0,5117.0,5117.0,0.0,6788,0.0,0.0,0.0,False,0.0
0.9999999403953552,2853.0,2853.0,0.0,6789,0.0,0.0,0.0,False,0.0
1.0000001192092896,5864.0,5864.0,0.0,6790,0.0,0.0,0.0,False,0.0
1.0,5864.0,5864.0,0.0,6791,0.0,0.0,0.0,False,0.0
0.9999998807907104,3785.0,3785.0,0.0,6792,0.0,0.0,0.0,False,0.0
0.9683603048324585,4330.0,4330.0,0.0,6793,0.03163967281579971,0.0,0.0,True,0.03163967281579971
1.0,2523.0,2523.0,0.0,6794,0.0,0.0,0.0,False,0.0
0.9915519952774048,1838.0,1838.0,0.0,6795,0.008448008447885513,0.0,0.0,True,0.008448008447885513
0.9922754764556885,5263.0,5263.0,0.0,6796,0.007724476512521505,0.0,0.0,True,0.007724476512521505
1.0,6648.0,6648.0,0.0,6797,0.0,0.0,0.0,False,0.0
0.9947109222412109,2889.0,2889.0,0.0,6798,0.005288988351821899,0.0,0.0,True,0.005288988351821899
0.9961749911308289,908.0,908.0,0.0,6799,0.0038249383214861155,0.0,0.0,True,0.0038249383214861155
1.0,6647.0,6647.0,0.0,6800,0.0,0.0,0.0,False,0.0
0.9889934062957764,3806.0,3806.0,0.0,6801,0.011006620712578297,0.0,0.0,True,0.011006620712578297
0.9905516505241394,1.0,1.0,0.0,6802,0.009448298253118992,0.0,0.0,True,0.009448298253118992
0.9999999403953552,6029.0,6029.0,0.0,6803,0.0,0.0,0.0,False,0.0
0.9904249906539917,38.0,38.0,0.0,6804,0.009574987925589085,0.0,0.0,True,0.009574987925589085
1.0,2959.0,2959.0,0.0,6805,0.0,0.0,0.0,False,0.0
0.9999999403953552,4790.0,4790.0,0.0,6806,0.0,0.0,0.0,False,0.0
1.0,6527.0,6527.0,0.0,6807,0.0,0.0,0.0,False,0.0
1.0,185.0,185.0,0.0,6808,0.0,0.0,0.0,False,0.0
0.9712162017822266,2960.0,2960.0,0.0,6809,0.028783880174160004,0.0,0.0,True,0.028783880174160004
0.9968669414520264,3678.0,3678.0,0.0,6810,0.003133128397166729,0.0,0.0,True,0.003133128397166729
0.9999998807907104,504.0,504.0,0.0,6811,0.0,0.0,0.0,False,0.0
0.9952237606048584,1.0,1.0,0.0,6812,0.0047762757167220116,0.0,0.0,True,0.0047762757167220116
1.0,5085.0,5085.0,0.0,6813,0.0,0.0,0.0,False,0.0
1.0,2005.0,2005.0,0.0,6814,0.0,0.0,0.0,False,0.0
0.9959290027618408,1290.0,1290.0,0.0,6815,0.0040710242465138435,0.0,0.0,True,0.0040710242465138435
1.0,951.0,951.0,0.0,6816,0.0,0.0,0.0,False,0.0
0.9877164363861084,6814.0,6814.0,0.0,6817,0.012283571064472198,0.0,0.0,True,0.012283571064472198
0.9936102032661438,1.0,1.0,0.0,6818,0.0063898321241140366,0.0,0.0,True,0.0063898321241140366
1.0,2133.0,2133.0,0.0,6819,0.0,0.0,0.0,False,0.0
0.9856812357902527,511.0,511.0,0.0,6820,0.014318791218101978,0.0,0.0,True,0.014318791218101978
1.0,1873.0,1873.0,0.0,6821,0.0,0.0,0.0,False,0.0
0.9999999403953552,6446.0,6446.0,0.0,6822,0.0,0.0,0.0,False,0.0
1.0,504.0,504.0,0.0,6823,0.0,0.0,0.0,False,0.0
1.0,6238.0,6238.0,0.0,6824,0.0,0.0,0.0,False,0.0
1.0,297.0,297.0,0.0,6825,0.0,0.0,0.0,False,0.0
1.0,5630.0,5630.0,0.0,6826,0.0,0.0,0.0,False,0.0
1.0,6926.0,6926.0,0.0,6827,0.0,0.0,0.0,False,0.0
0.9876905679702759,7352.0,7352.0,0.0,6828,0.012309449724853039,0.0,0.0,True,0.012309449724853039
0.9861323833465576,3023.0,3023.0,0.0,6829,0.013867643661797047,0.0,0.0,True,0.013867643661797047
0.9999998807907104,3331.0,3331.0,0.0,6830,0.0,0.0,0.0,False,0.0
0.9999999403953552,7291.0,7291.0,0.0,6831,0.0,0.0,0.0,False,0.0
0.9999998807907104,7075.0,7075.0,0.0,6832,0.0,0.0,0.0,False,0.0
0.983237087726593,126.0,126.0,0.0,6833,0.016762908548116684,0.0,0.0,True,0.016762908548116684
0.9761601686477661,13.0,13.0,0.0,6834,0.023839809000492096,0.0,0.0,True,0.023839809000492096
0.9999999403953552,5683.0,5683.0,0.0,6835,0.0,0.0,0.0,False,0.0
1.0,3783.0,3783.0,0.0,6836,0.0,0.0,0.0,False,0.0
0.9821997284889221,3928.0,3928.0,0.0,6837,0.017800239846110344,0.0,0.0,True,0.017800239846110344
1.0,205.0,205.0,0.0,6838,0.0,0.0,0.0,False,0.0
1.0,2301.0,2301.0,0.0,6839,0.0,0.0,0.0,False,0.0
0.9999998807907104,3744.0,3744.0,0.0,6840,0.0,0.0,0.0,False,0.0
1.0,3671.0,3671.0,0.0,6841,0.0,0.0,0.0,False,0.0
0.9999998807907104,2093.0,2093.0,0.0,6842,0.0,0.0,0.0,False,0.0
0.9646804928779602,4970.0,4970.0,0.0,6843,0.03531951084733009,0.0,0.0,True,0.03531951084733009
1.0,2024.0,2024.0,0.0,6844,0.0,0.0,0.0,False,0.0
1.0,3429.0,3429.0,0.0,6845,0.0,0.0,0.0,False,0.0
0.9871092438697815,54.0,54.0,0.0,6846,0.01289074681699276,0.0,0.0,True,0.01289074681699276
0.9728602170944214,48.0,48.0,0.0,6847,0.027139727026224136,0.0,0.0,True,0.027139727026224136
0.9999999403953552,3935.0,3935.0,0.0,6848,0.0,0.0,0.0,False,0.0
1.0,2460.0,2460.0,0.0,6849,0.0,0.0,0.0,False,0.0
0.9999998807907104,3254.0,3254.0,0.0,6850,0.0,0.0,0.0,False,0.0
1.0,2324.0,2324.0,0.0,6851,0.0,0.0,0.0,False,0.0
1.0,1385.0,1385.0,0.0,6852,0.0,0.0,0.0,False,0.0
1.0,416.0,416.0,0.0,6853,0.0,0.0,0.0,False,0.0
1.0,1205.0,1205.0,0.0,6854,0.0,0.0,0.0,False,0.0
1.0,7045.0,7045.0,0.0,6855,0.0,0.0,0.0,False,0.0
1.0,768.0,768.0,0.0,6856,0.0,0.0,0.0,False,0.0
1.0,6675.0,6675.0,0.0,6857,0.0,0.0,0.0,False,0.0
0.9999998807907104,4775.0,4775.0,0.0,6858,0.0,0.0,0.0,False,0.0
0.994050920009613,1.0,1.0,0.0,6859,0.0059490446001291275,0.0,0.0,True,0.0059490446001291275
1.0,6873.0,6873.0,0.0,6860,0.0,0.0,0.0,False,0.0
1.0,2141.0,2141.0,0.0,6861,0.0,0.0,0.0,False,0.0
1.0,34.0,34.0,0.0,6862,0.0,0.0,0.0,False,0.0
0.9950411319732666,107.0,107.0,0.0,6863,0.0049588643014431,0.0,0.0,True,0.0049588643014431
0.9881837964057922,1.0,1.0,0.0,6864,0.01181618683040142,0.0,0.0,True,0.01181618683040142
1.0,1740.0,1740.0,0.0,6865,0.0,0.0,0.0,False,0.0
1.0,4582.0,4582.0,0.0,6866,0.0,0.0,0.0,False,0.0
1.0,1421.0,1421.0,0.0,6867,0.0,0.0,0.0,False,0.0
1.0,101.0,101.0,0.0,6868,0.0,0.0,0.0,False,0.0
0.9935117959976196,1.0,1.0,0.0,6869,0.006488185375928879,0.0,0.0,True,0.006488185375928879
0.9834193587303162,98.0,98.0,0.0,6870,0.01658066362142563,0.0,0.0,True,0.01658066362142563
1.0,4965.0,4965.0,0.0,6871,0.0,0.0,0.0,False,0.0
0.98280930519104,4439.0,4439.0,0.0,6872,0.017190663143992424,0.0,0.0,True,0.017190663143992424
0.9707858562469482,781.0,781.0,0.0,6873,0.029214052483439445,0.0,0.0,True,0.029214052483439445
0.9876581430435181,1.0,1.0,0.0,6874,0.012341887690126896,0.0,0.0,True,0.012341887690126896
1.0,5733.0,5733.0,0.0,6875,0.0,0.0,0.0,False,0.0
0.9999999403953552,2629.0,2629.0,0.0,6876,0.0,0.0,0.0,False,0.0
1.0,3583.0,3583.0,0.0,6877,0.0,0.0,0.0,False,0.0
0.9812514185905457,1.0,1.0,0.0,6878,0.01874859258532524,0.0,0.0,True,0.01874859258532524
0.9742065072059631,5603.0,5603.0,0.0,6879,0.025793490931391716,0.0,0.0,True,0.025793490931391716
1.0,48.0,48.0,0.0,6880,0.0,0.0,0.0,False,0.0
0.9831209182739258,5.0,5.0,0.0,6881,0.016879085451364517,0.0,0.0,True,0.016879085451364517
1.0,691.0,691.0,0.0,6882,0.0,0.0,0.0,False,0.0
0.9209356904029846,4642.0,4642.0,0.0,6883,0.07906432449817657,0.0,0.0,True,0.07906432449817657
0.8679931163787842,393.0,393.0,0.0,6884,0.13200688362121582,0.0,0.0,True,0.13200688362121582
0.7980968952178955,534.0,534.0,0.0,6885,0.20190313458442688,0.0,0.0,True,0.20190313458442688
1.0,7499.0,7499.0,0.0,6886,0.0,0.0,0.0,False,0.0
1.0,691.0,691.0,0.0,6887,0.0,0.0,0.0,False,0.0
0.9999999403953552,68.0,68.0,0.0,6888,0.0,0.0,0.0,False,0.0
1.0,3276.0,3276.0,0.0,6889,0.0,0.0,0.0,False,0.0
0.9905562400817871,4020.0,4020.0,0.0,6890,0.009443728253245354,0.0,0.0,True,0.009443728253245354
0.9968134164810181,1065.0,1065.0,0.0,6891,0.003186614951118827,0.0,0.0,True,0.003186614951118827
1.0,5066.0,5066.0,0.0,6892,0.0,0.0,0.0,False,0.0
0.9941614270210266,5068.0,5068.0,0.0,6893,0.0058385636657476425,0.0,0.0,True,0.0058385636657476425
0.9712828397750854,1.0,1.0,0.0,6894,0.028717223554849625,0.0,0.0,True,0.028717223554849625
0.9999999403953552,2911.0,2911.0,0.0,6895,0.0,0.0,0.0,False,0.0
1.0,6949.0,6949.0,0.0,6896,0.0,0.0,0.0,False,0.0
1.0,1108.0,1108.0,0.0,6897,0.0,0.0,0.0,False,0.0
1.0,486.0,486.0,0.0,6898,0.0,0.0,0.0,False,0.0
1.0,199.0,199.0,0.0,6899,0.0,0.0,0.0,False,0.0
1.0,419.0,419.0,0.0,6900,0.0,0.0,0.0,False,0.0
1.0,1418.0,1418.0,0.0,6901,0.0,0.0,0.0,False,0.0
0.9999999403953552,4033.0,4033.0,0.0,6902,0.0,0.0,0.0,False,0.0
0.958946704864502,53.0,53.0,0.0,6903,0.04105321317911148,0.0,0.0,True,0.04105321317911148
1.0,5918.0,5918.0,0.0,6904,0.0,0.0,0.0,False,0.0
0.9881088137626648,85.0,85.0,0.0,6905,0.011891215108335018,0.0,0.0,True,0.011891215108335018
1.0000001192092896,7067.0,7067.0,0.0,6906,0.0,0.0,0.0,False,0.0
0.9966968297958374,655.0,655.0,0.0,6907,0.0033032246865332127,0.0,0.0,True,0.0033032246865332127
1.0,72.0,72.0,0.0,6908,0.0,0.0,0.0,False,0.0
1.0,583.0,583.0,0.0,6909,0.0,0.0,0.0,False,0.0
0.9999999403953552,2631.0,2631.0,0.0,6910,0.0,0.0,0.0,False,0.0
0.9999999403953552,332.0,332.0,0.0,6911,0.0,0.0,0.0,False,0.0
0.8230831027030945,22.0,22.0,0.0,6912,0.17691683769226074,0.0,0.0,True,0.17691683769226074
1.0,3874.0,3874.0,0.0,6913,0.0,0.0,0.0,False,0.0
1.0,1374.0,1374.0,0.0,6914,0.0,0.0,0.0,False,0.0
0.9942221641540527,2013.0,2013.0,0.0,6915,0.0057778125628829,0.0,0.0,True,0.0057778125628829
1.0,2177.0,2177.0,0.0,6916,0.0,0.0,0.0,False,0.0
1.0,1621.0,1621.0,0.0,6917,0.0,0.0,0.0,False,0.0
1.0,1872.0,1872.0,0.0,6918,0.0,0.0,0.0,False,0.0
1.0,2267.0,2267.0,0.0,6919,0.0,0.0,0.0,False,0.0
1.0,391.0,391.0,0.0,6920,0.0,0.0,0.0,False,0.0
0.9764862060546875,341.0,341.0,0.0,6921,0.02351372316479683,0.0,0.0,True,0.02351372316479683
0.9596283435821533,2478.0,2478.0,0.0,6922,0.040371693670749664,0.0,0.0,True,0.040371693670749664
0.9948801398277283,4113.0,4113.0,0.0,6923,0.005119907669723034,0.0,0.0,True,0.005119907669723034
0.9999998807907104,133.0,133.0,0.0,6924,0.0,0.0,0.0,False,0.0
1.0,217.0,217.0,0.0,6925,0.0,0.0,0.0,False,0.0
0.9999999403953552,2331.0,2331.0,0.0,6926,0.0,0.0,0.0,False,0.0
0.8981490731239319,61.0,61.0,0.0,6927,0.10185091197490692,0.0,0.0,True,0.10185091197490692
0.9999998807907104,212.0,212.0,0.0,6928,0.0,0.0,0.0,False,0.0
0.9912580251693726,2631.0,2631.0,0.0,6929,0.008741911500692368,0.0,0.0,True,0.008741911500692368
0.9636191129684448,99.0,99.0,0.0,6930,0.036380890756845474,0.0,0.0,True,0.036380890756845474
1.0,688.0,688.0,0.0,6931,0.0,0.0,0.0,False,0.0
1.0,1666.0,1666.0,0.0,6932,0.0,0.0,0.0,False,0.0
0.8991248607635498,117.0,117.0,0.0,6933,0.10087525099515915,0.0,0.0,True,0.10087525099515915
0.9985125660896301,1219.0,1219.0,0.0,6934,0.0014873952604830265,0.0,0.0,True,0.0014873952604830265
1.0,452.0,452.0,0.0,6935,0.0,0.0,0.0,False,0.0
0.8843886852264404,2881.0,2881.0,0.0,6936,0.11561128497123718,0.0,0.0,True,0.11561128497123718
0.9999999403953552,681.0,681.0,0.0,6937,0.0,0.0,0.0,False,0.0
0.9993841648101807,1711.0,1711.0,0.0,6938,0.000615802186075598,0.0,0.0,True,0.000615802186075598
0.9945893287658691,92.0,92.0,0.0,6939,0.0054106032475829124,0.0,0.0,True,0.0054106032475829124
1.0000001192092896,4685.0,4685.0,0.0,6940,0.0,0.0,0.0,False,0.0
1.0,848.0,848.0,0.0,6941,0.0,0.0,0.0,False,0.0
1.0,3073.0,3073.0,0.0,6942,0.0,0.0,0.0,False,0.0
1.0,7011.0,7011.0,0.0,6943,0.0,0.0,0.0,False,0.0
1.0,5003.0,5003.0,0.0,6944,0.0,0.0,0.0,False,0.0
0.9900915622711182,126.0,126.0,0.0,6945,0.009908437728881836,0.0,0.0,True,0.009908437728881836
0.9660719633102417,3318.0,3318.0,0.0,6946,0.03392800688743591,0.0,0.0,True,0.03392800688743591
0.9699313044548035,19.0,19.0,0.0,6947,0.030068697407841682,0.0,0.0,True,0.030068697407841682
1.0,7299.0,7299.0,0.0,6948,0.0,0.0,0.0,False,0.0
0.9999998807907104,45.0,45.0,0.0,6949,0.0,0.0,0.0,False,0.0
0.9999999403953552,1169.0,1169.0,0.0,6950,0.0,0.0,0.0,False,0.0
0.9178601503372192,905.0,905.0,0.0,6951,0.08213984221220016,0.0,0.0,True,0.08213984221220016
0.9999999403953552,292.0,292.0,0.0,6952,0.0,0.0,0.0,False,0.0
1.0,7645.0,7645.0,0.0,6953,0.0,0.0,0.0,False,0.0
1.0,878.0,878.0,0.0,6954,0.0,0.0,0.0,False,0.0
1.0,4289.0,4289.0,0.0,6955,0.0,0.0,0.0,False,0.0
1.0000001192092896,1167.0,1167.0,0.0,6956,0.0,0.0,0.0,False,0.0
0.9990097284317017,339.0,339.0,0.0,6957,0.0009902853053063154,0.0,0.0,True,0.0009902853053063154
0.9985123872756958,1662.0,1662.0,0.0,6958,0.0014875736087560654,0.0,0.0,True,0.0014875736087560654
0.9999999403953552,431.0,431.0,0.0,6959,0.0,0.0,0.0,False,0.0
1.0,3242.0,3242.0,0.0,6960,0.0,0.0,0.0,False,0.0
0.995560884475708,3321.0,3321.0,0.0,6961,0.004439224489033222,0.0,0.0,True,0.004439224489033222
0.9204976558685303,3880.0,3880.0,0.0,6962,0.07950232177972794,0.0,0.0,True,0.07950232177972794
0.9932051301002502,1.0,1.0,0.0,6963,0.006794917397201061,0.0,0.0,True,0.006794917397201061
0.9829405546188354,15.0,15.0,0.0,6964,0.017059355974197388,0.0,0.0,True,0.017059355974197388
0.9954214096069336,534.0,534.0,0.0,6965,0.00457850331440568,0.0,0.0,True,0.00457850331440568
1.0,1201.0,1201.0,0.0,6966,0.0,0.0,0.0,False,0.0
0.9999999403953552,4841.0,4841.0,0.0,6967,0.0,0.0,0.0,False,0.0
0.9999999403953552,7513.0,7513.0,0.0,6968,0.0,0.0,0.0,False,0.0
0.9852325916290283,1.0,1.0,0.0,6969,0.014767404645681381,0.0,0.0,True,0.014767404645681381
1.0,2873.0,2873.0,0.0,6970,0.0,0.0,0.0,False,0.0
0.9078865647315979,6362.0,6362.0,0.0,6971,0.09211345762014389,0.0,0.0,True,0.09211345762014389
1.0,5621.0,5621.0,0.0,6972,0.0,0.0,0.0,False,0.0
0.9908353090286255,17.0,17.0,0.0,6973,0.009164685383439064,0.0,0.0,True,0.009164685383439064
0.9999999403953552,2558.0,2558.0,0.0,6974,0.0,0.0,0.0,False,0.0
1.0,1269.0,1269.0,0.0,6975,0.0,0.0,0.0,False,0.0
1.0,155.0,155.0,0.0,6976,0.0,0.0,0.0,False,0.0
1.0,1091.0,1091.0,0.0,6977,0.0,0.0,0.0,False,0.0
1.0,3418.0,3418.0,0.0,6978,0.0,0.0,0.0,False,0.0
0.9962160587310791,3930.0,3930.0,0.0,6979,0.0037839519791305065,0.0,0.0,True,0.0037839519791305065
0.9844000339508057,833.0,833.0,0.0,6980,0.015599962323904037,0.0,0.0,True,0.015599962323904037
1.0,1814.0,1814.0,0.0,6981,0.0,0.0,0.0,False,0.0
0.9999998807907104,1228.0,1228.0,0.0,6982,0.0,0.0,0.0,False,0.0
1.0,2427.0,2427.0,0.0,6983,0.0,0.0,0.0,False,0.0
1.0,2157.0,2157.0,0.0,6984,0.0,0.0,0.0,False,0.0
1.0,1648.0,1648.0,0.0,6985,0.0,0.0,0.0,False,0.0
0.9999999403953552,2044.0,2044.0,0.0,6986,0.0,0.0,0.0,False,0.0
1.0,3376.0,3376.0,0.0,6987,0.0,0.0,0.0,False,0.0
0.9999999403953552,314.0,314.0,0.0,6988,0.0,0.0,0.0,False,0.0
1.0,4226.0,4226.0,0.0,6989,0.0,0.0,0.0,False,0.0
0.9986435174942017,2676.0,2676.0,0.0,6990,0.0013563852990046144,0.0,0.0,True,0.0013563852990046144
1.0,5321.0,5321.0,0.0,6991,0.0,0.0,0.0,False,0.0
1.0,1319.0,1319.0,0.0,6992,0.0,0.0,0.0,False,0.0
0.9999999403953552,1182.0,1182.0,0.0,6993,0.0,0.0,0.0,False,0.0
0.9924706220626831,576.0,576.0,0.0,6994,0.007529322057962418,0.0,0.0,True,0.007529322057962418
1.0,1797.0,1797.0,0.0,6995,0.0,0.0,0.0,False,0.0
0.9985876083374023,573.0,573.0,0.0,6996,0.0014123519649729133,0.0,0.0,True,0.0014123519649729133
1.0,7657.0,7657.0,0.0,6997,0.0,0.0,0.0,False,0.0
1.0,1638.0,1638.0,0.0,6998,0.0,0.0,0.0,False,0.0
0.9999998807907104,3919.0,3919.0,0.0,6999,0.0,0.0,0.0,False,0.0
1.0,3.0,3.0,0.0,7000,0.0,0.0,0.0,False,0.0
1.0,542.0,542.0,0.0,7001,0.0,0.0,0.0,False,0.0
0.9981104135513306,3810.0,3810.0,0.0,7002,0.0018895304528996348,0.0,0.0,True,0.0018895304528996348
0.9946643710136414,4345.0,4345.0,0.0,7003,0.005335523746907711,0.0,0.0,True,0.005335523746907711
0.9973267316818237,1.0,1.0,0.0,7004,0.002673178445547819,0.0,0.0,True,0.002673178445547819
0.9903319478034973,168.0,168.0,0.0,7005,0.009668078273534775,0.0,0.0,True,0.009668078273534775
1.0,2169.0,2169.0,0.0,7006,0.0,0.0,0.0,False,0.0
1.0,33.0,33.0,0.0,7007,0.0,0.0,0.0,False,0.0
1.0,7260.0,7260.0,0.0,7008,0.0,0.0,0.0,False,0.0
0.9989155530929565,2753.0,2753.0,0.0,7009,0.0010844740318134427,0.0,0.0,True,0.0010844740318134427
0.9999998807907104,5197.0,5197.0,0.0,7010,0.0,0.0,0.0,False,0.0
0.9999999403953552,2955.0,2955.0,0.0,7011,0.0,0.0,0.0,False,0.0
0.9944558143615723,1.0,1.0,0.0,7012,0.005544212646782398,0.0,0.0,True,0.005544212646782398
0.9991086721420288,1592.0,1592.0,0.0,7013,0.00089136918541044,0.0,0.0,True,0.00089136918541044
1.0,5796.0,5796.0,0.0,7014,0.0,0.0,0.0,False,0.0
1.0,3250.0,3250.0,0.0,7015,0.0,0.0,0.0,False,0.0
1.0,4374.0,4374.0,0.0,7016,0.0,0.0,0.0,False,0.0
1.0000001192092896,917.0,917.0,0.0,7017,0.0,0.0,0.0,False,0.0
1.0,4572.0,4572.0,0.0,7018,0.0,0.0,0.0,False,0.0
1.0,4677.0,4677.0,0.0,7019,0.0,0.0,0.0,False,0.0
1.0,4175.0,4175.0,0.0,7020,0.0,0.0,0.0,False,0.0
1.0,5527.0,5527.0,0.0,7021,0.0,0.0,0.0,False,0.0
0.9999999403953552,1873.0,1873.0,0.0,7022,0.0,0.0,0.0,False,0.0
1.0,865.0,865.0,0.0,7023,0.0,0.0,0.0,False,0.0
0.9999999403953552,4321.0,4321.0,0.0,7024,0.0,0.0,0.0,False,0.0
0.9999998211860657,6205.0,6205.0,0.0,7025,0.0,0.0,0.0,False,0.0
1.0,2726.0,2726.0,0.0,7026,0.0,0.0,0.0,False,0.0
1.0,7119.0,7119.0,0.0,7027,0.0,0.0,0.0,False,0.0
1.0,210.0,210.0,0.0,7028,0.0,0.0,0.0,False,0.0
0.9505491852760315,2084.0,2084.0,0.0,7029,0.04945081099867821,0.0,0.0,True,0.04945081099867821
1.0,3752.0,3752.0,0.0,7030,0.0,0.0,0.0,False,0.0
0.9958255290985107,618.0,618.0,0.0,7031,0.004174474626779556,0.0,0.0,True,0.004174474626779556
0.9999999403953552,248.0,248.0,0.0,7032,0.0,0.0,0.0,False,0.0
1.0,5287.0,5287.0,0.0,7033,0.0,0.0,0.0,False,0.0
0.9999999403953552,4642.0,4642.0,0.0,7034,0.0,0.0,0.0,False,0.0
1.0,4099.0,4099.0,0.0,7035,0.0,0.0,0.0,False,0.0
0.9964206218719482,1.0,1.0,0.0,7036,0.003579380689188838,0.0,0.0,True,0.003579380689188838
1.0,141.0,141.0,0.0,7037,0.0,0.0,0.0,False,0.0
0.9999999403953552,5523.0,5523.0,0.0,7038,0.0,0.0,0.0,False,0.0
1.0,684.0,684.0,0.0,7039,0.0,0.0,0.0,False,0.0
1.0,7509.0,7509.0,0.0,7040,0.0,0.0,0.0,False,0.0
0.9924307465553284,1.0,1.0,0.0,7041,0.007569279056042433,0.0,0.0,True,0.007569279056042433
1.0,3743.0,3743.0,0.0,7042,0.0,0.0,0.0,False,0.0
0.9839280843734741,1.0,1.0,0.0,7043,0.01607193797826767,0.0,0.0,True,0.01607193797826767
0.9859606027603149,1.0,1.0,0.0,7044,0.014039399102330208,0.0,0.0,True,0.014039399102330208
0.9976881742477417,388.0,388.0,0.0,7045,0.00231173075735569,0.0,0.0,True,0.00231173075735569
0.9657838940620422,1.0,1.0,0.0,7046,0.034216128289699554,0.0,0.0,True,0.034216128289699554
0.9742792844772339,3005.0,3005.0,0.0,7047,0.025720730423927307,0.0,0.0,True,0.025720730423927307
1.0,5631.0,5631.0,0.0,7048,0.0,0.0,0.0,False,0.0
0.9698091745376587,1.0,1.0,0.0,7049,0.030190778896212578,0.0,0.0,True,0.030190778896212578
1.0,3268.0,3268.0,0.0,7050,0.0,0.0,0.0,False,0.0
1.0,3442.0,3442.0,0.0,7051,0.0,0.0,0.0,False,0.0
0.9999999403953552,952.0,952.0,0.0,7052,0.0,0.0,0.0,False,0.0
0.9999999403953552,3465.0,3465.0,0.0,7053,0.0,0.0,0.0,False,0.0
0.8659349679946899,41.0,41.0,0.0,7054,0.13406503200531006,0.0,0.0,True,0.13406503200531006
0.9999999403953552,167.0,167.0,0.0,7055,0.0,0.0,0.0,False,0.0
1.0,833.0,833.0,0.0,7056,0.0,0.0,0.0,False,0.0
0.9999999403953552,1636.0,1636.0,0.0,7057,0.0,0.0,0.0,False,0.0
1.0,2439.0,2439.0,0.0,7058,0.0,0.0,0.0,False,0.0
1.0,6284.0,6284.0,0.0,7059,0.0,0.0,0.0,False,0.0
1.0,1990.0,1990.0,0.0,7060,0.0,0.0,0.0,False,0.0
0.96677166223526,2.0,2.0,0.0,7061,0.03322836756706238,0.0,0.0,True,0.03322836756706238
1.0000001192092896,2741.0,2741.0,0.0,7062,0.0,0.0,0.0,False,0.0
0.9982985258102417,4069.0,4069.0,0.0,7063,0.0017015431076288223,0.0,0.0,True,0.0017015431076288223
0.9593961238861084,1.0,1.0,0.0,7064,0.04060386121273041,0.0,0.0,True,0.04060386121273041
1.0000001192092896,5159.0,5159.0,0.0,7065,0.0,0.0,0.0,False,0.0
0.9999999403953552,1088.0,1088.0,0.0,7066,0.0,0.0,0.0,False,0.0
0.9999999403953552,4936.0,4936.0,0.0,7067,0.0,0.0,0.0,False,0.0
0.9991921186447144,965.0,965.0,0.0,7068,0.0008078632527031004,0.0,0.0,True,0.0008078632527031004
1.0,1235.0,1235.0,0.0,7069,0.0,0.0,0.0,False,0.0
1.0000001192092896,2214.0,2214.0,0.0,7070,0.0,0.0,0.0,False,0.0
1.0,2379.0,2379.0,0.0,7071,0.0,0.0,0.0,False,0.0
0.958512544631958,1.0,1.0,0.0,7072,0.041487544775009155,0.0,0.0,True,0.041487544775009155
0.9999999403953552,7382.0,7382.0,0.0,7073,0.0,0.0,0.0,False,0.0
1.0,3695.0,3695.0,0.0,7074,0.0,0.0,0.0,False,0.0
0.965554416179657,1.0,1.0,0.0,7075,0.034445635974407196,0.0,0.0,True,0.034445635974407196
0.9867581129074097,2523.0,2523.0,0.0,7076,0.013242002576589584,0.0,0.0,True,0.013242002576589584
1.0,6996.0,6996.0,0.0,7077,0.0,0.0,0.0,False,0.0
1.0,2431.0,2431.0,0.0,7078,0.0,0.0,0.0,False,0.0
1.0,1252.0,1252.0,0.0,7079,0.0,0.0,0.0,False,0.0
0.8670568466186523,5577.0,5577.0,0.0,7080,0.13294309377670288,0.0,0.0,True,0.13294309377670288
1.0,696.0,696.0,0.0,7081,0.0,0.0,0.0,False,0.0
1.0,5094.0,5094.0,0.0,7082,0.0,0.0,0.0,False,0.0
0.9494462013244629,3747.0,3747.0,0.0,7083,0.05055379122495651,0.0,0.0,True,0.05055379122495651
0.9979342222213745,5680.0,5680.0,0.0,7084,0.0020657754503190517,0.0,0.0,True,0.0020657754503190517
0.9999999403953552,666.0,666.0,0.0,7085,0.0,0.0,0.0,False,0.0
1.0,1423.0,1423.0,0.0,7086,0.0,0.0,0.0,False,0.0
0.9371041059494019,21.0,21.0,0.0,7087,0.06289592385292053,0.0,0.0,True,0.06289592385292053
1.0,1039.0,1039.0,0.0,7088,0.0,0.0,0.0,False,0.0
0.9979905486106873,6286.0,6286.0,0.0,7089,0.0020094478968530893,0.0,0.0,True,0.0020094478968530893
1.0,1949.0,1949.0,0.0,7090,0.0,0.0,0.0,False,0.0
1.0,2558.0,2558.0,0.0,7091,0.0,0.0,0.0,False,0.0
1.0,1551.0,1551.0,0.0,7092,0.0,0.0,0.0,False,0.0
0.9999998807907104,22.0,22.0,0.0,7093,0.0,0.0,0.0,False,0.0
0.9889606237411499,5007.0,5007.0,0.0,7094,0.011039403267204762,0.0,0.0,True,0.011039403267204762
0.9670192003250122,7279.0,7279.0,0.0,7095,0.03298088535666466,0.0,0.0,True,0.03298088535666466
1.0,1138.0,1138.0,0.0,7096,0.0,0.0,0.0,False,0.0
1.0,5163.0,5163.0,0.0,7097,0.0,0.0,0.0,False,0.0
1.0,875.0,875.0,0.0,7098,0.0,0.0,0.0,False,0.0
0.9719288945198059,1.0,1.0,0.0,7099,0.028070995584130287,0.0,0.0,True,0.028070995584130287
1.0,7467.0,7467.0,0.0,7100,0.0,0.0,0.0,False,0.0
0.9796429872512817,99.0,99.0,0.0,7101,0.020356953144073486,0.0,0.0,True,0.020356953144073486
0.9999998807907104,36.0,36.0,0.0,7102,0.0,0.0,0.0,False,0.0
0.9999999403953552,1355.0,1355.0,0.0,7103,0.0,0.0,0.0,False,0.0
0.971938967704773,3853.0,3853.0,0.0,7104,0.028060929849743843,0.0,0.0,True,0.028060929849743843
0.9999999403953552,4430.0,4430.0,0.0,7105,0.0,0.0,0.0,False,0.0
1.0,3154.0,3154.0,0.0,7106,0.0,0.0,0.0,False,0.0
1.0,1726.0,1726.0,0.0,7107,0.0,0.0,0.0,False,0.0
0.9852670431137085,291.0,291.0,0.0,7108,0.014732928946614265,0.0,0.0,True,0.014732928946614265
1.0,338.0,338.0,0.0,7109,0.0,0.0,0.0,False,0.0
1.0,37.0,37.0,0.0,7110,0.0,0.0,0.0,False,0.0
0.9999999403953552,6199.0,6199.0,0.0,7111,0.0,0.0,0.0,False,0.0
0.974740743637085,1.0,1.0,0.0,7112,0.02525932900607586,0.0,0.0,True,0.02525932900607586
0.9571511745452881,6055.0,6055.0,0.0,7113,0.042848795652389526,0.0,0.0,True,0.042848795652389526
0.9999999403953552,919.0,919.0,0.0,7114,0.0,0.0,0.0,False,0.0
1.0,4532.0,4532.0,0.0,7115,0.0,0.0,0.0,False,0.0
1.0,5115.0,5115.0,0.0,7116,0.0,0.0,0.0,False,0.0
0.974981427192688,6755.0,6755.0,0.0,7117,0.025018511340022087,0.0,0.0,True,0.025018511340022087
1.0,1084.0,1084.0,0.0,7118,0.0,0.0,0.0,False,0.0
0.9805694222450256,4905.0,4905.0,0.0,7119,0.019430510699748993,0.0,0.0,True,0.019430510699748993
1.0,718.0,718.0,0.0,7120,0.0,0.0,0.0,False,0.0
0.979804277420044,6707.0,6707.0,0.0,7121,0.02019558474421501,0.0,0.0,True,0.02019558474421501
1.0,7206.0,7206.0,0.0,7122,0.0,0.0,0.0,False,0.0
1.0,3998.0,3998.0,0.0,7123,0.0,0.0,0.0,False,0.0
0.963803768157959,2932.0,2932.0,0.0,7124,0.03619619831442833,0.0,0.0,True,0.03619619831442833
1.0,881.0,881.0,0.0,7125,0.0,0.0,0.0,False,0.0
0.9999998807907104,1990.0,1990.0,0.0,7126,0.0,0.0,0.0,False,0.0
0.9999999403953552,3230.0,3230.0,0.0,7127,0.0,0.0,0.0,False,0.0
0.9414011240005493,2863.0,2863.0,0.0,7128,0.05859893560409546,0.0,0.0,True,0.05859893560409546
0.9472745060920715,1523.0,1523.0,0.0,7129,0.05272549390792847,0.0,0.0,True,0.05272549390792847
0.9431830644607544,7309.0,7309.0,0.0,7130,0.05681700259447098,0.0,0.0,True,0.05681700259447098
0.9999998807907104,19.0,19.0,0.0,7131,0.0,0.0,0.0,False,0.0
1.0,5936.0,5936.0,0.0,7132,0.0,0.0,0.0,False,0.0
0.9581429362297058,2285.0,2285.0,0.0,7133,0.04185701906681061,0.0,0.0,True,0.04185701906681061
1.0,3085.0,3085.0,0.0,7134,0.0,0.0,0.0,False,0.0
1.0,177.0,177.0,0.0,7135,0.0,0.0,0.0,False,0.0
1.0,6288.0,6288.0,0.0,7136,0.0,0.0,0.0,False,0.0
0.9966365694999695,298.0,298.0,0.0,7137,0.003363407915458083,0.0,0.0,True,0.003363407915458083
0.9528380036354065,643.0,643.0,0.0,7138,0.04716204106807709,0.0,0.0,True,0.04716204106807709
0.9999999403953552,1771.0,1771.0,0.0,7139,0.0,0.0,0.0,False,0.0
1.0,2259.0,2259.0,0.0,7140,0.0,0.0,0.0,False,0.0
0.9999999403953552,3725.0,3725.0,0.0,7141,0.0,0.0,0.0,False,0.0
0.9866135716438293,1.0,1.0,0.0,7142,0.013386422768235207,0.0,0.0,True,0.013386422768235207
1.0,838.0,838.0,0.0,7143,0.0,0.0,0.0,False,0.0
0.9874798655509949,4655.0,4655.0,0.0,7144,0.012520113959908485,0.0,0.0,True,0.012520113959908485
0.9985717535018921,6739.0,6739.0,0.0,7145,0.0014282572083175182,0.0,0.0,True,0.0014282572083175182
1.0,1216.0,1216.0,0.0,7146,0.0,0.0,0.0,False,0.0
0.9999999403953552,2020.0,2020.0,0.0,7147,0.0,0.0,0.0,False,0.0
0.9473832845687866,873.0,873.0,0.0,7148,0.05261671915650368,0.0,0.0,True,0.05261671915650368
0.9999999403953552,1612.0,1612.0,0.0,7149,0.0,0.0,0.0,False,0.0
1.0,1317.0,1317.0,0.0,7150,0.0,0.0,0.0,False,0.0
0.9999998807907104,7623.0,7623.0,0.0,7151,0.0,0.0,0.0,False,0.0
1.0,1629.0,1629.0,0.0,7152,0.0,0.0,0.0,False,0.0
1.0,6666.0,6666.0,0.0,7153,0.0,0.0,0.0,False,0.0
0.9999998807907104,6444.0,6444.0,0.0,7154,0.0,0.0,0.0,False,0.0
1.0,6371.0,6371.0,0.0,7155,0.0,0.0,0.0,False,0.0
0.9999999403953552,6806.0,6806.0,0.0,7156,0.0,0.0,0.0,False,0.0
0.9999998807907104,2496.0,2496.0,0.0,7157,0.0,0.0,0.0,False,0.0
1.0,604.0,604.0,0.0,7158,0.0,0.0,0.0,False,0.0
1.0,6263.0,6263.0,0.0,7159,0.0,0.0,0.0,False,0.0
1.0,6378.0,6378.0,0.0,7160,0.0,0.0,0.0,False,0.0
0.9645340442657471,873.0,873.0,0.0,7161,0.03546599671244621,0.0,0.0,True,0.03546599671244621
0.9847543239593506,564.0,564.0,0.0,7162,0.015245608985424042,0.0,0.0,True,0.015245608985424042
1.0,4256.0,4256.0,0.0,7163,0.0,0.0,0.0,False,0.0
0.9696652293205261,4585.0,4585.0,0.0,7164,0.030334841459989548,0.0,0.0,True,0.030334841459989548
0.9974362850189209,1039.0,1039.0,0.0,7165,0.002563684480264783,0.0,0.0,True,0.002563684480264783
0.9742026329040527,7260.0,7260.0,0.0,7166,0.02579733170568943,0.0,0.0,True,0.02579733170568943
0.9999999403953552,935.0,935.0,0.0,7167,0.0,0.0,0.0,False,0.0
0.9965091943740845,429.0,429.0,0.0,7168,0.003490830073133111,0.0,0.0,True,0.003490830073133111
0.9936103224754333,1535.0,1535.0,0.0,7169,0.006389724090695381,0.0,0.0,True,0.006389724090695381
0.9950163960456848,1414.0,1414.0,0.0,7170,0.004983607679605484,0.0,0.0,True,0.004983607679605484
0.9919824600219727,163.0,163.0,0.0,7171,0.00801753718405962,0.0,0.0,True,0.00801753718405962
0.9991207718849182,6111.0,6111.0,0.0,7172,0.000879307568538934,0.0,0.0,True,0.000879307568538934
1.0,3584.0,3584.0,0.0,7173,0.0,0.0,0.0,False,0.0
0.9926658272743225,2457.0,2457.0,0.0,7174,0.007334211841225624,0.0,0.0,True,0.007334211841225624
1.0,5937.0,5937.0,0.0,7175,0.0,0.0,0.0,False,0.0
1.0,4409.0,4409.0,0.0,7176,0.0,0.0,0.0,False,0.0
0.9910316467285156,1.0,1.0,0.0,7177,0.008968381211161613,0.0,0.0,True,0.008968381211161613
0.997416615486145,6128.0,6128.0,0.0,7178,0.0025833582039922476,0.0,0.0,True,0.0025833582039922476
1.0,4835.0,4835.0,0.0,7179,0.0,0.0,0.0,False,0.0
0.9999998807907104,218.0,218.0,0.0,7180,0.0,0.0,0.0,False,0.0
1.0,4528.0,4528.0,0.0,7181,0.0,0.0,0.0,False,0.0
0.9882076978683472,4170.0,4170.0,0.0,7182,0.01179233007133007,0.0,0.0,True,0.01179233007133007
0.9944456815719604,3234.0,3234.0,0.0,7183,0.005554319359362125,0.0,0.0,True,0.005554319359362125
0.9818520545959473,2405.0,2405.0,0.0,7184,0.018147874623537064,0.0,0.0,True,0.018147874623537064
0.9304426908493042,3098.0,3098.0,0.0,7185,0.06955733150243759,0.0,0.0,True,0.06955733150243759
1.0,3002.0,3002.0,0.0,7186,0.0,0.0,0.0,False,0.0
0.9999999403953552,6151.0,6151.0,0.0,7187,0.0,0.0,0.0,False,0.0
1.0,1473.0,1473.0,0.0,7188,0.0,0.0,0.0,False,0.0
1.0,7606.0,7606.0,0.0,7189,0.0,0.0,0.0,False,0.0
1.0,4409.0,4409.0,0.0,7190,0.0,0.0,0.0,False,0.0
0.9764817953109741,2575.0,2575.0,0.0,7191,0.023518085479736328,0.0,0.0,True,0.023518085479736328
0.9999998807907104,5392.0,5392.0,0.0,7192,0.0,0.0,0.0,False,0.0
1.0,1869.0,1869.0,0.0,7193,0.0,0.0,0.0,False,0.0
1.0,662.0,662.0,0.0,7194,0.0,0.0,0.0,False,0.0
1.0,186.0,186.0,0.0,7195,0.0,0.0,0.0,False,0.0
0.9873695969581604,426.0,426.0,0.0,7196,0.012630297802388668,0.0,0.0,True,0.012630297802388668
0.9999998807907104,5839.0,5839.0,0.0,7197,0.0,0.0,0.0,False,0.0
0.9999999403953552,5613.0,5613.0,0.0,7198,0.0,0.0,0.0,False,0.0
1.0,3133.0,3133.0,0.0,7199,0.0,0.0,0.0,False,0.0
0.9886386394500732,1.0,1.0,0.0,7200,0.011361345648765564,0.0,0.0,True,0.011361345648765564
0.9999999403953552,2120.0,2120.0,0.0,7201,0.0,0.0,0.0,False,0.0
0.9930528402328491,1534.0,1534.0,0.0,7202,0.006947061978280544,0.0,0.0,True,0.006947061978280544
0.9999998807907104,1006.0,1006.0,0.0,7203,0.0,0.0,0.0,False,0.0
1.0,179.0,179.0,0.0,7204,0.0,0.0,0.0,False,0.0
1.0,2708.0,2708.0,0.0,7205,0.0,0.0,0.0,False,0.0
1.0,2089.0,2089.0,0.0,7206,0.0,0.0,0.0,False,0.0
0.9865293502807617,7279.0,7279.0,0.0,7207,0.013470732606947422,0.0,0.0,True,0.013470732606947422
1.0,5064.0,5064.0,0.0,7208,0.0,0.0,0.0,False,0.0
0.9999999403953552,2145.0,2145.0,0.0,7209,0.0,0.0,0.0,False,0.0
0.9999999403953552,2916.0,2916.0,0.0,7210,0.0,0.0,0.0,False,0.0
1.0,7121.0,7121.0,0.0,7211,0.0,0.0,0.0,False,0.0
1.0,930.0,930.0,0.0,7212,0.0,0.0,0.0,False,0.0
0.9782879948616028,7.0,7.0,0.0,7213,0.02171199955046177,0.0,0.0,True,0.02171199955046177
0.9999999403953552,338.0,338.0,0.0,7214,0.0,0.0,0.0,False,0.0
0.9999999403953552,2266.0,2266.0,0.0,7215,0.0,0.0,0.0,False,0.0
0.9999999403953552,5318.0,5318.0,0.0,7216,0.0,0.0,0.0,False,0.0
0.9541952013969421,6799.0,6799.0,0.0,7217,0.04580488055944443,0.0,0.0,True,0.04580488055944443
1.0,3077.0,3077.0,0.0,7218,0.0,0.0,0.0,False,0.0
1.0,191.0,191.0,0.0,7219,0.0,0.0,0.0,False,0.0
0.9749840497970581,2763.0,2763.0,0.0,7220,0.02501589059829712,0.0,0.0,True,0.02501589059829712
0.9187122583389282,1658.0,1658.0,0.0,7221,0.08128771185874939,0.0,0.0,True,0.08128771185874939
0.9927473068237305,3964.0,3964.0,0.0,7222,0.007252674084156752,0.0,0.0,True,0.007252674084156752
1.0,5132.0,5132.0,0.0,7223,0.0,0.0,0.0,False,0.0
0.9727672934532166,1.0,1.0,0.0,7224,0.027232682332396507,0.0,0.0,True,0.027232682332396507
1.0,436.0,436.0,0.0,7225,0.0,0.0,0.0,False,0.0
0.972382664680481,1.0,1.0,0.0,7226,0.027617260813713074,0.0,0.0,True,0.027617260813713074
1.0,4236.0,4236.0,0.0,7227,0.0,0.0,0.0,False,0.0
0.9664720296859741,1523.0,1523.0,0.0,7228,0.03352789208292961,0.0,0.0,True,0.03352789208292961
0.9771275520324707,3915.0,3915.0,0.0,7229,0.02287251688539982,0.0,0.0,True,0.02287251688539982
0.9834303855895996,982.0,982.0,0.0,7230,0.016569599509239197,0.0,0.0,True,0.016569599509239197
0.9988893866539001,2136.0,2136.0,0.0,7231,0.0011106055462732911,0.0,0.0,True,0.0011106055462732911
0.9990057349205017,597.0,597.0,0.0,7232,0.000994242844171822,0.0,0.0,True,0.000994242844171822
0.9999999403953552,5171.0,5171.0,0.0,7233,0.0,0.0,0.0,False,0.0
0.9951463341712952,7585.0,7585.0,0.0,7234,0.004853663966059685,0.0,0.0,True,0.004853663966059685
0.9561111927032471,2380.0,2380.0,0.0,7235,0.04388885945081711,0.0,0.0,True,0.04388885945081711
0.9245624542236328,4183.0,4183.0,0.0,7236,0.07543738186359406,0.0,0.0,True,0.07543738186359406
1.0,1191.0,1191.0,0.0,7237,0.0,0.0,0.0,False,0.0
1.0,6801.0,6801.0,0.0,7238,0.0,0.0,0.0,False,0.0
0.9999999403953552,788.0,788.0,0.0,7239,0.0,0.0,0.0,False,0.0
1.0,4816.0,4816.0,0.0,7240,0.0,0.0,0.0,False,0.0
1.0000001192092896,1118.0,1118.0,0.0,7241,0.0,0.0,0.0,False,0.0
1.0,3220.0,3220.0,0.0,7242,0.0,0.0,0.0,False,0.0
1.0,4972.0,4972.0,0.0,7243,0.0,0.0,0.0,False,0.0
0.9999999403953552,1286.0,1286.0,0.0,7244,0.0,0.0,0.0,False,0.0
0.9943302869796753,3475.0,3475.0,0.0,7245,0.005669769365340471,0.0,0.0,True,0.005669769365340471
0.9761596918106079,1.0,1.0,0.0,7246,0.023840226233005524,0.0,0.0,True,0.023840226233005524
1.0,7089.0,7089.0,0.0,7247,0.0,0.0,0.0,False,0.0
1.0,6.0,6.0,0.0,7248,0.0,0.0,0.0,False,0.0
0.9737917184829712,2984.0,2984.0,0.0,7249,0.02620828151702881,0.0,0.0,True,0.02620828151702881
0.9999999403953552,1765.0,1765.0,0.0,7250,0.0,0.0,0.0,False,0.0
1.0,97.0,97.0,0.0,7251,0.0,0.0,0.0,False,0.0
1.0,906.0,906.0,0.0,7252,0.0,0.0,0.0,False,0.0
0.9799008369445801,1.0,1.0,0.0,7253,0.020099077373743057,0.0,0.0,True,0.020099077373743057
0.9999998211860657,3049.0,3049.0,0.0,7254,0.0,0.0,0.0,False,0.0
1.0,6848.0,6848.0,0.0,7255,0.0,0.0,0.0,False,0.0
1.0,6719.0,6719.0,0.0,7256,0.0,0.0,0.0,False,0.0
1.0,158.0,158.0,0.0,7257,0.0,0.0,0.0,False,0.0
0.9999999403953552,947.0,947.0,0.0,7258,0.0,0.0,0.0,False,0.0
1.0,4697.0,4697.0,0.0,7259,0.0,0.0,0.0,False,0.0
1.0,4247.0,4247.0,0.0,7260,0.0,0.0,0.0,False,0.0
0.9448474645614624,3561.0,3561.0,0.0,7261,0.05515255779027939,0.0,0.0,True,0.05515255779027939
0.9999999403953552,1.0,1.0,0.0,7262,0.0,0.0,0.0,False,0.0
1.0,1442.0,1442.0,0.0,7263,0.0,0.0,0.0,False,0.0
1.0,3662.0,3662.0,0.0,7264,0.0,0.0,0.0,False,0.0
0.9929196238517761,1.0,1.0,0.0,7265,0.007080388255417347,0.0,0.0,True,0.007080388255417347
1.0,4272.0,4272.0,0.0,7266,0.0,0.0,0.0,False,0.0
1.0,1052.0,1052.0,0.0,7267,0.0,0.0,0.0,False,0.0
0.9797725677490234,360.0,360.0,0.0,7268,0.02022741362452507,0.0,0.0,True,0.02022741362452507
0.9668915867805481,4717.0,4717.0,0.0,7269,0.033108364790678024,0.0,0.0,True,0.033108364790678024
0.9428374767303467,1.0,1.0,0.0,7270,0.057162556797266006,0.0,0.0,True,0.057162556797266006
0.9277334213256836,1.0,1.0,0.0,7271,0.0722665786743164,0.0,0.0,True,0.0722665786743164
1.0,2306.0,2306.0,0.0,7272,0.0,0.0,0.0,False,0.0
0.9999999403953552,2311.0,2311.0,0.0,7273,0.0,0.0,0.0,False,0.0
0.9359961748123169,2581.0,2581.0,0.0,7274,0.06400390714406967,0.0,0.0,True,0.06400390714406967
0.9937697052955627,1327.0,1327.0,0.0,7275,0.006230303552001715,0.0,0.0,True,0.006230303552001715
1.0,5680.0,5680.0,0.0,7276,0.0,0.0,0.0,False,0.0
1.0,1048.0,1048.0,0.0,7277,0.0,0.0,0.0,False,0.0
1.0,5188.0,5188.0,0.0,7278,0.0,0.0,0.0,False,0.0
1.0,2542.0,2542.0,0.0,7279,0.0,0.0,0.0,False,0.0
0.9999999403953552,1933.0,1933.0,0.0,7280,0.0,0.0,0.0,False,0.0
0.9953553676605225,514.0,514.0,0.0,7281,0.004644589498639107,0.0,0.0,True,0.004644589498639107
1.0,920.0,920.0,0.0,7282,0.0,0.0,0.0,False,0.0
1.0,1029.0,1029.0,0.0,7283,0.0,0.0,0.0,False,0.0
1.0,1876.0,1876.0,0.0,7284,0.0,0.0,0.0,False,0.0
1.0,5085.0,5085.0,0.0,7285,0.0,0.0,0.0,False,0.0
0.9856305122375488,1810.0,1810.0,0.0,7286,0.014369586482644081,0.0,0.0,True,0.014369586482644081
1.0,4414.0,4414.0,0.0,7287,0.0,0.0,0.0,False,0.0
0.9859352111816406,1466.0,1466.0,0.0,7288,0.014064743183553219,0.0,0.0,True,0.014064743183553219
1.0,602.0,602.0,0.0,7289,0.0,0.0,0.0,False,0.0
1.0,780.0,780.0,0.0,7290,0.0,0.0,0.0,False,0.0
1.0,1636.0,1636.0,0.0,7291,0.0,0.0,0.0,False,0.0
1.0,207.0,207.0,0.0,7292,0.0,0.0,0.0,False,0.0
0.9635485410690308,1.0,1.0,0.0,7293,0.03645147755742073,0.0,0.0,True,0.03645147755742073
1.0,3515.0,3515.0,0.0,7294,0.0,0.0,0.0,False,0.0
0.9598309397697449,44.0,44.0,0.0,7295,0.04016910865902901,0.0,0.0,True,0.04016910865902901
1.0,3387.0,3387.0,0.0,7296,0.0,0.0,0.0,False,0.0
0.9661595225334167,1315.0,1315.0,0.0,7297,0.03384051099419594,0.0,0.0,True,0.03384051099419594
1.0,3253.0,3253.0,0.0,7298,0.0,0.0,0.0,False,0.0
0.9999999403953552,4144.0,4144.0,0.0,7299,0.0,0.0,0.0,False,0.0
0.9999999403953552,4884.0,4884.0,0.0,7300,0.0,0.0,0.0,False,0.0
0.9503496885299683,3184.0,3184.0,0.0,7301,0.04965028911828995,0.0,0.0,True,0.04965028911828995
1.0,5958.0,5958.0,0.0,7302,0.0,0.0,0.0,False,0.0
0.9676629900932312,1693.0,1693.0,0.0,7303,0.03233696147799492,0.0,0.0,True,0.03233696147799492
0.9999999403953552,7317.0,7317.0,0.0,7304,0.0,0.0,0.0,False,0.0
1.0,1184.0,1184.0,0.0,7305,0.0,0.0,0.0,False,0.0
0.9756451845169067,2592.0,2592.0,0.0,7306,0.024354832246899605,0.0,0.0,True,0.024354832246899605
1.0,5647.0,5647.0,0.0,7307,0.0,0.0,0.0,False,0.0
0.9999999403953552,3089.0,3089.0,0.0,7308,0.0,0.0,0.0,False,0.0
0.9705920815467834,1.0,1.0,0.0,7309,0.02940782532095909,0.0,0.0,True,0.02940782532095909
0.9930154085159302,2802.0,2802.0,0.0,7310,0.006984487175941467,0.0,0.0,True,0.006984487175941467
0.9670594334602356,1.0,1.0,0.0,7311,0.032940592616796494,0.0,0.0,True,0.032940592616796494
1.0,587.0,587.0,0.0,7312,0.0,0.0,0.0,False,0.0
1.0,880.0,880.0,0.0,7313,0.0,0.0,0.0,False,0.0
1.0000001192092896,175.0,175.0,0.0,7314,0.0,0.0,0.0,False,0.0
1.0,939.0,939.0,0.0,7315,0.0,0.0,0.0,False,0.0
0.979671061038971,1.0,1.0,0.0,7316,0.020328931510448456,0.0,0.0,True,0.020328931510448456
1.0,1664.0,1664.0,0.0,7317,0.0,0.0,0.0,False,0.0
1.0,1061.0,1061.0,0.0,7318,0.0,0.0,0.0,False,0.0
1.0,120.0,120.0,0.0,7319,0.0,0.0,0.0,False,0.0
0.9930734634399414,2180.0,2180.0,0.0,7320,0.006926495581865311,0.0,0.0,True,0.006926495581865311
1.0,1293.0,1293.0,0.0,7321,0.0,0.0,0.0,False,0.0
1.0000001192092896,4237.0,4237.0,0.0,7322,0.0,0.0,0.0,False,0.0
1.0,5586.0,5586.0,0.0,7323,0.0,0.0,0.0,False,0.0
0.9878351092338562,1.0,1.0,0.0,7324,0.012165031395852566,0.0,0.0,True,0.012165031395852566
0.9892991781234741,1570.0,1570.0,0.0,7325,0.010700812563300133,0.0,0.0,True,0.010700812563300133
0.9699612855911255,842.0,842.0,0.0,7326,0.030038803815841675,0.0,0.0,True,0.030038803815841675
1.0,6594.0,6594.0,0.0,7327,0.0,0.0,0.0,False,0.0
0.9999999403953552,1726.0,1726.0,0.0,7328,0.0,0.0,0.0,False,0.0
0.9490124583244324,2522.0,2522.0,0.0,7329,0.05098754167556763,0.0,0.0,True,0.05098754167556763
1.0,603.0,603.0,0.0,7330,0.0,0.0,0.0,False,0.0
1.0,4796.0,4796.0,0.0,7331,0.0,0.0,0.0,False,0.0
1.0,6123.0,6123.0,0.0,7332,0.0,0.0,0.0,False,0.0
0.9999999403953552,4666.0,4666.0,0.0,7333,0.0,0.0,0.0,False,0.0
1.0,6029.0,6029.0,0.0,7334,0.0,0.0,0.0,False,0.0
0.9999999403953552,5854.0,5854.0,0.0,7335,0.0,0.0,0.0,False,0.0
0.9909738898277283,6383.0,6383.0,0.0,7336,0.009026216343045235,0.0,0.0,True,0.009026216343045235
1.0,49.0,49.0,0.0,7337,0.0,0.0,0.0,False,0.0
1.0,3064.0,3064.0,0.0,7338,0.0,0.0,0.0,False,0.0
0.9864668846130371,2721.0,2721.0,0.0,7339,0.013533111661672592,0.0,0.0,True,0.013533111661672592
1.0,1734.0,1734.0,0.0,7340,0.0,0.0,0.0,False,0.0
1.0,3136.0,3136.0,0.0,7341,0.0,0.0,0.0,False,0.0
1.0,391.0,391.0,0.0,7342,0.0,0.0,0.0,False,0.0
0.9899563193321228,1.0,1.0,0.0,7343,0.010043736547231674,0.0,0.0,True,0.010043736547231674
0.9424788951873779,209.0,209.0,0.0,7344,0.05752108618617058,0.0,0.0,True,0.05752108618617058
0.9869968891143799,6049.0,6049.0,0.0,7345,0.013003185391426086,0.0,0.0,True,0.013003185391426086
0.9219615459442139,5753.0,5753.0,0.0,7346,0.07803844660520554,0.0,0.0,True,0.07803844660520554
1.0,2678.0,2678.0,0.0,7347,0.0,0.0,0.0,False,0.0
1.0,5798.0,5798.0,0.0,7348,0.0,0.0,0.0,False,0.0
0.9813402891159058,1.0,1.0,0.0,7349,0.01865965873003006,0.0,0.0,True,0.01865965873003006
1.0,4658.0,4658.0,0.0,7350,0.0,0.0,0.0,False,0.0
1.0,441.0,441.0,0.0,7351,0.0,0.0,0.0,False,0.0
0.9901571273803711,3132.0,3132.0,0.0,7352,0.009842879138886929,0.0,0.0,True,0.009842879138886929
0.9785659909248352,1.0,1.0,0.0,7353,0.02143389731645584,0.0,0.0,True,0.02143389731645584
1.0,4681.0,4681.0,0.0,7354,0.0,0.0,0.0,False,0.0
0.9239422082901001,1107.0,1107.0,0.0,7355,0.07605782151222229,0.0,0.0,True,0.07605782151222229
0.9884001016616821,1.0,1.0,0.0,7356,0.01159990206360817,0.0,0.0,True,0.01159990206360817
1.0,5521.0,5521.0,0.0,7357,0.0,0.0,0.0,False,0.0
1.0,333.0,333.0,0.0,7358,0.0,0.0,0.0,False,0.0
1.0,4223.0,4223.0,0.0,7359,0.0,0.0,0.0,False,0.0
0.9999999403953552,5358.0,5358.0,0.0,7360,0.0,0.0,0.0,False,0.0
0.9965392351150513,3091.0,3091.0,0.0,7361,0.0034607131965458393,0.0,0.0,True,0.0034607131965458393
1.0000001192092896,1975.0,1975.0,0.0,7362,0.0,0.0,0.0,False,0.0
1.0,438.0,438.0,0.0,7363,0.0,0.0,0.0,False,0.0
1.0,4565.0,4565.0,0.0,7364,0.0,0.0,0.0,False,0.0
0.9770767688751221,6306.0,6306.0,0.0,7365,0.02292323112487793,0.0,0.0,True,0.02292323112487793
0.9970945119857788,3836.0,3836.0,0.0,7366,0.002905477536842227,0.0,0.0,True,0.002905477536842227
1.0,4002.0,4002.0,0.0,7367,0.0,0.0,0.0,False,0.0
1.0,5806.0,5806.0,0.0,7368,0.0,0.0,0.0,False,0.0
0.9837305545806885,1527.0,1527.0,0.0,7369,0.016269421204924583,0.0,0.0,True,0.016269421204924583
0.9999999403953552,4298.0,4298.0,0.0,7370,0.0,0.0,0.0,False,0.0
0.9999999403953552,1700.0,1700.0,0.0,7371,0.0,0.0,0.0,False,0.0
0.9651638269424438,5267.0,5267.0,0.0,7372,0.034836165606975555,0.0,0.0,True,0.034836165606975555
0.9999999403953552,65.0,65.0,0.0,7373,0.0,0.0,0.0,False,0.0
1.0000001192092896,5598.0,5598.0,0.0,7374,0.0,0.0,0.0,False,0.0
1.0,953.0,953.0,0.0,7375,0.0,0.0,0.0,False,0.0
0.9840227961540222,4366.0,4366.0,0.0,7376,0.01597718335688114,0.0,0.0,True,0.01597718335688114
1.0,926.0,926.0,0.0,7377,0.0,0.0,0.0,False,0.0
0.9583572745323181,2942.0,2942.0,0.0,7378,0.04164282605051994,0.0,0.0,True,0.04164282605051994
0.9663009643554688,2585.0,2585.0,0.0,7379,0.03369905427098274,0.0,0.0,True,0.03369905427098274
1.0,127.0,127.0,0.0,7380,0.0,0.0,0.0,False,0.0
0.9999999403953552,3510.0,3510.0,0.0,7381,0.0,0.0,0.0,False,0.0
0.9959836006164551,42.0,42.0,0.0,7382,0.004016315098851919,0.0,0.0,True,0.004016315098851919
1.0,1481.0,1481.0,0.0,7383,0.0,0.0,0.0,False,0.0
0.9874385595321655,1.0,1.0,0.0,7384,0.012561343610286713,0.0,0.0,True,0.012561343610286713
0.9999998807907104,647.0,647.0,0.0,7385,0.0,0.0,0.0,False,0.0
1.0,3590.0,3590.0,0.0,7386,0.0,0.0,0.0,False,0.0
1.0,917.0,917.0,0.0,7387,0.0,0.0,0.0,False,0.0
1.0,7638.0,7638.0,0.0,7388,0.0,0.0,0.0,False,0.0
1.0,1845.0,1845.0,0.0,7389,0.0,0.0,0.0,False,0.0
0.9999999403953552,206.0,206.0,0.0,7390,0.0,0.0,0.0,False,0.0
0.9999999403953552,686.0,686.0,0.0,7391,0.0,0.0,0.0,False,0.0
1.0,1052.0,1052.0,0.0,7392,0.0,0.0,0.0,False,0.0
1.0,5851.0,5851.0,0.0,7393,0.0,0.0,0.0,False,0.0
1.0,6365.0,6365.0,0.0,7394,0.0,0.0,0.0,False,0.0
1.0,5798.0,5798.0,0.0,7395,0.0,0.0,0.0,False,0.0
0.9931693077087402,346.0,346.0,0.0,7396,0.006830613128840923,0.0,0.0,True,0.006830613128840923
1.0,1108.0,1108.0,0.0,7397,0.0,0.0,0.0,False,0.0
1.0,59.0,59.0,0.0,7398,0.0,0.0,0.0,False,0.0
0.9999998807907104,89.0,89.0,0.0,7399,0.0,0.0,0.0,False,0.0
0.9966896176338196,1526.0,1526.0,0.0,7400,0.0033102924935519695,0.0,0.0,True,0.0033102924935519695
1.0,29.0,29.0,0.0,7401,0.0,0.0,0.0,False,0.0
0.9951645135879517,1.0,1.0,0.0,7402,0.004835480824112892,0.0,0.0,True,0.004835480824112892
0.943375825881958,5727.0,5727.0,0.0,7403,0.056624092161655426,0.0,0.0,True,0.056624092161655426
0.7907373905181885,3023.0,3023.0,0.0,7404,0.20926257967948914,0.0,0.0,True,0.20926257967948914
0.9949320554733276,4602.0,4602.0,0.0,7405,0.005067884456366301,0.0,0.0,True,0.005067884456366301
1.0,5080.0,5080.0,0.0,7406,0.0,0.0,0.0,False,0.0
1.0,7417.0,7417.0,0.0,7407,0.0,0.0,0.0,False,0.0
0.9999999403953552,6880.0,6880.0,0.0,7408,0.0,0.0,0.0,False,0.0
1.0,215.0,215.0,0.0,7409,0.0,0.0,0.0,False,0.0
0.9999999403953552,3566.0,3566.0,0.0,7410,0.0,0.0,0.0,False,0.0
1.0,1762.0,1762.0,0.0,7411,0.0,0.0,0.0,False,0.0
0.998043417930603,1540.0,1540.0,0.0,7412,0.001956581138074398,0.0,0.0,True,0.001956581138074398
0.9999999403953552,1686.0,1686.0,0.0,7413,0.0,0.0,0.0,False,0.0
1.0,2830.0,2830.0,0.0,7414,0.0,0.0,0.0,False,0.0
0.9979283809661865,1060.0,1060.0,0.0,7415,0.0020716111175715923,0.0,0.0,True,0.0020716111175715923
0.9633136987686157,4432.0,4432.0,0.0,7416,0.03668634966015816,0.0,0.0,True,0.03668634966015816
0.9965859651565552,1.0,1.0,0.0,7417,0.0034140239004045725,0.0,0.0,True,0.0034140239004045725
0.9969391822814941,4781.0,4781.0,0.0,7418,0.0030608715023845434,0.0,0.0,True,0.0030608715023845434
0.7170100808143616,5868.0,5868.0,0.0,7419,0.2829899191856384,0.0,0.0,True,0.2829899191856384
1.0,605.0,605.0,0.0,7420,0.0,0.0,0.0,False,0.0
0.9999999403953552,5993.0,5993.0,0.0,7421,0.0,0.0,0.0,False,0.0
1.0,1047.0,1047.0,0.0,7422,0.0,0.0,0.0,False,0.0
0.9999999403953552,7031.0,7031.0,0.0,7423,0.0,0.0,0.0,False,0.0
1.0,2132.0,2132.0,0.0,7424,0.0,0.0,0.0,False,0.0
1.0,2559.0,2559.0,0.0,7425,0.0,0.0,0.0,False,0.0
1.0,1816.0,1816.0,0.0,7426,0.0,0.0,0.0,False,0.0
1.0,7069.0,7069.0,0.0,7427,0.0,0.0,0.0,False,0.0
1.0,4869.0,4869.0,0.0,7428,0.0,0.0,0.0,False,0.0
1.0,7010.0,7010.0,0.0,7429,0.0,0.0,0.0,False,0.0
0.9999999403953552,4039.0,4039.0,0.0,7430,0.0,0.0,0.0,False,0.0
0.9999999403953552,5618.0,5618.0,0.0,7431,0.0,0.0,0.0,False,0.0
0.9522521495819092,5712.0,5712.0,0.0,7432,0.04774787649512291,0.0,0.0,True,0.04774787649512291
1.0,2118.0,2118.0,0.0,7433,0.0,0.0,0.0,False,0.0
1.0,5223.0,5223.0,0.0,7434,0.0,0.0,0.0,False,0.0
0.9980654716491699,3104.0,3104.0,0.0,7435,0.0019345058826729655,0.0,0.0,True,0.0019345058826729655
1.0,1339.0,1339.0,0.0,7436,0.0,0.0,0.0,False,0.0
0.9801766872406006,2161.0,2161.0,0.0,7437,0.0198233462870121,0.0,0.0,True,0.0198233462870121
0.9944589138031006,1.0,1.0,0.0,7438,0.005541045218706131,0.0,0.0,True,0.005541045218706131
0.9885820150375366,2.0,2.0,0.0,7439,0.011418008245527744,0.0,0.0,True,0.011418008245527744
1.0000001192092896,263.0,263.0,0.0,7440,0.0,0.0,0.0,False,0.0
1.0,6595.0,6595.0,0.0,7441,0.0,0.0,0.0,False,0.0
0.9928314685821533,3586.0,3586.0,0.0,7442,0.007168524898588657,0.0,0.0,True,0.007168524898588657
0.9931995272636414,7453.0,7453.0,0.0,7443,0.0068004014901816845,0.0,0.0,True,0.0068004014901816845
0.9659252166748047,2116.0,2116.0,0.0,7444,0.0340748056769371,0.0,0.0,True,0.0340748056769371
0.9999998807907104,2917.0,2917.0,0.0,7445,0.0,0.0,0.0,False,0.0
0.986255407333374,7516.0,7516.0,0.0,7446,0.013744563795626163,0.0,0.0,True,0.013744563795626163
1.0,692.0,692.0,0.0,7447,0.0,0.0,0.0,False,0.0
0.9786445498466492,6117.0,6117.0,0.0,7448,0.021355483680963516,0.0,0.0,True,0.021355483680963516
1.0,1263.0,1263.0,0.0,7449,0.0,0.0,0.0,False,0.0
1.0,158.0,158.0,0.0,7450,0.0,0.0,0.0,False,0.0
1.0,5536.0,5536.0,0.0,7451,0.0,0.0,0.0,False,0.0
0.9992844462394714,6255.0,6255.0,0.0,7452,0.0007155226776376367,0.0,0.0,True,0.0007155226776376367
0.9905734062194824,1.0,1.0,0.0,7453,0.00942661426961422,0.0,0.0,True,0.00942661426961422
1.0,1186.0,1186.0,0.0,7454,0.0,0.0,0.0,False,0.0
0.9886496067047119,166.0,166.0,0.0,7455,0.011350473389029503,0.0,0.0,True,0.011350473389029503
1.0,2953.0,2953.0,0.0,7456,0.0,0.0,0.0,False,0.0
0.9873018860816956,6349.0,6349.0,0.0,7457,0.012697986327111721,0.0,0.0,True,0.012697986327111721
0.9999999403953552,3615.0,3615.0,0.0,7458,0.0,0.0,0.0,False,0.0
0.9725070595741272,7270.0,7270.0,0.0,7459,0.027492910623550415,0.0,0.0,True,0.027492910623550415
1.0000001192092896,5168.0,5168.0,0.0,7460,0.0,0.0,0.0,False,0.0
0.986051619052887,3633.0,3633.0,0.0,7461,0.013948318548500538,0.0,0.0,True,0.013948318548500538
1.0,1095.0,1095.0,0.0,7462,0.0,0.0,0.0,False,0.0
1.0,2091.0,2091.0,0.0,7463,0.0,0.0,0.0,False,0.0
0.923184871673584,7649.0,7649.0,0.0,7464,0.07681504637002945,0.0,0.0,True,0.07681504637002945
1.0,494.0,494.0,0.0,7465,0.0,0.0,0.0,False,0.0
1.0,920.0,920.0,0.0,7466,0.0,0.0,0.0,False,0.0
1.0,498.0,498.0,0.0,7467,0.0,0.0,0.0,False,0.0
1.0,1226.0,1226.0,0.0,7468,0.0,0.0,0.0,False,0.0
1.0,4030.0,4030.0,0.0,7469,0.0,0.0,0.0,False,0.0
1.0,4011.0,4011.0,0.0,7470,0.0,0.0,0.0,False,0.0
1.0,1706.0,1706.0,0.0,7471,0.0,0.0,0.0,False,0.0
1.0,6360.0,6360.0,0.0,7472,0.0,0.0,0.0,False,0.0
1.0,4146.0,4146.0,0.0,7473,0.0,0.0,0.0,False,0.0
0.837139368057251,1982.0,1982.0,0.0,7474,0.1628606617450714,0.0,0.0,True,0.1628606617450714
1.0,3103.0,3103.0,0.0,7475,0.0,0.0,0.0,False,0.0
1.0,561.0,561.0,0.0,7476,0.0,0.0,0.0,False,0.0
0.9999999403953552,723.0,723.0,0.0,7477,0.0,0.0,0.0,False,0.0
0.9751696586608887,681.0,681.0,0.0,7478,0.024830356240272522,0.0,0.0,True,0.024830356240272522
1.0,4063.0,4063.0,0.0,7479,0.0,0.0,0.0,False,0.0
0.9999998211860657,2146.0,2146.0,0.0,7480,0.0,0.0,0.0,False,0.0
0.9968968629837036,603.0,603.0,0.0,7481,0.0031030657701194286,0.0,0.0,True,0.0031030657701194286
1.0,1704.0,1704.0,0.0,7482,0.0,0.0,0.0,False,0.0
1.0,4195.0,4195.0,0.0,7483,0.0,0.0,0.0,False,0.0
1.0,6883.0,6883.0,0.0,7484,0.0,0.0,0.0,False,0.0
0.3871641755104065,2915.0,2915.0,0.0,7485,0.6128357648849487,0.0,0.0,True,0.6128357648849487
0.9999999403953552,1295.0,1295.0,0.0,7486,0.0,0.0,0.0,False,0.0
1.0,188.0,188.0,0.0,7487,0.0,0.0,0.0,False,0.0
0.9999998807907104,575.0,575.0,0.0,7488,0.0,0.0,0.0,False,0.0
0.9963647723197937,4186.0,4186.0,0.0,7489,0.0036352858878672123,0.0,0.0,True,0.0036352858878672123
0.4417102038860321,3437.0,3437.0,0.0,7490,0.5582897067070007,0.0,0.0,True,0.5582897067070007
0.9999999403953552,2463.0,2463.0,0.0,7491,0.0,0.0,0.0,False,0.0
1.0,3392.0,3392.0,0.0,7492,0.0,0.0,0.0,False,0.0
1.0,293.0,293.0,0.0,7493,0.0,0.0,0.0,False,0.0
0.9999999403953552,4345.0,4345.0,0.0,7494,0.0,0.0,0.0,False,0.0
0.9995514154434204,1.0,1.0,0.0,7495,0.00044860842172056437,0.0,0.0,True,0.00044860842172056437
1.0,5033.0,5033.0,0.0,7496,0.0,0.0,0.0,False,0.0
0.9848547577857971,178.0,178.0,0.0,7497,0.015145255252718925,0.0,0.0,True,0.015145255252718925
1.0000001192092896,1827.0,1827.0,0.0,7498,0.0,0.0,0.0,False,0.0
1.0000001192092896,4328.0,4328.0,0.0,7499,0.0,0.0,0.0,False,0.0
0.9999999403953552,7262.0,7262.0,0.0,7500,0.0,0.0,0.0,False,0.0
0.9999999403953552,5207.0,5207.0,0.0,7501,0.0,0.0,0.0,False,0.0
1.0,334.0,334.0,0.0,7502,0.0,0.0,0.0,False,0.0
0.9886974692344666,5393.0,5393.0,0.0,7503,0.011302486062049866,0.0,0.0,True,0.011302486062049866
0.9999998807907104,3052.0,3052.0,0.0,7504,0.0,0.0,0.0,False,0.0
0.9999998807907104,2119.0,2119.0,0.0,7505,0.0,0.0,0.0,False,0.0
1.0,224.0,224.0,0.0,7506,0.0,0.0,0.0,False,0.0
1.0000001192092896,4715.0,4715.0,0.0,7507,0.0,0.0,0.0,False,0.0
1.0,2190.0,2190.0,0.0,7508,0.0,0.0,0.0,False,0.0
1.0,2651.0,2651.0,0.0,7509,0.0,0.0,0.0,False,0.0
1.0,71.0,71.0,0.0,7510,0.0,0.0,0.0,False,0.0
1.0000001192092896,3062.0,3062.0,0.0,7511,0.0,0.0,0.0,False,0.0
0.9906117916107178,1727.0,1727.0,0.0,7512,0.009388213977217674,0.0,0.0,True,0.009388213977217674
0.9984989166259766,4722.0,4722.0,0.0,7513,0.001501060905866325,0.0,0.0,True,0.001501060905866325
1.0,724.0,724.0,0.0,7514,0.0,0.0,0.0,False,0.0
0.9999998807907104,5213.0,5213.0,0.0,7515,0.0,0.0,0.0,False,0.0
1.0,103.0,103.0,0.0,7516,0.0,0.0,0.0,False,0.0
0.9917975664138794,324.0,324.0,0.0,7517,0.008202378638088703,0.0,0.0,True,0.008202378638088703
0.9999999403953552,2258.0,2258.0,0.0,7518,0.0,0.0,0.0,False,0.0
1.0,1588.0,1588.0,0.0,7519,0.0,0.0,0.0,False,0.0
0.9999998807907104,2283.0,2283.0,0.0,7520,0.0,0.0,0.0,False,0.0
0.9999998807907104,2251.0,2251.0,0.0,7521,0.0,0.0,0.0,False,0.0
1.0,3790.0,3790.0,0.0,7522,0.0,0.0,0.0,False,0.0
1.0000001192092896,3211.0,3211.0,0.0,7523,0.0,0.0,0.0,False,0.0
1.0,7483.0,7483.0,0.0,7524,0.0,0.0,0.0,False,0.0
0.9986323118209839,1.0,1.0,0.0,7525,0.001367690390907228,0.0,0.0,True,0.001367690390907228
1.0,5597.0,5597.0,0.0,7526,0.0,0.0,0.0,False,0.0
1.0,4894.0,4894.0,0.0,7527,0.0,0.0,0.0,False,0.0
0.9929048418998718,1.0,1.0,0.0,7528,0.007095120847225189,0.0,0.0,True,0.007095120847225189
1.0,1556.0,1556.0,0.0,7529,0.0,0.0,0.0,False,0.0
1.0,3489.0,3489.0,0.0,7530,0.0,0.0,0.0,False,0.0
0.9999998807907104,4123.0,4123.0,0.0,7531,0.0,0.0,0.0,False,0.0
1.0,2800.0,2800.0,0.0,7532,0.0,0.0,0.0,False,0.0
0.9999999403953552,246.0,246.0,0.0,7533,0.0,0.0,0.0,False,0.0
0.9999999403953552,1228.0,1228.0,0.0,7534,0.0,0.0,0.0,False,0.0
0.9520806670188904,1828.0,1828.0,0.0,7535,0.04791928827762604,0.0,0.0,True,0.04791928827762604
1.0,659.0,659.0,0.0,7536,0.0,0.0,0.0,False,0.0
0.9941267967224121,5264.0,5264.0,0.0,7537,0.005873288027942181,0.0,0.0,True,0.005873288027942181
0.9999999403953552,311.0,311.0,0.0,7538,0.0,0.0,0.0,False,0.0
0.9828939437866211,1.0,1.0,0.0,7539,0.01710609160363674,0.0,0.0,True,0.01710609160363674
0.9866142868995667,1.0,1.0,0.0,7540,0.013385716825723648,0.0,0.0,True,0.013385716825723648
1.0,2696.0,2696.0,0.0,7541,0.0,0.0,0.0,False,0.0
0.9871208667755127,1817.0,1817.0,0.0,7542,0.01287914253771305,0.0,0.0,True,0.01287914253771305
1.0,2285.0,2285.0,0.0,7543,0.0,0.0,0.0,False,0.0
0.9309390783309937,578.0,578.0,0.0,7544,0.06906093657016754,0.0,0.0,True,0.06906093657016754
1.0,4432.0,4432.0,0.0,7545,0.0,0.0,0.0,False,0.0
1.0,2709.0,2709.0,0.0,7546,0.0,0.0,0.0,False,0.0
1.0,2241.0,2241.0,0.0,7547,0.0,0.0,0.0,False,0.0
1.0,6474.0,6474.0,0.0,7548,0.0,0.0,0.0,False,0.0
1.0,3829.0,3829.0,0.0,7549,0.0,0.0,0.0,False,0.0
1.0,3197.0,3197.0,0.0,7550,0.0,0.0,0.0,False,0.0
0.9744677543640137,4741.0,4741.0,0.0,7551,0.025532305240631104,0.0,0.0,True,0.025532305240631104
0.9697698354721069,3599.0,3599.0,0.0,7552,0.030230123549699783,0.0,0.0,True,0.030230123549699783
1.0,1576.0,1576.0,0.0,7553,0.0,0.0,0.0,False,0.0
1.0,6832.0,6832.0,0.0,7554,0.0,0.0,0.0,False,0.0
0.9714895486831665,1387.0,1387.0,0.0,7555,0.028510455042123795,0.0,0.0,True,0.028510455042123795
1.0,11.0,11.0,0.0,7556,0.0,0.0,0.0,False,0.0
1.0,1810.0,1810.0,0.0,7557,0.0,0.0,0.0,False,0.0
1.0,3826.0,3826.0,0.0,7558,0.0,0.0,0.0,False,0.0
1.0,4666.0,4666.0,0.0,7559,0.0,0.0,0.0,False,0.0
0.9881776571273804,1811.0,1811.0,0.0,7560,0.011822408996522427,0.0,0.0,True,0.011822408996522427
0.9999998807907104,1005.0,1005.0,0.0,7561,0.0,0.0,0.0,False,0.0
1.0,5600.0,5600.0,0.0,7562,0.0,0.0,0.0,False,0.0
1.0,2684.0,2684.0,0.0,7563,0.0,0.0,0.0,False,0.0
1.0,1079.0,1079.0,0.0,7564,0.0,0.0,0.0,False,0.0
0.9901120662689209,1.0,1.0,0.0,7565,0.009887894615530968,0.0,0.0,True,0.009887894615530968
1.0,2293.0,2293.0,0.0,7566,0.0,0.0,0.0,False,0.0
0.977603018283844,1.0,1.0,0.0,7567,0.022396933287382126,0.0,0.0,True,0.022396933287382126
0.9806914329528809,2556.0,2556.0,0.0,7568,0.01930864155292511,0.0,0.0,True,0.01930864155292511
0.9715774059295654,1.0,1.0,0.0,7569,0.028422556817531586,0.0,0.0,True,0.028422556817531586
1.0,3933.0,3933.0,0.0,7570,0.0,0.0,0.0,False,0.0
0.9749495387077332,2767.0,2767.0,0.0,7571,0.02505054511129856,0.0,0.0,True,0.02505054511129856
0.9999999403953552,6415.0,6415.0,0.0,7572,0.0,0.0,0.0,False,0.0
0.9999999403953552,7591.0,7591.0,0.0,7573,0.0,0.0,0.0,False,0.0
1.0,1074.0,1074.0,0.0,7574,0.0,0.0,0.0,False,0.0
1.0,166.0,166.0,0.0,7575,0.0,0.0,0.0,False,0.0
1.0,1200.0,1200.0,0.0,7576,0.0,0.0,0.0,False,0.0
0.9622848033905029,1765.0,1765.0,0.0,7577,0.037715207785367966,0.0,0.0,True,0.037715207785367966
1.0,1334.0,1334.0,0.0,7578,0.0,0.0,0.0,False,0.0
0.9780001044273376,1.0,1.0,0.0,7579,0.021999914199113846,0.0,0.0,True,0.021999914199113846
1.0,985.0,985.0,0.0,7580,0.0,0.0,0.0,False,0.0
0.8561421036720276,573.0,573.0,0.0,7581,0.14385786652565002,0.0,0.0,True,0.14385786652565002
1.0,6255.0,6255.0,0.0,7582,0.0,0.0,0.0,False,0.0
0.986002504825592,3829.0,3829.0,0.0,7583,0.013997568748891354,0.0,0.0,True,0.013997568748891354
0.9999999403953552,1208.0,1208.0,0.0,7584,0.0,0.0,0.0,False,0.0
0.9956752061843872,6294.0,6294.0,0.0,7585,0.004324717912822962,0.0,0.0,True,0.004324717912822962
0.9999999403953552,478.0,478.0,0.0,7586,0.0,0.0,0.0,False,0.0
1.0,3685.0,3685.0,0.0,7587,0.0,0.0,0.0,False,0.0
1.0,243.0,243.0,0.0,7588,0.0,0.0,0.0,False,0.0
1.0,6978.0,6978.0,0.0,7589,0.0,0.0,0.0,False,0.0
1.0,3370.0,3370.0,0.0,7590,0.0,0.0,0.0,False,0.0
1.0,5606.0,5606.0,0.0,7591,0.0,0.0,0.0,False,0.0
1.0,4314.0,4314.0,0.0,7592,0.0,0.0,0.0,False,0.0
0.9933958053588867,2071.0,2071.0,0.0,7593,0.0066041541285812855,0.0,0.0,True,0.0066041541285812855
0.9999999403953552,5.0,5.0,0.0,7594,0.0,0.0,0.0,False,0.0
0.9919111728668213,1.0,1.0,0.0,7595,0.00808885507285595,0.0,0.0,True,0.00808885507285595
0.9853235483169556,1.0,1.0,0.0,7596,0.014676437713205814,0.0,0.0,True,0.014676437713205814
0.9964648485183716,6656.0,6656.0,0.0,7597,0.003535039722919464,0.0,0.0,True,0.003535039722919464
0.9732755422592163,7619.0,7619.0,0.0,7598,0.026724478229880333,0.0,0.0,True,0.026724478229880333
0.9999999403953552,2.0,2.0,0.0,7599,0.0,0.0,0.0,False,0.0
0.9999998807907104,6903.0,6903.0,0.0,7600,0.0,0.0,0.0,False,0.0
1.0,1619.0,1619.0,0.0,7601,0.0,0.0,0.0,False,0.0
0.9976044297218323,31.0,31.0,0.0,7602,0.002395602874457836,0.0,0.0,True,0.002395602874457836
0.9688702821731567,7598.0,7598.0,0.0,7603,0.031129715964198112,0.0,0.0,True,0.031129715964198112
0.9999999403953552,5767.0,5767.0,0.0,7604,0.0,0.0,0.0,False,0.0
1.0,465.0,465.0,0.0,7605,0.0,0.0,0.0,False,0.0
1.0,2524.0,2524.0,0.0,7606,0.0,0.0,0.0,False,0.0
1.0,439.0,439.0,0.0,7607,0.0,0.0,0.0,False,0.0
0.9919800758361816,3464.0,3464.0,0.0,7608,0.0080198859795928,0.0,0.0,True,0.0080198859795928
0.9916439652442932,2647.0,2647.0,0.0,7609,0.008356078527867794,0.0,0.0,True,0.008356078527867794
1.0,6765.0,6765.0,0.0,7610,0.0,0.0,0.0,False,0.0
1.0000001192092896,1447.0,1447.0,0.0,7611,0.0,0.0,0.0,False,0.0
0.9999998807907104,338.0,338.0,0.0,7612,0.0,0.0,0.0,False,0.0
0.9999999403953552,3257.0,3257.0,0.0,7613,0.0,0.0,0.0,False,0.0
1.0,1118.0,1118.0,0.0,7614,0.0,0.0,0.0,False,0.0
0.9999998807907104,120.0,120.0,0.0,7615,0.0,0.0,0.0,False,0.0
1.0,1954.0,1954.0,0.0,7616,0.0,0.0,0.0,False,0.0
0.9782487750053406,2995.0,2995.0,0.0,7617,0.021751154214143753,0.0,0.0,True,0.021751154214143753
0.9874585270881653,747.0,747.0,0.0,7618,0.012541497126221657,0.0,0.0,True,0.012541497126221657
0.9877963066101074,1.0,1.0,0.0,7619,0.01220377441495657,0.0,0.0,True,0.01220377441495657
0.9999998807907104,29.0,29.0,0.0,7620,0.0,0.0,0.0,False,0.0
1.0,3187.0,3187.0,0.0,7621,0.0,0.0,0.0,False,0.0
0.9517993927001953,107.0,107.0,0.0,7622,0.048200491815805435,0.0,0.0,True,0.048200491815805435
0.9708188772201538,75.0,75.0,0.0,7623,0.02918102592229843,0.0,0.0,True,0.02918102592229843
1.0,4747.0,4747.0,0.0,7624,0.0,0.0,0.0,False,0.0
0.9872875213623047,217.0,217.0,0.0,7625,0.012712463736534119,0.0,0.0,True,0.012712463736534119
0.9911918640136719,1.0,1.0,0.0,7626,0.008808156475424767,0.0,0.0,True,0.008808156475424767
0.9676036834716797,1869.0,1869.0,0.0,7627,0.03239642456173897,0.0,0.0,True,0.03239642456173897
0.9601989388465881,6202.0,6202.0,0.0,7628,0.03980112820863724,0.0,0.0,True,0.03980112820863724
0.9893062114715576,1.0,1.0,0.0,7629,0.010693829506635666,0.0,0.0,True,0.010693829506635666
1.0,2219.0,2219.0,0.0,7630,0.0,0.0,0.0,False,0.0
0.9878246784210205,1.0,1.0,0.0,7631,0.012175390496850014,0.0,0.0,True,0.012175390496850014
0.9908111095428467,5517.0,5517.0,0.0,7632,0.009188996627926826,0.0,0.0,True,0.009188996627926826
0.9999999403953552,5176.0,5176.0,0.0,7633,0.0,0.0,0.0,False,0.0
0.9133055806159973,1040.0,1040.0,0.0,7634,0.08669445663690567,0.0,0.0,True,0.08669445663690567
0.9862838983535767,6567.0,6567.0,0.0,7635,0.013716068118810654,0.0,0.0,True,0.013716068118810654
1.0,2381.0,2381.0,0.0,7636,0.0,0.0,0.0,False,0.0
0.9849185943603516,2.0,2.0,0.0,7637,0.015081431716680527,0.0,0.0,True,0.015081431716680527
0.9869204759597778,1345.0,1345.0,0.0,7638,0.01307952031493187,0.0,0.0,True,0.01307952031493187
1.0000001192092896,3082.0,3082.0,0.0,7639,0.0,0.0,0.0,False,0.0
0.9999999403953552,755.0,755.0,0.0,7640,0.0,0.0,0.0,False,0.0
1.0,3085.0,3085.0,0.0,7641,0.0,0.0,0.0,False,0.0
1.0,2693.0,2693.0,0.0,7642,0.0,0.0,0.0,False,0.0
0.9766209125518799,1.0,1.0,0.0,7643,0.023378971964120865,0.0,0.0,True,0.023378971964120865
1.0,5692.0,5692.0,0.0,7644,0.0,0.0,0.0,False,0.0
1.0,6043.0,6043.0,0.0,7645,0.0,0.0,0.0,False,0.0
1.0,122.0,122.0,0.0,7646,0.0,0.0,0.0,False,0.0
0.9805089235305786,1.0,1.0,0.0,7647,0.019491072744131088,0.0,0.0,True,0.019491072744131088
1.0,332.0,332.0,0.0,7648,0.0,0.0,0.0,False,0.0
0.9793395400047302,5945.0,5945.0,0.0,7649,0.020660439506173134,0.0,0.0,True,0.020660439506173134
1.0,895.0,895.0,0.0,7650,0.0,0.0,0.0,False,0.0
1.0,1344.0,1344.0,0.0,7651,0.0,0.0,0.0,False,0.0
0.9911000728607178,3832.0,3832.0,0.0,7652,0.008899928070604801,0.0,0.0,True,0.008899928070604801
0.9791823625564575,3875.0,3875.0,0.0,7653,0.020817607641220093,0.0,0.0,True,0.020817607641220093
1.0,2982.0,2982.0,0.0,7654,0.0,0.0,0.0,False,0.0
1.0,2018.0,2018.0,0.0,7655,0.0,0.0,0.0,False,0.0
1.0,5022.0,5022.0,0.0,7656,0.0,0.0,0.0,False,0.0
0.9999999403953552,5031.0,5031.0,0.0,7657,0.0,0.0,0.0,False,0.0
1.0,261.0,261.0,0.0,7658,0.0,0.0,0.0,False,0.0
0.98365718126297,186.0,186.0,0.0,7659,0.016342829912900925,0.0,0.0,True,0.016342829912900925
1.0,5426.0,5426.0,0.0,7660,0.0,0.0,0.0,False,0.0
1.0,6896.0,6896.0,0.0,7661,0.0,0.0,0.0,False,0.0
1.0,5442.0,5442.0,0.0,7662,0.0,0.0,0.0,False,0.0
0.9999999403953552,5844.0,5844.0,0.0,7663,0.0,0.0,0.0,False,0.0
1.0,3119.0,3119.0,0.0,7664,0.0,0.0,0.0,False,0.0
1.0000001192092896,2141.0,2141.0,0.0,7665,0.0,0.0,0.0,False,0.0
1.0,785.0,785.0,0.0,7666,0.0,0.0,0.0,False,0.0
1.0,6193.0,6193.0,0.0,7667,0.0,0.0,0.0,False,0.0
0.9985475540161133,3225.0,3225.0,0.0,7668,0.0014523750869557261,0.0,0.0,True,0.0014523750869557261
1.0,5294.0,5294.0,0.0,7669,0.0,0.0,0.0,False,0.0
0.9999999403953552,4979.0,4979.0,0.0,7670,0.0,0.0,0.0,False,0.0
0.9939643740653992,6593.0,6593.0,0.0,7671,0.006035682279616594,0.0,0.0,True,0.006035682279616594
1.0,4987.0,4987.0,0.0,7672,0.0,0.0,0.0,False,0.0
1.0,4722.0,4722.0,0.0,7673,0.0,0.0,0.0,False,0.0
1.0,4098.0,4098.0,0.0,7674,0.0,0.0,0.0,False,0.0
1.0000001192092896,2415.0,2415.0,0.0,7675,0.0,0.0,0.0,False,0.0
1.0000001192092896,1797.0,1797.0,0.0,7676,0.0,0.0,0.0,False,0.0
0.8913365602493286,183.0,183.0,0.0,7677,0.10866351425647736,0.0,0.0,True,0.10866351425647736
0.9848694801330566,1.0,1.0,0.0,7678,0.015130523592233658,0.0,0.0,True,0.015130523592233658
1.0,1846.0,1846.0,0.0,7679,0.0,0.0,0.0,False,0.0
0.9999999403953552,2833.0,2833.0,0.0,7680,0.0,0.0,0.0,False,0.0
0.9904757738113403,1010.0,1010.0,0.0,7681,0.009524268098175526,0.0,0.0,True,0.009524268098175526
1.0,4398.0,4398.0,0.0,7682,0.0,0.0,0.0,False,0.0
1.0,856.0,856.0,0.0,7683,0.0,0.0,0.0,False,0.0
0.9534202814102173,606.0,606.0,0.0,7684,0.046579759567976,0.0,0.0,True,0.046579759567976
0.9999998807907104,7639.0,7639.0,0.0,7685,0.0,0.0,0.0,False,0.0
1.0,3218.0,3218.0,0.0,7686,0.0,0.0,0.0,False,0.0
0.9602035284042358,2054.0,2054.0,0.0,7687,0.039796486496925354,0.0,0.0,True,0.039796486496925354
0.9986599683761597,56.0,56.0,0.0,7688,0.001340091461315751,0.0,0.0,True,0.001340091461315751
1.0000001192092896,84.0,84.0,0.0,7689,0.0,0.0,0.0,False,0.0
1.0000001192092896,1089.0,1089.0,0.0,7690,0.0,0.0,0.0,False,0.0
1.0,2237.0,2237.0,0.0,7691,0.0,0.0,0.0,False,0.0
0.9491682052612305,504.0,504.0,0.0,7692,0.050831787288188934,0.0,0.0,True,0.050831787288188934
0.9788424968719482,44.0,44.0,0.0,7693,0.02115754596889019,0.0,0.0,True,0.02115754596889019
1.0,3559.0,3559.0,0.0,7694,0.0,0.0,0.0,False,0.0
0.9999998807907104,7244.0,7244.0,0.0,7695,0.0,0.0,0.0,False,0.0
0.9916785955429077,2195.0,2195.0,0.0,7696,0.008321383036673069,0.0,0.0,True,0.008321383036673069
1.0,566.0,566.0,0.0,7697,0.0,0.0,0.0,False,0.0
0.9967086315155029,1.0,1.0,0.0,7698,0.0032913496252149343,0.0,0.0,True,0.0032913496252149343
0.9779358506202698,627.0,627.0,0.0,7699,0.022064194083213806,0.0,0.0,True,0.022064194083213806
0.9999999403953552,1542.0,1542.0,0.0,7700,0.0,0.0,0.0,False,0.0
0.990983784198761,1.0,1.0,0.0,7701,0.009016220457851887,0.0,0.0,True,0.009016220457851887
0.9985399842262268,65.0,65.0,0.0,7702,0.0014601015718653798,0.0,0.0,True,0.0014601015718653798
1.0,3813.0,3813.0,0.0,7703,0.0,0.0,0.0,False,0.0
0.9812943935394287,1.0,1.0,0.0,7704,0.01870560459792614,0.0,0.0,True,0.01870560459792614
0.8786329627037048,5929.0,5929.0,0.0,7705,0.12136705219745636,0.0,0.0,True,0.12136705219745636
0.9999999403953552,6612.0,6612.0,0.0,7706,0.0,0.0,0.0,False,0.0
1.0,2504.0,2504.0,0.0,7707,0.0,0.0,0.0,False,0.0
1.0,5157.0,5157.0,0.0,7708,0.0,0.0,0.0,False,0.0
1.0,7533.0,7533.0,0.0,7709,0.0,0.0,0.0,False,0.0
1.0,7656.0,7656.0,0.0,7710,0.0,0.0,0.0,False,0.0
1.0,6030.0,6030.0,0.0,7711,0.0,0.0,0.0,False,0.0
1.0,4589.0,4589.0,0.0,7712,0.0,0.0,0.0,False,0.0
0.9853345155715942,664.0,664.0,0.0,7713,0.014665484428405762,0.0,0.0,True,0.014665484428405762
0.9855350255966187,1.0,1.0,0.0,7714,0.014464903622865677,0.0,0.0,True,0.014464903622865677
1.0,5974.0,5974.0,0.0,7715,0.0,0.0,0.0,False,0.0
0.9627166390419006,1.0,1.0,0.0,7716,0.03728329390287399,0.0,0.0,True,0.03728329390287399
0.9603326320648193,7001.0,7001.0,0.0,7717,0.03966730833053589,0.0,0.0,True,0.03966730833053589
1.0,128.0,128.0,0.0,7718,0.0,0.0,0.0,False,0.0
1.0,258.0,258.0,0.0,7719,0.0,0.0,0.0,False,0.0
1.0,143.0,143.0,0.0,7720,0.0,0.0,0.0,False,0.0
1.0,3692.0,3692.0,0.0,7721,0.0,0.0,0.0,False,0.0
1.0,249.0,249.0,0.0,7722,0.0,0.0,0.0,False,0.0
0.9999999403953552,934.0,934.0,0.0,7723,0.0,0.0,0.0,False,0.0
0.9999998807907104,1269.0,1269.0,0.0,7724,0.0,0.0,0.0,False,0.0
1.0,3955.0,3955.0,0.0,7725,0.0,0.0,0.0,False,0.0
0.9999999403953552,4973.0,4973.0,0.0,7726,0.0,0.0,0.0,False,0.0
0.9999999403953552,2805.0,2805.0,0.0,7727,0.0,0.0,0.0,False,0.0
1.0,4632.0,4632.0,0.0,7728,0.0,0.0,0.0,False,0.0
0.9900894165039062,6815.0,6815.0,0.0,7729,0.009910612367093563,0.0,0.0,True,0.009910612367093563
1.0,7188.0,7188.0,0.0,7730,0.0,0.0,0.0,False,0.0
1.0,2734.0,2734.0,0.0,7731,0.0,0.0,0.0,False,0.0
1.0,5071.0,5071.0,0.0,7732,0.0,0.0,0.0,False,0.0
0.9999998807907104,7555.0,7555.0,0.0,7733,0.0,0.0,0.0,False,0.0
1.0000001192092896,5302.0,5302.0,0.0,7734,0.0,0.0,0.0,False,0.0
1.0,1811.0,1811.0,0.0,7735,0.0,0.0,0.0,False,0.0
1.0,2851.0,2851.0,0.0,7736,0.0,0.0,0.0,False,0.0
1.0,4242.0,4242.0,0.0,7737,0.0,0.0,0.0,False,0.0
1.0,2631.0,2631.0,0.0,7738,0.0,0.0,0.0,False,0.0
0.9918489456176758,1.0,1.0,0.0,7739,0.008151059970259666,0.0,0.0,True,0.008151059970259666
1.0,5407.0,5407.0,0.0,7740,0.0,0.0,0.0,False,0.0
0.9911205172538757,1.0,1.0,0.0,7741,0.008879515342414379,0.0,0.0,True,0.008879515342414379
1.0,4869.0,4869.0,0.0,7742,0.0,0.0,0.0,False,0.0
1.0,5355.0,5355.0,0.0,7743,0.0,0.0,0.0,False,0.0
1.0,1785.0,1785.0,0.0,7744,0.0,0.0,0.0,False,0.0
0.9792999625205994,1.0,1.0,0.0,7745,0.02069990709424019,0.0,0.0,True,0.02069990709424019
0.9896917939186096,1001.0,1001.0,0.0,7746,0.010308211669325829,0.0,0.0,True,0.010308211669325829
0.9952913522720337,291.0,291.0,0.0,7747,0.004708671476691961,0.0,0.0,True,0.004708671476691961
1.0,5521.0,5521.0,0.0,7748,0.0,0.0,0.0,False,0.0
0.9999999403953552,4938.0,4938.0,0.0,7749,0.0,0.0,0.0,False,0.0
1.0,3841.0,3841.0,0.0,7750,0.0,0.0,0.0,False,0.0
0.9861321449279785,2679.0,2679.0,0.0,7751,0.013867780566215515,0.0,0.0,True,0.013867780566215515
0.9999999403953552,7029.0,7029.0,0.0,7752,0.0,0.0,0.0,False,0.0
1.0,4975.0,4975.0,0.0,7753,0.0,0.0,0.0,False,0.0
1.0,6206.0,6206.0,0.0,7754,0.0,0.0,0.0,False,0.0
1.0,1479.0,1479.0,0.0,7755,0.0,0.0,0.0,False,0.0
0.9804347157478333,5545.0,5545.0,0.0,7756,0.019565245136618614,0.0,0.0,True,0.019565245136618614
1.0,7160.0,7160.0,0.0,7757,0.0,0.0,0.0,False,0.0
0.9945991039276123,3888.0,3888.0,0.0,7758,0.00540087791159749,0.0,0.0,True,0.00540087791159749
0.9822182059288025,319.0,319.0,0.0,7759,0.017781775444746017,0.0,0.0,True,0.017781775444746017
1.0,942.0,942.0,0.0,7760,0.0,0.0,0.0,False,0.0
0.9886475801467896,1.0,1.0,0.0,7761,0.011352386325597763,0.0,0.0,True,0.011352386325597763
0.9999998807907104,4045.0,4045.0,0.0,7762,0.0,0.0,0.0,False,0.0
1.0000001192092896,580.0,580.0,0.0,7763,0.0,0.0,0.0,False,0.0
1.0,3754.0,3754.0,0.0,7764,0.0,0.0,0.0,False,0.0
0.9916764497756958,1.0,1.0,0.0,7765,0.00832356046885252,0.0,0.0,True,0.00832356046885252
1.0,3943.0,3943.0,0.0,7766,0.0,0.0,0.0,False,0.0
1.0,1665.0,1665.0,0.0,7767,0.0,0.0,0.0,False,0.0
1.0,3947.0,3947.0,0.0,7768,0.0,0.0,0.0,False,0.0
1.0,291.0,291.0,0.0,7769,0.0,0.0,0.0,False,0.0
0.9851666688919067,1.0,1.0,0.0,7770,0.01483331061899662,0.0,0.0,True,0.01483331061899662
0.990748941898346,1.0,1.0,0.0,7771,0.009251031093299389,0.0,0.0,True,0.009251031093299389
1.0,443.0,443.0,0.0,7772,0.0,0.0,0.0,False,0.0
0.974073052406311,1.0,1.0,0.0,7773,0.025927094742655754,0.0,0.0,True,0.025927094742655754
0.9747381210327148,4630.0,4630.0,0.0,7774,0.025261912494897842,0.0,0.0,True,0.025261912494897842
1.0,671.0,671.0,0.0,7775,0.0,0.0,0.0,False,0.0
0.9999998807907104,3039.0,3039.0,0.0,7776,0.0,0.0,0.0,False,0.0
0.9999999403953552,1029.0,1029.0,0.0,7777,0.0,0.0,0.0,False,0.0
1.0,1481.0,1481.0,0.0,7778,0.0,0.0,0.0,False,0.0
1.0000001192092896,3204.0,3204.0,0.0,7779,0.0,0.0,0.0,False,0.0
0.9905787706375122,3294.0,3294.0,0.0,7780,0.009421243332326412,0.0,0.0,True,0.009421243332326412
0.9978309869766235,10.0,10.0,0.0,7781,0.0021689424756914377,0.0,0.0,True,0.0021689424756914377
1.0,1507.0,1507.0,0.0,7782,0.0,0.0,0.0,False,0.0
1.0,1518.0,1518.0,0.0,7783,0.0,0.0,0.0,False,0.0
0.9999998807907104,520.0,520.0,0.0,7784,0.0,0.0,0.0,False,0.0
1.0,1902.0,1902.0,0.0,7785,0.0,0.0,0.0,False,0.0
1.0,633.0,633.0,0.0,7786,0.0,0.0,0.0,False,0.0
1.0,35.0,35.0,0.0,7787,0.0,0.0,0.0,False,0.0
0.9999999403953552,189.0,189.0,0.0,7788,0.0,0.0,0.0,False,0.0
0.9999999403953552,4090.0,4090.0,0.0,7789,0.0,0.0,0.0,False,0.0
0.9860301613807678,29.0,29.0,0.0,7790,0.013969833962619305,0.0,0.0,True,0.013969833962619305
0.9661293029785156,5312.0,5312.0,0.0,7791,0.03387073054909706,0.0,0.0,True,0.03387073054909706
1.0,4138.0,4138.0,0.0,7792,0.0,0.0,0.0,False,0.0
1.0,3133.0,3133.0,0.0,7793,0.0,0.0,0.0,False,0.0
1.0,1131.0,1131.0,0.0,7794,0.0,0.0,0.0,False,0.0
1.0,6444.0,6444.0,0.0,7795,0.0,0.0,0.0,False,0.0
1.0,1208.0,1208.0,0.0,7796,0.0,0.0,0.0,False,0.0
1.0,5420.0,5420.0,0.0,7797,0.0,0.0,0.0,False,0.0
1.0,4043.0,4043.0,0.0,7798,0.0,0.0,0.0,False,0.0
1.0,1192.0,1192.0,0.0,7799,0.0,0.0,0.0,False,0.0
1.0,3481.0,3481.0,0.0,7800,0.0,0.0,0.0,False,0.0
1.0,5261.0,5261.0,0.0,7801,0.0,0.0,0.0,False,0.0
1.0,928.0,928.0,0.0,7802,0.0,0.0,0.0,False,0.0
1.0,6978.0,6978.0,0.0,7803,0.0,0.0,0.0,False,0.0
0.9973142743110657,636.0,636.0,0.0,7804,0.002685779705643654,0.0,0.0,True,0.002685779705643654
1.0000001192092896,6850.0,6850.0,0.0,7805,0.0,0.0,0.0,False,0.0
1.0,1219.0,1219.0,0.0,7806,0.0,0.0,0.0,False,0.0
1.0,4176.0,4176.0,0.0,7807,0.0,0.0,0.0,False,0.0
1.0,611.0,611.0,0.0,7808,0.0,0.0,0.0,False,0.0
0.9882797002792358,1.0,1.0,0.0,7809,0.011720327660441399,0.0,0.0,True,0.011720327660441399
0.9969727396965027,6092.0,6092.0,0.0,7810,0.0030271655414253473,0.0,0.0,True,0.0030271655414253473
1.0,601.0,601.0,0.0,7811,0.0,0.0,0.0,False,0.0
1.0,969.0,969.0,0.0,7812,0.0,0.0,0.0,False,0.0
0.9902795553207397,1776.0,1776.0,0.0,7813,0.009720460511744022,0.0,0.0,True,0.009720460511744022
1.0,4821.0,4821.0,0.0,7814,0.0,0.0,0.0,False,0.0
1.0,3414.0,3414.0,0.0,7815,0.0,0.0,0.0,False,0.0
1.0,2830.0,2830.0,0.0,7816,0.0,0.0,0.0,False,0.0
0.9999999403953552,2461.0,2461.0,0.0,7817,0.0,0.0,0.0,False,0.0
1.0,5449.0,5449.0,0.0,7818,0.0,0.0,0.0,False,0.0
0.987070620059967,813.0,813.0,0.0,7819,0.012929344549775124,0.0,0.0,True,0.012929344549775124
0.9999999403953552,2746.0,2746.0,0.0,7820,0.0,0.0,0.0,False,0.0
1.0,5713.0,5713.0,0.0,7821,0.0,0.0,0.0,False,0.0
0.9539457559585571,7481.0,7481.0,0.0,7822,0.0460541658103466,0.0,0.0,True,0.0460541658103466
0.9588090181350708,10.0,10.0,0.0,7823,0.04119095206260681,0.0,0.0,True,0.04119095206260681
0.9971357583999634,1.0,1.0,0.0,7824,0.0028642925899475813,0.0,0.0,True,0.0028642925899475813
0.9979058504104614,5186.0,5186.0,0.0,7825,0.0020942639093846083,0.0,0.0,True,0.0020942639093846083
0.993706464767456,1.0,1.0,0.0,7826,0.006293579004704952,0.0,0.0,True,0.006293579004704952
0.9969988465309143,2396.0,2396.0,0.0,7827,0.0030011667404323816,0.0,0.0,True,0.0030011667404323816
1.0,7523.0,7523.0,0.0,7828,0.0,0.0,0.0,False,0.0
0.9567672610282898,22.0,22.0,0.0,7829,0.043232765048742294,0.0,0.0,True,0.043232765048742294
0.9999999403953552,4257.0,4257.0,0.0,7830,0.0,0.0,0.0,False,0.0
1.0,211.0,211.0,0.0,7831,0.0,0.0,0.0,False,0.0
0.998253345489502,6271.0,6271.0,0.0,7832,0.0017466057324782014,0.0,0.0,True,0.0017466057324782014
1.0,6543.0,6543.0,0.0,7833,0.0,0.0,0.0,False,0.0
1.0000001192092896,320.0,320.0,0.0,7834,0.0,0.0,0.0,False,0.0
1.0,4440.0,4440.0,0.0,7835,0.0,0.0,0.0,False,0.0
0.9945147037506104,3468.0,3468.0,0.0,7836,0.0054853870533406734,0.0,0.0,True,0.0054853870533406734
1.0,54.0,54.0,0.0,7837,0.0,0.0,0.0,False,0.0
0.9999999403953552,3550.0,3550.0,0.0,7838,0.0,0.0,0.0,False,0.0
1.0,5425.0,5425.0,0.0,7839,0.0,0.0,0.0,False,0.0
0.9816238880157471,1641.0,1641.0,0.0,7840,0.018376193940639496,0.0,0.0,True,0.018376193940639496
0.9999998807907104,7468.0,7468.0,0.0,7841,0.0,0.0,0.0,False,0.0
1.0,6266.0,6266.0,0.0,7842,0.0,0.0,0.0,False,0.0
1.0,1049.0,1049.0,0.0,7843,0.0,0.0,0.0,False,0.0
1.0,1313.0,1313.0,0.0,7844,0.0,0.0,0.0,False,0.0
0.9999999403953552,445.0,445.0,0.0,7845,0.0,0.0,0.0,False,0.0
0.9987369775772095,469.0,469.0,0.0,7846,0.0012630759738385677,0.0,0.0,True,0.0012630759738385677
0.9245585203170776,6515.0,6515.0,0.0,7847,0.07544133067131042,0.0,0.0,True,0.07544133067131042
0.9999998807907104,6220.0,6220.0,0.0,7848,0.0,0.0,0.0,False,0.0
0.9999998807907104,2744.0,2744.0,0.0,7849,0.0,0.0,0.0,False,0.0
0.9958456754684448,1712.0,1712.0,0.0,7850,0.0041543408297002316,0.0,0.0,True,0.0041543408297002316
0.9999999403953552,4399.0,4399.0,0.0,7851,0.0,0.0,0.0,False,0.0
1.0,2047.0,2047.0,0.0,7852,0.0,0.0,0.0,False,0.0
1.0,329.0,329.0,0.0,7853,0.0,0.0,0.0,False,0.0
0.997805655002594,777.0,777.0,0.0,7854,0.0021944146137684584,0.0,0.0,True,0.0021944146137684584
1.0,240.0,240.0,0.0,7855,0.0,0.0,0.0,False,0.0
1.0,5206.0,5206.0,0.0,7856,0.0,0.0,0.0,False,0.0
0.9408684968948364,5780.0,5780.0,0.0,7857,0.059131454676389694,0.0,0.0,True,0.059131454676389694
1.0,6117.0,6117.0,0.0,7858,0.0,0.0,0.0,False,0.0
0.9689117074012756,8.0,8.0,0.0,7859,0.031088275834918022,0.0,0.0,True,0.031088275834918022
0.9967212677001953,829.0,829.0,0.0,7860,0.003278746735304594,0.0,0.0,True,0.003278746735304594
0.9731904864311218,2652.0,2652.0,0.0,7861,0.026809513568878174,0.0,0.0,True,0.026809513568878174
0.9999999403953552,2088.0,2088.0,0.0,7862,0.0,0.0,0.0,False,0.0
1.0,778.0,778.0,0.0,7863,0.0,0.0,0.0,False,0.0
0.9953253865242004,5974.0,5974.0,0.0,7864,0.004674682859331369,0.0,0.0,True,0.004674682859331369
1.0,3238.0,3238.0,0.0,7865,0.0,0.0,0.0,False,0.0
0.9926031231880188,1.0,1.0,0.0,7866,0.00739689264446497,0.0,0.0,True,0.00739689264446497
0.8934726119041443,6278.0,6278.0,0.0,7867,0.10652738809585571,0.0,0.0,True,0.10652738809585571
1.0,3708.0,3708.0,0.0,7868,0.0,0.0,0.0,False,0.0
1.0,3272.0,3272.0,0.0,7869,0.0,0.0,0.0,False,0.0
1.0,46.0,46.0,0.0,7870,0.0,0.0,0.0,False,0.0
0.9971371293067932,3965.0,3965.0,0.0,7871,0.0028628685977309942,0.0,0.0,True,0.0028628685977309942
1.0,4123.0,4123.0,0.0,7872,0.0,0.0,0.0,False,0.0
1.0000001192092896,7409.0,7409.0,0.0,7873,0.0,0.0,0.0,False,0.0
0.9913263320922852,1356.0,1356.0,0.0,7874,0.008673561736941338,0.0,0.0,True,0.008673561736941338
1.0,3012.0,3012.0,0.0,7875,0.0,0.0,0.0,False,0.0
0.9617802500724792,247.0,247.0,0.0,7876,0.03821980953216553,0.0,0.0,True,0.03821980953216553
1.0,1752.0,1752.0,0.0,7877,0.0,0.0,0.0,False,0.0
1.0000001192092896,7062.0,7062.0,0.0,7878,0.0,0.0,0.0,False,0.0
0.983784556388855,3268.0,3268.0,0.0,7879,0.016215477138757706,0.0,0.0,True,0.016215477138757706
1.0000001192092896,4508.0,4508.0,0.0,7880,0.0,0.0,0.0,False,0.0
1.0,5720.0,5720.0,0.0,7881,0.0,0.0,0.0,False,0.0
0.9911623001098633,18.0,18.0,0.0,7882,0.008837667293846607,0.0,0.0,True,0.008837667293846607
0.9826124906539917,7081.0,7081.0,0.0,7883,0.017387432977557182,0.0,0.0,True,0.017387432977557182
0.9990471601486206,1.0,1.0,0.0,7884,0.0009528538794256747,0.0,0.0,True,0.0009528538794256747
0.9898595213890076,4617.0,4617.0,0.0,7885,0.010140501894056797,0.0,0.0,True,0.010140501894056797
0.9855433106422424,99.0,99.0,0.0,7886,0.014456666074693203,0.0,0.0,True,0.014456666074693203
1.0,359.0,359.0,0.0,7887,0.0,0.0,0.0,False,0.0
1.0,3814.0,3814.0,0.0,7888,0.0,0.0,0.0,False,0.0
1.0,7605.0,7605.0,0.0,7889,0.0,0.0,0.0,False,0.0
0.9999999403953552,130.0,130.0,0.0,7890,0.0,0.0,0.0,False,0.0
1.0,273.0,273.0,0.0,7891,0.0,0.0,0.0,False,0.0
1.0,158.0,158.0,0.0,7892,0.0,0.0,0.0,False,0.0
1.0,6301.0,6301.0,0.0,7893,0.0,0.0,0.0,False,0.0
0.9946485757827759,5365.0,5365.0,0.0,7894,0.005351447965949774,0.0,0.0,True,0.005351447965949774
1.0,266.0,266.0,0.0,7895,0.0,0.0,0.0,False,0.0
0.9999999403953552,4111.0,4111.0,0.0,7896,0.0,0.0,0.0,False,0.0
1.0,2511.0,2511.0,0.0,7897,0.0,0.0,0.0,False,0.0
1.0,1394.0,1394.0,0.0,7898,0.0,0.0,0.0,False,0.0
0.9924762845039368,1054.0,1054.0,0.0,7899,0.007523658219724894,0.0,0.0,True,0.007523658219724894
1.0,42.0,42.0,0.0,7900,0.0,0.0,0.0,False,0.0
1.0,7627.0,7627.0,0.0,7901,0.0,0.0,0.0,False,0.0
1.0,770.0,770.0,0.0,7902,0.0,0.0,0.0,False,0.0
0.9255367517471313,2101.0,2101.0,0.0,7903,0.07446320354938507,0.0,0.0,True,0.07446320354938507
1.0,243.0,243.0,0.0,7904,0.0,0.0,0.0,False,0.0
1.0,1504.0,1504.0,0.0,7905,0.0,0.0,0.0,False,0.0
1.0,7583.0,7583.0,0.0,7906,0.0,0.0,0.0,False,0.0
1.0,3438.0,3438.0,0.0,7907,0.0,0.0,0.0,False,0.0
0.9121387004852295,4189.0,4189.0,0.0,7908,0.08786134421825409,0.0,0.0,True,0.08786134421825409
0.9999999403953552,985.0,985.0,0.0,7909,0.0,0.0,0.0,False,0.0
1.0,381.0,381.0,0.0,7910,0.0,0.0,0.0,False,0.0
0.9976376295089722,3728.0,3728.0,0.0,7911,0.002362340223044157,0.0,0.0,True,0.002362340223044157
1.0,7145.0,7145.0,0.0,7912,0.0,0.0,0.0,False,0.0
0.999052882194519,405.0,405.0,0.0,7913,0.0009471862576901913,0.0,0.0,True,0.0009471862576901913
0.97919100522995,5135.0,5135.0,0.0,7914,0.020809050649404526,0.0,0.0,True,0.020809050649404526
1.0,3793.0,3793.0,0.0,7915,0.0,0.0,0.0,False,0.0
0.9954831600189209,16.0,16.0,0.0,7916,0.0045168595388531685,0.0,0.0,True,0.0045168595388531685
0.9921437501907349,7454.0,7454.0,0.0,7917,0.007856297306716442,0.0,0.0,True,0.007856297306716442
1.0,2860.0,2860.0,0.0,7918,0.0,0.0,0.0,False,0.0
0.9999999403953552,667.0,667.0,0.0,7919,0.0,0.0,0.0,False,0.0
0.9999998807907104,5192.0,5192.0,0.0,7920,0.0,0.0,0.0,False,0.0
0.9999999403953552,4.0,4.0,0.0,7921,0.0,0.0,0.0,False,0.0
1.0,2129.0,2129.0,0.0,7922,0.0,0.0,0.0,False,0.0
1.0,5191.0,5191.0,0.0,7923,0.0,0.0,0.0,False,0.0
1.0,2107.0,2107.0,0.0,7924,0.0,0.0,0.0,False,0.0
1.0,4502.0,4502.0,0.0,7925,0.0,0.0,0.0,False,0.0
0.9999999403953552,2022.0,2022.0,0.0,7926,0.0,0.0,0.0,False,0.0
1.0,2398.0,2398.0,0.0,7927,0.0,0.0,0.0,False,0.0
1.0,2797.0,2797.0,0.0,7928,0.0,0.0,0.0,False,0.0
1.0,1900.0,1900.0,0.0,7929,0.0,0.0,0.0,False,0.0
1.0,5045.0,5045.0,0.0,7930,0.0,0.0,0.0,False,0.0
0.9973243474960327,124.0,124.0,0.0,7931,0.0026756220031529665,0.0,0.0,True,0.0026756220031529665
1.0,110.0,110.0,0.0,7932,0.0,0.0,0.0,False,0.0
0.9904952645301819,2.0,2.0,0.0,7933,0.009504623711109161,0.0,0.0,True,0.009504623711109161
1.0,4933.0,4933.0,0.0,7934,0.0,0.0,0.0,False,0.0
0.9999999403953552,1.0,1.0,0.0,7935,0.0,0.0,0.0,False,0.0
0.991174578666687,1021.0,1021.0,0.0,7936,0.008825345896184444,0.0,0.0,True,0.008825345896184444
0.9731628894805908,34.0,34.0,0.0,7937,0.02683718129992485,0.0,0.0,True,0.02683718129992485
0.9917314648628235,18.0,18.0,0.0,7938,0.008268472738564014,0.0,0.0,True,0.008268472738564014
1.0,3531.0,3531.0,0.0,7939,0.0,0.0,0.0,False,0.0
0.9999998807907104,2923.0,2923.0,0.0,7940,0.0,0.0,0.0,False,0.0
1.0,10.0,10.0,0.0,7941,0.0,0.0,0.0,False,0.0
1.0,2286.0,2286.0,0.0,7942,0.0,0.0,0.0,False,0.0
1.0,4607.0,4607.0,0.0,7943,0.0,0.0,0.0,False,0.0
1.0,3161.0,3161.0,0.0,7944,0.0,0.0,0.0,False,0.0
0.9166428446769714,3902.0,3902.0,0.0,7945,0.08335711061954498,0.0,0.0,True,0.08335711061954498
1.0,889.0,889.0,0.0,7946,0.0,0.0,0.0,False,0.0
1.0,4832.0,4832.0,0.0,7947,0.0,0.0,0.0,False,0.0
1.0,4035.0,4035.0,0.0,7948,0.0,0.0,0.0,False,0.0
0.9903792142868042,1.0,1.0,0.0,7949,0.009620824828743935,0.0,0.0,True,0.009620824828743935
0.9944197535514832,5766.0,5766.0,0.0,7950,0.005580220837146044,0.0,0.0,True,0.005580220837146044
1.0,1309.0,1309.0,0.0,7951,0.0,0.0,0.0,False,0.0
1.0,2149.0,2149.0,0.0,7952,0.0,0.0,0.0,False,0.0
0.993228018283844,1.0,1.0,0.0,7953,0.006771944463253021,0.0,0.0,True,0.006771944463253021
1.0,2154.0,2154.0,0.0,7954,0.0,0.0,0.0,False,0.0
0.9999999403953552,6661.0,6661.0,0.0,7955,0.0,0.0,0.0,False,0.0
0.9777884483337402,3073.0,3073.0,0.0,7956,0.022211533039808273,0.0,0.0,True,0.022211533039808273
0.9775080680847168,1141.0,1141.0,0.0,7957,0.022491928189992905,0.0,0.0,True,0.022491928189992905
1.0,1397.0,1397.0,0.0,7958,0.0,0.0,0.0,False,0.0
0.9730518460273743,69.0,69.0,0.0,7959,0.026948127895593643,0.0,0.0,True,0.026948127895593643
0.9984370470046997,5070.0,5070.0,0.0,7960,0.0015629733679816127,0.0,0.0,True,0.0015629733679816127
0.9956702589988708,2685.0,2685.0,0.0,7961,0.0043297805823385715,0.0,0.0,True,0.0043297805823385715
1.0,5238.0,5238.0,0.0,7962,0.0,0.0,0.0,False,0.0
1.0,1180.0,1180.0,0.0,7963,0.0,0.0,0.0,False,0.0
1.0,5107.0,5107.0,0.0,7964,0.0,0.0,0.0,False,0.0
0.9833959341049194,1.0,1.0,0.0,7965,0.016603998839855194,0.0,0.0,True,0.016603998839855194
1.0,5142.0,5142.0,0.0,7966,0.0,0.0,0.0,False,0.0
0.9999999403953552,2567.0,2567.0,0.0,7967,0.0,0.0,0.0,False,0.0
0.9893900752067566,2475.0,2475.0,0.0,7968,0.0106099434196949,0.0,0.0,True,0.0106099434196949
1.0,4212.0,4212.0,0.0,7969,0.0,0.0,0.0,False,0.0
0.9497186541557312,5986.0,5986.0,0.0,7970,0.05028131604194641,0.0,0.0,True,0.05028131604194641
0.9838995337486267,1.0,1.0,0.0,7971,0.01610052026808262,0.0,0.0,True,0.01610052026808262
1.0,3908.0,3908.0,0.0,7972,0.0,0.0,0.0,False,0.0
1.0,4548.0,4548.0,0.0,7973,0.0,0.0,0.0,False,0.0
1.0,5087.0,5087.0,0.0,7974,0.0,0.0,0.0,False,0.0
1.0,1767.0,1767.0,0.0,7975,0.0,0.0,0.0,False,0.0
0.9666239619255066,399.0,399.0,0.0,7976,0.03337600454688072,0.0,0.0,True,0.03337600454688072
0.9974727630615234,7200.0,7200.0,0.0,7977,0.002527229953557253,0.0,0.0,True,0.002527229953557253
0.9999999403953552,5614.0,5614.0,0.0,7978,0.0,0.0,0.0,False,0.0
1.0,1465.0,1465.0,0.0,7979,0.0,0.0,0.0,False,0.0
1.0,69.0,69.0,0.0,7980,0.0,0.0,0.0,False,0.0
1.0,4865.0,4865.0,0.0,7981,0.0,0.0,0.0,False,0.0
1.0,6991.0,6991.0,0.0,7982,0.0,0.0,0.0,False,0.0
0.9999999403953552,644.0,644.0,0.0,7983,0.0,0.0,0.0,False,0.0
0.9849424362182617,1.0,1.0,0.0,7984,0.01505754329264164,0.0,0.0,True,0.01505754329264164
1.0,2322.0,2322.0,0.0,7985,0.0,0.0,0.0,False,0.0
1.0,5844.0,5844.0,0.0,7986,0.0,0.0,0.0,False,0.0
1.0,1127.0,1127.0,0.0,7987,0.0,0.0,0.0,False,0.0
1.0,7167.0,7167.0,0.0,7988,0.0,0.0,0.0,False,0.0
1.0,44.0,44.0,0.0,7989,0.0,0.0,0.0,False,0.0
0.9999999403953552,4415.0,4415.0,0.0,7990,0.0,0.0,0.0,False,0.0
0.9905753135681152,4067.0,4067.0,0.0,7991,0.009424596093595028,0.0,0.0,True,0.009424596093595028
1.0,6977.0,6977.0,0.0,7992,0.0,0.0,0.0,False,0.0
1.0,260.0,260.0,0.0,7993,0.0,0.0,0.0,False,0.0
0.9690659046173096,3987.0,3987.0,0.0,7994,0.03093419037759304,0.0,0.0,True,0.03093419037759304
0.9952894449234009,638.0,638.0,0.0,7995,0.004710507113486528,0.0,0.0,True,0.004710507113486528
0.9999999403953552,2029.0,2029.0,0.0,7996,0.0,0.0,0.0,False,0.0
0.9942823648452759,4357.0,4357.0,0.0,7997,0.005717606283724308,0.0,0.0,True,0.005717606283724308
0.9999999403953552,6070.0,6070.0,0.0,7998,0.0,0.0,0.0,False,0.0
0.9856768250465393,1.0,1.0,0.0,7999,0.014323192648589611,0.0,0.0,True,0.014323192648589611
0.9999999403953552,6978.0,6978.0,0.0,8000,0.0,0.0,0.0,False,0.0
1.0000001192092896,190.0,190.0,0.0,8001,0.0,0.0,0.0,False,0.0
0.9999999403953552,7125.0,7125.0,0.0,8002,0.0,0.0,0.0,False,0.0
0.9999999403953552,4854.0,4854.0,0.0,8003,0.0,0.0,0.0,False,0.0
1.0,942.0,942.0,0.0,8004,0.0,0.0,0.0,False,0.0
0.9919782876968384,2.0,2.0,0.0,8005,0.008021755144000053,0.0,0.0,True,0.008021755144000053
0.9881267547607422,1.0,1.0,0.0,8006,0.011873217299580574,0.0,0.0,True,0.011873217299580574
0.9920259118080139,179.0,179.0,0.0,8007,0.007974115200340748,0.0,0.0,True,0.007974115200340748
1.0,1541.0,1541.0,0.0,8008,0.0,0.0,0.0,False,0.0
0.9656167030334473,4036.0,4036.0,0.0,8009,0.034383196383714676,0.0,0.0,True,0.034383196383714676
1.0,2146.0,2146.0,0.0,8010,0.0,0.0,0.0,False,0.0
1.0,549.0,549.0,0.0,8011,0.0,0.0,0.0,False,0.0
1.0,1688.0,1688.0,0.0,8012,0.0,0.0,0.0,False,0.0
1.0,237.0,237.0,0.0,8013,0.0,0.0,0.0,False,0.0
0.9114571809768677,1195.0,1195.0,0.0,8014,0.08854275196790695,0.0,0.0,True,0.08854275196790695
1.0,4595.0,4595.0,0.0,8015,0.0,0.0,0.0,False,0.0
0.9960362911224365,983.0,983.0,0.0,8016,0.00396364089101553,0.0,0.0,True,0.00396364089101553
0.9999999403953552,4156.0,4156.0,0.0,8017,0.0,0.0,0.0,False,0.0
0.9773184657096863,1.0,1.0,0.0,8018,0.022681554779410362,0.0,0.0,True,0.022681554779410362
1.0,5009.0,5009.0,0.0,8019,0.0,0.0,0.0,False,0.0
1.0,7497.0,7497.0,0.0,8020,0.0,0.0,0.0,False,0.0
1.0000001192092896,5810.0,5810.0,0.0,8021,0.0,0.0,0.0,False,0.0
1.0,257.0,257.0,0.0,8022,0.0,0.0,0.0,False,0.0
0.9649097919464111,52.0,52.0,0.0,8023,0.035090308636426926,0.0,0.0,True,0.035090308636426926
0.9999999403953552,297.0,297.0,0.0,8024,0.0,0.0,0.0,False,0.0
1.0,4486.0,4486.0,0.0,8025,0.0,0.0,0.0,False,0.0
1.0,983.0,983.0,0.0,8026,0.0,0.0,0.0,False,0.0
1.0,578.0,578.0,0.0,8027,0.0,0.0,0.0,False,0.0
0.9999998807907104,2953.0,2953.0,0.0,8028,0.0,0.0,0.0,False,0.0
1.0,2923.0,2923.0,0.0,8029,0.0,0.0,0.0,False,0.0
0.9999999403953552,4243.0,4243.0,0.0,8030,0.0,0.0,0.0,False,0.0
1.0,3634.0,3634.0,0.0,8031,0.0,0.0,0.0,False,0.0
1.0000001192092896,330.0,330.0,0.0,8032,0.0,0.0,0.0,False,0.0
1.0,2593.0,2593.0,0.0,8033,0.0,0.0,0.0,False,0.0
0.9699946641921997,1.0,1.0,0.0,8034,0.03000536747276783,0.0,0.0,True,0.03000536747276783
1.0,29.0,29.0,0.0,8035,0.0,0.0,0.0,False,0.0
1.0,6940.0,6940.0,0.0,8036,0.0,0.0,0.0,False,0.0
1.0,5757.0,5757.0,0.0,8037,0.0,0.0,0.0,False,0.0
1.0,2809.0,2809.0,0.0,8038,0.0,0.0,0.0,False,0.0
0.9341077208518982,966.0,966.0,0.0,8039,0.06589225679636002,0.0,0.0,True,0.06589225679636002
0.9174148440361023,4688.0,4688.0,0.0,8040,0.08258508890867233,0.0,0.0,True,0.08258508890867233
1.0,1845.0,1845.0,0.0,8041,0.0,0.0,0.0,False,0.0
1.0,377.0,377.0,0.0,8042,0.0,0.0,0.0,False,0.0
1.0,2209.0,2209.0,0.0,8043,0.0,0.0,0.0,False,0.0
0.8911252021789551,1661.0,1661.0,0.0,8044,0.10887476801872253,0.0,0.0,True,0.10887476801872253
0.9999998807907104,1790.0,1790.0,0.0,8045,0.0,0.0,0.0,False,0.0
0.980010986328125,4595.0,4595.0,0.0,8046,0.019988959655165672,0.0,0.0,True,0.019988959655165672
1.0,144.0,144.0,0.0,8047,0.0,0.0,0.0,False,0.0
1.0,4725.0,4725.0,0.0,8048,0.0,0.0,0.0,False,0.0
0.9833230972290039,2245.0,2245.0,0.0,8049,0.016676876693964005,0.0,0.0,True,0.016676876693964005
1.0,3992.0,3992.0,0.0,8050,0.0,0.0,0.0,False,0.0
1.0,982.0,982.0,0.0,8051,0.0,0.0,0.0,False,0.0
1.0,486.0,486.0,0.0,8052,0.0,0.0,0.0,False,0.0
0.9807206988334656,1.0,1.0,0.0,8053,0.01927928626537323,0.0,0.0,True,0.01927928626537323
0.9983652830123901,105.0,105.0,0.0,8054,0.0016347599448636174,0.0,0.0,True,0.0016347599448636174
0.9800336360931396,1.0,1.0,0.0,8055,0.01996632106602192,0.0,0.0,True,0.01996632106602192
0.9831534624099731,1.0,1.0,0.0,8056,0.0168465506285429,0.0,0.0,True,0.0168465506285429
1.0,568.0,568.0,0.0,8057,0.0,0.0,0.0,False,0.0
1.0,2458.0,2458.0,0.0,8058,0.0,0.0,0.0,False,0.0
0.9818861484527588,5938.0,5938.0,0.0,8059,0.018113864585757256,0.0,0.0,True,0.018113864585757256
0.9677259922027588,5080.0,5080.0,0.0,8060,0.032273970544338226,0.0,0.0,True,0.032273970544338226
1.0,4857.0,4857.0,0.0,8061,0.0,0.0,0.0,False,0.0
0.9999999403953552,2882.0,2882.0,0.0,8062,0.0,0.0,0.0,False,0.0
0.9523367285728455,4549.0,4549.0,0.0,8063,0.047663286328315735,0.0,0.0,True,0.047663286328315735
1.0,2818.0,2818.0,0.0,8064,0.0,0.0,0.0,False,0.0
0.9842182993888855,1.0,1.0,0.0,8065,0.015781717374920845,0.0,0.0,True,0.015781717374920845
1.0,283.0,283.0,0.0,8066,0.0,0.0,0.0,False,0.0
1.0,379.0,379.0,0.0,8067,0.0,0.0,0.0,False,0.0
0.9986920952796936,4507.0,4507.0,0.0,8068,0.001307985745370388,0.0,0.0,True,0.001307985745370388
0.9999999403953552,3668.0,3668.0,0.0,8069,0.0,0.0,0.0,False,0.0
1.0,3028.0,3028.0,0.0,8070,0.0,0.0,0.0,False,0.0
1.0,6016.0,6016.0,0.0,8071,0.0,0.0,0.0,False,0.0
0.9865744113922119,4008.0,4008.0,0.0,8072,0.013425578363239765,0.0,0.0,True,0.013425578363239765
1.0,1576.0,1576.0,0.0,8073,0.0,0.0,0.0,False,0.0
0.8642174005508423,790.0,790.0,0.0,8074,0.13578259944915771,0.0,0.0,True,0.13578259944915771
1.0,4420.0,4420.0,0.0,8075,0.0,0.0,0.0,False,0.0
0.9675384759902954,4236.0,4236.0,0.0,8076,0.03246152773499489,0.0,0.0,True,0.03246152773499489
1.0,4248.0,4248.0,0.0,8077,0.0,0.0,0.0,False,0.0
0.9808664321899414,765.0,765.0,0.0,8078,0.01913357526063919,0.0,0.0,True,0.01913357526063919
1.0,6502.0,6502.0,0.0,8079,0.0,0.0,0.0,False,0.0
1.0,577.0,577.0,0.0,8080,0.0,0.0,0.0,False,0.0
0.982936441898346,1.0,1.0,0.0,8081,0.017063524574041367,0.0,0.0,True,0.017063524574041367
1.0,7491.0,7491.0,0.0,8082,0.0,0.0,0.0,False,0.0
0.9999999403953552,7089.0,7089.0,0.0,8083,0.0,0.0,0.0,False,0.0
0.9999999403953552,187.0,187.0,0.0,8084,0.0,0.0,0.0,False,0.0
1.0,5646.0,5646.0,0.0,8085,0.0,0.0,0.0,False,0.0
0.993170976638794,69.0,69.0,0.0,8086,0.006829058285802603,0.0,0.0,True,0.006829058285802603
0.9999999403953552,5364.0,5364.0,0.0,8087,0.0,0.0,0.0,False,0.0
0.9432159662246704,600.0,600.0,0.0,8088,0.056784093379974365,0.0,0.0,True,0.056784093379974365
0.9999999403953552,167.0,167.0,0.0,8089,0.0,0.0,0.0,False,0.0
0.9732259511947632,536.0,536.0,0.0,8090,0.026774046942591667,0.0,0.0,True,0.026774046942591667
1.0,3371.0,3371.0,0.0,8091,0.0,0.0,0.0,False,0.0
1.0,2061.0,2061.0,0.0,8092,0.0,0.0,0.0,False,0.0
0.9999999403953552,672.0,672.0,0.0,8093,0.0,0.0,0.0,False,0.0
1.0,824.0,824.0,0.0,8094,0.0,0.0,0.0,False,0.0
0.9791897535324097,1.0,1.0,0.0,8095,0.02081022970378399,0.0,0.0,True,0.02081022970378399
1.0,158.0,158.0,0.0,8096,0.0,0.0,0.0,False,0.0
0.977916955947876,4440.0,4440.0,0.0,8097,0.02208300679922104,0.0,0.0,True,0.02208300679922104
1.0,4364.0,4364.0,0.0,8098,0.0,0.0,0.0,False,0.0
1.0,7075.0,7075.0,0.0,8099,0.0,0.0,0.0,False,0.0
0.997767448425293,2825.0,2825.0,0.0,8100,0.0022325979080051184,0.0,0.0,True,0.0022325979080051184
1.0,2350.0,2350.0,0.0,8101,0.0,0.0,0.0,False,0.0
0.9365536570549011,299.0,299.0,0.0,8102,0.06344630569219589,0.0,0.0,True,0.06344630569219589
0.9999999403953552,1734.0,1734.0,0.0,8103,0.0,0.0,0.0,False,0.0
1.0,797.0,797.0,0.0,8104,0.0,0.0,0.0,False,0.0
0.9344116449356079,213.0,213.0,0.0,8105,0.06558839976787567,0.0,0.0,True,0.06558839976787567
0.9466748237609863,3897.0,3897.0,0.0,8106,0.05332508683204651,0.0,0.0,True,0.05332508683204651
1.0000001192092896,347.0,347.0,0.0,8107,0.0,0.0,0.0,False,0.0
0.9999998807907104,5975.0,5975.0,0.0,8108,0.0,0.0,0.0,False,0.0
1.0,3072.0,3072.0,0.0,8109,0.0,0.0,0.0,False,0.0
0.9999999403953552,3614.0,3614.0,0.0,8110,0.0,0.0,0.0,False,0.0
0.9999998807907104,5132.0,5132.0,0.0,8111,0.0,0.0,0.0,False,0.0
0.9999998807907104,7557.0,7557.0,0.0,8112,0.0,0.0,0.0,False,0.0
0.9999999403953552,6824.0,6824.0,0.0,8113,0.0,0.0,0.0,False,0.0
1.0,1361.0,1361.0,0.0,8114,0.0,0.0,0.0,False,0.0
0.9884178042411804,1.0,1.0,0.0,8115,0.01158221997320652,0.0,0.0,True,0.01158221997320652
0.9281487464904785,5626.0,5626.0,0.0,8116,0.07185127586126328,0.0,0.0,True,0.07185127586126328
1.0,6240.0,6240.0,0.0,8117,0.0,0.0,0.0,False,0.0
0.959801197052002,1431.0,1431.0,0.0,8118,0.04019877687096596,0.0,0.0,True,0.04019877687096596
0.9421570897102356,6926.0,6926.0,0.0,8119,0.05784289166331291,0.0,0.0,True,0.05784289166331291
1.0,3876.0,3876.0,0.0,8120,0.0,0.0,0.0,False,0.0
1.0,5865.0,5865.0,0.0,8121,0.0,0.0,0.0,False,0.0
1.0,1445.0,1445.0,0.0,8122,0.0,0.0,0.0,False,0.0
0.9930319786071777,6969.0,6969.0,0.0,8123,0.006967958528548479,0.0,0.0,True,0.006967958528548479
0.9999999403953552,3966.0,3966.0,0.0,8124,0.0,0.0,0.0,False,0.0
1.0,180.0,180.0,0.0,8125,0.0,0.0,0.0,False,0.0
0.9848960638046265,1.0,1.0,0.0,8126,0.0151039594784379,0.0,0.0,True,0.0151039594784379
1.0,4277.0,4277.0,0.0,8127,0.0,0.0,0.0,False,0.0
0.9404517412185669,794.0,794.0,0.0,8128,0.059548258781433105,0.0,0.0,True,0.059548258781433105
1.0,2.0,2.0,0.0,8129,0.0,0.0,0.0,False,0.0
0.9999999403953552,6431.0,6431.0,0.0,8130,0.0,0.0,0.0,False,0.0
0.9999999403953552,6399.0,6399.0,0.0,8131,0.0,0.0,0.0,False,0.0
1.0,1230.0,1230.0,0.0,8132,0.0,0.0,0.0,False,0.0
0.989691972732544,4563.0,4563.0,0.0,8133,0.010307983495295048,0.0,0.0,True,0.010307983495295048
0.9999999403953552,510.0,510.0,0.0,8134,0.0,0.0,0.0,False,0.0
1.0,285.0,285.0,0.0,8135,0.0,0.0,0.0,False,0.0
1.0,121.0,121.0,0.0,8136,0.0,0.0,0.0,False,0.0
0.9881273508071899,890.0,890.0,0.0,8137,0.011872665956616402,0.0,0.0,True,0.011872665956616402
1.0000001192092896,5404.0,5404.0,0.0,8138,0.0,0.0,0.0,False,0.0
0.9364230632781982,28.0,28.0,0.0,8139,0.06357688456773758,0.0,0.0,True,0.06357688456773758
1.0,693.0,693.0,0.0,8140,0.0,0.0,0.0,False,0.0
1.0,957.0,957.0,0.0,8141,0.0,0.0,0.0,False,0.0
1.0,431.0,431.0,0.0,8142,0.0,0.0,0.0,False,0.0
0.9999999403953552,4671.0,4671.0,0.0,8143,0.0,0.0,0.0,False,0.0
0.9833403825759888,1.0,1.0,0.0,8144,0.016659660264849663,0.0,0.0,True,0.016659660264849663
0.962330162525177,1.0,1.0,0.0,8145,0.03766990453004837,0.0,0.0,True,0.03766990453004837
1.0,2192.0,2192.0,0.0,8146,0.0,0.0,0.0,False,0.0
0.9966799020767212,23.0,23.0,0.0,8147,0.003320229472592473,0.0,0.0,True,0.003320229472592473
1.0,7584.0,7584.0,0.0,8148,0.0,0.0,0.0,False,0.0
1.0000001192092896,2515.0,2515.0,0.0,8149,0.0,0.0,0.0,False,0.0
1.0,6088.0,6088.0,0.0,8150,0.0,0.0,0.0,False,0.0
0.9999999403953552,7321.0,7321.0,0.0,8151,0.0,0.0,0.0,False,0.0
0.9940284490585327,3702.0,3702.0,0.0,8152,0.005971530918031931,0.0,0.0,True,0.005971530918031931
1.0,2126.0,2126.0,0.0,8153,0.0,0.0,0.0,False,0.0
1.0,6719.0,6719.0,0.0,8154,0.0,0.0,0.0,False,0.0
1.0,250.0,250.0,0.0,8155,0.0,0.0,0.0,False,0.0
1.0,4779.0,4779.0,0.0,8156,0.0,0.0,0.0,False,0.0
0.9779616594314575,454.0,454.0,0.0,8157,0.022038282826542854,0.0,0.0,True,0.022038282826542854
1.0000001192092896,6584.0,6584.0,0.0,8158,0.0,0.0,0.0,False,0.0
1.0,6213.0,6213.0,0.0,8159,0.0,0.0,0.0,False,0.0
0.9864962100982666,7123.0,7123.0,0.0,8160,0.013503868132829666,0.0,0.0,True,0.013503868132829666
1.0,2571.0,2571.0,0.0,8161,0.0,0.0,0.0,False,0.0
0.9999999403953552,6738.0,6738.0,0.0,8162,0.0,0.0,0.0,False,0.0
0.9999999403953552,1054.0,1054.0,0.0,8163,0.0,0.0,0.0,False,0.0
1.0,966.0,966.0,0.0,8164,0.0,0.0,0.0,False,0.0
0.9345282316207886,7610.0,7610.0,0.0,8165,0.0654718279838562,0.0,0.0,True,0.0654718279838562
1.0,3895.0,3895.0,0.0,8166,0.0,0.0,0.0,False,0.0
1.0,5947.0,5947.0,0.0,8167,0.0,0.0,0.0,False,0.0
1.0000001192092896,5188.0,5188.0,0.0,8168,0.0,0.0,0.0,False,0.0
1.0,3992.0,3992.0,0.0,8169,0.0,0.0,0.0,False,0.0
1.0,1061.0,1061.0,0.0,8170,0.0,0.0,0.0,False,0.0
1.0,136.0,136.0,0.0,8171,0.0,0.0,0.0,False,0.0
1.0,1857.0,1857.0,0.0,8172,0.0,0.0,0.0,False,0.0
1.0,2158.0,2158.0,0.0,8173,0.0,0.0,0.0,False,0.0
1.0,1928.0,1928.0,0.0,8174,0.0,0.0,0.0,False,0.0
0.9999999403953552,6792.0,6792.0,0.0,8175,0.0,0.0,0.0,False,0.0
1.0,2643.0,2643.0,0.0,8176,0.0,0.0,0.0,False,0.0
1.0,7392.0,7392.0,0.0,8177,0.0,0.0,0.0,False,0.0
0.9853296875953674,1.0,1.0,0.0,8178,0.01467022206634283,0.0,0.0,True,0.01467022206634283
1.0,2019.0,2019.0,0.0,8179,0.0,0.0,0.0,False,0.0
0.9910889863967896,6634.0,6634.0,0.0,8180,0.008910994976758957,0.0,0.0,True,0.008910994976758957
1.0,7579.0,7579.0,0.0,8181,0.0,0.0,0.0,False,0.0
0.9948198199272156,15.0,15.0,0.0,8182,0.005180085077881813,0.0,0.0,True,0.005180085077881813
1.0,5758.0,5758.0,0.0,8183,0.0,0.0,0.0,False,0.0
0.9909754991531372,3787.0,3787.0,0.0,8184,0.009024483151733875,0.0,0.0,True,0.009024483151733875
1.0,3355.0,3355.0,0.0,8185,0.0,0.0,0.0,False,0.0
0.9819947481155396,5245.0,5245.0,0.0,8186,0.01800520531833172,0.0,0.0,True,0.01800520531833172
1.0,282.0,282.0,0.0,8187,0.0,0.0,0.0,False,0.0
1.0,7530.0,7530.0,0.0,8188,0.0,0.0,0.0,False,0.0
0.9999999403953552,121.0,121.0,0.0,8189,0.0,0.0,0.0,False,0.0
1.0,3458.0,3458.0,0.0,8190,0.0,0.0,0.0,False,0.0
1.0,6200.0,6200.0,0.0,8191,0.0,0.0,0.0,False,0.0
