counterpart_attention_mass,counterpart_evidence_present,counterpart_warrant_mass,label,non_counterpart_warrant_mass,sample_id,score
0.0,False,0.0,1.0,1.9999945163726807,6553,0.11288967728614807
1.8614548444747925,True,1.8614506721496582,1.0,0.13854481279850006,6554,0.9225471019744873
1.1376572847366333,True,1.1376550197601318,1.0,0.8623408675193787,6555,0.9946783781051636
1.0897489786148071,True,1.0897455215454102,1.0,0.9102477431297302,6556,0.9190369248390198
1.9982753992080688,True,1.9982715845108032,1.0,0.0017245998606085777,6557,0.9898779392242432
1.0794695615768433,True,1.0794672966003418,1.0,0.9205278754234314,6558,0.7459577322006226
0.0,False,0.0,1.0,1.9999947547912598,6559,0.4162064790725708
1.9290623664855957,True,1.9290589094161987,1.0,0.07093749940395355,6560,0.9765758514404297
0.0,False,0.0,1.0,1.9999933242797852,6561,0.7003253698348999
0.0,False,0.0,1.0,0.999997079372406,6562,0.18880142271518707
0.0,False,0.0,1.0,1.9999892711639404,6563,0.35528790950775146
1.3904436826705933,True,1.3904404640197754,1.0,0.6095545291900635,6564,0.9817360043525696
0.0,False,0.0,1.0,1.9999926090240479,6565,0.43548426032066345
0.0,False,0.0,1.0,1.9999953508377075,6566,0.06169155240058899
0.0,False,0.0,1.0,1.9999934434890747,6567,0.12298020720481873
0.0,False,0.0,1.0,1.9999947547912598,6568,0.6272920370101929
0.4984515309333801,True,0.4984504282474518,1.0,1.5015441179275513,6569,0.6507738828659058
0.0,False,0.0,1.0,1.9999943971633911,6570,0.31205061078071594
0.0,False,0.0,1.0,1.9999946355819702,6571,0.3715142607688904
0.0,False,0.0,1.0,1.9999947547912598,6572,0.19387467205524445
0.0,False,0.0,1.0,1.9999953508377075,6573,0.6945912837982178
0.462192565202713,True,0.4621914327144623,1.0,1.537801742553711,6574,0.7342841029167175
0.0,False,0.0,1.0,1.999991536140442,6575,0.11162090301513672
1.9992069005966187,True,1.9992034435272217,1.0,0.0007930974243208766,6576,0.9869474172592163
0.0,False,0.0,1.0,1.9999938011169434,6577,0.057189974933862686
0.998134434223175,True,0.9981318116188049,1.0,1.0018631219863892,6578,0.9675825834274292
0.9999493360519409,True,0.9999469518661499,1.0,1.0000479221343994,6579,0.6855201721191406
0.9992379546165466,True,0.9992357492446899,1.0,1.0007596015930176,6580,0.8584447503089905
0.9994903206825256,True,0.999488115310669,1.0,1.0005072355270386,6581,0.814764142036438
0.0,False,0.0,1.0,1.9999946355819702,6582,0.02911929041147232
1.9993526935577393,True,1.999348521232605,1.0,0.0006473311223089695,6583,0.9873324036598206
0.9879329800605774,True,0.9879307150840759,1.0,1.0120640993118286,6584,0.08461233973503113
1.1263689994812012,True,1.1263666152954102,1.0,0.873628556728363,6585,0.7860726714134216
1.962782382965088,True,1.9627786874771118,1.0,0.037217505276203156,6586,0.9779447913169861
0.9983526468276978,True,0.9983506202697754,1.0,1.0016447305679321,6587,0.180769145488739
1.9869329929351807,True,1.9869285821914673,1.0,0.013066880404949188,6588,0.3654434084892273
1.542888879776001,True,1.5428853034973145,1.0,0.45710963010787964,6589,0.5139535069465637
0.9551145434379578,True,0.9551122784614563,1.0,1.0448830127716064,6590,0.8790466785430908
0.0,False,0.0,1.0,1.9999947547912598,6591,0.5416316986083984
0.0,False,0.0,1.0,1.9999942779541016,6592,0.13670895993709564
1.9988057613372803,True,1.9988019466400146,1.0,0.0011941679986193776,6593,0.989315390586853
1.9288899898529053,True,1.9288867712020874,1.0,0.07110970467329025,6594,0.9720239043235779
1.9166789054870605,True,1.9166755676269531,1.0,0.08332089334726334,6595,0.9831384420394897
0.0,False,0.0,1.0,1.9999955892562866,6596,0.14795875549316406
1.7727857828140259,True,1.772782564163208,1.0,0.22721374034881592,6597,0.9621437191963196
0.0,False,0.0,1.0,1.9999949932098389,6598,0.06149131804704666
1.1833977699279785,True,1.1833947896957397,1.0,0.8165989518165588,6599,0.9541709423065186
0.0,False,0.0,1.0,1.9999947547912598,6600,0.20874644815921783
1.784848928451538,True,1.7848460674285889,1.0,0.21515049040317535,6601,0.9634218215942383
0.0,False,0.0,1.0,1.9999947547912598,6602,0.16950565576553345
1.5802323818206787,True,1.5802286863327026,1.0,0.4197663962841034,6603,0.939666211605072
0.0,False,0.0,1.0,1.9999948740005493,6604,0.11687219142913818
0.0,False,0.0,1.0,1.9999927282333374,6605,0.19188272953033447
1.9826092720031738,True,1.982605218887329,1.0,0.017390720546245575,6606,0.982475757598877
0.9918910264968872,True,0.991888701915741,1.0,1.0081065893173218,6607,0.8606739044189453
1.9616589546203613,True,1.9616551399230957,1.0,0.038340892642736435,6608,0.9754366874694824
0.9787026047706604,True,0.9787002205848694,1.0,1.0212949514389038,6609,0.9112605452537537
0.9969536066055298,True,0.9969513416290283,1.0,1.0030443668365479,6610,0.951429009437561
1.991185188293457,True,1.9911811351776123,1.0,0.008814821019768715,6611,0.986391544342041
0.971703052520752,True,0.9717004895210266,1.0,1.028294563293457,6612,0.7441453337669373
1.7131321430206299,True,1.7131288051605225,1.0,0.28686702251434326,6613,0.96401047706604
1.810182809829712,True,1.8101788759231567,1.0,0.18981654942035675,6614,0.9586314558982849
1.97138249874115,True,1.9713791608810425,1.0,0.028617441654205322,6615,0.9013684391975403
1.9987618923187256,True,1.9987581968307495,1.0,0.0012382803251966834,6616,0.989965558052063
0.0,False,0.0,1.0,1.9999935626983643,6617,0.3562791347503662
0.9603594541549683,True,0.9603573083877563,1.0,1.0396374464035034,6618,0.8335496783256531
1.8268882036209106,True,1.8268839120864868,1.0,0.17311125993728638,6619,0.972439706325531
0.0,False,0.0,1.0,1.9999929666519165,6620,0.6577908396720886
0.0,False,0.0,1.0,1.9999932050704956,6621,0.48809558153152466
0.0,False,0.0,1.0,1.9999942779541016,6622,0.17058341205120087
0.0,False,0.0,1.0,1.9999943971633911,6623,0.35053980350494385
0.0,False,0.0,1.0,1.9999957084655762,6624,0.00993394199758768
0.0,False,0.0,1.0,1.9999927282333374,6625,0.10867227613925934
0.0,False,0.0,1.0,1.9999923706054688,6626,0.13541550934314728
0.0,False,0.0,1.0,1.9999914169311523,6627,0.12016556411981583
0.0,False,0.0,1.0,1.9999949932098389,6628,0.067066989839077
1.9957420825958252,True,1.9957385063171387,1.0,0.004257804248481989,6629,0.9779419302940369
1.878257393836975,True,1.8782540559768677,1.0,0.1217423751950264,6630,0.9765585660934448
1.9189467430114746,True,1.918943166732788,1.0,0.08105319738388062,6631,0.9837258458137512
1.9810453653335571,True,1.9810419082641602,1.0,0.018954606726765633,6632,0.9160140156745911
1.6811065673828125,True,1.6811034679412842,1.0,0.3188926875591278,6633,0.9710238575935364
0.0,False,0.0,1.0,1.9999942779541016,6634,0.04676460474729538
1.9451580047607422,True,1.9451544284820557,1.0,0.05484190583229065,6635,0.9925497770309448
0.0,False,0.0,1.0,1.999995231628418,6636,0.2061992585659027
0.9999843835830688,True,0.9999822378158569,1.0,1.0000131130218506,6637,0.7163534760475159
0.0,False,0.0,1.0,1.9999902248382568,6638,0.3926198184490204
0.0,False,0.0,1.0,1.9999921321868896,6639,0.19766587018966675
0.0,False,0.0,1.0,1.9999933242797852,6640,0.30044078826904297
0.0,False,0.0,1.0,1.9999934434890747,6641,0.2576499581336975
0.0,False,0.0,1.0,1.9999945163726807,6642,0.178072988986969
0.0,False,0.0,1.0,1.9999938011169434,6643,0.1379109025001526
1.9830148220062256,True,1.9830107688903809,1.0,0.016985204070806503,6644,0.981393575668335
0.0,False,0.0,1.0,1.999992847442627,6645,0.4268759787082672
0.9839778542518616,True,0.983975350856781,1.0,1.0160183906555176,6646,0.8818117380142212
1.7928556203842163,True,1.7928526401519775,1.0,0.20714376866817474,6647,0.9487023949623108
1.982832670211792,True,1.9828290939331055,1.0,0.017167232930660248,6648,0.9894309043884277
0.0,False,0.0,1.0,1.9999938011169434,6649,0.3585318922996521
1.0555273294448853,True,1.0555243492126465,1.0,0.9444689750671387,6650,0.691845715045929
1.932112693786621,True,1.9321084022521973,1.0,0.06788714975118637,6651,0.907941460609436
0.9981452226638794,True,0.9981434345245361,1.0,1.0018525123596191,6652,0.9716843962669373
1.9687103033065796,True,1.9687066078186035,1.0,0.031289633363485336,6653,0.9805488586425781
0.996943473815918,True,0.9969416856765747,1.0,1.0030542612075806,6654,0.983513593673706
1.227245569229126,True,1.2272428274154663,1.0,0.7727521061897278,6655,0.9770623445510864
1.7744108438491821,True,1.7744076251983643,1.0,0.22558847069740295,6656,0.9909011125564575
1.5231053829193115,True,1.523101806640625,1.0,0.4768930673599243,6657,0.9676195979118347
0.9925696849822998,True,0.992567777633667,1.0,1.0074278116226196,6658,0.9726772904396057
1.7889103889465332,True,1.7889072895050049,1.0,0.21108919382095337,6659,0.9967161417007446
1.9880952835083008,True,1.9880919456481934,1.0,0.011904552578926086,6660,0.924433708190918
1.1174051761627197,True,1.11740243434906,1.0,0.8825914859771729,6661,0.9236019253730774
1.9564430713653564,True,1.9564396142959595,1.0,0.043556809425354004,6662,0.9912881255149841
1.6072001457214355,True,1.60719633102417,1.0,0.3927984833717346,6663,0.9173964262008667
0.0,False,0.0,1.0,1.9999938011169434,6664,0.21497675776481628
0.0,False,0.0,1.0,1.9999924898147583,6665,0.3322925269603729
0.9972844123840332,True,0.9972823858261108,1.0,1.002712368965149,6666,0.8734310269355774
0.0,False,0.0,1.0,1.9999926090240479,6667,0.18813203275203705
1.987182378768921,True,1.9871785640716553,1.0,0.012817658483982086,6668,0.9828900694847107
0.994042158126831,True,0.9940396547317505,1.0,1.005954384803772,6669,0.9006763100624084
1.9982728958129883,True,1.9982692003250122,1.0,0.0017270598327741027,6670,0.9735890626907349
1.9093801975250244,True,1.909376859664917,1.0,0.0906195417046547,6671,0.9749071598052979
1.6887568235397339,True,1.688753604888916,1.0,0.31124234199523926,6672,0.9925016164779663
0.9904203414916992,True,0.9904179573059082,1.0,1.0095763206481934,6673,0.9105697870254517
1.9505412578582764,True,1.9505378007888794,1.0,0.04945875704288483,6674,0.9841032028198242
1.9114171266555786,True,1.9114136695861816,1.0,0.08858272433280945,6675,0.984307587146759
1.8116981983184814,True,1.811694622039795,1.0,0.18830139935016632,6676,0.9709334969520569
1.9909591674804688,True,1.9909553527832031,1.0,0.009040720760822296,6677,0.9724767804145813
1.9857134819030762,True,1.9857096672058105,1.0,0.014286525547504425,6678,0.9921634197235107
1.4964150190353394,True,1.4964120388031006,1.0,0.503583550453186,6679,0.9261792898178101
1.045502781867981,True,1.0455008745193481,1.0,0.9544945955276489,6680,0.9523437023162842
1.939523696899414,True,1.9395201206207275,1.0,0.06047607585787773,6681,0.9855930209159851
1.7012547254562378,True,1.7012510299682617,1.0,0.2987443506717682,6682,0.7747834920883179
1.8699084520339966,True,1.86990487575531,1.0,0.13009123504161835,6683,0.9682455062866211
1.6585705280303955,True,1.658567190170288,1.0,0.3414287269115448,6684,0.9665340781211853
1.706834316253662,True,1.7068309783935547,1.0,0.29316502809524536,6685,0.9685050845146179
1.070056438446045,True,1.0700541734695435,1.0,0.9299408793449402,6686,0.9337770938873291
0.0,False,0.0,1.0,1.9999940395355225,6687,0.035717230290174484
1.2659088373184204,True,1.2659063339233398,1.0,0.7340888977050781,6688,0.9472869038581848
0.0,False,0.0,1.0,1.9999946355819702,6689,0.485946923494339
1.4115476608276367,True,1.4115440845489502,1.0,0.5884504914283752,6690,0.9696069955825806
1.0035479068756104,True,1.003546118736267,1.0,0.9964495301246643,6691,0.8724919557571411
1.9899976253509521,True,1.9899941682815552,1.0,0.010002369061112404,6692,0.9334510564804077
0.9942002296447754,True,0.9941984415054321,1.0,1.005797266960144,6693,0.3899959921836853
1.9015233516693115,True,1.9015201330184937,1.0,0.09847649931907654,6694,0.9739805459976196
1.9878227710723877,True,1.987818956375122,1.0,0.012177208438515663,6695,0.9855939745903015
0.0,False,0.0,1.0,1.9999927282333374,6696,0.5602206587791443
1.8244237899780273,True,1.8244194984436035,1.0,0.1755755990743637,6697,0.9022741913795471
0.8427618741989136,True,0.8427596688270569,1.0,1.157233476638794,6698,0.8691182732582092
1.2981501817703247,True,1.298147201538086,1.0,0.7018475532531738,6699,0.9495782852172852
1.4706951379776,True,1.4706916809082031,1.0,0.5293033719062805,6700,0.9344363808631897
0.0,False,0.0,1.0,1.9999945163726807,6701,0.20378027856349945
1.998201847076416,True,1.9981980323791504,1.0,0.001798152574338019,6702,0.9875866174697876
1.9162832498550415,True,1.916279911994934,1.0,0.0837164893746376,6703,0.9633979201316833
1.9599249362945557,True,1.9599214792251587,1.0,0.0400749035179615,6704,0.9838431477546692
0.0,False,0.0,1.0,1.9999940395355225,6705,0.23974470794200897
1.8891936540603638,True,1.8891900777816772,1.0,0.11080604046583176,6706,0.961181640625
1.9923827648162842,True,1.9923789501190186,1.0,0.007617156486958265,6707,0.9872272610664368
1.938802719116211,True,1.9387993812561035,1.0,0.0611971914768219,6708,0.9773353338241577
1.9901944398880005,True,1.9901907444000244,1.0,0.009805569425225258,6709,0.9936979413032532
0.0,False,0.0,1.0,1.9999933242797852,6710,0.41176530718803406
1.9817273616790771,True,1.9817239046096802,1.0,0.01827259361743927,6711,0.9876852035522461
1.143549919128418,True,1.143547534942627,1.0,0.8564479351043701,6712,0.6804055571556091
1.9945950508117676,True,1.994591474533081,1.0,0.00540497712790966,6713,0.9940139651298523
0.0,False,0.0,1.0,1.9999933242797852,6714,0.14167365431785583
1.1315451860427856,True,1.1315428018569946,1.0,0.868452250957489,6715,0.9141584038734436
0.0,False,0.0,1.0,1.999994158744812,6716,0.5598965287208557
0.25108101963996887,True,0.25108036398887634,1.0,1.7489128112792969,6717,0.8750495314598083
0.0,False,0.0,1.0,1.9999951124191284,6718,0.0865844190120697
1.9930009841918945,True,1.992997407913208,1.0,0.006998974829912186,6719,0.9893501400947571
1.0691611766815186,True,1.0691581964492798,1.0,0.9308353066444397,6720,0.8530887961387634
1.9958155155181885,True,1.995811939239502,1.0,0.004184441640973091,6721,0.9934502840042114
0.0,False,0.0,1.0,1.9999943971633911,6722,0.05997150018811226
0.9742966890335083,True,0.9742944240570068,1.0,1.025700330734253,6723,0.9705150723457336
1.9562135934829712,True,1.9562101364135742,1.0,0.04378623515367508,6724,0.9798164963722229
1.5996217727661133,True,1.5996179580688477,1.0,0.40037739276885986,6725,0.9820901155471802
1.1366443634033203,True,1.1366417407989502,1.0,0.8633537292480469,6726,0.9847468137741089
1.5943095684051514,True,1.594306230545044,1.0,0.4056895673274994,6727,0.9940633177757263
1.9903242588043213,True,1.9903203248977661,1.0,0.009675724431872368,6728,0.9855470657348633
0.0,False,0.0,1.0,1.9999943971633911,6729,0.4512201249599457
0.0,False,0.0,1.0,1.9999918937683105,6730,0.6595467925071716
1.9024577140808105,True,1.9024535417556763,1.0,0.09754176437854767,6731,0.9543799161911011
1.3181482553482056,True,1.318145513534546,1.0,0.6818500757217407,6732,0.9480448365211487
0.9999840259552002,True,0.9999819993972778,1.0,1.000013828277588,6733,0.9248037338256836
0.0,False,0.0,1.0,1.9999911785125732,6734,0.4813356101512909
0.9970479011535645,True,0.997045636177063,1.0,1.0029492378234863,6735,0.9222546815872192
0.6471291780471802,True,0.6471279859542847,1.0,1.3528668880462646,6736,0.3607526123523712
0.9924716949462891,True,0.992469310760498,1.0,1.0075253248214722,6737,0.8562130928039551
0.9510378241539001,True,0.9510359168052673,1.0,1.0489600896835327,6738,0.4859187602996826
1.0806208848953247,True,1.0806188583374023,1.0,0.9193766117095947,6739,0.7503678798675537
0.9936550855636597,True,0.993652880191803,1.0,1.006341814994812,6740,0.8996972441673279
0.9556235671043396,True,0.9556209444999695,1.0,1.04437255859375,6741,0.9029243588447571
1.0,True,0.999997615814209,1.0,0.9999969601631165,6742,0.8305109143257141
0.9931751489639282,True,0.9931727647781372,1.0,1.006821632385254,6743,0.8899524211883545
0.9862980842590332,True,0.9862958788871765,1.0,1.013698935508728,6744,0.8819946646690369
0.9937326312065125,True,0.9937306642532349,1.0,1.0062646865844727,6745,0.9083438515663147
0.9815340638160706,True,0.9815316200256348,1.0,1.0184625387191772,6746,0.8164907693862915
1.9445292949676514,True,1.9445252418518066,1.0,0.055470388382673264,6747,0.9231908917427063
1.6708917617797852,True,1.6708885431289673,1.0,0.32910728454589844,6748,0.9841430187225342
0.8968113660812378,True,0.8968093991279602,1.0,1.1031852960586548,6749,0.7641133069992065
1.0983903408050537,True,1.0983878374099731,1.0,0.9016068577766418,6750,0.8556930422782898
1.0605273246765137,True,1.0605244636535645,1.0,0.9394692182540894,6751,0.8523580431938171
1.2695107460021973,True,1.269507884979248,1.0,0.7304869294166565,6752,0.9457277655601501
1.3734099864959717,True,1.373407244682312,1.0,0.6265882253646851,6753,0.9314940571784973
1.2485544681549072,True,1.248551845550537,1.0,0.7514432668685913,6754,0.8725295066833496
1.2813442945480347,True,1.281341552734375,1.0,0.7186536192893982,6755,0.9411860704421997
1.481698751449585,True,1.4816956520080566,1.0,0.5182998180389404,6756,0.9067736268043518
0.9982506632804871,True,0.9982483983039856,1.0,1.0017460584640503,6757,0.9557039141654968
0.9943258166313171,True,0.9943237900733948,1.0,1.0056710243225098,6758,0.8332541584968567
0.0,False,0.0,1.0,0.9999973177909851,6759,0.03601527586579323
0.9972952008247375,True,0.9972930550575256,1.0,1.002701759338379,6760,0.9251800179481506
0.9965488910675049,True,0.9965466260910034,1.0,1.0034480094909668,6761,0.8343087434768677
1.9972476959228516,True,1.997244119644165,1.0,0.0027520437724888325,6762,0.9875454306602478
1.893606185913086,True,1.893602967262268,1.0,0.10639351606369019,6763,0.9693399667739868
1.2458136081695557,True,1.2458107471466064,1.0,0.7541840672492981,6764,0.9435840845108032
1.956412434577942,True,1.956408977508545,1.0,0.04358754679560661,6765,0.9842393398284912
0.9416788816452026,True,0.9416770339012146,1.0,1.0583181381225586,6766,0.5705990791320801
0.0,False,0.0,1.0,0.9999973177909851,6767,0.2474471777677536
1.8574943542480469,True,1.8574907779693604,1.0,0.14250542223453522,6768,0.9666758179664612
1.5132925510406494,True,1.513289213180542,1.0,0.48670604825019836,6769,0.774939239025116
1.9880092144012451,True,1.9880056381225586,1.0,0.011990727856755257,6770,0.9941251277923584
1.9988453388214111,True,1.9988417625427246,1.0,0.0011546213645488024,6771,0.9868980646133423
1.5564359426498413,True,1.556432843208313,1.0,0.4435630142688751,6772,0.9849409461021423
0.0,False,0.0,1.0,1.999995231628418,6773,0.08757462352514267
0.8902297019958496,True,0.8902280926704407,1.0,1.1097675561904907,6774,0.6456597447395325
0.0,False,0.0,1.0,1.9999947547912598,6775,0.1404697299003601
0.0,False,0.0,1.0,1.9999955892562866,6776,0.6662487983703613
0.37909960746765137,True,0.37909889221191406,1.0,1.620896577835083,6777,0.2976776957511902
0.9998175501823425,True,0.9998157024383545,1.0,1.0001802444458008,6778,0.9244435429573059
1.9846328496932983,True,1.9846293926239014,1.0,0.015367139130830765,6779,0.8991097807884216
1.8219321966171265,True,1.8219282627105713,1.0,0.17806725203990936,6780,0.8324949741363525
0.9999567270278931,True,0.999954879283905,1.0,1.0000410079956055,6781,0.8747813105583191
0.9904329776763916,True,0.9904309511184692,1.0,1.00956392288208,6782,0.9575024247169495
1.924746036529541,True,1.9247424602508545,1.0,0.07525366544723511,6783,0.9396296143531799
0.9984616041183472,True,0.9984593391418457,1.0,1.0015355348587036,6784,0.9125217199325562
1.5879032611846924,True,1.587900161743164,1.0,0.4120956361293793,6785,0.9593157172203064
1.517808437347412,True,1.517805576324463,1.0,0.48219040036201477,6786,0.9492677450180054
1.8171521425247192,True,1.8171486854553223,1.0,0.18284735083580017,6787,0.9251906275749207
0.8615986704826355,True,0.8615967035293579,1.0,1.1383980512619019,6788,0.9339019656181335
1.0995428562164307,True,1.0995399951934814,1.0,0.9004533290863037,6789,0.8766449689865112
0.0,False,0.0,1.0,1.999994158744812,6790,0.3647017180919647
0.0,False,0.0,1.0,1.9999943971633911,6791,0.04390489682555199
0.0,False,0.0,1.0,1.9999923706054688,6792,0.6270167231559753
0.0,False,0.0,1.0,1.9999942779541016,6793,0.1660432666540146
0.9928882718086243,True,0.9928856492042542,1.0,1.007108211517334,6794,0.9477646350860596
1.6401093006134033,True,1.6401052474975586,1.0,0.3598892092704773,6795,0.9728811979293823
0.9993526935577393,True,0.9993501901626587,1.0,1.0006438493728638,6796,0.9517835378646851
0.0,False,0.0,1.0,1.9999945163726807,6797,0.11850763112306595
0.0,False,0.0,1.0,1.999995231628418,6798,0.22460290789604187
0.0,False,0.0,1.0,1.9999920129776,6799,0.2658703625202179
0.0,False,0.0,1.0,1.9999936819076538,6800,0.1008995994925499
0.9999794960021973,True,0.9999776482582092,1.0,1.0000182390213013,6801,0.843720018863678
1.054990530014038,True,1.0549880266189575,1.0,0.9450066089630127,6802,0.89798504114151
0.0,False,0.0,1.0,0.9999974966049194,6803,0.46623244881629944
1.72995126247406,True,1.7299473285675049,1.0,0.2700479030609131,6804,0.960740864276886
0.0,False,0.0,1.0,1.999994158744812,6805,0.12964560091495514
1.5660923719406128,True,1.566089153289795,1.0,0.4339064657688141,6806,0.9273799657821655
0.6322942972183228,True,0.6322929263114929,1.0,1.3677016496658325,6807,0.6385113596916199
0.0,False,0.0,1.0,1.999993920326233,6808,0.4105690121650696
0.0,False,0.0,1.0,1.999994158744812,6809,0.15152063965797424
0.0,False,0.0,1.0,1.9999920129776,6810,0.5038845539093018
0.0,False,0.0,1.0,1.9999942779541016,6811,0.07263455539941788
1.36055588722229,True,1.360552430152893,1.0,0.6394423246383667,6812,0.7702931761741638
1.2193331718444824,True,1.2193307876586914,1.0,0.7806650996208191,6813,0.9490653276443481
0.9981352090835571,True,0.9981329441070557,1.0,1.0018616914749146,6814,0.9060900807380676
0.7829067707061768,True,0.7829052209854126,1.0,1.2170898914337158,6815,0.6037233471870422
1.289524793624878,True,1.2895220518112183,1.0,0.7104735970497131,6816,0.9522997140884399
1.0,True,0.9999974966049194,1.0,0.9999966621398926,6817,0.8014129996299744
0.0,False,0.0,1.0,1.9999951124191284,6818,0.23997801542282104
1.9721460342407227,True,1.972141981124878,1.0,0.02785380370914936,6819,0.9699925184249878
1.375009298324585,True,1.3750061988830566,1.0,0.6249887943267822,6820,0.944023072719574
1.917100429534912,True,1.9170966148376465,1.0,0.08289919793605804,6821,0.9108746647834778
1.6698909997940063,True,1.669887900352478,1.0,0.3301081657409668,6822,0.9207198023796082
1.9331364631652832,True,1.9331327676773071,1.0,0.06686346232891083,6823,0.9944650530815125
0.0,False,0.0,1.0,1.9999942779541016,6824,0.356536328792572
1.9927722215652466,True,1.9927685260772705,1.0,0.007227784488350153,6825,0.9860347509384155
1.8571078777313232,True,1.8571046590805054,1.0,0.14289182424545288,6826,0.9748435616493225
1.0406941175460815,True,1.040691614151001,1.0,0.9593027234077454,6827,0.9426470994949341
1.985583782196045,True,1.9855798482894897,1.0,0.014416136778891087,6828,0.9694068431854248
1.971226692199707,True,1.9712233543395996,1.0,0.028773175552487373,6829,0.9866808652877808
0.7089875936508179,True,0.7089856863021851,1.0,1.2910066843032837,6830,0.7661271691322327
1.948034405708313,True,1.9480304718017578,1.0,0.05196546018123627,6831,0.9130573868751526
1.3203670978546143,True,1.3203648328781128,1.0,0.679631233215332,6832,0.9263819456100464
1.5869061946868896,True,1.5869030952453613,1.0,0.41309282183647156,6833,0.8851106762886047
1.8860411643981934,True,1.8860377073287964,1.0,0.11395852267742157,6834,0.974641740322113
1.993525505065918,True,1.9935219287872314,1.0,0.006474428344517946,6835,0.9954664707183838
0.0,False,0.0,1.0,1.9999933242797852,6836,0.3427480161190033
1.9898290634155273,True,1.9898250102996826,1.0,0.010170884430408478,6837,0.9688511490821838
0.0,False,0.0,1.0,1.999994158744812,6838,0.1458536833524704
0.997795820236206,True,0.9977936744689941,1.0,1.0022014379501343,6839,0.7323275804519653
1.0382636785507202,True,1.0382615327835083,1.0,0.9617334604263306,6840,0.8403948545455933
1.943265438079834,True,1.9432613849639893,1.0,0.0567343570291996,6841,0.8593111038208008
0.0,False,0.0,1.0,1.9999936819076538,6842,0.1275651901960373
0.0,False,0.0,1.0,1.9999953508377075,6843,0.014895991422235966
1.0978951454162598,True,1.0978926420211792,1.0,0.902101993560791,6844,0.8193225860595703
0.992611289024353,True,0.9926090240478516,1.0,1.0073857307434082,6845,0.8725353479385376
0.9970054626464844,True,0.9970031976699829,1.0,1.0029915571212769,6846,0.9421574473381042
0.9984085559844971,True,0.9984064102172852,1.0,1.0015885829925537,6847,0.9166486859321594
0.0,False,0.0,1.0,1.9999949932098389,6848,0.07163829356431961
1.038158655166626,True,1.0381563901901245,1.0,0.9618381261825562,6849,0.7185016870498657
1.9191904067993164,True,1.9191861152648926,1.0,0.08080945163965225,6850,0.961044192314148
0.0,False,0.0,1.0,1.9999932050704956,6851,0.10580993443727493
0.0,False,0.0,1.0,1.9999948740005493,6852,0.1636274755001068
0.0,False,0.0,1.0,1.9999948740005493,6853,0.07767919450998306
1.92112398147583,True,1.9211190938949585,1.0,0.078875832259655,6854,0.9392450451850891
1.9567996263504028,True,1.956795334815979,1.0,0.04320012778043747,6855,0.9501004815101624
1.882598638534546,True,1.8825955390930176,1.0,0.11740101873874664,6856,0.9662729501724243
0.9999181032180786,True,0.9999158382415771,1.0,1.00007963180542,6857,0.5265476703643799
0.0,False,0.0,1.0,1.999995231628418,6858,0.06317371875047684
0.3757607936859131,True,0.3757598400115967,1.0,1.6242339611053467,6859,0.7135783433914185
0.0,False,0.0,1.0,1.9999949932098389,6860,0.08081849664449692
1.7932325601577759,True,1.7932287454605103,1.0,0.20676672458648682,6861,0.8310306668281555
1.9728927612304688,True,1.9728885889053345,1.0,0.02710706926882267,6862,0.9715099930763245
0.9950357675552368,True,0.9950332641601562,1.0,1.0049611330032349,6863,0.8404567241668701
1.9867875576019287,True,1.986783742904663,1.0,0.01321244053542614,6864,0.9818029403686523
1.7791825532913208,True,1.7791781425476074,1.0,0.2208166867494583,6865,0.9749487042427063
0.0,False,0.0,1.0,1.9999935626983643,6866,0.05382069572806358
1.9447832107543945,True,1.944779872894287,1.0,0.05521669238805771,6867,0.9778417348861694
0.0,False,0.0,1.0,1.999995231628418,6868,0.4227181375026703
0.7107072472572327,True,0.7107052803039551,1.0,1.28928804397583,6869,0.8382139205932617
1.1901127099990845,True,1.190110445022583,1.0,0.8098850846290588,6870,0.9700539112091064
0.9979525208473206,True,0.9979502558708191,1.0,1.0020445585250854,6871,0.8983230590820312
0.0,False,0.0,1.0,1.999991536140442,6872,0.23104041814804077
1.906099557876587,True,1.9060959815979004,1.0,0.09390023350715637,6873,0.9936588406562805
1.3521313667297363,True,1.3521281480789185,1.0,0.64786696434021,6874,0.9164747595787048
1.3933711051940918,True,1.3933687210083008,1.0,0.6066276431083679,6875,0.9967104196548462
1.851452350616455,True,1.8514490127563477,1.0,0.1485472321510315,6876,0.9812613725662231
1.4835631847381592,True,1.4835604429244995,1.0,0.5164353847503662,6877,0.988334059715271
0.4898032248020172,True,0.4898018538951874,1.0,1.510189414024353,6878,0.7891992330551147
1.9919140338897705,True,1.9919103384017944,1.0,0.008085833862423897,6879,0.9861272573471069
0.0,False,0.0,1.0,1.9999945163726807,6880,0.20786570012569427
1.7472658157348633,True,1.7472624778747559,1.0,0.25273358821868896,6881,0.9723332524299622
1.9509618282318115,True,1.950958490371704,1.0,0.049038052558898926,6882,0.9765245914459229
0.0,False,0.0,1.0,1.9999947547912598,6883,0.49451184272766113
1.9989063739776611,True,1.9989027976989746,1.0,0.0010936354519799352,6884,0.9849399924278259
0.0,False,0.0,1.0,1.9999942779541016,6885,0.6851784586906433
1.2762386798858643,True,1.2762360572814941,1.0,0.7237597107887268,6886,0.6261375546455383
0.0,False,0.0,1.0,0.9999969005584717,6887,0.10845320671796799
1.7599334716796875,True,1.75993013381958,1.0,0.2400660365819931,6888,0.9765267372131348
1.7453125715255737,True,1.7453094720840454,1.0,0.25468680262565613,6889,0.9381577372550964
0.0,False,0.0,1.0,1.9999935626983643,6890,0.30968496203422546
0.0,False,0.0,1.0,1.9999947547912598,6891,0.10352764278650284
1.9004571437835693,True,1.9004535675048828,1.0,0.09954256564378738,6892,0.9450838565826416
1.7399520874023438,True,1.7399489879608154,1.0,0.2600473463535309,6893,0.8819435834884644
1.1468688249588013,True,1.146866798400879,1.0,0.8531292676925659,6894,0.8995882272720337
1.4740442037582397,True,1.4740413427352905,1.0,0.5259546041488647,6895,0.793582022190094
1.9499084949493408,True,1.9499049186706543,1.0,0.05009138211607933,6896,0.9566532373428345
0.7357093095779419,True,0.7357079982757568,1.0,1.2642874717712402,6897,0.7037001252174377
1.8401377201080322,True,1.840133786201477,1.0,0.15986184775829315,6898,0.9741011261940002
1.5830079317092896,True,1.5830049514770508,1.0,0.41699108481407166,6899,0.9572910070419312
1.8404221534729004,True,1.8404184579849243,1.0,0.15957757830619812,6900,0.8879298567771912
1.413736343383789,True,1.4137331247329712,1.0,0.5862622857093811,6901,0.9267459511756897
1.4497730731964111,True,1.4497697353363037,1.0,0.5502251982688904,6902,0.9436845183372498
1.788161039352417,True,1.7881569862365723,1.0,0.2118384689092636,6903,0.9502090811729431
1.962760329246521,True,1.962756872177124,1.0,0.03723965585231781,6904,0.9533034563064575
1.9877331256866455,True,1.9877288341522217,1.0,0.012266798876225948,6905,0.9957075119018555
1.687438726425171,True,1.6874356269836426,1.0,0.3125606179237366,6906,0.9632301926612854
1.8849365711212158,True,1.8849328756332397,1.0,0.11506307125091553,6907,0.8577407002449036
0.9475659132003784,True,0.947563886642456,1.0,1.052431344985962,6908,0.6734828352928162
0.8178343772888184,True,0.8178328275680542,1.0,1.1821627616882324,6909,0.3571460247039795
1.0834641456604004,True,1.0834622383117676,1.0,0.9165335893630981,6910,0.7362852096557617
1.988707423210144,True,1.9887031316757202,1.0,0.01129239797592163,6911,0.995762288570404
1.2526462078094482,True,1.2526435852050781,1.0,0.7473516464233398,6912,0.5420655608177185
0.8764764070510864,True,0.8764744997024536,1.0,1.1235202550888062,6913,0.6188637018203735
1.0164389610290527,True,1.0164369344711304,1.0,0.983558177947998,6914,0.4506400227546692
1.7623358964920044,True,1.7623323202133179,1.0,0.23766334354877472,6915,0.7842528820037842
1.9491798877716064,True,1.94917631149292,1.0,0.05081998556852341,6916,0.9195986986160278
1.2574915885925293,True,1.25748872756958,1.0,0.7425061464309692,6917,0.8179104328155518
0.0,False,0.0,1.0,1.9999955892562866,6918,0.30943843722343445
1.575432300567627,True,1.5754287242889404,1.0,0.4245664179325104,6919,0.9571751356124878
1.5978020429611206,True,1.5977985858917236,1.0,0.40219664573669434,6920,0.691177487373352
1.6404649019241333,True,1.6404616832733154,1.0,0.35953423380851746,6921,0.9858080148696899
1.4136446714401245,True,1.4136415719985962,1.0,0.5863538980484009,6922,0.9854099750518799
1.949769139289856,True,1.9497647285461426,1.0,0.050230734050273895,6923,0.8858991861343384
1.3795757293701172,True,1.3795729875564575,1.0,0.6204226613044739,6924,0.7913084626197815
1.8309564590454102,True,1.8309524059295654,1.0,0.16904307901859283,6925,0.9540860652923584
1.2021195888519287,True,1.2021169662475586,1.0,0.7978779673576355,6926,0.8637832999229431
1.689028024673462,True,1.689024806022644,1.0,0.310971200466156,6927,0.9119737148284912
1.8745522499084473,True,1.874548077583313,1.0,0.12544743716716766,6928,0.9787527322769165
1.8786473274230957,True,1.8786433935165405,1.0,0.12135236710309982,6929,0.9623878002166748
1.9836640357971191,True,1.9836596250534058,1.0,0.016335854306817055,6930,0.9961573481559753
1.9237960577011108,True,1.923792839050293,1.0,0.07620378583669662,6931,0.9703928828239441
1.912393569946289,True,1.9123895168304443,1.0,0.08760610222816467,6932,0.9803236722946167
1.0901074409484863,True,1.0901049375534058,1.0,0.9098896980285645,6933,0.9484974145889282
1.4826524257659912,True,1.4826492071151733,1.0,0.5173463821411133,6934,0.9374837279319763
1.5477294921875,True,1.5477261543273926,1.0,0.452269047498703,6935,0.9549877643585205
0.9185723066329956,True,0.9185701012611389,1.0,1.0814244747161865,6936,0.39753270149230957
1.8783012628555298,True,1.8782973289489746,1.0,0.12169842422008514,6937,0.9639001488685608
1.9759353399276733,True,1.97593092918396,1.0,0.02406451851129532,6938,0.9962080717086792
1.999277114868164,True,1.999273657798767,1.0,0.000722900964319706,6939,0.9871347546577454
1.8991872072219849,True,1.8991831541061401,1.0,0.1008126363158226,6940,0.965792715549469
1.9768551588058472,True,1.9768508672714233,1.0,0.02314469963312149,6941,0.9962402582168579
1.9168553352355957,True,1.916851282119751,1.0,0.08314456045627594,6942,0.9700145125389099
1.3323936462402344,True,1.332390308380127,1.0,0.6676040291786194,6943,0.9458925127983093
1.9997128248214722,True,1.9997092485427856,1.0,0.00028726973687298596,6944,0.9940939545631409
1.5960686206817627,True,1.5960655212402344,1.0,0.4039299786090851,6945,0.9265522956848145
1.8888356685638428,True,1.888831377029419,1.0,0.11116395145654678,6946,0.9283111095428467
1.5347669124603271,True,1.534764051437378,1.0,0.46523168683052063,6947,0.7316496968269348
1.6061094999313354,True,1.6061055660247803,1.0,0.3938891291618347,6948,0.9665670990943909
1.9665945768356323,True,1.966591238975525,1.0,0.033405303955078125,6949,0.8773130774497986
1.6038992404937744,True,1.603896141052246,1.0,0.39609989523887634,6950,0.9778791069984436
1.9049482345581055,True,1.904944896697998,1.0,0.09505156427621841,6951,0.9775062799453735
1.7970155477523804,True,1.7970116138458252,1.0,0.2029838263988495,6952,0.9327787756919861
0.0,False,0.0,1.0,1.9999949932098389,6953,0.039829857647418976
1.7716450691223145,True,1.7716413736343384,1.0,0.2283542901277542,6954,0.9523333311080933
0.0,False,0.0,1.0,1.999995470046997,6955,0.3571704626083374
1.71630859375,True,1.716305136680603,1.0,0.28369051218032837,6956,0.98832768201828
1.996540904045105,True,1.9965369701385498,1.0,0.0034590321592986584,6957,0.9861823320388794
0.0,False,0.0,1.0,1.9999955892562866,6958,0.03439584746956825
1.2010241746902466,True,1.201021671295166,1.0,0.7989739179611206,6959,0.9374624490737915
1.0,True,0.999997079372406,1.0,0.9999972581863403,6960,0.6015955805778503
1.9983352422714233,True,1.9983313083648682,1.0,0.0016646842705085874,6961,0.7945129871368408
0.0,False,0.0,1.0,1.9999943971633911,6962,0.5071634650230408
1.9994421005249023,True,1.9994381666183472,1.0,0.000558052328415215,6963,0.8006125092506409
1.986708402633667,True,1.98670494556427,1.0,0.013291638344526291,6964,0.9054520726203918
1.9827673435211182,True,1.982763409614563,1.0,0.017232540994882584,6965,0.9775561690330505
1.9679527282714844,True,1.9679490327835083,1.0,0.0320470817387104,6966,0.9514016509056091
1.9991024732589722,True,1.999098539352417,1.0,0.000897467602044344,6967,0.785361111164093
1.4773130416870117,True,1.477308750152588,1.0,0.5226851105690002,6968,0.6696141362190247
1.8795788288116455,True,1.879575252532959,1.0,0.12042085081338882,6969,0.9397878050804138
1.9924654960632324,True,1.9924616813659668,1.0,0.007534472271800041,6970,0.989850640296936
1.9828667640686035,True,1.982863187789917,1.0,0.017133129760622978,6971,0.9906665682792664
1.9940783977508545,True,1.9940747022628784,1.0,0.005921646952629089,6972,0.9908046722412109
1.9962854385375977,True,1.996281623840332,1.0,0.0037147218827158213,6973,0.9942072629928589
1.9979766607284546,True,1.9979729652404785,1.0,0.002023270819336176,6974,0.992302417755127
0.0,False,0.0,1.0,1.9999949932098389,6975,0.011283322237432003
1.7510907649993896,True,1.7510871887207031,1.0,0.2489086538553238,6976,0.9747126698493958
0.25471407175064087,True,0.25471338629722595,1.0,1.745279312133789,6977,0.5250933170318604
1.4418631792068481,True,1.4418609142303467,1.0,0.5581353902816772,6978,0.9863518476486206
1.9988988637924194,True,1.9988954067230225,1.0,0.001101199071854353,6979,0.9891406297683716
1.9985389709472656,True,1.998534917831421,1.0,0.0014611431397497654,6980,0.7705743312835693
1.985901117324829,True,1.9858975410461426,1.0,0.014098835177719593,6981,0.9418009519577026
1.9996521472930908,True,1.9996484518051147,1.0,0.00034789685741998255,6982,0.9955629110336304
0.0,False,0.0,1.0,1.9999949932098389,6983,0.03040631115436554
1.9444425106048584,True,1.9444389343261719,1.0,0.05555737018585205,6984,0.951163113117218
0.0,False,0.0,1.0,1.9999949932098389,6985,0.23143434524536133
0.41614994406700134,True,0.41614896059036255,1.0,1.583845615386963,6986,0.4295388162136078
0.0,False,0.0,1.0,1.9999947547912598,6987,0.3972887098789215
0.0,False,0.0,1.0,1.9999942779541016,6988,0.0548357255756855
1.9982709884643555,True,1.9982670545578003,1.0,0.0017290548421442509,6989,0.7645233869552612
1.9491709470748901,True,1.949167013168335,1.0,0.050828978419303894,6990,0.9512736797332764
1.9837851524353027,True,1.983781337738037,1.0,0.016214800998568535,6991,0.9864546060562134
1.9981646537780762,True,1.9981608390808105,1.0,0.0018350867321714759,6992,0.760417103767395
1.9515756368637085,True,1.9515719413757324,1.0,0.04842422530055046,6993,0.9484872221946716
1.1550207138061523,True,1.1550185680389404,1.0,0.8449775576591492,6994,0.9837787747383118
1.8909626007080078,True,1.8909589052200317,1.0,0.10903695225715637,6995,0.8178023099899292
1.4279766082763672,True,1.4279723167419434,1.0,0.5720213651657104,6996,0.9243923425674438
0.0,False,0.0,1.0,1.9999938011169434,6997,0.45606371760368347
1.8450143337249756,True,1.8450093269348145,1.0,0.15498505532741547,6998,0.9823302030563354
1.9470933675765991,True,1.9470891952514648,1.0,0.05290665477514267,6999,0.985088050365448
0.0,False,0.0,1.0,1.999992847442627,7000,0.48778146505355835
1.9981437921524048,True,1.9981398582458496,1.0,0.001856119022704661,7001,0.7600831985473633
0.0,False,0.0,1.0,1.9999933242797852,7002,0.14073611795902252
1.9554402828216553,True,1.9554363489151,1.0,0.04455944895744324,7003,0.8526449203491211
1.9555468559265137,True,1.955543041229248,1.0,0.04445287957787514,7004,0.9461614489555359
0.0,False,0.0,1.0,1.9999938011169434,7005,0.09896083176136017
1.9982041120529175,True,1.9982001781463623,1.0,0.001795661635696888,7006,0.7536430358886719
1.955632209777832,True,1.9556281566619873,1.0,0.04436773434281349,7007,0.9445712566375732
1.8347810506820679,True,1.8347759246826172,1.0,0.16521845757961273,7008,0.9568488597869873
0.0,False,0.0,1.0,1.9999936819076538,7009,0.14999300241470337
0.0,False,0.0,1.0,1.9999914169311523,7010,0.05428505688905716
0.5219191312789917,True,0.5219173431396484,1.0,1.478075385093689,7011,0.8377475142478943
0.9722996950149536,True,0.9722975492477417,1.0,1.0276976823806763,7012,0.842999279499054
0.0,False,0.0,1.0,1.9999933242797852,7013,0.17520001530647278
0.8659173250198364,True,0.8659149408340454,1.0,1.1340786218643188,7014,0.6827276945114136
1.2905532121658325,True,1.2905502319335938,1.0,0.7094444632530212,7015,0.9021655917167664
0.9999620914459229,True,0.99996018409729,1.0,1.0000357627868652,7016,0.7470457553863525
1.2799876928329468,True,1.2799851894378662,1.0,0.7200105786323547,7017,0.9552285671234131
1.9907327890396118,True,1.9907290935516357,1.0,0.009267207235097885,7018,0.9904991984367371
0.0,False,0.0,1.0,1.9999938011169434,7019,0.02616472914814949
0.0,False,0.0,1.0,1.9999940395355225,7020,0.24575166404247284
1.63564133644104,True,1.6356379985809326,1.0,0.3643576502799988,7021,0.7810121774673462
0.0,False,0.0,1.0,1.9999949932098389,7022,0.5529751181602478
1.9800304174423218,True,1.9800264835357666,1.0,0.019969593733549118,7023,0.9731364250183105
0.0,False,0.0,1.0,1.9999911785125732,7024,0.15374191105365753
1.896204948425293,True,1.896201491355896,1.0,0.10379485785961151,7025,0.9761607646942139
0.0,False,0.0,1.0,1.9999947547912598,7026,0.528881847858429
1.7517366409301758,True,1.751733422279358,1.0,0.24826288223266602,7027,0.8801382184028625
1.8795549869537354,True,1.8795511722564697,1.0,0.12044480443000793,7028,0.9968957901000977
1.9853148460388184,True,1.985311508178711,1.0,0.01468503288924694,7029,0.9326498508453369
0.0,False,0.0,1.0,0.9999969005584717,7030,0.2586599290370941
1.7653017044067383,True,1.7652983665466309,1.0,0.23469778895378113,7031,0.981758177280426
1.9881186485290527,True,1.9881151914596558,1.0,0.011881339363753796,7032,0.9895058274269104
0.0,False,0.0,1.0,1.999993920326233,7033,0.42686450481414795
1.996586799621582,True,1.996583342552185,1.0,0.0034130848944187164,7034,0.961938202381134
1.9622220993041992,True,1.9622187614440918,1.0,0.03777776286005974,7035,0.992027223110199
0.5782417058944702,True,0.5782406330108643,1.0,1.4217548370361328,7036,0.5070366859436035
0.0,False,0.0,1.0,1.9999947547912598,7037,0.02142851985991001
1.746115803718567,True,1.74611234664917,1.0,0.253883421421051,7038,0.9865643978118896
1.9618055820465088,True,1.9618016481399536,1.0,0.03819442540407181,7039,0.9659135937690735
0.0,False,0.0,1.0,1.999993085861206,7040,0.4551263153553009
1.9873030185699463,True,1.9872994422912598,1.0,0.012697120197117329,7041,0.9004385471343994
0.0,False,0.0,1.0,1.9999946355819702,7042,0.46847328543663025
0.0,False,0.0,1.0,0.9999977350234985,7043,0.47227218747138977
0.682005763053894,True,0.6820043325424194,1.0,1.317991018295288,7044,0.7238456606864929
0.996364176273346,True,0.9963620901107788,1.0,1.0036334991455078,7045,0.5163669586181641
1.397455096244812,True,1.3974521160125732,1.0,0.6025432348251343,7046,0.8059430122375488
0.04456443339586258,True,0.044564347714185715,1.0,1.9554307460784912,7047,0.6624171137809753
0.0,False,0.0,1.0,1.9999940395355225,7048,0.18049238622188568
0.4760419726371765,True,0.4760409891605377,1.0,1.523954153060913,7049,0.38637444376945496
0.0,False,0.0,1.0,1.9999947547912598,7050,0.49167075753211975
1.7448610067367554,True,1.7448573112487793,1.0,0.2551382780075073,7051,0.7879495024681091
1.1487975120544434,True,1.1487942934036255,1.0,0.8511994481086731,7052,0.8139851689338684
0.0,False,0.0,1.0,1.9999943971633911,7053,0.28134915232658386
1.3200103044509888,True,1.3200074434280396,1.0,0.6799876689910889,7054,0.8515756726264954
0.0,False,0.0,1.0,1.9999923706054688,7055,0.5213620066642761
0.9925086498260498,True,0.9925066828727722,1.0,1.0074886083602905,7056,0.8409755229949951
0.0,False,0.0,1.0,1.9999890327453613,7057,0.7801491022109985
0.0,False,0.0,1.0,1.9999940395355225,7058,0.3146238625049591
0.0,False,0.0,1.0,1.999992847442627,7059,0.5878570079803467
1.4809603691101074,True,1.4809577465057373,1.0,0.5190385580062866,7060,0.8600943684577942
0.0,False,0.0,1.0,1.999989628791809,7061,0.26348209381103516
0.0,False,0.0,1.0,1.9999947547912598,7062,0.7871534824371338
0.0,False,0.0,1.0,1.9999911785125732,7063,0.13781920075416565
0.0,False,0.0,1.0,1.9999912977218628,7064,0.3152136206626892
1.8739629983901978,True,1.8739595413208008,1.0,0.12603670358657837,7065,0.79356849193573
0.0,False,0.0,1.0,1.9999947547912598,7066,0.42141053080558777
0.0,False,0.0,1.0,1.9999926090240479,7067,0.33322349190711975
0.0,False,0.0,1.0,1.9999942779541016,7068,0.3552524745464325
0.0,False,0.0,1.0,1.999990463256836,7069,0.26900339126586914
0.0,False,0.0,1.0,0.9999971985816956,7070,0.18564929068088531
0.0,False,0.0,1.0,1.9999948740005493,7071,0.5330026149749756
0.0,False,0.0,1.0,1.9999935626983643,7072,0.18633612990379333
0.0,False,0.0,1.0,1.9999942779541016,7073,0.35698920488357544
0.0,False,0.0,1.0,1.9999920129776,7074,0.5214933156967163
0.0,False,0.0,1.0,1.9999945163726807,7075,0.6405656933784485
0.0,False,0.0,1.0,1.999993920326233,7076,0.16898781061172485
0.0,False,0.0,1.0,1.9999933242797852,7077,0.14811134338378906
0.3485649824142456,True,0.3485643267631531,1.0,1.6514308452606201,7078,0.795410692691803
1.5653399229049683,True,1.5653353929519653,1.0,0.4346585273742676,7079,0.7976183295249939
0.0,False,0.0,1.0,1.9999935626983643,7080,0.11020179092884064
0.0,False,0.0,1.0,1.9999933242797852,7081,0.7655550837516785
0.0,False,0.0,1.0,0.9999969005584717,7082,0.18803222477436066
0.11028893291950226,True,0.11028872430324554,1.0,1.8897064924240112,7083,0.3445930778980255
0.0,False,0.0,1.0,0.9999972581863403,7084,0.09226256608963013
0.9759124517440796,True,0.9759100675582886,1.0,1.0240840911865234,7085,0.7030883431434631
1.9435539245605469,True,1.9435503482818604,1.0,0.05644587427377701,7086,0.9690577983856201
0.0,False,0.0,1.0,1.9999945163726807,7087,0.07583755254745483
0.0,False,0.0,1.0,1.999994158744812,7088,0.48167550563812256
1.9182106256484985,True,1.9182064533233643,1.0,0.08178916573524475,7089,0.8589356541633606
1.981846570968628,True,1.9818427562713623,1.0,0.0181534793227911,7090,0.9211342334747314
1.9565210342407227,True,1.9565162658691406,1.0,0.04347878322005272,7091,0.8116101622581482
0.0,False,0.0,1.0,0.9999969005584717,7092,0.40425094962120056
1.9940112829208374,True,1.9940078258514404,1.0,0.005988666787743568,7093,0.9481151700019836
0.285124272108078,True,0.2851236164569855,1.0,1.7148706912994385,7094,0.24303005635738373
0.0,False,0.0,1.0,1.9999933242797852,7095,0.46238189935684204
1.9850194454193115,True,1.985014796257019,1.0,0.0149803776293993,7096,0.8658649921417236
0.0,False,0.0,1.0,1.999992847442627,7097,0.3404490053653717
1.4793652296066284,True,1.4793624877929688,1.0,0.5206334590911865,7098,0.8065915703773499
0.0,False,0.0,1.0,1.999994158744812,7099,0.2914510667324066
0.0,False,0.0,1.0,1.9999948740005493,7100,0.6302875876426697
0.0,False,0.0,1.0,1.9999949932098389,7101,0.7203680276870728
0.0,False,0.0,1.0,1.9999949932098389,7102,0.3193058371543884
0.0,False,0.0,1.0,1.999995470046997,7103,0.16896314918994904
1.0,True,0.9999980926513672,1.0,0.9999980330467224,7104,0.6216582655906677
0.9988850951194763,True,0.998883068561554,1.0,1.0011123418807983,7105,0.7853248715400696
0.3231716752052307,True,0.3231709897518158,1.0,1.6768238544464111,7106,0.4392915666103363
0.0,False,0.0,1.0,1.999995231628418,7107,0.021512171253561974
1.9999140501022339,True,1.9999104738235474,1.0,8.596275438321754e-05,7108,0.9502633213996887
1.5499351024627686,True,1.549931526184082,1.0,0.4500635266304016,7109,0.9073585867881775
1.9537009000778198,True,1.9536970853805542,1.0,0.046298980712890625,7110,0.9667292833328247
1.99433434009552,True,1.994330644607544,1.0,0.005665591452270746,7111,0.9170325994491577
1.9889378547668457,True,1.98893404006958,1.0,0.011061911471188068,7112,0.984609842300415
1.999891996383667,True,1.9998884201049805,1.0,0.0001078774148481898,7113,0.9639610648155212
1.9848206043243408,True,1.9848170280456543,1.0,0.015179199166595936,7114,0.9860541224479675
1.9584254026412964,True,1.9584217071533203,1.0,0.04157440364360809,7115,0.9678033590316772
0.0,False,0.0,1.0,1.9999940395355225,7116,0.10943402349948883
1.9962307214736938,True,1.9962272644042969,1.0,0.003769301576539874,7117,0.9085602760314941
1.7250546216964722,True,1.7250512838363647,1.0,0.2749447524547577,7118,0.9873807430267334
1.9447221755981445,True,1.9447178840637207,1.0,0.0552777424454689,7119,0.8751137256622314
1.6748363971710205,True,1.6748327016830444,1.0,0.32516270875930786,7120,0.9631977677345276
1.6819918155670166,True,1.6819884777069092,1.0,0.31800734996795654,7121,0.9655876159667969
1.9951763153076172,True,1.9951726198196411,1.0,0.004823703784495592,7122,0.9901289343833923
1.989670991897583,True,1.9896674156188965,1.0,0.010328853502869606,7123,0.9910913109779358
1.9907970428466797,True,1.9907927513122559,1.0,0.00920291617512703,7124,0.771287202835083
1.754309892654419,True,1.7543060779571533,1.0,0.24568945169448853,7125,0.9630728363990784
1.9960824251174927,True,1.9960787296295166,1.0,0.003917413763701916,7126,0.9912812113761902
1.9930174350738525,True,1.993013858795166,1.0,0.0069825006648898125,7127,0.9898166656494141
1.9971122741699219,True,1.9971081018447876,1.0,0.002887573791667819,7128,0.9361966848373413
1.982879400253296,True,1.9828755855560303,1.0,0.017120638862252235,7129,0.9675805568695068
1.9989622831344604,True,1.9989582300186157,1.0,0.0010377030121162534,7130,0.8191052079200745
1.819596767425537,True,1.8195922374725342,1.0,0.1804024577140808,7131,0.7829689979553223
1.77089262008667,True,1.7708886861801147,1.0,0.2291068285703659,7132,0.9693937301635742
1.9968018531799316,True,1.996798038482666,1.0,0.003198077203705907,7133,0.9920998215675354
0.0,False,0.0,1.0,1.999993920326233,7134,0.0273466557264328
1.993520975112915,True,1.993517279624939,1.0,0.006478963419795036,7135,0.9918377995491028
1.176692008972168,True,1.1766895055770874,1.0,0.8233060240745544,7136,0.9624967575073242
0.0,False,0.0,1.0,1.9999953508377075,7137,0.4535035192966461
1.7993769645690918,True,1.7993731498718262,1.0,0.2006225883960724,7138,0.9686393141746521
1.9970625638961792,True,1.9970588684082031,1.0,0.002937289420515299,7139,0.9924401044845581
1.994657278060913,True,1.9946537017822266,1.0,0.005342592019587755,7140,0.9905192852020264
1.955880880355835,True,1.9558769464492798,1.0,0.04411907121539116,7141,0.9762208461761475
1.9475737810134888,True,1.9475688934326172,1.0,0.05242595821619034,7142,0.9095935225486755
1.8044579029083252,True,1.8044540882110596,1.0,0.19554142653942108,7143,0.9709195494651794
1.9972916841506958,True,1.9972879886627197,1.0,0.0027081246953457594,7144,0.9927117824554443
1.9947700500488281,True,1.9947664737701416,1.0,0.005229936446994543,7145,0.9920414090156555
1.9368293285369873,True,1.9368256330490112,1.0,0.0631704032421112,7146,0.3741520941257477
1.9993308782577515,True,1.9993267059326172,1.0,0.0006690685404464602,7147,0.9885210990905762
0.0,False,0.0,1.0,1.9999945163726807,7148,0.0285849180072546
1.7646641731262207,True,1.7646608352661133,1.0,0.23533515632152557,7149,0.4985317289829254
1.5599682331085205,True,1.5599652528762817,1.0,0.4400307834148407,7150,0.9732027649879456
1.3460471630096436,True,1.3460438251495361,1.0,0.6539502739906311,7151,0.9574394822120667
1.8294188976287842,True,1.8294140100479126,1.0,0.17058053612709045,7152,0.9487859010696411
1.9153246879577637,True,1.915320873260498,1.0,0.08467516303062439,7153,0.9686084985733032
1.8189656734466553,True,1.8189618587493896,1.0,0.1810338795185089,7154,0.968341052532196
1.715684413909912,True,1.715681552886963,1.0,0.2843147814273834,7155,0.9901102185249329
1.9971389770507812,True,1.9971352815628052,1.0,0.002860905136913061,7156,0.9924684166908264
1.995009183883667,True,1.995005488395691,1.0,0.004990803077816963,7157,0.9905607104301453
0.0,False,0.0,1.0,1.9999945163726807,7158,0.28374847769737244
0.0,False,0.0,1.0,0.9999975562095642,7159,0.17217253148555756
1.8215694427490234,True,1.8215656280517578,1.0,0.17843003571033478,7160,0.9705426692962646
1.99747633934021,True,1.9974725246429443,1.0,0.0025236308574676514,7161,0.992956280708313
1.9952101707458496,True,1.995206594467163,1.0,0.004789827391505241,7162,0.992156982421875
1.8333415985107422,True,1.8333379030227661,1.0,0.16665802896022797,7163,0.9710493683815002
1.997640609741211,True,1.9976370334625244,1.0,0.00235926965251565,7164,0.9931092262268066
1.995779037475586,True,1.9957754611968994,1.0,0.004221049603074789,7165,0.9911366701126099
0.0,False,0.0,1.0,1.9999957084655762,7166,0.004780178423970938
1.7923359870910645,True,1.792332410812378,1.0,0.20766344666481018,7167,0.9262052178382874
1.210279107093811,True,1.2102763652801514,1.0,0.7897188663482666,7168,0.9735230803489685
1.8338161706924438,True,1.8338122367858887,1.0,0.1661834418773651,7169,0.9717121124267578
1.9977190494537354,True,1.9977152347564697,1.0,0.002281022723764181,7170,0.9932253956794739
1.9958103895187378,True,1.9958068132400513,1.0,0.0041895839385688305,7171,0.9922704696655273
1.2263001203536987,True,1.2262967824935913,1.0,0.7736978530883789,7172,0.6671662926673889
1.5177487134933472,True,1.517745852470398,1.0,0.4822502136230469,7173,0.9865129590034485
1.8421814441680908,True,1.8421775102615356,1.0,0.15781821310520172,7174,0.9718669056892395
1.9978079795837402,True,1.9978041648864746,1.0,0.0021921240258961916,7175,0.9932905435562134
1.9961750507354736,True,1.9961713552474976,1.0,0.0038250393699854612,7176,0.9913014769554138
1.8732014894485474,True,1.8731977939605713,1.0,0.12679827213287354,7177,0.9741032719612122
1.9919391870498657,True,1.9919353723526,1.0,0.008060749620199203,7178,0.5675431489944458
0.0,False,0.0,1.0,1.9999955892562866,7179,0.056269533932209015
0.0,False,0.0,1.0,1.9999951124191284,7180,0.1226055771112442
1.841935634613037,True,1.8419318199157715,1.0,0.15806394815444946,7181,0.9721241593360901
1.9978415966033936,True,1.997837781906128,1.0,0.002158244838938117,7182,0.9933649301528931
1.1801292896270752,True,1.1801269054412842,1.0,0.8198684453964233,7183,0.6882640719413757
1.9961631298065186,True,1.9961594343185425,1.0,0.0038369251415133476,7184,0.9923222661018372
0.8534070253372192,True,0.8534052968025208,1.0,1.1465893983840942,7185,0.20255480706691742
0.43937063217163086,True,0.43936973810195923,1.0,1.5606251955032349,7186,0.6673647165298462
0.9896323680877686,True,0.9896302819252014,1.0,1.0103654861450195,7187,0.8299977779388428
0.19482465088367462,True,0.19482415914535522,1.0,1.8051693439483643,7188,0.4032897651195526
0.6869162917137146,True,0.6869149804115295,1.0,1.3130804300308228,7189,0.4988059997558594
1.8484866619110107,True,1.8484828472137451,1.0,0.15151290595531464,7190,0.9722937345504761
1.9979100227355957,True,1.99790620803833,1.0,0.0020900671370327473,7191,0.9934066534042358
0.34942129254341125,True,0.349420428276062,1.0,1.6505731344223022,7192,0.5589808821678162
1.996443271636963,True,1.9964396953582764,1.0,0.003556713229045272,7193,0.9914344549179077
1.8478626012802124,True,1.8478586673736572,1.0,0.15213696658611298,7194,0.9724062085151672
1.171598196029663,True,1.171595811843872,1.0,0.8283994793891907,7195,0.9586160182952881
1.9979243278503418,True,1.9979205131530762,1.0,0.0020757026504725218,7196,0.9934688806533813
1.9964160919189453,True,1.9964125156402588,1.0,0.003583828918635845,7197,0.9923689365386963
1.5073444843292236,True,1.5073413848876953,1.0,0.49265411496162415,7198,0.3710430860519409
0.6067051887512207,True,0.6067038774490356,1.0,1.393290638923645,7199,0.837601900100708
1.853200912475586,True,1.8531970977783203,1.0,0.14679867029190063,7200,0.9725787043571472
1.9979805946350098,True,1.9979767799377441,1.0,0.0020193280652165413,7201,0.99348384141922
0.4472324848175049,True,0.44723159074783325,1.0,1.5527634620666504,7202,0.5969381928443909
1.9969332218170166,True,1.99692964553833,1.0,0.0030666091479361057,7203,0.9919535517692566
0.7386327981948853,True,0.7386311888694763,1.0,1.2613632678985596,7204,0.4679734706878662
0.26389989256858826,True,0.2638992965221405,1.0,1.7360941171646118,7205,0.8176035284996033
1.755700945854187,True,1.7556971311569214,1.0,0.24429826438426971,7206,0.8046702146530151
1.8679864406585693,True,1.8679825067520142,1.0,0.1320132315158844,7207,0.9754394888877869
1.0521191358566284,True,1.052117109298706,1.0,0.9478784799575806,7208,0.503341794013977
0.0,False,0.0,1.0,1.9999946355819702,7209,0.09565740823745728
1.9982795715332031,True,1.9982757568359375,1.0,0.0017205436015501618,7210,0.9939901828765869
1.997387170791626,True,1.99738347530365,1.0,0.002612838987261057,7211,0.9917056560516357
0.996595025062561,True,0.9965933561325073,1.0,1.0034024715423584,7212,0.9467637538909912
0.5013890266418457,True,0.5013880133628845,1.0,1.498606562614441,7213,0.7684788107872009
1.8423500061035156,True,1.8423465490341187,1.0,0.15764953196048737,7214,0.9186211824417114
0.3333509564399719,True,0.3333503007888794,1.0,1.6666438579559326,7215,0.6250853538513184
0.4327744245529175,True,0.43277353048324585,1.0,1.5672211647033691,7216,0.7058789730072021
1.8768723011016846,True,1.876868486404419,1.0,0.123127281665802,7217,0.9768670201301575
0.7080166339874268,True,0.7080151438713074,1.0,1.2919800281524658,7218,0.6572865843772888
0.0,False,0.0,1.0,1.9999943971633911,7219,0.7075260281562805
1.3268628120422363,True,1.3268598318099976,1.0,0.6731352210044861,7220,0.7644103169441223
0.7749037146568298,True,0.7749020457267761,1.0,1.2250927686691284,7221,0.15619194507598877
0.22145432233810425,True,0.22145384550094604,1.0,1.7785402536392212,7222,0.4517940282821655
0.826126754283905,True,0.8261247873306274,1.0,1.1738694906234741,7223,0.513410747051239
1.9561914205551147,True,1.9561877250671387,1.0,0.04380858689546585,7224,0.9799097776412964
1.9736591577529907,True,1.973655343055725,1.0,0.02634071186184883,7225,0.9751678109169006
0.0,False,0.0,1.0,1.9999927282333374,7226,0.044379692524671555
0.0,False,0.0,1.0,1.9999935626983643,7227,0.487291157245636
1.9854941368103027,True,1.985490322113037,1.0,0.014505789615213871,7228,0.9891895055770874
1.8277747631072998,True,1.8277702331542969,1.0,0.17222458124160767,7229,0.8080810904502869
0.9908512830734253,True,0.9908493757247925,1.0,1.0091464519500732,7230,0.8111737370491028
1.442664384841919,True,1.4426612854003906,1.0,0.5573340654373169,7231,0.5708592534065247
0.0,False,0.0,1.0,1.9999938011169434,7232,0.6214488744735718
1.98897123336792,True,1.9889672994613647,1.0,0.011028749868273735,7233,0.9846657514572144
0.9900698661804199,True,0.9900679588317871,1.0,1.0099276304244995,7234,0.9684810638427734
0.9978365302085876,True,0.9978346228599548,1.0,1.0021613836288452,7235,0.9664209485054016
0.0,False,0.0,1.0,1.9999936819076538,7236,0.4159126579761505
1.4629642963409424,True,1.462960958480835,1.0,0.5370339751243591,7237,0.7105659246444702
1.9824018478393555,True,1.982398271560669,1.0,0.01759818196296692,7238,0.463690847158432
1.0812510251998901,True,1.0812485218048096,1.0,0.9187462329864502,7239,0.5963914394378662
0.5790897011756897,True,0.5790882110595703,1.0,1.4209057092666626,7240,0.7095775008201599
0.2651956081390381,True,0.26519498229026794,1.0,1.7347984313964844,7241,0.5548205375671387
1.6392502784729004,True,1.6392462253570557,1.0,0.36074838042259216,7242,0.6947938799858093
0.0,False,0.0,1.0,1.999994158744812,7243,0.26982569694519043
0.8331739902496338,True,0.833172082901001,1.0,1.1668223142623901,7244,0.4754103422164917
0.0,False,0.0,1.0,1.9999935626983643,7245,0.5058608055114746
0.0,False,0.0,1.0,1.9999920129776,7246,0.15241749584674835
0.0,False,0.0,1.0,1.999992847442627,7247,0.23518022894859314
1.9971846342086792,True,1.9971809387207031,1.0,0.002815233776345849,7248,0.653788685798645
0.0,False,0.0,1.0,1.9999938011169434,7249,0.502383828163147
0.0,False,0.0,1.0,1.999994158744812,7250,0.17946910858154297
0.9997634887695312,True,0.9997615218162537,1.0,1.0002343654632568,7251,0.9041923880577087
0.0,False,0.0,1.0,1.9999938011169434,7252,0.5822038054466248
0.999657392501831,True,0.9996552467346191,1.0,1.0003401041030884,7253,0.9429027438163757
0.9999233484268188,True,0.9999212026596069,1.0,1.0000743865966797,7254,0.8631693720817566
0.2836039066314697,True,0.283603310585022,1.0,1.7163915634155273,7255,0.846967875957489
1.2333849668502808,True,1.233381986618042,1.0,0.7666124701499939,7256,0.9305124878883362
1.998605728149414,True,1.9986019134521484,1.0,0.0013941607903689146,7257,0.6740620136260986
0.9641615152359009,True,0.964159369468689,1.0,1.0358352661132812,7258,0.8012971878051758
0.4305311441421509,True,0.43053004145622253,1.0,1.5694637298583984,7259,0.5667533874511719
1.775908350944519,True,1.7759044170379639,1.0,0.22409102320671082,7260,0.8987193703651428
0.0,False,0.0,1.0,1.9999957084655762,7261,0.10986790806055069
1.6388282775878906,True,1.638824224472046,1.0,0.36117053031921387,7262,0.9205756187438965
0.9998771548271179,True,0.9998751282691956,1.0,1.000120759010315,7263,0.9415859580039978
0.0,False,0.0,1.0,1.9999942779541016,7264,0.10641495883464813
1.0058085918426514,True,1.00580632686615,1.0,0.994188666343689,7265,0.672721803188324
0.28179511427879333,True,0.28179436922073364,1.0,1.7181987762451172,7266,0.6723008751869202
1.99860417842865,True,1.9986004829406738,1.0,0.0013958008494228125,7267,0.6624109745025635
0.829184889793396,True,0.8291826248168945,1.0,1.1708110570907593,7268,0.7420164942741394
0.3281945586204529,True,0.32819366455078125,1.0,1.6717994213104248,7269,0.5006957650184631
0.734961748123169,True,0.7349599003791809,1.0,1.2650337219238281,7270,0.8956341743469238
0.0,False,0.0,1.0,1.9999938011169434,7271,0.4025678038597107
1.813385248184204,True,1.8133809566497803,1.0,0.18661418557167053,7272,0.9843147397041321
0.0,False,0.0,1.0,1.9999935626983643,7273,0.5079947710037231
0.0,False,0.0,1.0,1.9999935626983643,7274,0.2458810806274414
0.0,False,0.0,1.0,1.999992847442627,7275,0.4854581356048584
0.0,False,0.0,1.0,1.9999934434890747,7276,0.27759596705436707
0.0,False,0.0,1.0,1.999993085861206,7277,0.5912247896194458
0.0,False,0.0,1.0,1.999993085861206,7278,0.22403253614902496
0.0,False,0.0,1.0,1.9999947547912598,7279,0.2901366651058197
0.0,False,0.0,1.0,1.9999942779541016,7280,0.47675657272338867
0.0,False,0.0,1.0,1.9999945163726807,7281,0.5107725858688354
0.0,False,0.0,1.0,1.9999940395355225,7282,0.06186925619840622
1.841025948524475,True,1.841022253036499,1.0,0.1589737832546234,7283,0.9717056751251221
0.0,False,0.0,1.0,1.9999918937683105,7284,0.39851608872413635
0.7817240953445435,True,0.7817223072052002,1.0,1.2182725667953491,7285,0.7344960570335388
1.8963900804519653,True,1.8963855504989624,1.0,0.10360945761203766,7286,0.9575167298316956
0.0,False,0.0,1.0,1.9999940395355225,7287,0.05742328241467476
0.0,False,0.0,1.0,1.9999933242797852,7288,0.25103697180747986
1.579609990119934,True,1.579606533050537,1.0,0.42038872838020325,7289,0.8788312673568726
0.0,False,0.0,1.0,1.9999945163726807,7290,0.23356188833713531
1.9974180459976196,True,1.9974143505096436,1.0,0.0025818205904215574,7291,0.6309759020805359
1.8118486404418945,True,1.8118455410003662,1.0,0.1881508082151413,7292,0.8950645923614502
1.1797672510147095,True,1.179765224456787,1.0,0.8202311396598816,7293,0.9747036695480347
1.985203742980957,True,1.9851996898651123,1.0,0.014796236529946327,7294,0.9621049165725708
1.9104788303375244,True,1.9104743003845215,1.0,0.08952081203460693,7295,0.8913898468017578
1.891892433166504,True,1.8918886184692383,1.0,0.10810752213001251,7296,0.9919776916503906
1.4447237253189087,True,1.4447211027145386,1.0,0.5552749633789062,7297,0.9645431637763977
1.9058549404144287,True,1.9058513641357422,1.0,0.094144806265831,7298,0.9866499304771423
1.8802827596664429,True,1.88027822971344,1.0,0.11971694231033325,7299,0.8993958234786987
1.8327419757843018,True,1.8327385187149048,1.0,0.1672576367855072,7300,0.9834852814674377
1.9324055910110474,True,1.9324017763137817,1.0,0.06759427487850189,7301,0.9653208255767822
1.9678549766540527,True,1.9678508043289185,1.0,0.03214482218027115,7302,0.9642851948738098
1.9885189533233643,True,1.9885153770446777,1.0,0.011480925604701042,7303,0.9894365072250366
1.971346139907837,True,1.9713428020477295,1.0,0.028653845191001892,7304,0.9903742074966431
0.0,False,0.0,1.0,1.9999927282333374,7305,0.3190557360649109
0.0,False,0.0,1.0,1.9999926090240479,7306,0.09423065185546875
0.0,False,0.0,1.0,1.9999935626983643,7307,0.26254791021347046
0.0,False,0.0,1.0,1.9999926090240479,7308,0.5150919556617737
1.9805235862731934,True,1.9805197715759277,1.0,0.01947622373700142,7309,0.9918729662895203
1.7705336809158325,True,1.7705304622650146,1.0,0.2294657677412033,7310,0.9618964195251465
1.8447139263153076,True,1.8447108268737793,1.0,0.15528567135334015,7311,0.9735133647918701
1.4775400161743164,True,1.4775371551513672,1.0,0.5224588513374329,7312,0.9650260806083679
1.9960435628890991,True,1.996039867401123,1.0,0.003956575877964497,7313,0.5955929160118103
1.9925596714019775,True,1.9925559759140015,1.0,0.00744039798155427,7314,0.9943434000015259
0.0,False,0.0,1.0,0.9999971985816956,7315,0.20505090057849884
0.0,False,0.0,1.0,1.9999921321868896,7316,0.13455702364444733
0.8403258919715881,True,0.8403239846229553,1.0,1.1596710681915283,7317,0.7222519516944885
0.9163618087768555,True,0.9163600206375122,1.0,1.0836349725723267,7318,0.8352893590927124
1.9920072555541992,True,1.9920032024383545,1.0,0.007992695085704327,7319,0.9767559766769409
1.9251806735992432,True,1.9251768589019775,1.0,0.07481909543275833,7320,0.8722497224807739
1.8494517803192139,True,1.8494482040405273,1.0,0.1505478322505951,7321,0.971088707447052
0.0,False,0.0,1.0,1.9999940395355225,7322,0.12525704503059387
0.7903425097465515,True,0.7903398871421814,1.0,1.209652066230774,7323,0.41483768820762634
1.9134244918823242,True,1.9134199619293213,1.0,0.08657519519329071,7324,0.9416443109512329
0.5172513127326965,True,0.5172501802444458,1.0,1.482743740081787,7325,0.6431231498718262
1.058330774307251,True,1.05832839012146,1.0,0.9416656494140625,7326,0.8589547872543335
0.37999144196510315,True,0.3799903690814972,1.0,1.6200017929077148,7327,0.34882739186286926
0.0,False,0.0,1.0,0.9999968409538269,7328,0.2042880803346634
1.9540575742721558,True,1.9540536403656006,1.0,0.04594237357378006,7329,0.9836485385894775
0.0,False,0.0,1.0,1.9999948740005493,7330,0.054154980927705765
0.0,False,0.0,1.0,1.9999923706054688,7331,0.13553425669670105
0.0,False,0.0,1.0,1.9999921321868896,7332,0.08245562016963959
0.0,False,0.0,1.0,1.9999909400939941,7333,0.27510708570480347
0.0,False,0.0,1.0,1.9999949932098389,7334,0.19132353365421295
0.0,False,0.0,1.0,1.9999945163726807,7335,0.059730738401412964
0.0,False,0.0,1.0,1.9999932050704956,7336,0.11879497021436691
0.0,False,0.0,1.0,1.9999947547912598,7337,0.18795087933540344
1.5378193855285645,True,1.5378162860870361,1.0,0.4621794521808624,7338,0.986512303352356
0.0,False,0.0,1.0,1.9999940395355225,7339,0.22519366443157196
1.5809582471847534,True,1.5809550285339355,1.0,0.4190407693386078,7340,0.9603909850120544
1.9946945905685425,True,1.9946908950805664,1.0,0.00530535914003849,7341,0.4229201674461365
0.0,False,0.0,1.0,1.9999935626983643,7342,0.27105700969696045
1.9743969440460205,True,1.9743934869766235,1.0,0.02560299262404442,7343,0.9888989329338074
1.964827537536621,True,1.9648237228393555,1.0,0.0351722277700901,7344,0.9896618127822876
1.8428294658660889,True,1.8428261280059814,1.0,0.15717017650604248,7345,0.892731249332428
1.617525339126587,True,1.6175222396850586,1.0,0.38247373700141907,7346,0.9545486569404602
1.900770664215088,True,1.900767207145691,1.0,0.09922913461923599,7347,0.9779734015464783
1.6455540657043457,True,1.6455507278442383,1.0,0.35444527864456177,7348,0.968893826007843
1.9740853309631348,True,1.9740816354751587,1.0,0.025914546102285385,7349,0.9506762027740479
1.9850294589996338,True,1.9850257635116577,1.0,0.014970619231462479,7350,0.9941017031669617
1.6442875862121582,True,1.6442840099334717,1.0,0.35571128129959106,7351,0.8473241329193115
1.3604702949523926,True,1.360467791557312,1.0,0.6395286321640015,7352,0.9729405641555786
1.9780060052871704,True,1.9780021905899048,1.0,0.021993843838572502,7353,0.8867231011390686
0.9301499724388123,True,0.9301483035087585,1.0,1.069847583770752,7354,0.9747557044029236
0.0,False,0.0,1.0,1.999993920326233,7355,0.2263498306274414
0.0,False,0.0,1.0,1.9999933242797852,7356,0.6586370468139648
1.8465795516967773,True,1.84657621383667,1.0,0.15341994166374207,7357,0.9905333518981934
0.0,False,0.0,1.0,1.9999942779541016,7358,0.15805737674236298
1.9962795972824097,True,1.9962759017944336,1.0,0.0037203957326710224,7359,0.555840790271759
1.7691562175750732,True,1.7691527605056763,1.0,0.23084314167499542,7360,0.9874172210693359
1.7374389171600342,True,1.7374354600906372,1.0,0.2625603675842285,7361,0.962192177772522
0.0,False,0.0,1.0,1.9999923706054688,7362,0.16186270117759705
1.9853730201721191,True,1.985369324684143,1.0,0.014627018943428993,7363,0.9917641282081604
1.9272693395614624,True,1.9272656440734863,1.0,0.07273050397634506,7364,0.9282780885696411
1.962737798690796,True,1.9627339839935303,1.0,0.037262022495269775,7365,0.9701424241065979
0.5158344507217407,True,0.5158330202102661,1.0,1.4841594696044922,7366,0.5506533980369568
1.9973907470703125,True,1.9973869323730469,1.0,0.0026093011256307364,7367,0.6251658797264099
1.509436011314392,True,1.5094327926635742,1.0,0.4905628561973572,7368,0.961334228515625
1.9469424486160278,True,1.9469382762908936,1.0,0.05305740237236023,7369,0.9892176389694214
1.956539511680603,True,1.9565356969833374,1.0,0.04346034675836563,7370,0.9696947336196899
1.991994023323059,True,1.9919898509979248,1.0,0.008005848154425621,7371,0.9811199307441711
0.0,False,0.0,1.0,1.9999945163726807,7372,0.09379200637340546
1.9957237243652344,True,1.9957195520401,1.0,0.004276297055184841,7373,0.9833336472511292
1.0799906253814697,True,1.0799882411956787,1.0,0.9200072288513184,7374,0.960135817527771
1.9433543682098389,True,1.9433503150939941,1.0,0.05664544925093651,7375,0.9886564016342163
1.963996171951294,True,1.9639918804168701,1.0,0.03600383177399635,7376,0.9903940558433533
1.9959759712219238,True,1.9959720373153687,1.0,0.004023997578769922,7377,0.9830031991004944
1.9507877826690674,True,1.9507840871810913,1.0,0.04921218007802963,7378,0.9937633872032166
0.0,False,0.0,1.0,1.9999947547912598,7379,0.04985969513654709
0.9988992214202881,True,0.9988972544670105,1.0,1.0010980367660522,7380,0.9462196230888367
0.9993577003479004,True,0.9993558526039124,1.0,1.000639796257019,7381,0.8394132256507874
0.9999420642852783,True,0.9999399781227112,1.0,1.0000548362731934,7382,0.858045756816864
1.7402795553207397,True,1.740275263786316,1.0,0.25971972942352295,7383,0.8995144963264465
0.9999216794967651,True,0.9999196529388428,1.0,1.0000752210617065,7384,0.8180269002914429
1.4543095827102661,True,1.4543064832687378,1.0,0.5456889867782593,7385,0.6927636861801147
0.9998251795768738,True,0.9998228549957275,1.0,1.0001715421676636,7386,0.8920221924781799
1.7534385919570923,True,1.7534352540969849,1.0,0.2465607076883316,7387,0.9578663110733032
0.979678750038147,True,0.9796761274337769,1.0,1.0203174352645874,7388,0.91962069272995
0.0,False,0.0,1.0,1.9999942779541016,7389,0.11108788847923279
1.3644254207611084,True,1.36442232131958,1.0,0.6355730891227722,7390,0.987877368927002
1.9618055820465088,True,1.9618018865585327,1.0,0.03819430246949196,7391,0.990032434463501
1.585026502609253,True,1.5850236415863037,1.0,0.4149724543094635,7392,0.9546697735786438
1.98610258102417,True,1.9860986471176147,1.0,0.013897230848670006,7393,0.9729475975036621
1.915198564529419,True,1.915195345878601,1.0,0.0848011001944542,7394,0.9822232723236084
0.0,False,0.0,1.0,1.999993920326233,7395,0.036328140646219254
0.0,False,0.0,1.0,1.999993085861206,7396,0.2489899843931198
0.0,False,0.0,1.0,1.9999946355819702,7397,0.277877539396286
0.9826445579528809,True,0.982642412185669,1.0,1.0173530578613281,7398,0.791629433631897
0.0,False,0.0,1.0,1.999994158744812,7399,0.11442338675260544
0.9979004859924316,True,0.9978983998298645,1.0,1.0020973682403564,7400,0.9526943564414978
0.6499640345573425,True,0.6499625444412231,1.0,1.3500311374664307,7401,0.8175650238990784
0.9996826648712158,True,0.9996805191040039,1.0,1.0003142356872559,7402,0.8921968340873718
1.640608549118042,True,1.640604853630066,1.0,0.3593904376029968,7403,0.9890641570091248
1.96073317527771,True,1.9607294797897339,1.0,0.03926677256822586,7404,0.9806945323944092
0.0,False,0.0,1.0,1.9999942779541016,7405,0.44461703300476074
1.4789237976074219,True,1.478920578956604,1.0,0.5210747122764587,7406,0.9186775088310242
0.0,False,0.0,1.0,1.9999935626983643,7407,0.3250255286693573
1.3484828472137451,True,1.3484796285629272,1.0,0.6515151858329773,7408,0.9539990425109863
0.9997109770774841,True,0.9997087121009827,1.0,1.0002861022949219,7409,0.8621287941932678
0.0,False,0.0,1.0,1.9999949932098389,7410,0.13156265020370483
1.9778746366500854,True,1.9778708219528198,1.0,0.022125201299786568,7411,0.9899128675460815
1.7022664546966553,True,1.702263355255127,1.0,0.2977328300476074,7412,0.9637797474861145
1.9517630338668823,True,1.9517595767974854,1.0,0.048236869275569916,7413,0.9850664138793945
1.5431396961212158,True,1.543136715888977,1.0,0.45685940980911255,7414,0.9713515043258667
0.0,False,0.0,1.0,1.9999946355819702,7415,0.1985751986503601
1.3215750455856323,True,1.3215723037719727,1.0,0.6784228086471558,7416,0.8595402240753174
1.9789166450500488,True,1.9789130687713623,1.0,0.021083343774080276,7417,0.9949073195457458
1.7922868728637695,True,1.792283535003662,1.0,0.2077123373746872,7418,0.9278382658958435
1.3400332927703857,True,1.340030550956726,1.0,0.659964919090271,7419,0.9755109548568726
0.9741015434265137,True,0.9740995764732361,1.0,1.0258954763412476,7420,0.8907272219657898
1.9075913429260254,True,1.9075870513916016,1.0,0.09240838885307312,7421,0.9786745309829712
1.5455540418624878,True,1.5455505847930908,1.0,0.4544448256492615,7422,0.9407293796539307
0.9525834321975708,True,0.9525814056396484,1.0,1.0474134683609009,7423,0.4315102696418762
0.0,False,0.0,1.0,0.9999964237213135,7424,0.3553914427757263
1.5720953941345215,True,1.5720915794372559,1.0,0.42790332436561584,7425,0.96077960729599
1.9046324491500854,True,1.9046282768249512,1.0,0.09536748379468918,7426,0.9627943634986877
1.9581782817840576,True,1.9581737518310547,1.0,0.041821546852588654,7427,0.996385931968689
1.733354926109314,True,1.733351469039917,1.0,0.2666442394256592,7428,0.9308004379272461
1.9349894523620605,True,1.9349851608276367,1.0,0.06501048058271408,7429,0.9774026274681091
0.0,False,0.0,1.0,1.999995231628418,7430,0.34140971302986145
1.6928291320800781,True,1.6928255558013916,1.0,0.3071700930595398,7431,0.9548727869987488
1.6816662549972534,True,1.6816625595092773,1.0,0.318332701921463,7432,0.963115930557251
0.9760292768478394,True,0.976026713848114,1.0,1.0239672660827637,7433,0.7986618876457214
1.896125316619873,True,1.8961212635040283,1.0,0.10387440025806427,7434,0.9677088260650635
0.0,False,0.0,1.0,1.999992847442627,7435,0.3152361810207367
1.37233304977417,True,1.372329831123352,1.0,0.627665102481842,7436,0.9443978071212769
1.9607059955596924,True,1.9607017040252686,1.0,0.03929384797811508,7437,0.995465874671936
0.7234618663787842,True,0.72346031665802,1.0,1.2765347957611084,7438,0.7394596934318542
1.9411084651947021,True,1.9411044120788574,1.0,0.05889132618904114,7439,0.9648400545120239
1.8801391124725342,True,1.8801352977752686,1.0,0.11986047774553299,7440,0.9438925385475159
1.9250333309173584,True,1.9250291585922241,1.0,0.0749664306640625,7441,0.9826067090034485
0.0,False,0.0,1.0,1.9999938011169434,7442,0.3711106777191162
1.7649469375610352,True,1.7649431228637695,1.0,0.23505248129367828,7443,0.9549806118011475
1.7389284372329712,True,1.738924503326416,1.0,0.26107072830200195,7444,0.9718875288963318
1.6542413234710693,True,1.6542375087738037,1.0,0.34575772285461426,7445,0.9700033068656921
1.9049627780914307,True,1.904958724975586,1.0,0.09503687918186188,7446,0.9699300527572632
1.9542392492294312,True,1.9542346000671387,1.0,0.045760635286569595,7447,0.9963985681533813
1.1990596055984497,True,1.1990569829940796,1.0,0.8009377121925354,7448,0.8662263751029968
0.0,False,0.0,1.0,0.9999977350234985,7449,0.2078259140253067
0.7680480480194092,True,0.7680463194847107,1.0,1.2319483757019043,7450,0.8591306805610657
0.008236721158027649,True,0.008236702531576157,1.0,1.9917566776275635,7451,0.5034472346305847
1.91829514503479,True,1.9182909727096558,1.0,0.0817047581076622,7452,0.9707937240600586
0.5225989818572998,True,0.5225977897644043,1.0,1.4773964881896973,7453,0.579786479473114
1.9566612243652344,True,1.9566566944122314,1.0,0.043338775634765625,7454,0.9963592886924744
1.9253106117248535,True,1.9253064393997192,1.0,0.0746893584728241,7455,0.9783141016960144
0.0,False,0.0,1.0,1.9999947547912598,7456,0.14462994039058685
0.0,False,0.0,1.0,1.9999947547912598,7457,0.32163530588150024
1.6960135698318481,True,1.6960101127624512,1.0,0.3039855360984802,7458,0.9509773254394531
1.27500581741333,True,1.2750033140182495,1.0,0.7249923944473267,7459,0.8600943088531494
1.6350295543670654,True,1.6350258588790894,1.0,0.36496952176094055,7460,0.9651967287063599
1.8971397876739502,True,1.8971357345581055,1.0,0.10286000370979309,7461,0.9702929854393005
1.968031644821167,True,1.9680272340774536,1.0,0.03196820989251137,7462,0.9955321550369263
0.0,False,0.0,1.0,1.9999916553497314,7463,0.6208832263946533
0.9976816177368164,True,0.997679591178894,1.0,1.0023163557052612,7464,0.8794714212417603
0.0,False,0.0,1.0,1.9999933242797852,7465,0.26855048537254333
0.9617995023727417,True,0.9617969393730164,1.0,1.038196325302124,7466,0.9469749331474304
1.0738526582717896,True,1.0738500356674194,1.0,0.9261447191238403,7467,0.7576358318328857
0.0,False,0.0,1.0,1.9999953508377075,7468,0.1316259354352951
0.0,False,0.0,1.0,1.9999951124191284,7469,0.009052816778421402
0.9877671003341675,True,0.9877651929855347,1.0,1.0122300386428833,7470,0.375964879989624
0.0,False,0.0,1.0,1.9999947547912598,7471,0.08588854968547821
0.0,False,0.0,1.0,1.9999926090240479,7472,0.40890660881996155
0.0,False,0.0,1.0,1.999995470046997,7473,0.028398826718330383
0.0,False,0.0,1.0,1.9999945163726807,7474,0.21900732815265656
0.9831891059875488,True,0.9831869602203369,1.0,1.0168087482452393,7475,0.8510950207710266
0.9836877584457397,True,0.9836857318878174,1.0,1.0163100957870483,7476,0.7289126515388489
0.0,False,0.0,1.0,1.9999947547912598,7477,0.30439090728759766
0.9492567181587219,True,0.9492546916007996,1.0,1.0507408380508423,7478,0.8854738473892212
0.9880496263504028,True,0.9880478382110596,1.0,1.0119481086730957,7479,0.9614959359169006
1.9159234762191772,True,1.9159197807312012,1.0,0.08407633006572723,7480,0.9310113787651062
0.9968580603599548,True,0.9968559145927429,1.0,1.0031394958496094,7481,0.7853423357009888
0.9716734886169434,True,0.9716714024543762,1.0,1.0283238887786865,7482,0.9645030498504639
1.904970645904541,True,1.9049665927886963,1.0,0.09502916038036346,7483,0.9913291931152344
0.9927846789360046,True,0.9927826523780823,1.0,1.0072129964828491,7484,0.797595739364624
1.9542021751403809,True,1.9541983604431152,1.0,0.04579772800207138,7485,0.9051096439361572
0.997913122177124,True,0.997911274433136,1.0,1.0020842552185059,7486,0.9391624331474304
0.0,False,0.0,1.0,1.999991774559021,7487,0.4597399830818176
0.99886155128479,True,0.9988596439361572,1.0,1.0011358261108398,7488,0.8985998034477234
1.1868789196014404,True,1.1868767738342285,1.0,0.8131189942359924,7489,0.7549274563789368
1.9709360599517822,True,1.9709317684173584,1.0,0.029063941910862923,7490,0.9620282053947449
0.0,False,0.0,1.0,1.9999940395355225,7491,0.4049355685710907
1.919651985168457,True,1.9196481704711914,1.0,0.08034773170948029,7492,0.9941693544387817
1.966393232345581,True,1.9663896560668945,1.0,0.03360649198293686,7493,0.969739556312561
0.0,False,0.0,1.0,1.9999947547912598,7494,0.35972270369529724
1.775614619255066,True,1.7756110429763794,1.0,0.22438466548919678,7495,0.9872952103614807
1.8594014644622803,True,1.8593981266021729,1.0,0.1405981332063675,7496,0.9075714945793152
1.8723284006118774,True,1.8723244667053223,1.0,0.12767136096954346,7497,0.9454017281532288
1.4458625316619873,True,1.4458601474761963,1.0,0.5541363954544067,7498,0.9857407212257385
1.012171745300293,True,1.012169361114502,1.0,0.9878249764442444,7499,0.9696893692016602
1.8734688758850098,True,1.873465657234192,1.0,0.12653076648712158,7500,0.9842580556869507
1.0377953052520752,True,1.0377929210662842,1.0,0.9622024893760681,7501,0.9732791185379028
0.8656839728355408,True,0.8656818866729736,1.0,1.1343119144439697,7502,0.8839883804321289
1.7764519453048706,True,1.7764484882354736,1.0,0.22354747354984283,7503,0.9972834587097168
1.3208636045455933,True,1.3208603858947754,1.0,0.679134726524353,7504,0.9801299571990967
0.9996733665466309,True,0.999671220779419,1.0,1.0003242492675781,7505,0.6981973052024841
0.9744645953178406,True,0.9744625091552734,1.0,1.0255327224731445,7506,0.48277512192726135
1.6742606163024902,True,1.674257516860962,1.0,0.32573866844177246,7507,0.9743230938911438
0.7831207513809204,True,0.7831190824508667,1.0,1.216875672340393,7508,0.31336069107055664
0.9113165736198425,True,0.9113147258758545,1.0,1.0886807441711426,7509,0.7516279816627502
0.0,False,0.0,1.0,1.9999940395355225,7510,0.11271438002586365
1.9452658891677856,True,1.9452615976333618,1.0,0.05473406985402107,7511,0.9350918531417847
0.0,False,0.0,1.0,1.9999947547912598,7512,0.38717034459114075
1.6945116519927979,True,1.6945080757141113,1.0,0.30548763275146484,7513,0.8007907867431641
1.8949934244155884,True,1.8949897289276123,1.0,0.10500629246234894,7514,0.9192731380462646
0.0,False,0.0,1.0,1.9999951124191284,7515,0.3945866823196411
1.0261589288711548,True,1.0261567831039429,1.0,0.9738391041755676,7516,0.5316213369369507
1.9444668292999268,True,1.9444634914398193,1.0,0.055533118546009064,7517,0.8587527871131897
0.0,False,0.0,1.0,1.9999940395355225,7518,0.23668187856674194
0.9379974603652954,True,0.9379952549934387,1.0,1.061998963356018,7519,0.8336526155471802
0.999116063117981,True,0.9991139769554138,1.0,1.0008819103240967,7520,0.7938581109046936
1.5263298749923706,True,1.5263259410858154,1.0,0.4736688435077667,7521,0.8202552795410156
0.9993695616722107,True,0.9993674159049988,1.0,1.0006282329559326,7522,0.5339515805244446
1.9388521909713745,True,1.9388487339019775,1.0,0.0611475333571434,7523,0.5166618824005127
1.9874567985534668,True,1.987452745437622,1.0,0.012543215416371822,7524,0.44156917929649353
1.884436011314392,True,1.884432077407837,1.0,0.11556372046470642,7525,0.9256114363670349
1.5596866607666016,True,1.5596834421157837,1.0,0.4403124153614044,7526,0.9786185026168823
1.8272745609283447,True,1.8272706270217896,1.0,0.17272500693798065,7527,0.8443508744239807
0.0,False,0.0,1.0,1.9999935626983643,7528,0.7708950042724609
0.9993212819099426,True,0.9993190765380859,1.0,1.0006765127182007,7529,0.6783790588378906
1.8892967700958252,True,1.8892931938171387,1.0,0.11070271581411362,7530,0.9387703537940979
0.9990454912185669,True,0.9990435838699341,1.0,1.0009523630142212,7531,0.6711159944534302
0.0,False,0.0,1.0,1.9999938011169434,7532,0.37323012948036194
1.1656275987625122,True,1.1656253337860107,1.0,0.8343706130981445,7533,0.6905577778816223
0.0,False,0.0,1.0,1.9999949932098389,7534,0.4335920214653015
1.9233193397521973,True,1.9233155250549316,1.0,0.07668052613735199,7535,0.7616199254989624
1.9916350841522217,True,1.991631031036377,1.0,0.00836483296006918,7536,0.9909130334854126
0.9981164932250977,True,0.9981145858764648,1.0,1.0018813610076904,7537,0.7080867886543274
1.9906947612762451,True,1.9906914234161377,1.0,0.009305025450885296,7538,0.9869216680526733
0.9978451132774353,True,0.9978430271148682,1.0,1.002152681350708,7539,0.1795269399881363
1.718559741973877,True,1.7185568809509277,1.0,0.2814396619796753,7540,0.9906702041625977
0.0,False,0.0,1.0,1.999995470046997,7541,0.12812352180480957
1.9891141653060913,True,1.9891104698181152,1.0,0.01088581420481205,7542,0.5107271671295166
1.6955244541168213,True,1.695520281791687,1.0,0.30447477102279663,7543,0.8381749987602234
0.0,False,0.0,1.0,1.9999957084655762,7544,0.019474687054753304
0.7569836974143982,True,0.7569816708564758,1.0,1.2430118322372437,7545,0.8802154064178467
0.5870976448059082,True,0.5870961546897888,1.0,1.4128973484039307,7546,0.866777777671814
0.0,False,0.0,1.0,1.9999943971633911,7547,0.21079565584659576
0.9107489585876465,True,0.910746693611145,1.0,1.0892479419708252,7548,0.36763790249824524
1.2013700008392334,True,1.2013676166534424,1.0,0.798628032207489,7549,0.8174395561218262
0.9830191731452942,True,0.9830166101455688,1.0,1.0169768333435059,7550,0.9483148455619812
0.0,False,0.0,1.0,1.999995231628418,7551,0.5265281796455383
1.7998167276382446,True,1.799813151359558,1.0,0.20018267631530762,7552,0.9731215834617615
0.9022300839424133,True,0.9022279381752014,1.0,1.0977662801742554,7553,0.902292013168335
0.6903342008590698,True,0.6903327107429504,1.0,1.309662103652954,7554,0.5201481580734253
1.919978141784668,True,1.9199748039245605,1.0,0.08002170920372009,7555,0.9837994575500488
0.0,False,0.0,1.0,1.9999946355819702,7556,0.6754481792449951
0.0,False,0.0,1.0,1.9999933242797852,7557,0.25206682085990906
0.0,False,0.0,1.0,1.9999938011169434,7558,0.17820188403129578
1.6635210514068604,True,1.6635172367095947,1.0,0.33647793531417847,7559,0.8271116614341736
1.9805711507797241,True,1.9805675745010376,1.0,0.019428763538599014,7560,0.9866450428962708
1.6230671405792236,True,1.6230638027191162,1.0,0.37693169713020325,7561,0.9618514180183411
0.0,False,0.0,1.0,1.999992847442627,7562,0.10831739753484726
0.0,False,0.0,1.0,1.9999929666519165,7563,0.5695312023162842
1.3412413597106934,True,1.3412383794784546,1.0,0.6587567925453186,7564,0.5278973579406738
0.8156225681304932,True,0.8156206011772156,1.0,1.1843739748001099,7565,0.6145575046539307
0.996833086013794,True,0.996830940246582,1.0,1.0031641721725464,7566,0.8957323431968689
1.983548641204834,True,1.9835448265075684,1.0,0.016451053321361542,7567,0.975309431552887
1.9293200969696045,True,1.9293155670166016,1.0,0.07067960500717163,7568,0.9538945555686951
1.4059559106826782,True,1.4059526920318604,1.0,0.5940423011779785,7569,0.8273285627365112
1.9927875995635986,True,1.992784023284912,1.0,0.00721241720020771,7570,0.6081445217132568
1.9972147941589355,True,1.9972105026245117,1.0,0.0027852461207658052,7571,0.8456591963768005
0.0,False,0.0,1.0,1.9999945163726807,7572,0.3536713123321533
1.7276105880737305,True,1.727607250213623,1.0,0.27238863706588745,7573,0.9396781325340271
0.0,False,0.0,1.0,1.9999936819076538,7574,0.6601316332817078
0.0,False,0.0,1.0,1.9999945163726807,7575,0.3537610173225403
0.0,False,0.0,1.0,1.9999926090240479,7576,0.6841762065887451
0.0,False,0.0,0.0,1.999995470046997,6553,0.29217854142189026
0.0,False,0.0,0.0,1.999994158744812,6554,0.24263302981853485
0.0,False,0.0,0.0,1.999995231628418,6555,0.2949395775794983
0.0,False,0.0,0.0,1.9999940395355225,6556,0.4530002474784851
0.0,False,0.0,0.0,1.999995231628418,6557,0.006845735479146242
0.0,False,0.0,0.0,1.9999936819076538,6558,0.6217843294143677
0.0,False,0.0,0.0,1.9999942779541016,6559,0.13204242289066315
0.0,False,0.0,0.0,1.999995470046997,6560,0.010934248566627502
0.0,False,0.0,0.0,1.9999912977218628,6561,0.17986485362052917
0.0,False,0.0,0.0,0.9999969005584717,6562,0.05728406086564064
0.0,False,0.0,0.0,1.999990463256836,6563,0.7133142352104187
0.0,False,0.0,0.0,1.9999947547912598,6564,0.3007999062538147
0.0,False,0.0,0.0,1.9999923706054688,6565,0.10221164673566818
0.0,False,0.0,0.0,1.9999942779541016,6566,0.053605154156684875
0.0,False,0.0,0.0,1.9999938011169434,6567,0.044688768684864044
0.0,False,0.0,0.0,1.9999949932098389,6568,0.11689483374357224
0.0,False,0.0,0.0,1.9999901056289673,6569,0.1814669966697693
0.0,False,0.0,0.0,1.9999943971633911,6570,0.35916969180107117
0.9981995820999146,True,0.9981975555419922,0.0,1.0017982721328735,6571,0.9733443856239319
0.0,False,0.0,0.0,1.9999935626983643,6572,0.19153082370758057
1.241772174835205,True,1.241769552230835,0.0,0.7582260966300964,6573,0.9032136797904968
0.0,False,0.0,0.0,1.9999929666519165,6574,0.7665646076202393
0.0,False,0.0,0.0,1.9999929666519165,6575,0.06478172540664673
0.0,False,0.0,0.0,1.9999958276748657,6576,0.002998682437464595
0.0,False,0.0,0.0,1.9999947547912598,6577,0.14435279369354248
0.0,False,0.0,0.0,1.9999945163726807,6578,0.4169257879257202
0.0,False,0.0,0.0,1.9999951124191284,6579,0.2191268354654312
0.9763504862785339,True,0.976347804069519,0.0,1.023646593093872,6580,0.8653005957603455
0.0,False,0.0,0.0,1.999995231628418,6581,0.170710951089859
0.0,False,0.0,0.0,1.9999945163726807,6582,0.03481720760464668
0.0,False,0.0,0.0,1.9999942779541016,6583,0.011044256389141083
0.0,False,0.0,0.0,1.9999947547912598,6584,0.09744931012392044
0.0,False,0.0,0.0,1.999993085861206,6585,0.18134155869483948
0.0,False,0.0,0.0,1.9999949932098389,6586,0.014422439970076084
0.0,False,0.0,0.0,1.9999942779541016,6587,0.08741153031587601
0.0,False,0.0,0.0,1.9999945163726807,6588,0.06868881732225418
0.0,False,0.0,0.0,1.999994158744812,6589,0.18821996450424194
0.0,False,0.0,0.0,1.9999922513961792,6590,0.17412270605564117
0.0,False,0.0,0.0,1.999992847442627,6591,0.07465963810682297
0.0,False,0.0,0.0,1.9999942779541016,6592,0.035175856202840805
1.9493522644042969,True,1.9493489265441895,0.0,0.05064765363931656,6593,0.9828863739967346
0.0,False,0.0,0.0,1.9999953508377075,6594,0.003739910898730159
1.0,True,0.9999977350234985,0.0,0.9999975562095642,6595,0.509844958782196
1.3841546773910522,True,1.3841514587402344,0.0,0.6158439517021179,6596,0.9334371089935303
0.0,False,0.0,0.0,1.9999949932098389,6597,0.009815807454288006
0.0,False,0.0,0.0,0.9999972581863403,6598,0.11655571311712265
0.0,False,0.0,0.0,1.9999909400939941,6599,0.13947421312332153
0.0,False,0.0,0.0,1.9999949932098389,6600,0.03490407392382622
0.0,False,0.0,0.0,1.9999955892562866,6601,0.006930770352482796
0.0,False,0.0,0.0,1.9999943971633911,6602,0.2440623939037323
0.0,False,0.0,0.0,1.9999936819076538,6603,0.26411136984825134
0.0,False,0.0,0.0,1.9999938011169434,6604,0.2205573171377182
1.275484323501587,True,1.2754807472229004,0.0,0.7245132923126221,6605,0.752268373966217
0.9662485122680664,True,0.9662463665008545,0.0,1.0337492227554321,6606,0.5458473563194275
0.0,False,0.0,0.0,1.9999945163726807,6607,0.07271785289049149
0.0,False,0.0,0.0,1.9999942779541016,6608,0.12134549021720886
0.0,False,0.0,0.0,1.9999942779541016,6609,0.1361459493637085
0.0,False,0.0,0.0,1.9999951124191284,6610,0.032269056886434555
0.0,False,0.0,0.0,1.9999953508377075,6611,0.020602578297257423
0.0,False,0.0,0.0,1.9999943971633911,6612,0.2331266850233078
0.0,False,0.0,0.0,1.9999921321868896,6613,0.37304359674453735
0.0,False,0.0,0.0,0.9999971985816956,6614,0.361898273229599
0.0,False,0.0,0.0,1.999995470046997,6615,0.02314322628080845
0.0,False,0.0,0.0,1.9999955892562866,6616,0.020262157544493675
0.0,False,0.0,0.0,1.9999923706054688,6617,0.17217431962490082
0.0,False,0.0,0.0,1.999993085861206,6618,0.7904682755470276
0.0,False,0.0,0.0,1.999995231628418,6619,0.11789935827255249
0.0,False,0.0,0.0,1.999993920326233,6620,0.5295672416687012
0.0,False,0.0,0.0,0.9999969601631165,6621,0.2352370023727417
0.0,False,0.0,0.0,1.9999927282333374,6622,0.042140647768974304
0.0,False,0.0,0.0,1.9999940395355225,6623,0.7057572603225708
1.8505198955535889,True,1.8505163192749023,0.0,0.14947985112667084,6624,0.8608085513114929
0.0,False,0.0,0.0,1.9999936819076538,6625,0.1848219484090805
0.0,False,0.0,0.0,1.9999940395355225,6626,0.31542253494262695
0.0,False,0.0,0.0,1.999993920326233,6627,0.18338462710380554
0.0,False,0.0,0.0,1.9999948740005493,6628,0.8078219890594482
0.0,False,0.0,0.0,1.9999949932098389,6629,0.009417574852705002
0.0,False,0.0,0.0,1.9999955892562866,6630,0.012277049943804741
0.0,False,0.0,0.0,1.999995470046997,6631,0.04643998295068741
0.0,False,0.0,0.0,1.9999958276748657,6632,0.029299421235919
0.0,False,0.0,0.0,1.999995231628418,6633,0.0018062612507492304
0.0,False,0.0,0.0,1.999993920326233,6634,0.11726412177085876
0.0,False,0.0,0.0,1.999995231628418,6635,0.007540932856500149
0.0,False,0.0,0.0,1.999995231628418,6636,0.3265380859375
0.0,False,0.0,0.0,1.999995470046997,6637,0.011354539543390274
0.0,False,0.0,0.0,1.9999948740005493,6638,0.006531289778649807
0.0,False,0.0,0.0,1.9999942779541016,6639,0.2623581886291504
0.0,False,0.0,0.0,1.9999923706054688,6640,0.43428710103034973
0.0,False,0.0,0.0,1.999993085861206,6641,0.297054648399353
0.0,False,0.0,0.0,1.999993920326233,6642,0.08206179738044739
0.0,False,0.0,0.0,1.9999945163726807,6643,0.04537605121731758
0.0,False,0.0,0.0,1.9999951124191284,6644,0.0173286534845829
0.0,False,0.0,0.0,1.9999940395355225,6645,0.6062126159667969
0.0,False,0.0,0.0,1.9999942779541016,6646,0.12925611436367035
0.0,False,0.0,0.0,1.9999949932098389,6647,0.07271131873130798
0.9362354874610901,True,0.9362336993217468,0.0,1.0637623071670532,6648,0.23827777802944183
0.0,False,0.0,0.0,1.999995231628418,6649,0.0736774429678917
0.0,False,0.0,0.0,1.9999935626983643,6650,0.18795162439346313
0.0,False,0.0,0.0,1.9999940395355225,6651,0.45900583267211914
0.0,False,0.0,0.0,1.9999947547912598,6652,0.046525999903678894
0.9872225522994995,True,0.9872207641601562,0.0,1.0127750635147095,6653,0.9050938487052917
0.0,False,0.0,0.0,1.999995470046997,6654,0.14579197764396667
0.0,False,0.0,0.0,1.9999929666519165,6655,0.1287473440170288
0.0,False,0.0,0.0,1.9999947547912598,6656,0.09525303542613983
0.0,False,0.0,0.0,1.9999940395355225,6657,0.19491475820541382
0.0,False,0.0,0.0,1.9999947547912598,6658,0.02754047140479088
0.0,False,0.0,0.0,1.9999957084655762,6659,0.04455612972378731
0.0,False,0.0,0.0,1.9999955892562866,6660,0.0029345527291297913
0.0,False,0.0,0.0,1.999992847442627,6661,0.3209945261478424
0.0,False,0.0,0.0,1.9999943971633911,6662,0.11040356010198593
0.0,False,0.0,0.0,1.9999935626983643,6663,0.14873383939266205
0.0,False,0.0,0.0,1.9999940395355225,6664,0.14400672912597656
0.0,False,0.0,0.0,1.9999935626983643,6665,0.36629417538642883
0.0,False,0.0,0.0,1.9999926090240479,6666,0.12161999940872192
0.0,False,0.0,0.0,1.999995470046997,6667,0.08815530687570572
0.0,False,0.0,0.0,1.9999955892562866,6668,0.006488696672022343
0.0,False,0.0,0.0,1.999992847442627,6669,0.2299632877111435
0.0,False,0.0,0.0,1.9999957084655762,6670,0.0041609774343669415
0.0,False,0.0,0.0,1.999995470046997,6671,0.00023462300305254757
0.0,False,0.0,0.0,1.9999942779541016,6672,0.32697492837905884
0.0,False,0.0,0.0,1.9999926090240479,6673,0.060695916414260864
0.0,False,0.0,0.0,1.999995470046997,6674,0.0005604526959359646
0.0,False,0.0,0.0,1.9999947547912598,6675,0.06348766386508942
0.0,False,0.0,0.0,1.999995470046997,6676,0.006566367112100124
0.0,False,0.0,0.0,1.9999948740005493,6677,0.3094806671142578
0.0,False,0.0,0.0,1.999995470046997,6678,0.025883592665195465
0.0,False,0.0,0.0,1.9999938011169434,6679,0.39697420597076416
0.0,False,0.0,0.0,1.9999946355819702,6680,0.1811644434928894
0.0,False,0.0,0.0,1.9999946355819702,6681,0.07016677409410477
0.0,False,0.0,0.0,1.9999934434890747,6682,0.287576824426651
0.0,False,0.0,0.0,0.9999972581863403,6683,0.3844106197357178
0.0,False,0.0,0.0,1.9999945163726807,6684,0.03444090858101845
0.0,False,0.0,0.0,1.9999957084655762,6685,0.03659816086292267
0.0,False,0.0,0.0,1.9999947547912598,6686,0.03600766137242317
0.0,False,0.0,0.0,1.9999945163726807,6687,0.09427736699581146
0.0,False,0.0,0.0,1.9999946355819702,6688,0.10493823140859604
0.0,False,0.0,0.0,1.999994158744812,6689,0.13573017716407776
0.0,False,0.0,0.0,1.999993085861206,6690,0.19029681384563446
0.0,False,0.0,0.0,1.999994158744812,6691,0.3920312523841858
0.0,False,0.0,0.0,1.999995470046997,6692,0.0063949706964194775
0.0,False,0.0,0.0,1.999994158744812,6693,0.11550356447696686
0.0,False,0.0,0.0,1.9999949932098389,6694,0.009610872715711594
0.0,False,0.0,0.0,1.9999958276748657,6695,0.052786655724048615
0.0,False,0.0,0.0,1.9999938011169434,6696,0.4417714774608612
0.0,False,0.0,0.0,1.999992847442627,6697,0.46258485317230225
0.0,False,0.0,0.0,1.9999909400939941,6698,0.424810528755188
0.0,False,0.0,0.0,1.999993085861206,6699,0.19208526611328125
0.0,False,0.0,0.0,1.9999935626983643,6700,0.167520210146904
1.1393314599990845,True,1.1393285989761353,0.0,0.8606656789779663,6701,0.8482465744018555
0.0,False,0.0,0.0,1.9999951124191284,6702,0.0038583329878747463
0.0,False,0.0,0.0,1.999995231628418,6703,0.009530889801681042
0.0,False,0.0,0.0,1.999995231628418,6704,0.004319984465837479
0.0,False,0.0,0.0,1.9999933242797852,6705,0.8638286590576172
0.0,False,0.0,0.0,1.999995231628418,6706,0.0006852336809970438
0.0,False,0.0,0.0,1.9999953508377075,6707,0.04166312515735626
0.0,False,0.0,0.0,1.9999957084655762,6708,0.0016229809261858463
0.9996392726898193,True,0.9996373057365417,0.0,1.0003587007522583,6709,0.6597381830215454
0.0,False,0.0,0.0,1.9999947547912598,6710,0.018131721764802933
0.0,False,0.0,0.0,1.9999949932098389,6711,0.0060193659737706184
0.0,False,0.0,0.0,1.9999949932098389,6712,0.011600685305893421
0.0,False,0.0,0.0,1.9999949932098389,6713,0.03655422478914261
0.0,False,0.0,0.0,1.9999943971633911,6714,0.29405370354652405
0.0,False,0.0,0.0,0.9999966621398926,6715,0.29391101002693176
0.0,False,0.0,0.0,1.9999940395355225,6716,0.12409715354442596
0.47927573323249817,True,0.47927460074424744,0.0,1.5207198858261108,6717,0.564683198928833
0.0,False,0.0,0.0,1.999993920326233,6718,0.049436718225479126
0.0,False,0.0,0.0,1.9999935626983643,6719,0.010804093442857265
0.0,False,0.0,0.0,1.9999936819076538,6720,0.314706414937973
0.0,False,0.0,0.0,1.9999947547912598,6721,0.02847697213292122
0.0,False,0.0,0.0,1.9999947547912598,6722,0.050905462354421616
0.0,False,0.0,0.0,1.9999929666519165,6723,0.2974854111671448
0.0,False,0.0,0.0,1.999995470046997,6724,0.025780504569411278
0.0,False,0.0,0.0,1.9999949932098389,6725,0.5124269127845764
0.0,False,0.0,0.0,1.9999947547912598,6726,0.1660672277212143
0.9838479161262512,True,0.9838458299636841,0.0,1.016149640083313,6727,0.9617345929145813
0.0,False,0.0,0.0,1.9999957084655762,6728,0.014692170545458794
0.0,False,0.0,0.0,1.9999942779541016,6729,0.18461325764656067
0.0,False,0.0,0.0,1.9999918937683105,6730,0.4778219759464264
0.0,False,0.0,0.0,1.9999938011169434,6731,0.42735421657562256
0.0,False,0.0,0.0,1.9999943971633911,6732,0.06889133155345917
0.0,False,0.0,0.0,1.999995470046997,6733,0.010371910408139229
0.0,False,0.0,0.0,1.9999921321868896,6734,0.3725352883338928
0.0,False,0.0,0.0,1.9999922513961792,6735,0.07019799202680588
0.0,False,0.0,0.0,1.9999935626983643,6736,0.10892539471387863
0.0,False,0.0,0.0,0.9999971985816956,6737,0.1705848127603531
0.0,False,0.0,0.0,1.999995231628418,6738,0.04869275540113449
0.0,False,0.0,0.0,1.9999947547912598,6739,0.07018166780471802
0.0,False,0.0,0.0,1.9999933242797852,6740,0.2034570574760437
0.0,False,0.0,0.0,1.9999916553497314,6741,0.06227250024676323
0.0,False,0.0,0.0,1.9999933242797852,6742,0.11864862591028214
0.0,False,0.0,0.0,1.9999938011169434,6743,0.4017101526260376
0.0,False,0.0,0.0,1.9999916553497314,6744,0.01862032152712345
0.0,False,0.0,0.0,1.9999916553497314,6745,0.2241392284631729
0.0,False,0.0,0.0,1.9999910593032837,6746,0.2808205187320709
0.0,False,0.0,0.0,1.9999926090240479,6747,0.01915721409022808
0.0,False,0.0,0.0,1.9999948740005493,6748,0.1946292370557785
0.0,False,0.0,0.0,1.9999922513961792,6749,0.15165074169635773
0.0,False,0.0,0.0,1.9999934434890747,6750,0.232399120926857
1.0998119115829468,True,1.0998095273971558,0.0,0.9001851677894592,6751,0.8818255662918091
0.0,False,0.0,0.0,1.9999912977218628,6752,0.09711536020040512
0.0,False,0.0,0.0,1.9999942779541016,6753,0.22574642300605774
0.0,False,0.0,0.0,1.9999936819076538,6754,0.4903891086578369
0.0,False,0.0,0.0,1.9999942779541016,6755,0.11920773237943649
0.0,False,0.0,0.0,1.9999938011169434,6756,0.10803689807653427
0.0,False,0.0,0.0,1.9999938011169434,6757,0.09063167870044708
0.0,False,0.0,0.0,1.9999926090240479,6758,0.34324976801872253
0.0,False,0.0,0.0,1.9999947547912598,6759,0.21475349366664886
0.9990071654319763,True,0.9990049004554749,0.0,1.0009899139404297,6760,0.9528945684432983
0.0,False,0.0,0.0,1.9999929666519165,6761,0.6859474778175354
0.0,False,0.0,0.0,0.9999978542327881,6762,0.13061390817165375
0.0,False,0.0,0.0,1.9999953508377075,6763,0.009109258651733398
0.0,False,0.0,0.0,1.9999927282333374,6764,0.26807066798210144
0.0,False,0.0,0.0,1.9999958276748657,6765,0.0023513450287282467
0.0,False,0.0,0.0,1.9999948740005493,6766,0.9371389150619507
0.0,False,0.0,0.0,1.999994158744812,6767,0.12211541086435318
0.0,False,0.0,0.0,1.999995470046997,6768,0.0014642828609794378
0.0,False,0.0,0.0,1.9999945163726807,6769,0.014452849514782429
0.0,False,0.0,0.0,1.999995231628418,6770,0.012708466500043869
0.0,False,0.0,0.0,1.9999955892562866,6771,0.002206851029768586
0.0,False,0.0,0.0,1.9999940395355225,6772,0.29209208488464355
0.0,False,0.0,0.0,1.9999947547912598,6773,0.48350802063941956
0.0,False,0.0,0.0,1.9999953508377075,6774,0.023337746039032936
0.0,False,0.0,0.0,1.9999949932098389,6775,0.18604663014411926
0.0,False,0.0,0.0,1.999995231628418,6776,0.5026659965515137
0.0,False,0.0,0.0,1.9999945163726807,6777,0.31209129095077515
0.0,False,0.0,0.0,1.999995231628418,6778,0.0006883791065774858
0.8270719051361084,True,0.8270702362060547,0.0,1.1729257106781006,6779,0.5158504843711853
0.0,False,0.0,0.0,1.9999947547912598,6780,0.07837926596403122
0.0,False,0.0,0.0,1.999995470046997,6781,0.009443682618439198
0.0,False,0.0,0.0,1.9999923706054688,6782,0.2321457713842392
0.0,False,0.0,0.0,1.9999949932098389,6783,0.5565454363822937
0.0,False,0.0,0.0,1.9999912977218628,6784,0.08153218030929565
0.0,False,0.0,0.0,1.9999947547912598,6785,0.12204574048519135
0.8335533738136292,True,0.8335518836975098,0.0,1.1664435863494873,6786,0.4741015136241913
0.0,False,0.0,0.0,1.9999947547912598,6787,0.08729060739278793
0.0,False,0.0,0.0,1.9999942779541016,6788,0.4907646179199219
0.0,False,0.0,0.0,1.9999887943267822,6789,0.09599585831165314
0.0,False,0.0,0.0,1.9999940395355225,6790,0.1962953805923462
0.0,False,0.0,0.0,1.9999938011169434,6791,0.46116045117378235
0.0,False,0.0,0.0,1.999990463256836,6792,0.4312645494937897
1.0381470918655396,True,1.0381450653076172,0.0,0.9618504643440247,6793,0.7648801207542419
1.1377384662628174,True,1.1377358436584473,0.0,0.8622589111328125,6794,0.9295455813407898
0.0,False,0.0,0.0,1.9999920129776,6795,0.032333649694919586
0.0,False,0.0,0.0,1.999993085861206,6796,0.03590148687362671
0.0,False,0.0,0.0,1.9999946355819702,6797,0.3561723828315735
0.5911524295806885,True,0.5911514163017273,0.0,1.408844232559204,6798,0.580335795879364
0.0,False,0.0,0.0,1.9999940395355225,6799,0.22140909731388092
0.0,False,0.0,0.0,1.999993920326233,6800,0.19902941584587097
0.0,False,0.0,0.0,1.999995231628418,6801,0.006501426920294762
0.0,False,0.0,0.0,1.999995231628418,6802,0.24321426451206207
0.0,False,0.0,0.0,1.9999947547912598,6803,0.05835290998220444
0.0,False,0.0,0.0,1.9999945163726807,6804,0.05608832836151123
0.0,False,0.0,0.0,1.999995470046997,6805,0.11208760738372803
0.0,False,0.0,0.0,1.9999947547912598,6806,0.5024855136871338
0.0,False,0.0,0.0,1.999995470046997,6807,0.07466865330934525
0.0,False,0.0,0.0,1.9999946355819702,6808,0.1064663901925087
0.0,False,0.0,0.0,1.9999942779541016,6809,0.16419687867164612
0.0,False,0.0,0.0,1.9999923706054688,6810,0.8221628665924072
0.0,False,0.0,0.0,1.999994158744812,6811,0.2595936059951782
1.104032039642334,True,1.1040295362472534,0.0,0.8959651589393616,6812,0.9094727039337158
0.0,False,0.0,0.0,1.9999955892562866,6813,0.0061515080742537975
0.0,False,0.0,0.0,1.9999933242797852,6814,0.11425679922103882
0.0,False,0.0,0.0,1.9999947547912598,6815,0.15284156799316406
0.8627100586891174,True,0.862708330154419,0.0,1.1372870206832886,6816,0.4652501046657562
0.0,False,0.0,0.0,1.999990463256836,6817,0.07474943995475769
0.0,False,0.0,0.0,1.9999945163726807,6818,0.2474011480808258
0.0,False,0.0,0.0,1.9999934434890747,6819,0.03325733169913292
0.0,False,0.0,0.0,1.9999921321868896,6820,0.04907521605491638
0.0,False,0.0,0.0,1.9999938011169434,6821,0.8665742874145508
0.0,False,0.0,0.0,1.9999945163726807,6822,0.07475453615188599
0.0,False,0.0,0.0,1.999995470046997,6823,0.010156288743019104
0.0,False,0.0,0.0,1.999994158744812,6824,0.696043848991394
0.0,False,0.0,0.0,1.9999955892562866,6825,0.016484377905726433
0.0,False,0.0,0.0,1.999995231628418,6826,0.0033906660974025726
0.0,False,0.0,0.0,1.9999908208847046,6827,0.10179045051336288
0.0,False,0.0,0.0,1.9999949932098389,6828,0.13983377814292908
0.0,False,0.0,0.0,1.9999958276748657,6829,0.009622294455766678
0.0,False,0.0,0.0,1.9999909400939941,6830,0.23721002042293549
0.0,False,0.0,0.0,1.999993085861206,6831,0.13533784449100494
0.0,False,0.0,0.0,1.9999953508377075,6832,0.11710173636674881
0.47495734691619873,True,0.4749564230442047,0.0,1.5250380039215088,6833,0.8170980215072632
0.9998623132705688,True,0.999860405921936,0.0,1.0001356601715088,6834,0.6865957379341125
0.0,False,0.0,0.0,1.9999957084655762,6835,0.02688751555979252
0.0,False,0.0,0.0,1.9999949932098389,6836,0.14287342131137848
0.0,False,0.0,0.0,1.9999947547912598,6837,0.18396791815757751
0.0,False,0.0,0.0,1.9999935626983643,6838,0.26237910985946655
0.0,False,0.0,0.0,1.999992847442627,6839,0.167864128947258
0.0,False,0.0,0.0,1.999995470046997,6840,0.13070587813854218
0.0,False,0.0,0.0,1.9999945163726807,6841,0.06541863828897476
0.0,False,0.0,0.0,1.9999934434890747,6842,0.0557357594370842
0.0,False,0.0,0.0,1.9999947547912598,6843,0.0974569320678711
0.0,False,0.0,0.0,1.999993085861206,6844,0.03718843311071396
0.0,False,0.0,0.0,1.9999940395355225,6845,0.030531976372003555
0.0,False,0.0,0.0,1.999992847442627,6846,0.21233512461185455
0.0,False,0.0,0.0,1.9999926090240479,6847,0.15152771770954132
0.0,False,0.0,0.0,1.9999953508377075,6848,0.06820666790008545
0.0,False,0.0,0.0,1.9999940395355225,6849,0.41405701637268066
0.0,False,0.0,0.0,1.9999924898147583,6850,0.3266803026199341
0.0,False,0.0,0.0,1.9999948740005493,6851,0.17956730723381042
0.0,False,0.0,0.0,1.9999948740005493,6852,0.07880055904388428
0.0,False,0.0,0.0,1.9999945163726807,6853,0.22899676859378815
0.0,False,0.0,0.0,0.999997615814209,6854,0.219052255153656
0.0,False,0.0,0.0,1.9999947547912598,6855,0.10238093137741089
0.0,False,0.0,0.0,1.999995470046997,6856,0.025986550375819206
0.0,False,0.0,0.0,1.999995470046997,6857,0.0014996977988630533
0.0,False,0.0,0.0,1.9999949932098389,6858,0.04810940474271774
0.0,False,0.0,0.0,1.9999929666519165,6859,0.6965251564979553
0.9954560995101929,True,0.9954536557197571,0.0,1.0045415163040161,6860,0.9095556735992432
0.0,False,0.0,0.0,1.9999951124191284,6861,0.06609397381544113
0.0,False,0.0,0.0,1.999995231628418,6862,0.07649349421262741
1.0,True,0.9999977350234985,0.0,0.9999971389770508,6863,0.7479819059371948
0.0,False,0.0,0.0,1.999995470046997,6864,0.05305754765868187
0.0,False,0.0,0.0,1.9999916553497314,6865,0.06387993693351746
0.0,False,0.0,0.0,1.9999940395355225,6866,0.25576409697532654
0.0,False,0.0,0.0,1.9999959468841553,6867,0.004958441946655512
0.0,False,0.0,0.0,1.9999959468841553,6868,0.0016133285826072097
0.0,False,0.0,0.0,1.9999922513961792,6869,0.12874901294708252
0.0,False,0.0,0.0,1.999995470046997,6870,0.004427991341799498
0.0,False,0.0,0.0,1.9999938011169434,6871,0.31860390305519104
0.0,False,0.0,0.0,1.9999914169311523,6872,0.14409932494163513
0.0,False,0.0,0.0,1.9999955892562866,6873,0.02467113733291626
0.0,False,0.0,0.0,1.999993085861206,6874,0.05801376700401306
0.0,False,0.0,0.0,1.9999949932098389,6875,0.055445048958063126
0.0,False,0.0,0.0,1.9999953508377075,6876,0.011927423998713493
0.0,False,0.0,0.0,1.999995231628418,6877,0.01837591640651226
0.9216389060020447,True,0.921636700630188,0.0,1.0783568620681763,6878,0.9550004005432129
0.0,False,0.0,0.0,1.9999955892562866,6879,0.007592891342937946
0.0,False,0.0,0.0,1.9999949932098389,6880,0.10360833257436752
0.0,False,0.0,0.0,1.999995231628418,6881,0.32826733589172363
0.7883458733558655,True,0.7883443832397461,0.0,1.2116514444351196,6882,0.20613346993923187
0.0,False,0.0,0.0,1.9999948740005493,6883,0.013919522054493427
0.0,False,0.0,0.0,1.9999957084655762,6884,0.009762777015566826
0.0,False,0.0,0.0,1.9999929666519165,6885,0.5015577673912048
0.0,False,0.0,0.0,1.9999951124191284,6886,0.028426872566342354
0.0,False,0.0,0.0,1.9999940395355225,6887,0.2071634978055954
0.0,False,0.0,0.0,1.999995231628418,6888,0.0056640938855707645
0.0,False,0.0,0.0,1.9999945163726807,6889,0.010398711077868938
0.0,False,0.0,0.0,1.9999942779541016,6890,0.38985568284988403
0.0,False,0.0,0.0,1.9999949932098389,6891,0.5781932473182678
0.0,False,0.0,0.0,1.999995231628418,6892,0.037579167634248734
0.0,False,0.0,0.0,1.9999953508377075,6893,0.4625072181224823
0.0,False,0.0,0.0,0.9999976754188538,6894,0.5810439586639404
0.0,False,0.0,0.0,1.9999948740005493,6895,0.567639172077179
0.0,False,0.0,0.0,1.9999949932098389,6896,0.07826605439186096
0.0,False,0.0,0.0,1.9999949932098389,6897,0.03161939978599548
0.0,False,0.0,0.0,1.9999945163726807,6898,0.12285787612199783
0.0,False,0.0,0.0,1.9999951124191284,6899,0.05986453965306282
0.0,False,0.0,0.0,1.9999948740005493,6900,0.22490864992141724
0.0,False,0.0,0.0,1.9999942779541016,6901,0.019933179020881653
0.0,False,0.0,0.0,1.9999942779541016,6902,0.015751253813505173
0.0,False,0.0,0.0,1.9999946355819702,6903,0.015832843258976936
0.0,False,0.0,0.0,1.9999949932098389,6904,0.8768025040626526
0.0,False,0.0,0.0,1.9999945163726807,6905,0.05192665383219719
0.0,False,0.0,0.0,1.9999949932098389,6906,0.1881372034549713
0.0,False,0.0,0.0,1.9999946355819702,6907,0.14139489829540253
0.0,False,0.0,0.0,1.9999935626983643,6908,0.012349598109722137
0.0,False,0.0,0.0,1.999995470046997,6909,0.2848021388053894
0.0,False,0.0,0.0,1.9999940395355225,6910,0.15659083425998688
0.0,False,0.0,0.0,1.9999929666519165,6911,0.013125334866344929
0.0,False,0.0,0.0,1.9999949932098389,6912,0.13019561767578125
0.0,False,0.0,0.0,1.9999949932098389,6913,0.13235822319984436
0.0,False,0.0,0.0,1.9999949932098389,6914,0.09440556168556213
0.0,False,0.0,0.0,1.9999947547912598,6915,0.4740361273288727
0.0,False,0.0,0.0,1.9999949932098389,6916,0.004864849150180817
0.0,False,0.0,0.0,1.9999945163726807,6917,0.24885956943035126
0.0,False,0.0,0.0,1.999995231628418,6918,0.04997442662715912
0.9253664016723633,True,0.9253642559051514,0.0,1.074630618095398,6919,0.8891109228134155
0.08436951786279678,True,0.08436932414770126,0.0,1.9156250953674316,6920,0.3361395597457886
0.0,False,0.0,0.0,1.9999949932098389,6921,0.15973034501075745
0.0,False,0.0,0.0,1.999994158744812,6922,0.0637332871556282
0.0,False,0.0,0.0,1.9999948740005493,6923,0.06478439271450043
1.9781782627105713,True,1.978173851966858,0.0,0.021821701899170876,6924,0.9001549482345581
0.0,False,0.0,0.0,1.9999927282333374,6925,0.016583720222115517
0.0,False,0.0,0.0,1.999995231628418,6926,0.09734898805618286
0.0,False,0.0,0.0,1.9999945163726807,6927,0.16700232028961182
0.0,False,0.0,0.0,1.9999938011169434,6928,0.1357569396495819
0.0,False,0.0,0.0,1.9999933242797852,6929,0.5371326208114624
0.0,False,0.0,0.0,1.9999945163726807,6930,0.011032070964574814
0.9927577376365662,True,0.9927557706832886,0.0,1.0072400569915771,6931,0.5666940212249756
0.0,False,0.0,0.0,1.9999938011169434,6932,0.18928587436676025
0.0,False,0.0,0.0,1.9999945163726807,6933,0.06253468990325928
0.0,False,0.0,0.0,1.9999947547912598,6934,0.027414413169026375
0.0,False,0.0,0.0,1.9999938011169434,6935,0.39346855878829956
0.0,False,0.0,0.0,1.9999942779541016,6936,0.04366225004196167
0.0,False,0.0,0.0,1.9999940395355225,6937,0.009261229075491428
0.0,False,0.0,0.0,1.9999938011169434,6938,0.17240764200687408
0.0,False,0.0,0.0,1.9999959468841553,6939,0.006202147342264652
0.0,False,0.0,0.0,1.9999945163726807,6940,0.028922168537974358
0.0,False,0.0,0.0,1.9999945163726807,6941,0.03360302001237869
0.0,False,0.0,0.0,1.9999940395355225,6942,0.3205606937408447
0.0,False,0.0,0.0,0.999997079372406,6943,0.3697749376296997
0.0,False,0.0,0.0,1.999995470046997,6944,0.002189409686252475
0.0,False,0.0,0.0,1.9999942779541016,6945,0.47152483463287354
0.0,False,0.0,0.0,1.9999940395355225,6946,0.21222488582134247
0.0,False,0.0,0.0,1.9999945163726807,6947,0.5489080548286438
0.0,False,0.0,0.0,1.9999938011169434,6948,0.06531248986721039
0.0,False,0.0,0.0,1.9999957084655762,6949,0.0018756042700260878
0.0,False,0.0,0.0,1.9999957084655762,6950,0.012257619760930538
0.0,False,0.0,0.0,1.9999957084655762,6951,0.0030752671882510185
0.0,False,0.0,0.0,1.9999935626983643,6952,0.15648990869522095
0.0,False,0.0,0.0,1.9999951124191284,6953,0.21157260239124298
0.0,False,0.0,0.0,1.9999940395355225,6954,0.014263947494328022
0.0,False,0.0,0.0,1.9999949932098389,6955,0.02797509729862213
0.0,False,0.0,0.0,1.9999945163726807,6956,0.13033488392829895
0.0,False,0.0,0.0,1.999992847442627,6957,0.134571835398674
0.0,False,0.0,0.0,1.9999959468841553,6958,0.0011816375190392137
0.0,False,0.0,0.0,1.9999945163726807,6959,0.11278407275676727
0.0,False,0.0,0.0,1.9999953508377075,6960,0.011401397176086903
0.0,False,0.0,0.0,1.9999949932098389,6961,0.008512919768691063
1.8862186670303345,True,1.886214017868042,0.0,0.11378107964992523,6962,0.902827799320221
0.9989372491836548,True,0.9989352822303772,0.0,1.0010603666305542,6963,0.41504499316215515
0.0,False,0.0,0.0,1.9999959468841553,6964,0.0035120572429150343
0.0,False,0.0,0.0,1.9999957084655762,6965,0.016620760783553123
0.0,False,0.0,0.0,1.9999951124191284,6966,0.4890376627445221
0.0,False,0.0,0.0,1.9999943971633911,6967,0.004437024239450693
0.0,False,0.0,0.0,1.9999921321868896,6968,0.19960810244083405
0.0,False,0.0,0.0,1.9999947547912598,6969,0.0604829303920269
0.0,False,0.0,0.0,1.999995470046997,6970,0.021801123395562172
0.0,False,0.0,0.0,1.9999938011169434,6971,0.030395515263080597
0.0,False,0.0,0.0,1.9999947547912598,6972,0.8153337836265564
0.0,False,0.0,0.0,1.9999948740005493,6973,0.8334711790084839
0.0,False,0.0,0.0,1.9999943971633911,6974,0.01110598724335432
0.0,False,0.0,0.0,1.9999945163726807,6975,0.11421791464090347
0.0,False,0.0,0.0,1.999995231628418,6976,0.10016824305057526
0.0,False,0.0,0.0,1.9999947547912598,6977,0.1673411726951599
0.0,False,0.0,0.0,1.9999948740005493,6978,0.18182964622974396
1.0,True,0.9999980926513672,0.0,0.9999980330467224,6979,0.6051825284957886
0.0,False,0.0,0.0,1.999995231628418,6980,0.10147026926279068
0.0,False,0.0,0.0,1.999995470046997,6981,0.0014798631891608238
0.0,False,0.0,0.0,1.999995470046997,6982,0.031503334641456604
0.0,False,0.0,0.0,1.9999942779541016,6983,0.04901972785592079
0.0,False,0.0,0.0,1.9999948740005493,6984,0.009237008169293404
0.0,False,0.0,0.0,1.999995231628418,6985,0.3629476726055145
0.0,False,0.0,0.0,1.9999945163726807,6986,0.7181113958358765
0.0,False,0.0,0.0,1.9999951124191284,6987,0.013746347278356552
0.0,False,0.0,0.0,1.9999945163726807,6988,0.2040933519601822
0.0,False,0.0,0.0,1.9999955892562866,6989,0.06559305638074875
0.0,False,0.0,0.0,1.9999947547912598,6990,0.012783752754330635
0.0,False,0.0,0.0,1.9999957084655762,6991,0.06494251638650894
0.0,False,0.0,0.0,1.9999955892562866,6992,0.008413323201239109
0.0,False,0.0,0.0,1.9999948740005493,6993,0.038326483219861984
0.0,False,0.0,0.0,1.999995231628418,6994,0.010871984995901585
0.0,False,0.0,0.0,1.9999947547912598,6995,0.03859663009643555
0.0,False,0.0,0.0,1.9999921321868896,6996,0.1498861014842987
0.0,False,0.0,0.0,1.9999945163726807,6997,0.3114900588989258
0.0,False,0.0,0.0,1.9999926090240479,6998,0.6190887689590454
0.0,False,0.0,0.0,1.9999955892562866,6999,0.12644436955451965
0.0,False,0.0,0.0,1.999993085861206,7000,0.4041261672973633
0.0,False,0.0,0.0,1.9999953508377075,7001,0.014317811466753483
0.0,False,0.0,0.0,1.9999945163726807,7002,0.21547098457813263
0.0,False,0.0,0.0,1.999995470046997,7003,0.11306197941303253
0.0,False,0.0,0.0,1.9999945163726807,7004,0.2024303823709488
0.0,False,0.0,0.0,1.9999942779541016,7005,0.3264223039150238
0.0,False,0.0,0.0,1.9999953508377075,7006,0.007039635442197323
0.0,False,0.0,0.0,1.9999949932098389,7007,0.044988010078668594
0.8723912239074707,True,0.8723883628845215,0.0,1.127604603767395,7008,0.6850939393043518
0.0,False,0.0,0.0,1.9999927282333374,7009,0.4696888029575348
0.0,False,0.0,0.0,1.9999921321868896,7010,0.14508149027824402
0.0,False,0.0,0.0,1.9999935626983643,7011,0.13952387869358063
0.0,False,0.0,0.0,1.9999945163726807,7012,0.20614419877529144
0.0,False,0.0,0.0,1.9999942779541016,7013,0.07069984823465347
0.0,False,0.0,0.0,1.9999926090240479,7014,0.34051263332366943
0.0,False,0.0,0.0,1.9999942779541016,7015,0.18399785459041595
0.0,False,0.0,0.0,1.999995470046997,7016,0.026142951101064682
0.0,False,0.0,0.0,1.9999951124191284,7017,0.2277011275291443
0.0,False,0.0,0.0,1.9999949932098389,7018,0.016641248017549515
0.0,False,0.0,0.0,1.999994158744812,7019,0.03411104530096054
0.0,False,0.0,0.0,1.9999933242797852,7020,0.3915693759918213
0.0,False,0.0,0.0,1.9999934434890747,7021,0.2477109432220459
0.0,False,0.0,0.0,1.999995470046997,7022,0.05776296928524971
0.0,False,0.0,0.0,1.9999947547912598,7023,0.09623470157384872
0.0,False,0.0,0.0,1.9999940395355225,7024,0.531451940536499
0.0,False,0.0,0.0,1.9999951124191284,7025,0.06617461889982224
0.0,False,0.0,0.0,1.999995470046997,7026,0.41466236114501953
0.0,False,0.0,0.0,1.999995470046997,7027,0.2822299301624298
0.0,False,0.0,0.0,1.999995231628418,7028,0.08730369806289673
0.0,False,0.0,0.0,1.9999957084655762,7029,0.006460394710302353
0.0,False,0.0,0.0,1.9999938011169434,7030,0.05655971169471741
0.0,False,0.0,0.0,1.999995470046997,7031,0.08849233388900757
0.0,False,0.0,0.0,1.9999946355819702,7032,0.03300142288208008
0.0,False,0.0,0.0,1.9999940395355225,7033,0.2471737414598465
1.9992821216583252,True,1.9992785453796387,0.0,0.0007179131498560309,7034,0.9899555444717407
0.0,False,0.0,0.0,1.9999940395355225,7035,0.02101757749915123
0.0,False,0.0,0.0,1.999995231628418,7036,0.1282442957162857
0.0,False,0.0,0.0,1.9999949932098389,7037,0.07614841312170029
0.0,False,0.0,0.0,1.9999951124191284,7038,0.005192633252590895
0.0,False,0.0,0.0,1.9999951124191284,7039,0.09051354229450226
0.0,False,0.0,0.0,1.9999938011169434,7040,0.2942121624946594
0.0,False,0.0,0.0,1.9999957084655762,7041,0.004255492240190506
0.0,False,0.0,0.0,1.9999945163726807,7042,0.7304654121398926
0.0,False,0.0,0.0,1.9999949932098389,7043,0.08764953911304474
0.8149880170822144,True,0.8149863481521606,0.0,1.1850090026855469,7044,0.6636292338371277
0.0,False,0.0,0.0,1.9999947547912598,7045,0.000950337911490351
0.0,False,0.0,0.0,1.999995231628418,7046,0.05121742561459541
0.0,False,0.0,0.0,1.999995231628418,7047,0.16959618031978607
0.0,False,0.0,0.0,1.9999949932098389,7048,0.0056558712385594845
0.0,False,0.0,0.0,1.9999942779541016,7049,0.10110044479370117
0.0,False,0.0,0.0,1.999995231628418,7050,0.13042281568050385
0.0,False,0.0,0.0,1.9999949932098389,7051,0.024212712422013283
0.0,False,0.0,0.0,1.9999921321868896,7052,0.5314286947250366
0.0,False,0.0,0.0,1.9999942779541016,7053,0.1075574979186058
0.0,False,0.0,0.0,1.9999955892562866,7054,0.0790652260184288
0.0,False,0.0,0.0,1.9999920129776,7055,0.3717228174209595
0.0,False,0.0,0.0,1.9999940395355225,7056,0.03800506889820099
0.0,False,0.0,0.0,1.99998939037323,7057,0.14875097572803497
0.19616401195526123,True,0.19616363942623138,0.0,1.8038309812545776,7058,0.48393115401268005
0.0,False,0.0,0.0,1.9999932050704956,7059,0.2537844777107239
0.0,False,0.0,0.0,1.999995470046997,7060,0.07211009413003922
0.0,False,0.0,0.0,1.9999912977218628,7061,0.5565145611763
0.0,False,0.0,0.0,1.9999945163726807,7062,0.35503482818603516
0.0,False,0.0,0.0,1.9999926090240479,7063,0.3342542052268982
0.0,False,0.0,0.0,1.9999929666519165,7064,0.030364103615283966
0.0,False,0.0,0.0,1.999995231628418,7065,0.026789870113134384
0.0,False,0.0,0.0,1.9999948740005493,7066,0.18269039690494537
0.0,False,0.0,0.0,1.9999942779541016,7067,0.5273290872573853
0.0,False,0.0,0.0,1.9999936819076538,7068,0.2399825155735016
1.1479358673095703,True,1.147932767868042,0.0,0.852060854434967,7069,0.4341309368610382
0.0,False,0.0,0.0,1.9999932050704956,7070,0.0866658166050911
0.6877996325492859,True,0.687798261642456,0.0,1.3121968507766724,7071,0.7753638625144958
0.0,False,0.0,0.0,1.9999942779541016,7072,0.37096482515335083
0.0,False,0.0,0.0,1.9999933242797852,7073,0.17512354254722595
0.0,False,0.0,0.0,1.9999923706054688,7074,0.2750811278820038
0.34440043568611145,True,0.34439975023269653,0.0,1.655595302581787,7075,0.6638102531433105
0.0,False,0.0,0.0,1.9999940395355225,7076,0.4474199116230011
0.0,False,0.0,0.0,1.9999934434890747,7077,0.10160766541957855
0.9491382837295532,True,0.9491360783576965,0.0,1.0508581399917603,7078,0.7526337504386902
0.0,False,0.0,0.0,1.9999921321868896,7079,0.3054998219013214
0.0,False,0.0,0.0,1.9999929666519165,7080,0.22313156723976135
0.0,False,0.0,0.0,1.9999948740005493,7081,0.17791809141635895
0.0,False,0.0,0.0,1.9999933242797852,7082,0.4895053505897522
0.0,False,0.0,0.0,1.9999949932098389,7083,0.26731953024864197
0.0,False,0.0,0.0,1.9999935626983643,7084,0.06538719683885574
0.0,False,0.0,0.0,1.999992847442627,7085,0.26375025510787964
0.0,False,0.0,0.0,1.9999957084655762,7086,0.0136500159278512
0.0,False,0.0,0.0,1.999993920326233,7087,0.3125170171260834
0.0,False,0.0,0.0,1.999994158744812,7088,0.08441779762506485
0.0,False,0.0,0.0,1.9999936819076538,7089,0.38194340467453003
0.0,False,0.0,0.0,1.999995231628418,7090,0.023065516725182533
0.0,False,0.0,0.0,1.9999940395355225,7091,0.11174550652503967
0.0,False,0.0,0.0,1.9999945163726807,7092,0.07906883209943771
0.0,False,0.0,0.0,1.9999958276748657,7093,0.02080884575843811
0.0,False,0.0,0.0,1.9999946355819702,7094,0.19610050320625305
0.0,False,0.0,0.0,1.9999946355819702,7095,0.494858056306839
0.0,False,0.0,0.0,1.9999945163726807,7096,0.4320300817489624
0.0,False,0.0,0.0,1.9999926090240479,7097,0.4026303291320801
0.0,False,0.0,0.0,1.9999945163726807,7098,0.48987671732902527
0.0,False,0.0,0.0,1.999994158744812,7099,0.10954871773719788
0.0,False,0.0,0.0,1.9999933242797852,7100,0.26532986760139465
0.0,False,0.0,0.0,1.9999951124191284,7101,0.3647201955318451
1.5023066997528076,True,1.5023033618927002,0.0,0.49769172072410583,7102,0.9094884991645813
0.0,False,0.0,0.0,1.9999933242797852,7103,0.29344186186790466
0.9773608446121216,True,0.9773591160774231,0.0,1.0226372480392456,7104,0.399836003780365
0.0,False,0.0,0.0,1.999995470046997,7105,0.010253178887069225
0.0,False,0.0,0.0,1.9999940395355225,7106,0.6001577973365784
0.0,False,0.0,0.0,1.999995231628418,7107,0.005376373417675495
0.0,False,0.0,0.0,1.9999955892562866,7108,0.10085847228765488
0.0,False,0.0,0.0,1.9999942779541016,7109,0.09947852045297623
0.0,False,0.0,0.0,1.9999949932098389,7110,0.02364926226437092
0.0,False,0.0,0.0,1.9999957084655762,7111,0.011874043382704258
0.0,False,0.0,0.0,1.9999923706054688,7112,0.4502425789833069
0.0,False,0.0,0.0,1.9999949932098389,7113,0.04184933006763458
0.0,False,0.0,0.0,1.9999947547912598,7114,0.11578986793756485
0.0,False,0.0,0.0,1.999995470046997,7115,0.01226335484534502
0.0,False,0.0,0.0,1.9999949932098389,7116,0.1047062799334526
0.0,False,0.0,0.0,1.9999953508377075,7117,0.03438542038202286
0.0,False,0.0,0.0,1.999995231628418,7118,0.006437492556869984
0.0,False,0.0,0.0,1.999995231628418,7119,0.34363213181495667
0.0,False,0.0,0.0,1.9999947547912598,7120,0.1307552456855774
0.0,False,0.0,0.0,1.999995470046997,7121,0.0895838737487793
0.0,False,0.0,0.0,1.9999938011169434,7122,0.06148036941885948
0.0,False,0.0,0.0,1.9999945163726807,7123,0.07094372808933258
0.0,False,0.0,0.0,1.9999940395355225,7124,0.5215578675270081
0.0,False,0.0,0.0,1.9999949932098389,7125,0.04986714571714401
0.0,False,0.0,0.0,1.9999947547912598,7126,0.3460865616798401
0.0,False,0.0,0.0,1.9999951124191284,7127,0.46765100955963135
0.0,False,0.0,0.0,1.9999947547912598,7128,0.03915122523903847
0.0,False,0.0,0.0,1.999995231628418,7129,0.0007907025865279138
0.0,False,0.0,0.0,1.9999936819076538,7130,0.22182892262935638
0.0,False,0.0,0.0,1.9999935626983643,7131,0.36287954449653625
0.0,False,0.0,0.0,1.9999949932098389,7132,0.10617928951978683
0.0,False,0.0,0.0,1.9999946355819702,7133,0.40077564120292664
0.0,False,0.0,0.0,1.9999938011169434,7134,0.3650941252708435
0.0,False,0.0,0.0,1.9999949932098389,7135,0.5175642967224121
0.0,False,0.0,0.0,1.999995231628418,7136,0.1010412871837616
0.0,False,0.0,0.0,1.9999957084655762,7137,0.07460802048444748
0.0,False,0.0,0.0,1.9999933242797852,7138,0.12315589189529419
0.0,False,0.0,0.0,1.9999947547912598,7139,0.3581000566482544
0.0,False,0.0,0.0,1.9999949932098389,7140,0.1468249261379242
0.0,False,0.0,0.0,1.9999955892562866,7141,0.024309054017066956
0.0,False,0.0,0.0,1.9999924898147583,7142,0.05531558766961098
0.0,False,0.0,0.0,1.999993920326233,7143,0.13958697021007538
0.0,False,0.0,0.0,1.9999951124191284,7144,0.12814852595329285
0.0,False,0.0,0.0,1.9999948740005493,7145,0.047567643225193024
0.0,False,0.0,0.0,1.9999946355819702,7146,0.09518192708492279
0.0,False,0.0,0.0,1.999995231628418,7147,0.007819616235792637
0.0,False,0.0,0.0,1.9999946355819702,7148,0.031180528923869133
0.0,False,0.0,0.0,1.9999942779541016,7149,0.09479740262031555
0.0,False,0.0,0.0,1.999995470046997,7150,0.040234941989183426
0.0,False,0.0,0.0,1.9999916553497314,7151,0.15504992008209229
0.0,False,0.0,0.0,1.999993085861206,7152,0.2223711907863617
0.0,False,0.0,0.0,1.9999942779541016,7153,0.015533100813627243
0.0,False,0.0,0.0,1.999995231628418,7154,0.17351581156253815
0.0,False,0.0,0.0,1.999995231628418,7155,0.1442791074514389
0.0,False,0.0,0.0,1.9999948740005493,7156,0.6149242520332336
0.0,False,0.0,0.0,1.9999948740005493,7157,0.11497415602207184
0.0,False,0.0,0.0,1.9999947547912598,7158,0.2872014045715332
0.0,False,0.0,0.0,1.999995470046997,7159,0.027827300131320953
0.0,False,0.0,0.0,1.9999949932098389,7160,0.4886513948440552
0.0,False,0.0,0.0,1.999994158744812,7161,0.1253613531589508
0.0,False,0.0,0.0,1.9999945163726807,7162,0.11101178079843521
0.0,False,0.0,0.0,1.9999935626983643,7163,0.04219741374254227
0.0,False,0.0,0.0,1.9999946355819702,7164,0.14574871957302094
0.0,False,0.0,0.0,1.9999940395355225,7165,0.8936945199966431
0.0,False,0.0,0.0,1.9999958276748657,7166,0.01732189953327179
0.46071797609329224,True,0.4607168734073639,0.0,1.5392780303955078,7167,0.5126556158065796
0.0,False,0.0,0.0,1.9999947547912598,7168,0.18061578273773193
0.0,False,0.0,0.0,1.9999949932098389,7169,0.26188427209854126
0.0,False,0.0,0.0,1.9999942779541016,7170,0.37033507227897644
0.0,False,0.0,0.0,1.9999947547912598,7171,0.1889895647764206
0.8158789873123169,True,0.8158766031265259,0.0,1.1841175556182861,7172,0.8495341539382935
0.0,False,0.0,0.0,1.999995470046997,7173,0.09733277559280396
0.0,False,0.0,0.0,1.9999947547912598,7174,0.13192451000213623
0.0,False,0.0,0.0,1.9999945163726807,7175,0.09493939578533173
0.0,False,0.0,0.0,1.9999945163726807,7176,0.6537123322486877
0.0,False,0.0,0.0,1.9999957084655762,7177,0.006466917227953672
0.0,False,0.0,0.0,1.9999957084655762,7178,0.024635132402181625
0.0,False,0.0,0.0,1.999995470046997,7179,0.04909449443221092
0.0,False,0.0,0.0,1.9999947547912598,7180,0.24842509627342224
0.0,False,0.0,0.0,1.9999947547912598,7181,0.48172783851623535
0.0,False,0.0,0.0,1.999995470046997,7182,0.14481030404567719
0.0,False,0.0,0.0,1.999992847442627,7183,0.2694392204284668
0.0,False,0.0,0.0,1.9999940395355225,7184,0.6436593532562256
0.0,False,0.0,0.0,1.9999935626983643,7185,0.18470706045627594
0.0,False,0.0,0.0,1.9999947547912598,7186,0.28042691946029663
0.0,False,0.0,0.0,1.999995231628418,7187,0.04223833978176117
1.0279020071029663,True,1.0278997421264648,0.0,0.9720949530601501,7188,0.425618976354599
0.0,False,0.0,0.0,1.9999948740005493,7189,0.10511665791273117
0.0,False,0.0,0.0,1.999993920326233,7190,0.237372025847435
0.0,False,0.0,0.0,1.9999948740005493,7191,0.14280906319618225
0.0,False,0.0,0.0,1.9999942779541016,7192,0.16759885847568512
0.0,False,0.0,0.0,1.9999947547912598,7193,0.10007964819669724
0.0,False,0.0,0.0,1.999995231628418,7194,0.19001992046833038
0.0,False,0.0,0.0,1.9999938011169434,7195,0.1637778878211975
0.0,False,0.0,0.0,1.9999947547912598,7196,0.06172533333301544
0.0,False,0.0,0.0,1.9999940395355225,7197,0.3676001727581024
0.3020177185535431,True,0.3020171523094177,0.0,1.697977900505066,7198,0.7907606959342957
0.0,False,0.0,0.0,1.999993920326233,7199,0.11648216843605042
0.0,False,0.0,0.0,1.9999947547912598,7200,0.048386380076408386
0.0,False,0.0,0.0,1.9999945163726807,7201,0.055630117654800415
0.8699260950088501,True,0.8699243068695068,0.0,1.1300711631774902,7202,0.5417707562446594
0.0,False,0.0,0.0,1.999995231628418,7203,0.14528317749500275
0.0,False,0.0,0.0,1.9999923706054688,7204,0.36415034532546997
0.0,False,0.0,0.0,1.9999945163726807,7205,0.3064398467540741
0.9243031144142151,True,0.924301266670227,0.0,1.0756940841674805,7206,0.6293617486953735
0.0,False,0.0,0.0,1.9999947547912598,7207,0.3517272174358368
0.0,False,0.0,0.0,1.9999938011169434,7208,0.6764268279075623
0.0,False,0.0,0.0,1.9999948740005493,7209,0.36465486884117126
0.0,False,0.0,0.0,1.9999947547912598,7210,0.17192648351192474
0.0,False,0.0,0.0,1.9999949932098389,7211,0.07892706245183945
0.0,False,0.0,0.0,1.9999945163726807,7212,0.03637157380580902
0.0,False,0.0,0.0,1.9999947547912598,7213,0.5142675638198853
0.0,False,0.0,0.0,1.9999938011169434,7214,0.031648900359869
0.4793463349342346,True,0.4793453812599182,0.0,1.5206493139266968,7215,0.7314943671226501
0.0,False,0.0,0.0,1.9999933242797852,7216,0.14403347671031952
0.0,False,0.0,0.0,1.9999948740005493,7217,0.2560966908931732
0.0,False,0.0,0.0,1.9999932050704956,7218,0.3863350450992584
0.0,False,0.0,0.0,1.9999926090240479,7219,0.09894188493490219
1.4305148124694824,True,1.430511474609375,0.0,0.5694832801818848,7220,0.6803614497184753
0.0,False,0.0,0.0,1.9999943971633911,7221,0.3989335894584656
1.6554546356201172,True,1.6554509401321411,0.0,0.3445441722869873,7222,0.5386435389518738
0.0,False,0.0,0.0,1.999993920326233,7223,0.28308016061782837
0.0,False,0.0,0.0,1.999995231628418,7224,0.3043842017650604
0.0,False,0.0,0.0,1.999995231628418,7225,0.1882050633430481
0.0,False,0.0,0.0,1.999992847442627,7226,0.11484739184379578
0.0,False,0.0,0.0,1.9999938011169434,7227,0.12031201273202896
0.0,False,0.0,0.0,1.999995470046997,7228,0.07708059251308441
0.0,False,0.0,0.0,1.9999921321868896,7229,0.5746654868125916
0.0,False,0.0,0.0,1.9999953508377075,7230,0.004746938589960337
0.0,False,0.0,0.0,1.9999945163726807,7231,0.8124480843544006
0.0,False,0.0,0.0,1.999992847442627,7232,0.43232545256614685
0.0,False,0.0,0.0,1.9999947547912598,7233,0.08323412388563156
0.0,False,0.0,0.0,1.9999949932098389,7234,0.0029998901300132275
0.0,False,0.0,0.0,1.9999953508377075,7235,0.01895301789045334
0.0,False,0.0,0.0,1.9999946355819702,7236,0.174296572804451
0.0,False,0.0,0.0,1.9999935626983643,7237,0.15403924882411957
0.0,False,0.0,0.0,1.9999955892562866,7238,0.021126532927155495
0.0,False,0.0,0.0,1.9999942779541016,7239,0.18572011590003967
0.0,False,0.0,0.0,1.9999934434890747,7240,0.29711636900901794
0.0,False,0.0,0.0,1.9999933242797852,7241,0.38905173540115356
0.0,False,0.0,0.0,1.9999936819076538,7242,0.05639401450753212
0.0,False,0.0,0.0,1.9999935626983643,7243,0.5646764039993286
0.0,False,0.0,0.0,1.999993920326233,7244,0.28743600845336914
0.0,False,0.0,0.0,1.9999935626983643,7245,0.14690852165222168
0.0,False,0.0,0.0,1.9999932050704956,7246,0.45919474959373474
0.0,False,0.0,0.0,1.9999916553497314,7247,0.38567107915878296
0.0,False,0.0,0.0,1.9999959468841553,7248,0.11283179372549057
0.0,False,0.0,0.0,1.9999922513961792,7249,0.0760263130068779
0.0,False,0.0,0.0,1.9999943971633911,7250,0.19538088142871857
0.0,False,0.0,0.0,1.9999949932098389,7251,0.005154045298695564
0.0,False,0.0,0.0,1.999991774559021,7252,0.5653694868087769
0.0,False,0.0,0.0,1.999995470046997,7253,0.0023243676405400038
0.0,False,0.0,0.0,1.9999949932098389,7254,0.06024010479450226
0.43381446599960327,True,0.43381357192993164,0.0,1.5661804676055908,7255,0.5495827794075012
0.0,False,0.0,0.0,1.9999947547912598,7256,0.06551483273506165
0.0,False,0.0,0.0,1.9999943971633911,7257,0.25409266352653503
0.0,False,0.0,0.0,1.999992847442627,7258,0.6062870621681213
0.0,False,0.0,0.0,1.999993085861206,7259,0.5154829025268555
0.0,False,0.0,0.0,1.9999935626983643,7260,0.10783656686544418
0.0,False,0.0,0.0,1.999995231628418,7261,0.01533457450568676
0.0,False,0.0,0.0,1.9999923706054688,7262,0.41291898488998413
0.0,False,0.0,0.0,1.9999955892562866,7263,0.016196686774492264
0.0,False,0.0,0.0,1.9999938011169434,7264,0.5732090473175049
0.0,False,0.0,0.0,1.9999935626983643,7265,0.45699432492256165
0.0,False,0.0,0.0,1.999994158744812,7266,0.1440383642911911
0.0,False,0.0,0.0,1.999995231628418,7267,0.012733668088912964
0.0,False,0.0,0.0,1.9999935626983643,7268,0.4465940296649933
0.0,False,0.0,0.0,1.9999912977218628,7269,0.523656964302063
0.0,False,0.0,0.0,1.9999922513961792,7270,0.4433077573776245
0.0,False,0.0,0.0,1.9999914169311523,7271,0.06171232834458351
0.0,False,0.0,0.0,1.9999949932098389,7272,0.12820415198802948
0.0,False,0.0,0.0,1.999991536140442,7273,0.06267081201076508
0.4563099145889282,True,0.45630893111228943,0.0,1.543684482574463,7274,0.33997833728790283
0.971656084060669,True,0.971653938293457,0.0,1.0283406972885132,7275,0.6547614932060242
0.0,False,0.0,0.0,1.9999933242797852,7276,0.046345457434654236
0.0,False,0.0,0.0,1.9999933242797852,7277,0.22022375464439392
0.0,False,0.0,0.0,1.999992847442627,7278,0.05113474279642105
0.0,False,0.0,0.0,1.9999942779541016,7279,0.18799787759780884
0.0,False,0.0,0.0,1.999992847442627,7280,0.43952181935310364
0.0,False,0.0,0.0,1.9999934434890747,7281,0.2668491303920746
0.0,False,0.0,0.0,1.9999933242797852,7282,0.23464059829711914
0.0,False,0.0,0.0,1.999995470046997,7283,0.04540969431400299
0.0,False,0.0,0.0,1.9999946355819702,7284,0.1570109874010086
0.0,False,0.0,0.0,1.9999929666519165,7285,0.09676012396812439
0.0,False,0.0,0.0,1.9999938011169434,7286,0.2042500078678131
0.0,False,0.0,0.0,1.9999935626983643,7287,0.38465166091918945
0.0,False,0.0,0.0,1.9999940395355225,7288,0.1416168361902237
0.0,False,0.0,0.0,1.9999948740005493,7289,0.8296230435371399
0.0,False,0.0,0.0,1.9999948740005493,7290,0.3251631259918213
0.0,False,0.0,0.0,1.999995470046997,7291,0.015856340527534485
0.0,False,0.0,0.0,1.999995231628418,7292,0.11941549181938171
0.0,False,0.0,0.0,1.9999948740005493,7293,0.14631099998950958
0.0,False,0.0,0.0,1.9999947547912598,7294,0.2208607792854309
0.0,False,0.0,0.0,1.9999933242797852,7295,0.08204178512096405
1.3792308568954468,True,1.3792279958724976,0.0,0.6207676529884338,7296,0.9695027470588684
0.0,False,0.0,0.0,1.999995470046997,7297,0.008338111452758312
0.0,False,0.0,0.0,1.9999943971633911,7298,0.005956713110208511
0.0,False,0.0,0.0,1.9999933242797852,7299,0.4920850992202759
0.0,False,0.0,0.0,1.999995231628418,7300,0.1450730413198471
0.0,False,0.0,0.0,1.9999948740005493,7301,0.03305625170469284
0.0,False,0.0,0.0,1.9999945163726807,7302,0.23299022018909454
0.0,False,0.0,0.0,1.9999947547912598,7303,0.10776425898075104
0.0,False,0.0,0.0,1.9999955892562866,7304,0.0909745842218399
0.0,False,0.0,0.0,1.9999933242797852,7305,0.6529581546783447
0.0,False,0.0,0.0,1.9999942779541016,7306,0.295540452003479
0.0,False,0.0,0.0,1.999993920326233,7307,0.506459653377533
0.0,False,0.0,0.0,1.9999938011169434,7308,0.07893937081098557
0.9972354173660278,True,0.9972333908081055,0.0,1.0027623176574707,7309,0.8225812315940857
0.0,False,0.0,0.0,1.999995231628418,7310,0.014710922725498676
0.0,False,0.0,0.0,1.9999957084655762,7311,0.001422589411959052
0.0,False,0.0,0.0,1.9999951124191284,7312,0.03596789389848709
0.0,False,0.0,0.0,1.9999959468841553,7313,0.010212332010269165
0.0,False,0.0,0.0,1.9999957084655762,7314,0.0065270583145320415
0.0,False,0.0,0.0,1.999993920326233,7315,0.4034275710582733
0.08375813066959381,True,0.0837579295039177,0.0,1.9162354469299316,7316,0.27936431765556335
1.5109856128692627,True,1.5109822750091553,0.0,0.4890132248401642,7317,0.6774858236312866
0.0,False,0.0,0.0,1.9999945163726807,7318,0.0782146230340004
0.0,False,0.0,0.0,1.9999945163726807,7319,0.05464989319443703
0.0,False,0.0,0.0,1.999995231628418,7320,0.012984226457774639
0.0,False,0.0,0.0,1.9999957084655762,7321,0.053254906088113785
0.0,False,0.0,0.0,1.9999942779541016,7322,0.3311724364757538
0.0,False,0.0,0.0,1.999994158744812,7323,0.10994074493646622
0.0,False,0.0,0.0,1.9999947547912598,7324,0.0943453460931778
0.0,False,0.0,0.0,1.9999933242797852,7325,0.11722010374069214
0.0,False,0.0,0.0,1.9999927282333374,7326,0.39381957054138184
0.0,False,0.0,0.0,1.9999932050704956,7327,0.3141404986381531
0.0,False,0.0,0.0,0.9999968409538269,7328,0.19357725977897644
0.0,False,0.0,0.0,1.9999957084655762,7329,0.0089589087292552
0.0,False,0.0,0.0,1.9999923706054688,7330,0.11947149783372879
0.7233338356018066,True,0.7233321666717529,0.0,1.2766622304916382,7331,0.35931286215782166
0.0,False,0.0,0.0,1.999993085861206,7332,0.36326679587364197
0.0,False,0.0,0.0,1.9999932050704956,7333,0.38342565298080444
0.0,False,0.0,0.0,1.9999948740005493,7334,0.4047115743160248
0.0,False,0.0,0.0,1.9999935626983643,7335,0.3810725212097168
0.0,False,0.0,0.0,1.9999932050704956,7336,0.27896979451179504
0.0,False,0.0,0.0,1.9999942779541016,7337,0.16224408149719238
0.0,False,0.0,0.0,1.9999953508377075,7338,0.009642527438700199
0.0,False,0.0,0.0,1.9999942779541016,7339,0.5436386466026306
1.9459171295166016,True,1.9459131956100464,0.0,0.05408281832933426,7340,0.9494353532791138
0.0,False,0.0,0.0,1.9999959468841553,7341,0.01970309019088745
0.0,False,0.0,0.0,1.9999938011169434,7342,0.06538842618465424
0.0,False,0.0,0.0,1.999995470046997,7343,0.4309332072734833
0.0,False,0.0,0.0,1.9999957084655762,7344,0.004688464105129242
0.0,False,0.0,0.0,1.999995231628418,7345,0.0278608538210392
0.0,False,0.0,0.0,1.9999945163726807,7346,0.18278253078460693
0.0,False,0.0,0.0,1.9999949932098389,7347,0.09376309812068939
0.0,False,0.0,0.0,1.999995231628418,7348,0.03355897217988968
0.0,False,0.0,0.0,1.9999957084655762,7349,0.06322867423295975
0.0,False,0.0,0.0,1.999995231628418,7350,0.01070612482726574
0.0,False,0.0,0.0,1.9999935626983643,7351,0.7671674489974976
0.0,False,0.0,0.0,1.999995231628418,7352,0.0030207009986042976
0.0,False,0.0,0.0,1.999995231628418,7353,0.010827131569385529
0.0,False,0.0,0.0,1.9999947547912598,7354,0.052855491638183594
0.0,False,0.0,0.0,1.9999926090240479,7355,0.20824597775936127
0.0,False,0.0,0.0,1.999993085861206,7356,0.19619984924793243
0.0,False,0.0,0.0,1.9999951124191284,7357,0.04171818867325783
0.0,False,0.0,0.0,1.9999942779541016,7358,0.11007970571517944
0.0,False,0.0,0.0,1.999995470046997,7359,0.13644275069236755
0.0,False,0.0,0.0,1.999995231628418,7360,0.017781373113393784
0.0,False,0.0,0.0,1.9999945163726807,7361,0.009580080397427082
0.0,False,0.0,0.0,1.9999909400939941,7362,0.29520323872566223
0.0,False,0.0,0.0,1.9999959468841553,7363,0.013090020976960659
0.0,False,0.0,0.0,1.9999947547912598,7364,0.05621558800339699
0.0,False,0.0,0.0,1.9999949932098389,7365,0.006687907036393881
0.0,False,0.0,0.0,1.9999933242797852,7366,0.44473111629486084
0.0,False,0.0,0.0,1.999995231628418,7367,0.31682899594306946
0.0,False,0.0,0.0,1.999995470046997,7368,0.015134082175791264
0.0,False,0.0,0.0,1.999995470046997,7369,0.051567260175943375
0.0,False,0.0,0.0,1.9999949932098389,7370,0.02443876676261425
0.0,False,0.0,0.0,1.9999948740005493,7371,0.0033223095815628767
0.0,False,0.0,0.0,1.9999948740005493,7372,0.05102495104074478
0.0,False,0.0,0.0,1.9999957084655762,7373,0.04052681103348732
0.0,False,0.0,0.0,1.9999953508377075,7374,0.026003312319517136
0.0,False,0.0,0.0,1.9999959468841553,7375,0.0847829133272171
0.0,False,0.0,0.0,1.9999949932098389,7376,0.0005485555739142001
0.0,False,0.0,0.0,1.999995231628418,7377,0.005740908905863762
0.0,False,0.0,0.0,1.9999951124191284,7378,0.012783735990524292
0.0,False,0.0,0.0,1.9999938011169434,7379,0.40030577778816223
0.0,False,0.0,0.0,1.9999921321868896,7380,0.08483389765024185
0.0,False,0.0,0.0,1.9999926090240479,7381,0.4439912736415863
0.0,False,0.0,0.0,1.999992847442627,7382,0.47159120440483093
0.0,False,0.0,0.0,1.9999949932098389,7383,0.03286357223987579
0.0,False,0.0,0.0,1.9999927282333374,7384,0.1386035978794098
1.982917070388794,True,1.9829134941101074,0.0,0.0170828215777874,7385,0.9255726933479309
0.0,False,0.0,0.0,1.9999940395355225,7386,0.1163702979683876
0.0,False,0.0,0.0,1.9999921321868896,7387,0.3127833902835846
0.0,False,0.0,0.0,1.9999940395355225,7388,0.23546800017356873
0.0,False,0.0,0.0,1.9999942779541016,7389,0.08353523910045624
0.0,False,0.0,0.0,1.9999947547912598,7390,0.055282074958086014
0.0,False,0.0,0.0,1.999995231628418,7391,0.0032342502381652594
0.0,False,0.0,0.0,1.999995470046997,7392,0.059758882969617844
0.0,False,0.0,0.0,1.9999926090240479,7393,0.11246828734874725
0.0,False,0.0,0.0,1.999995470046997,7394,0.06341563165187836
0.0,False,0.0,0.0,1.9999935626983643,7395,0.027002347633242607
0.0,False,0.0,0.0,1.9999936819076538,7396,0.09075936675071716
0.0,False,0.0,0.0,1.999992847442627,7397,0.16684481501579285
0.0,False,0.0,0.0,1.9999949932098389,7398,0.012367728166282177
0.0,False,0.0,0.0,1.9999935626983643,7399,0.4408775866031647
1.8729727268218994,True,1.872969150543213,0.0,0.12702687084674835,7400,0.9981452226638794
0.0,False,0.0,0.0,1.9999938011169434,7401,0.3414938747882843
0.0,False,0.0,0.0,1.9999935626983643,7402,0.20332226157188416
0.0,False,0.0,0.0,1.999995470046997,7403,0.030917160212993622
0.0,False,0.0,0.0,1.9999949932098389,7404,0.17423881590366364
0.0,False,0.0,0.0,1.999993085861206,7405,0.35878226161003113
0.0,False,0.0,0.0,1.9999940395355225,7406,0.11626003682613373
0.0,False,0.0,0.0,1.9999947547912598,7407,0.4831547439098358
0.0,False,0.0,0.0,1.999991774559021,7408,0.04197655990719795
0.0,False,0.0,0.0,1.999993920326233,7409,0.12584179639816284
0.0,False,0.0,0.0,1.9999948740005493,7410,0.21257053315639496
0.0,False,0.0,0.0,1.999995470046997,7411,0.09130985289812088
0.0,False,0.0,0.0,1.9999951124191284,7412,0.03514834865927696
0.0,False,0.0,0.0,1.999995231628418,7413,0.01749415136873722
0.0,False,0.0,0.0,1.999995231628418,7414,0.0131958844140172
0.0,False,0.0,0.0,1.9999940395355225,7415,0.3596305251121521
0.0,False,0.0,0.0,1.9999945163726807,7416,0.03788623958826065
0.9931745529174805,True,0.9931725263595581,0.0,1.0068230628967285,7417,0.7484907507896423
0.0,False,0.0,0.0,1.999994158744812,7418,0.004899397026747465
0.0,False,0.0,0.0,1.9999943971633911,7419,0.05599310249090195
0.0,False,0.0,0.0,1.999994158744812,7420,0.2731245756149292
0.0,False,0.0,0.0,1.9999932050704956,7421,0.05874791368842125
0.0,False,0.0,0.0,1.999993085861206,7422,0.42733123898506165
0.0,False,0.0,0.0,1.9999932050704956,7423,0.136865496635437
0.0,False,0.0,0.0,1.999992847442627,7424,0.40638837218284607
0.0,False,0.0,0.0,1.9999935626983643,7425,0.13598954677581787
0.0,False,0.0,0.0,1.9999947547912598,7426,0.013562895357608795
0.0,False,0.0,0.0,1.9999945163726807,7427,0.021424921229481697
0.0,False,0.0,0.0,1.9999934434890747,7428,0.1034754142165184
0.0,False,0.0,0.0,1.9999942779541016,7429,0.20062918961048126
0.0,False,0.0,0.0,1.999995470046997,7430,0.09476358443498611
0.0,False,0.0,0.0,1.9999945163726807,7431,0.036784060299396515
0.0,False,0.0,0.0,1.9999935626983643,7432,0.08767636865377426
0.0,False,0.0,0.0,1.9999933242797852,7433,0.16789473593235016
0.0,False,0.0,0.0,1.999992847442627,7434,0.08582364767789841
0.0,False,0.0,0.0,1.9999938011169434,7435,0.3442714214324951
0.0,False,0.0,0.0,1.9999927282333374,7436,0.4484610855579376
0.0,False,0.0,0.0,1.9999929666519165,7437,0.04140341281890869
0.0,False,0.0,0.0,1.999992847442627,7438,0.17826204001903534
0.0,False,0.0,0.0,1.9999940395355225,7439,0.06263263523578644
0.0,False,0.0,0.0,1.9999920129776,7440,0.05402132868766785
0.0,False,0.0,0.0,1.9999942779541016,7441,0.2363007813692093
0.0,False,0.0,0.0,1.9999940395355225,7442,0.2686840891838074
0.0,False,0.0,0.0,1.9999943971633911,7443,0.10671800374984741
0.0,False,0.0,0.0,1.9999933242797852,7444,0.3666241466999054
0.0,False,0.0,0.0,1.9999933242797852,7445,0.06677410006523132
0.0,False,0.0,0.0,1.9999947547912598,7446,0.20699714124202728
0.0,False,0.0,0.0,1.9999942779541016,7447,0.05423691123723984
0.0,False,0.0,0.0,1.9999916553497314,7448,0.008109521120786667
0.0,False,0.0,0.0,1.9999942779541016,7449,0.0859207883477211
0.0,False,0.0,0.0,1.9999940395355225,7450,0.2998625934123993
0.0,False,0.0,0.0,1.9999938011169434,7451,0.11999204009771347
0.0,False,0.0,0.0,1.9999942779541016,7452,0.007303154096007347
0.0,False,0.0,0.0,1.9999918937683105,7453,0.11654792726039886
0.0,False,0.0,0.0,1.9999942779541016,7454,0.2253144085407257
0.0,False,0.0,0.0,1.9999938011169434,7455,0.10551563650369644
0.0,False,0.0,0.0,1.9999933242797852,7456,0.3345382511615753
0.0,False,0.0,0.0,1.999995231628418,7457,0.04956914484500885
0.0,False,0.0,0.0,1.9999916553497314,7458,0.059623345732688904
0.0,False,0.0,0.0,1.9999940395355225,7459,0.1444881558418274
0.0,False,0.0,0.0,1.999994158744812,7460,0.008151112124323845
0.0,False,0.0,0.0,1.9999948740005493,7461,0.03784115985035896
0.0,False,0.0,0.0,1.9999935626983643,7462,0.17366920411586761
0.0,False,0.0,0.0,1.9999909400939941,7463,0.08136840164661407
0.0,False,0.0,0.0,1.999995231628418,7464,0.02013178914785385
0.0,False,0.0,0.0,1.9999945163726807,7465,0.26373612880706787
0.0,False,0.0,0.0,1.9999905824661255,7466,0.1414720118045807
0.0,False,0.0,0.0,1.9999942779541016,7467,0.03937576711177826
0.0,False,0.0,0.0,1.9999955892562866,7468,0.011387479491531849
0.0,False,0.0,0.0,1.999995231628418,7469,0.005650561302900314
0.0,False,0.0,0.0,1.9999949932098389,7470,0.229653000831604
0.0,False,0.0,0.0,1.999995231628418,7471,0.13581186532974243
0.0,False,0.0,0.0,1.9999914169311523,7472,0.788013756275177
1.4731389284133911,True,1.4731357097625732,0.0,0.5268598794937134,7473,0.9913778305053711
0.0,False,0.0,0.0,1.999995231628418,7474,0.007357330061495304
0.0,False,0.0,0.0,1.9999949932098389,7475,0.005553502589464188
0.0,False,0.0,0.0,1.999995231628418,7476,0.009713695384562016
0.0,False,0.0,0.0,1.9999938011169434,7477,0.5155743956565857
0.0,False,0.0,0.0,1.9999940395355225,7478,0.21371065080165863
0.0,False,0.0,0.0,1.9999947547912598,7479,0.15193335711956024
0.0,False,0.0,0.0,1.9999949932098389,7480,0.3564336597919464
0.0,False,0.0,0.0,1.999995231628418,7481,0.010527357459068298
1.1829991340637207,True,1.1829966306686401,0.0,0.8169988393783569,7482,0.757113516330719
0.0,False,0.0,0.0,1.9999947547912598,7483,0.02134150080382824
0.0,False,0.0,0.0,1.9999957084655762,7484,0.001838624943047762
0.0,False,0.0,0.0,1.9999940395355225,7485,0.3598010838031769
0.0,False,0.0,0.0,1.999995231628418,7486,0.0028970646671950817
0.0,False,0.0,0.0,1.999993085861206,7487,0.11348918080329895
0.0,False,0.0,0.0,1.9999947547912598,7488,0.16835826635360718
0.0,False,0.0,0.0,1.9999942779541016,7489,0.007266227155923843
0.0,False,0.0,0.0,1.9999938011169434,7490,0.6238091588020325
0.0,False,0.0,0.0,1.999993085861206,7491,0.12829986214637756
0.0,False,0.0,0.0,1.9999949932098389,7492,0.07711676508188248
0.0,False,0.0,0.0,1.9999947547912598,7493,0.11156938970088959
0.0,False,0.0,0.0,1.9999940395355225,7494,0.2819782793521881
0.0,False,0.0,0.0,1.9999940395355225,7495,0.1497885286808014
0.0,False,0.0,0.0,1.9999949932098389,7496,0.40499910712242126
0.0,False,0.0,0.0,1.9999958276748657,7497,0.07842680811882019
0.0,False,0.0,0.0,1.9999957084655762,7498,0.04485531896352768
0.0,False,0.0,0.0,1.999992847442627,7499,0.1476995199918747
0.0,False,0.0,0.0,1.999995470046997,7500,0.007918240502476692
0.8096154928207397,True,0.8096134662628174,0.0,1.1903815269470215,7501,0.5293515920639038
0.0,False,0.0,0.0,1.9999940395355225,7502,0.5092392563819885
0.0,False,0.0,0.0,1.9999957084655762,7503,0.04679582267999649
0.0,False,0.0,0.0,1.999993085861206,7504,0.16285981237888336
0.0,False,0.0,0.0,1.9999945163726807,7505,0.009038839489221573
0.0,False,0.0,0.0,1.9999951124191284,7506,0.009699756279587746
0.0,False,0.0,0.0,1.9999942779541016,7507,0.13736362755298615
0.0,False,0.0,0.0,1.999994158744812,7508,0.03448471426963806
0.0,False,0.0,0.0,1.9999945163726807,7509,0.035246968269348145
0.0,False,0.0,0.0,1.9999933242797852,7510,0.22214718163013458
0.0,False,0.0,0.0,1.9999949932098389,7511,0.10396457463502884
0.0,False,0.0,0.0,1.9999949932098389,7512,0.3469475507736206
0.0,False,0.0,0.0,1.999995231628418,7513,0.03012925013899803
0.9992552995681763,True,0.99925297498703,0.0,1.0007421970367432,7514,0.9419569373130798
0.0,False,0.0,0.0,1.999995470046997,7515,0.16798898577690125
0.0,False,0.0,0.0,1.999995231628418,7516,0.2054114192724228
0.0,False,0.0,0.0,1.999995470046997,7517,0.015087501145899296
0.0,False,0.0,0.0,1.9999940395355225,7518,0.3130582571029663
0.0,False,0.0,0.0,1.9999933242797852,7519,0.3279964327812195
0.9999572038650513,True,0.9999549388885498,0.0,1.0000404119491577,7520,0.5633156895637512
0.0,False,0.0,0.0,1.999995231628418,7521,0.06628769636154175
0.0,False,0.0,0.0,1.9999957084655762,7522,0.026661885902285576
0.0,False,0.0,0.0,1.9999945163726807,7523,0.013665656559169292
0.0,False,0.0,0.0,1.9999947547912598,7524,0.0227753147482872
0.0,False,0.0,0.0,1.9999946355819702,7525,0.10720723122358322
0.0,False,0.0,0.0,1.9999947547912598,7526,0.02532648667693138
0.0,False,0.0,0.0,1.9999948740005493,7527,0.040671586990356445
0.0,False,0.0,0.0,1.9999947547912598,7528,0.3412116467952728
0.0,False,0.0,0.0,0.9999977350234985,7529,0.04815627261996269
0.0,False,0.0,0.0,1.9999945163726807,7530,0.055269755423069
0.9948186874389648,True,0.9948166608810425,0.0,1.0051792860031128,7531,0.87640380859375
0.0,False,0.0,0.0,1.9999949932098389,7532,0.40940624475479126
0.0,False,0.0,0.0,1.9999953508377075,7533,0.08032327145338058
0.0,False,0.0,0.0,1.9999947547912598,7534,0.019066108390688896
0.0,False,0.0,0.0,1.999995231628418,7535,0.04360731691122055
0.0,False,0.0,0.0,1.9999943971633911,7536,0.1262795329093933
0.0,False,0.0,0.0,1.999995231628418,7537,0.11578749865293503
0.0,False,0.0,0.0,1.999995470046997,7538,0.40915828943252563
1.7552379369735718,True,1.7552348375320435,0.0,0.24476146697998047,7539,0.9724198579788208
0.0,False,0.0,0.0,1.9999959468841553,7540,0.00737384520471096
0.0,False,0.0,0.0,1.9999951124191284,7541,0.01571791060268879
0.0,False,0.0,0.0,1.9999959468841553,7542,0.3644847571849823
0.0,False,0.0,0.0,1.9999940395355225,7543,0.10087254643440247
0.0,False,0.0,0.0,1.9999947547912598,7544,0.10808837413787842
0.0,False,0.0,0.0,1.9999918937683105,7545,0.30836090445518494
0.0,False,0.0,0.0,1.9999916553497314,7546,0.2513596713542938
0.0,False,0.0,0.0,1.9999938011169434,7547,0.0847221314907074
0.0,False,0.0,0.0,1.9999934434890747,7548,0.12010840326547623
0.0,False,0.0,0.0,1.9999940395355225,7549,0.017930271103978157
0.0,False,0.0,0.0,1.9999938011169434,7550,0.16114453971385956
0.0,False,0.0,0.0,1.9999935626983643,7551,0.2457735687494278
0.0,False,0.0,0.0,1.9999938011169434,7552,0.07951492816209793
0.0,False,0.0,0.0,1.999993920326233,7553,0.24223016202449799
0.0,False,0.0,0.0,1.9999942779541016,7554,0.26014021039009094
0.0,False,0.0,0.0,1.9999957084655762,7555,0.1813237965106964
0.0,False,0.0,0.0,1.999994158744812,7556,0.15650977194309235
0.0,False,0.0,0.0,1.9999940395355225,7557,0.14998945593833923
0.0,False,0.0,0.0,1.9999926090240479,7558,0.4035624861717224
0.0,False,0.0,0.0,1.9999918937683105,7559,0.13583484292030334
0.0,False,0.0,0.0,1.9999949932098389,7560,0.007468387950211763
0.0,False,0.0,0.0,1.9999951124191284,7561,0.10446467995643616
0.0,False,0.0,0.0,1.9999942779541016,7562,0.30546125769615173
0.0,False,0.0,0.0,1.9999932050704956,7563,0.16615977883338928
0.0,False,0.0,0.0,1.9999938011169434,7564,0.12474556267261505
0.0,False,0.0,0.0,1.9999921321868896,7565,0.09904645383358002
0.0,False,0.0,0.0,1.9999947547912598,7566,0.18510842323303223
0.0,False,0.0,0.0,1.999995231628418,7567,0.1389155238866806
0.0,False,0.0,0.0,1.9999936819076538,7568,0.16956177353858948
0.0,False,0.0,0.0,1.999995470046997,7569,0.06757411360740662
0.0,False,0.0,0.0,1.9999961853027344,7570,0.24826733767986298
0.0,False,0.0,0.0,1.9999949932098389,7571,0.22731438279151917
0.0,False,0.0,0.0,1.9999949932098389,7572,0.07877297699451447
0.9328919053077698,True,0.9328901171684265,0.0,1.0671056509017944,7573,0.7871821522712708
0.0,False,0.0,0.0,1.9999940395355225,7574,0.31523367762565613
0.0,False,0.0,0.0,1.9999949932098389,7575,0.27731576561927795
0.0,False,0.0,0.0,1.9999935626983643,7576,0.23345115780830383
0.0,False,0.0,1.0,1.9999938011169434,7577,0.4201314449310303
0.0,False,0.0,1.0,1.9999929666519165,7578,0.1570574790239334
0.0,False,0.0,1.0,1.9999947547912598,7579,0.11681168526411057
0.0,False,0.0,1.0,1.999992847442627,7580,0.17183353006839752
0.0,False,0.0,1.0,1.999993085861206,7581,0.30068638920783997
1.4727144241333008,True,1.472711443901062,1.0,0.5272839665412903,7582,0.9832311868667603
1.2219963073730469,True,1.221993327140808,1.0,0.7780011296272278,7583,0.9803019165992737
1.966857671737671,True,1.9668538570404053,1.0,0.03314227610826492,7584,0.9750574231147766
1.370915412902832,True,1.370913028717041,1.0,0.6290831565856934,7585,0.9863632321357727
0.0,False,0.0,1.0,1.9999924898147583,7586,0.049504660069942474
1.8448269367218018,True,1.8448238372802734,1.0,0.15517260134220123,7587,0.9948575496673584
0.5839340090751648,True,0.5839328169822693,1.0,1.416060209274292,7588,0.7060069441795349
0.9776201844215393,True,0.9776175618171692,1.0,1.0223757028579712,7589,0.8735029697418213
0.0,False,0.0,1.0,1.9999926090240479,7590,0.24675749242305756
1.9790098667144775,True,1.9790058135986328,1.0,0.020990096032619476,7591,0.8711270689964294
1.98655104637146,True,1.9865467548370361,1.0,0.013448805548250675,7592,0.8956683874130249
0.9987136125564575,True,0.998711347579956,1.0,1.0012834072113037,7593,0.8254669904708862
0.0,False,0.0,1.0,1.9999947547912598,7594,0.048073045909404755
0.9926556348800659,True,0.9926533699035645,1.0,1.0073412656784058,7595,0.7099426984786987
1.941169023513794,True,1.9411652088165283,1.0,0.058830708265304565,7596,0.6236275434494019
1.9904303550720215,True,1.990425944328308,1.0,0.009569578804075718,7597,0.9214186072349548
0.9990824460983276,True,0.9990804195404053,1.0,1.0009148120880127,7598,0.9253670573234558
1.9875867366790771,True,1.9875822067260742,1.0,0.01241323072463274,7599,0.8911699652671814
0.9971668124198914,True,0.9971646666526794,1.0,1.002830147743225,7600,0.7785181403160095
0.9997984766960144,True,0.999796450138092,1.0,1.0001988410949707,7601,0.9511646032333374
0.9979180097579956,True,0.9979158043861389,1.0,1.002078890800476,7602,0.9563416242599487
0.9930567741394043,True,0.9930548667907715,1.0,1.006940484046936,7603,0.8553552031517029
1.904865026473999,True,1.9048612117767334,1.0,0.09513479471206665,7604,0.9474201798439026
1.565728783607483,True,1.5657250881195068,1.0,0.43426984548568726,7605,0.9669305682182312
0.9996551871299744,True,0.9996531009674072,1.0,1.0003420114517212,7606,0.9585590362548828
1.1254100799560547,True,1.125407338142395,1.0,0.8745871186256409,7607,0.9145687818527222
0.4616457223892212,True,0.46164482831954956,1.0,1.5383503437042236,7608,0.9188668131828308
0.0,False,0.0,1.0,1.9999940395355225,7609,0.4535713493824005
0.0,False,0.0,1.0,1.999995470046997,7610,0.18274661898612976
0.0,False,0.0,1.0,1.9999949932098389,7611,0.37449008226394653
0.0,False,0.0,1.0,1.9999940395355225,7612,0.3775700330734253
1.9570903778076172,True,1.9570868015289307,1.0,0.04290955141186714,7613,0.9707406759262085
1.8140592575073242,True,1.8140558004379272,1.0,0.18594032526016235,7614,0.9852755069732666
0.0,False,0.0,1.0,1.9999957084655762,7615,0.1775512397289276
1.985082983970642,True,1.9850795269012451,1.0,0.014916929416358471,7616,0.9894402623176575
1.9723105430603027,True,1.9723070859909058,1.0,0.02768954448401928,7617,0.9918122291564941
0.9998932480812073,True,0.9998912215232849,1.0,1.0001039505004883,7618,0.8822094202041626
0.9985009431838989,True,0.9984986782073975,1.0,1.0014959573745728,7619,0.8573758602142334
0.9788280725479126,True,0.9788262248039246,1.0,1.0211695432662964,7620,0.6021480560302734
1.520774245262146,True,1.520770788192749,1.0,0.4792243242263794,7621,0.9039486050605774
0.4147452712059021,True,0.41474449634552,1.0,1.585250973701477,7622,0.8138899803161621
0.8613916039466858,True,0.8613899946212769,1.0,1.1386057138442993,7623,0.5271719694137573
1.4768840074539185,True,1.4768807888031006,1.0,0.5231142640113831,7624,0.9248130917549133
1.9096546173095703,True,1.909651279449463,1.0,0.09034518897533417,7625,0.8515246510505676
1.7336759567260742,True,1.7336721420288086,1.0,0.2663232386112213,7626,0.9527037739753723
0.48038148880004883,True,0.4803802967071533,1.0,1.5196137428283691,7627,0.4784770607948303
0.9986690282821655,True,0.9986667633056641,1.0,1.0013275146484375,7628,0.9146153926849365
0.0,False,0.0,1.0,1.9999940395355225,7629,0.3064526319503784
1.9798235893249512,True,1.9798200130462646,1.0,0.02017631009221077,7630,0.917957603931427
1.9951791763305664,True,1.995175838470459,1.0,0.004820643458515406,7631,0.5894381403923035
1.9749290943145752,True,1.9749255180358887,1.0,0.025070883333683014,7632,0.9200204014778137
1.393647313117981,True,1.3936444520950317,1.0,0.6063510775566101,7633,0.7887591123580933
1.5208659172058105,True,1.5208628177642822,1.0,0.4791330099105835,7634,0.20272105932235718
1.2608966827392578,True,1.2608942985534668,1.0,0.7391016483306885,7635,0.9197394847869873
1.4204156398773193,True,1.420412540435791,1.0,0.5795827507972717,7636,0.5183092951774597
1.7913949489593506,True,1.7913910150527954,1.0,0.20860445499420166,7637,0.9440891742706299
1.0907530784606934,True,1.0907504558563232,1.0,0.9092438817024231,7638,0.9457221031188965
0.5610723495483398,True,0.5610712170600891,1.0,1.4389243125915527,7639,0.35350945591926575
0.0,False,0.0,1.0,0.9999968409538269,7640,0.5912254452705383
1.0,True,0.9999979734420776,1.0,0.9999973773956299,7641,0.5441693663597107
0.8575476408004761,True,0.8575456738471985,1.0,1.142449140548706,7642,0.4742257595062256
1.6083500385284424,True,1.6083470582962036,1.0,0.39164918661117554,7643,0.9892917275428772
0.0,False,0.0,1.0,1.9999945163726807,7644,0.5589398741722107
0.7557624578475952,True,0.7557605504989624,1.0,1.2442333698272705,7645,0.5315399765968323
0.9156014919281006,True,0.9155994653701782,1.0,1.084395408630371,7646,0.40469521284103394
1.9088929891586304,True,1.9088892936706543,1.0,0.09110669791698456,7647,0.9660440683364868
0.8259132504463196,True,0.8259113430976868,1.0,1.1740832328796387,7648,0.6821258664131165
0.9973634481430054,True,0.9973613023757935,1.0,1.0026333332061768,7649,0.9111942052841187
0.897784411907196,True,0.897782564163208,1.0,1.1022127866744995,7650,0.6207584142684937
1.4873430728912354,True,1.4873400926589966,1.0,0.51265549659729,7651,0.8168453574180603
1.7332895994186401,True,1.7332860231399536,1.0,0.26670965552330017,7652,0.9925404191017151
1.3260917663574219,True,1.3260893821716309,1.0,0.6739065647125244,7653,0.9339094161987305
0.6865593194961548,True,0.6865575313568115,1.0,1.313436508178711,7654,0.7831263542175293
1.9146883487701416,True,1.914684772491455,1.0,0.08531153202056885,7655,0.9630645513534546
1.5363270044326782,True,1.5363235473632812,1.0,0.4636719226837158,7656,0.6246535181999207
0.9974456429481506,True,0.997443675994873,1.0,1.002551555633545,7657,0.9348448514938354
1.6728322505950928,True,1.672829031944275,1.0,0.32716673612594604,7658,0.9933273792266846
1.6492953300476074,True,1.6492924690246582,1.0,0.3507038950920105,7659,0.9865326881408691
1.9875173568725586,True,1.987513780593872,1.0,0.012482574209570885,7660,0.9918811917304993
1.9597556591033936,True,1.959751844406128,1.0,0.04024426266551018,7661,0.9941101670265198
1.7176800966262817,True,1.7176769971847534,1.0,0.2823193669319153,7662,0.9772113561630249
1.222730278968811,True,1.2227275371551514,1.0,0.7772672772407532,7663,0.8846238255500793
1.099269986152649,True,1.0992674827575684,1.0,0.9007278680801392,7664,0.9708525538444519
1.0603575706481934,True,1.060355544090271,1.0,0.93964022397995,7665,0.9933545589447021
0.875119686126709,True,0.875117838382721,1.0,1.1248772144317627,7666,0.7754799723625183
0.9997751116752625,True,0.9997729659080505,1.0,1.0002219676971436,7667,0.8718316555023193
1.0565524101257324,True,1.0565497875213623,1.0,0.9434443712234497,7668,0.5397876501083374
0.9983250498771667,True,0.9983228445053101,1.0,1.0016720294952393,7669,0.9272803068161011
1.9519058465957642,True,1.9519020318984985,1.0,0.0480940043926239,7670,0.9942834973335266
0.9910069108009338,True,0.9910045266151428,1.0,1.0089904069900513,7671,0.8514817953109741
0.9906997680664062,True,0.9906975030899048,1.0,1.0092971324920654,7672,0.941886305809021
1.1342229843139648,True,1.1342207193374634,1.0,0.8657751679420471,7673,0.9915839433670044
1.9631558656692505,True,1.9631519317626953,1.0,0.036844030022621155,7674,0.9957309365272522
0.9973655939102173,True,0.9973636865615845,1.0,1.002631664276123,7675,0.9165788292884827
1.868797779083252,True,1.8687940835952759,1.0,0.13120195269584656,7676,0.9946445226669312
0.9889041781425476,True,0.9889019131660461,1.0,1.0110927820205688,7677,0.8650556206703186
0.9996793270111084,True,0.9996770620346069,1.0,1.0003175735473633,7678,0.8904256224632263
1.9637808799743652,True,1.96377694606781,1.0,0.036219045519828796,7679,0.9953413009643555
0.9852182865142822,True,0.9852162003517151,1.0,1.0147786140441895,7680,0.652397096157074
1.397161602973938,True,1.3971586227416992,1.0,0.602837085723877,7681,0.9919421672821045
1.4639170169830322,True,1.463914155960083,1.0,0.5360819101333618,7682,0.9953681230545044
0.9998816251754761,True,0.9998796582221985,1.0,1.0001157522201538,7683,0.8828688263893127
0.574360191822052,True,0.5743589997291565,1.0,1.4256362915039062,7684,0.9023832678794861
0.0,False,0.0,1.0,1.9999940395355225,7685,0.19761081039905548
1.2209272384643555,True,1.220924973487854,1.0,0.7790707349777222,7686,0.9409889578819275
1.9682903289794922,True,1.9682869911193848,1.0,0.03170943632721901,7687,0.936632513999939
1.7467091083526611,True,1.7467052936553955,1.0,0.25329017639160156,7688,0.9765327572822571
0.9991499185562134,True,0.999147891998291,1.0,1.0008474588394165,7689,0.7017018795013428
1.8631153106689453,True,1.8631114959716797,1.0,0.13688427209854126,7690,0.9668726921081543
0.0,False,0.0,1.0,1.999993085861206,7691,0.7412856817245483
0.9968425631523132,True,0.9968403577804565,1.0,1.0031548738479614,7692,0.906650722026825
0.9926508665084839,True,0.992648720741272,1.0,1.0073461532592773,7693,0.9772565364837646
0.0,False,0.0,1.0,1.9999938011169434,7694,0.19015364348888397
0.8870878219604492,True,0.8870863914489746,1.0,1.1129095554351807,7695,0.9215859770774841
0.0,False,0.0,1.0,0.9999973773956299,7696,0.24447029829025269
1.5347535610198975,True,1.534749984741211,1.0,0.46524500846862793,7697,0.9608113169670105
1.2549858093261719,True,1.2549834251403809,1.0,0.7450122237205505,7698,0.9589964151382446
0.0,False,0.0,1.0,1.9999933242797852,7699,0.10958313196897507
0.9956269860267639,True,0.9956249594688416,1.0,1.0043704509735107,7700,0.8601757884025574
1.2279330492019653,True,1.2279303073883057,1.0,0.7720645666122437,7701,0.9590116143226624
0.9941160678863525,True,0.9941136837005615,1.0,1.0058809518814087,7702,0.8671500086784363
0.0,False,0.0,1.0,1.9999945163726807,7703,0.1278783231973648
0.9987372756004333,True,0.9987351298332214,1.0,1.001259684562683,7704,0.9188085198402405
0.0,False,0.0,1.0,1.9999947547912598,7705,0.4569520056247711
0.0,False,0.0,1.0,1.9999938011169434,7706,0.5898324847221375
0.0,False,0.0,1.0,1.9999942779541016,7707,0.5000420212745667
0.0,False,0.0,1.0,1.9999942779541016,7708,0.29561761021614075
0.0,False,0.0,1.0,1.9999942779541016,7709,0.21276798844337463
0.0,False,0.0,1.0,1.9999947547912598,7710,0.16207194328308105
0.0,False,0.0,1.0,1.9999940395355225,7711,0.5779281854629517
0.9984367489814758,True,0.9984344840049744,1.0,1.0015604496002197,7712,0.9006509780883789
0.0,False,0.0,1.0,1.999995231628418,7713,0.40435436367988586
0.0,False,0.0,1.0,1.9999948740005493,7714,0.17170995473861694
0.0,False,0.0,1.0,0.9999974370002747,7715,0.10803273320198059
0.0,False,0.0,1.0,1.9999945163726807,7716,0.041222330182790756
0.0,False,0.0,1.0,1.9999938011169434,7717,0.2784155309200287
1.7689772844314575,True,1.76897394657135,1.0,0.23102210462093353,7718,0.31023088097572327
0.9880297780036926,True,0.9880274534225464,1.0,1.0119670629501343,7719,0.9547985792160034
1.956885576248169,True,1.9568819999694824,1.0,0.043114349246025085,7720,0.9723295569419861
1.721987009048462,True,1.7219839096069336,1.0,0.2780120074748993,7721,0.9953653812408447
0.0,False,0.0,1.0,1.9999935626983643,7722,0.3365508019924164
0.0,False,0.0,1.0,1.9999936819076538,7723,0.6521219611167908
0.998577356338501,True,0.9985748529434204,1.0,1.0014196634292603,7724,0.9288332462310791
1.8100380897521973,True,1.8100345134735107,1.0,0.18996120989322662,7725,0.9767093658447266
0.9922623634338379,True,0.9922601580619812,1.0,1.0077345371246338,7726,0.9130281805992126
0.0,False,0.0,1.0,1.9999940395355225,7727,0.27028849720954895
0.0,False,0.0,1.0,1.9999947547912598,7728,0.6513661742210388
1.2973018884658813,True,1.2972989082336426,1.0,0.7026957869529724,7729,0.8673461675643921
0.9994778633117676,True,0.9994754195213318,1.0,1.0005191564559937,7730,0.9411357045173645
0.0,False,0.0,1.0,1.9999914169311523,7731,0.4658127725124359
0.0,False,0.0,1.0,1.9999947547912598,7732,0.10082130879163742
0.0,False,0.0,1.0,1.9999936819076538,7733,0.11514399945735931
1.789612054824829,True,1.789608120918274,1.0,0.21038709580898285,7734,0.9575987458229065
1.684199333190918,True,1.6841955184936523,1.0,0.31579989194869995,7735,0.9176326990127563
0.9979396462440491,True,0.9979372620582581,1.0,1.0020571947097778,7736,0.771693229675293
1.734534740447998,True,1.7345315217971802,1.0,0.26546457409858704,7737,0.7536031603813171
1.7283780574798584,True,1.7283746004104614,1.0,0.27162104845046997,7738,0.9726559519767761
0.0,False,0.0,1.0,1.999995231628418,7739,0.5226929187774658
0.99846351146698,True,0.9984616041183472,1.0,1.001534104347229,7740,0.8358835577964783
1.9872910976409912,True,1.9872875213623047,1.0,0.01270874124020338,7741,0.9925716519355774
1.9351223707199097,True,1.9351186752319336,1.0,0.06487742066383362,7742,0.9650670289993286
1.770807147026062,True,1.7708040475845337,1.0,0.22919228672981262,7743,0.9756113886833191
0.0,False,0.0,1.0,1.9999935626983643,7744,0.1534847617149353
1.932483434677124,True,1.9324800968170166,1.0,0.06751635670661926,7745,0.9857584238052368
1.7524685859680176,True,1.7524652481079102,1.0,0.2475309818983078,7746,0.9766289591789246
0.0,False,0.0,1.0,1.9999938011169434,7747,0.1903093010187149
1.9802613258361816,True,1.9802578687667847,1.0,0.019738655537366867,7748,0.9956781268119812
1.3036253452301025,True,1.3036222457885742,1.0,0.6963722705841064,7749,0.881187379360199
0.8089912533760071,True,0.8089895844459534,1.0,1.1910055875778198,7750,0.8050268888473511
1.6375086307525635,True,1.637505292892456,1.0,0.3624902367591858,7751,0.8864768147468567
0.9931814670562744,True,0.9931790828704834,1.0,1.0068155527114868,7752,0.8376146554946899
1.4879794120788574,True,1.4879759550094604,1.0,0.512019157409668,7753,0.8372413516044617
1.9669249057769775,True,1.966921091079712,1.0,0.03307505324482918,7754,0.9781898856163025
1.0099643468856812,True,1.0099623203277588,1.0,0.9900333285331726,7755,0.920879602432251
1.5360124111175537,True,1.5360090732574463,1.0,0.4639863073825836,7756,0.8405507206916809
0.0,False,0.0,1.0,1.9999948740005493,7757,0.4328076243400574
0.0,False,0.0,1.0,1.9999940395355225,7758,0.5096354484558105
1.9826703071594238,True,1.9826664924621582,1.0,0.017329618334770203,7759,0.9867380857467651
0.0,False,0.0,1.0,1.9999938011169434,7760,0.13930770754814148
0.0,False,0.0,1.0,1.9999948740005493,7761,0.26605263352394104
0.9975937008857727,True,0.997591495513916,1.0,1.0024033784866333,7762,0.9535622000694275
0.0,False,0.0,1.0,1.999993085861206,7763,0.15153460204601288
1.8425498008728027,True,1.8425461053848267,1.0,0.15744982659816742,7764,0.9872016906738281
1.346213936805725,True,1.3462109565734863,1.0,0.6537842750549316,7765,0.9368487000465393
1.8213472366333008,True,1.8213422298431396,1.0,0.17865218222141266,7766,0.9713078737258911
1.9540431499481201,True,1.9540390968322754,1.0,0.04595663398504257,7767,0.992099940776825
1.9080854654312134,True,1.9080803394317627,1.0,0.09191400557756424,7768,0.9706290364265442
1.1961923837661743,True,1.1961891651153564,1.0,0.8038047552108765,7769,0.8381048440933228
1.959782600402832,True,1.9597792625427246,1.0,0.04021725431084633,7770,0.8991245031356812
0.0,False,0.0,1.0,1.9999940395355225,7771,0.7118573188781738
0.9871680736541748,True,0.9871656894683838,1.0,1.0128287076950073,7772,0.8968093991279602
0.9995827674865723,True,0.9995809197425842,1.0,1.0004147291183472,7773,0.8251527547836304
1.9945509433746338,True,1.9945471286773682,1.0,0.005449010990560055,7774,0.9711264967918396
1.2719547748565674,True,1.2719523906707764,1.0,0.7280436754226685,7775,0.9939954876899719
0.9989472031593323,True,0.9989450573921204,1.0,1.001050591468811,7776,0.2686792314052582
0.0,False,0.0,1.0,1.9999947547912598,7777,0.21493013203144073
1.2900440692901611,True,1.290041446685791,1.0,0.709954023361206,7778,0.9242319464683533
1.4115442037582397,True,1.41154146194458,1.0,0.5884541273117065,7779,0.7918806076049805
0.9999767541885376,True,0.9999749064445496,1.0,1.0000208616256714,7780,0.9852514266967773
1.0630545616149902,True,1.0630521774291992,1.0,0.9369426369667053,7781,0.977113664150238
0.9814576506614685,True,0.9814556837081909,1.0,1.0185396671295166,7782,0.940634548664093
0.9957705736160278,True,0.9957688450813293,1.0,1.0042271614074707,7783,0.8808199763298035
0.0,False,0.0,1.0,1.9999929666519165,7784,0.03573044762015343
0.9965320825576782,True,0.9965300559997559,1.0,1.0034650564193726,7785,0.9588977098464966
0.0,False,0.0,1.0,1.9999926090240479,7786,0.23796291649341583
1.267479658126831,True,1.2674766778945923,1.0,0.7325182557106018,7787,0.9107333421707153
0.9062082171440125,True,0.9062057137489319,1.0,1.0937883853912354,7788,0.5570480227470398
1.9229406118392944,True,1.9229366779327393,1.0,0.07705924659967422,7789,0.9957219362258911
1.0,True,0.9999977946281433,1.0,0.9999971985816956,7790,0.8793593645095825
0.9983649253845215,True,0.9983627796173096,1.0,1.0016319751739502,7791,0.9234740138053894
0.9996737837791443,True,0.9996718168258667,1.0,1.0003231763839722,7792,0.8664135932922363
0.0,False,0.0,1.0,1.9999935626983643,7793,0.4616945683956146
0.0,False,0.0,1.0,1.9999955892562866,7794,0.5901002883911133
0.9996709227561951,True,0.9996688365936279,1.0,1.000326156616211,7795,0.953718364238739
1.9843636751174927,True,1.9843599796295166,1.0,0.01563623733818531,7796,0.9694645404815674
0.9966037273406982,True,0.9966015815734863,1.0,1.0033941268920898,7797,0.8674707412719727
1.5094826221466064,True,1.5094796419143677,1.0,0.49051642417907715,7798,0.9954826831817627
0.9971272349357605,True,0.9971248507499695,1.0,1.0028698444366455,7799,0.9208623170852661
0.9967285990715027,True,0.9967262744903564,1.0,1.0032691955566406,7800,0.941811740398407
0.8983421325683594,True,0.8983398675918579,1.0,1.1016541719436646,7801,0.9241126775741577
0.9994949698448181,True,0.999492883682251,1.0,1.0005022287368774,7802,0.9154292941093445
1.921706199645996,True,1.9217021465301514,1.0,0.07829365134239197,7803,0.8364248871803284
1.0533339977264404,True,1.0533313751220703,1.0,0.9466631412506104,7804,0.8878464102745056
0.9993080496788025,True,0.9993060231208801,1.0,1.0006892681121826,7805,0.943381130695343
0.9988699555397034,True,0.9988677501678467,1.0,1.0011272430419922,7806,0.9393090009689331
1.9225151538848877,True,1.9225118160247803,1.0,0.07748465985059738,7807,0.9793161749839783
1.9885025024414062,True,1.9884986877441406,1.0,0.011497526429593563,7808,0.9928433299064636
1.7784428596496582,True,1.7784397602081299,1.0,0.2215566188097,7809,0.976474940776825
1.3298821449279785,True,1.3298795223236084,1.0,0.6701165437698364,7810,0.9923615455627441
1.422354817390442,True,1.422351598739624,1.0,0.5776440501213074,7811,0.990326464176178
1.8689759969711304,True,1.8689721822738647,1.0,0.13102352619171143,7812,0.9475154280662537
1.9521262645721436,True,1.9521229267120361,1.0,0.047873590141534805,7813,0.9859265089035034
1.5565369129180908,True,1.5565335750579834,1.0,0.44346171617507935,7814,0.9501842856407166
1.5435550212860107,True,1.5435516834259033,1.0,0.45644354820251465,7815,0.9255781173706055
1.8322681188583374,True,1.83226478099823,1.0,0.16773146390914917,7816,0.9786211252212524
1.445770025253296,True,1.4457672834396362,1.0,0.5542284846305847,7817,0.9840579628944397
1.6830899715423584,True,1.68308687210083,1.0,0.3169090747833252,7818,0.8804513216018677
1.3406710624694824,True,1.3406686782836914,1.0,0.6593272089958191,7819,0.7741960287094116
1.5053009986877441,True,1.5052978992462158,1.0,0.494697630405426,7820,0.9596725106239319
1.9849739074707031,True,1.9849703311920166,1.0,0.01502602081745863,7821,0.9957601428031921
1.729670763015747,True,1.7296676635742188,1.0,0.2703284025192261,7822,0.9771038889884949
1.0246986150741577,True,1.0246963500976562,1.0,0.9752984642982483,7823,0.8961345553398132
1.687865972518921,True,1.6878620386123657,1.0,0.31213313341140747,7824,0.9360735416412354
0.0,False,0.0,1.0,1.9999927282333374,7825,0.4289729595184326
1.0509060621261597,True,1.050903558731079,1.0,0.9490910172462463,7826,0.940680980682373
0.9988817572593689,True,0.998879611492157,1.0,1.0011154413223267,7827,0.754751980304718
1.0339722633361816,True,1.0339703559875488,1.0,0.9660251140594482,7828,0.9068018198013306
1.2357852458953857,True,1.2357823848724365,1.0,0.764212429523468,7829,0.9541228413581848
0.0,False,0.0,1.0,1.9999935626983643,7830,0.3206010162830353
1.9831123352050781,True,1.983108639717102,1.0,0.016887638717889786,7831,0.8511725068092346
0.0,False,0.0,1.0,1.9999899864196777,7832,0.2137172520160675
0.8372726440429688,True,0.8372703790664673,1.0,1.1627230644226074,7833,0.8754498958587646
0.9929354190826416,True,0.9929331541061401,1.0,1.0070616006851196,7834,0.8644219040870667
0.0,False,0.0,1.0,1.9999947547912598,7835,0.6615912318229675
1.506011724472046,True,1.5060086250305176,1.0,0.49398693442344666,7836,0.9380776286125183
1.0877200365066528,True,1.0877171754837036,1.0,0.912276566028595,7837,0.8969789147377014
0.9974631667137146,True,0.9974608421325684,1.0,1.0025336742401123,7838,0.9216116666793823
1.8829965591430664,True,1.8829915523529053,1.0,0.11700303852558136,7839,0.9734827280044556
0.0,False,0.0,1.0,1.9999947547912598,7840,0.6082484126091003
0.6073079109191895,True,0.607306182384491,1.0,1.3926866054534912,7841,0.4621496796607971
1.5345155000686646,True,1.534511685371399,1.0,0.465483158826828,7842,0.8030441999435425
1.0483031272888184,True,1.0483007431030273,1.0,0.9516943097114563,7843,0.9390628337860107
1.9200149774551392,True,1.920011281967163,1.0,0.07998490333557129,7844,0.984432578086853
1.5538551807403564,True,1.5538523197174072,1.0,0.44614383578300476,7845,0.9757864475250244
1.6923125982284546,True,1.6923093795776367,1.0,0.3076866567134857,7846,0.9909391403198242
1.9642395973205566,True,1.964235782623291,1.0,0.03576026111841202,7847,0.9915511608123779
0.0,False,0.0,1.0,1.9999921321868896,7848,0.35848385095596313
1.1398484706878662,True,1.1398463249206543,1.0,0.8601495623588562,7849,0.7409839630126953
0.0,False,0.0,1.0,1.9999943971633911,7850,0.19164115190505981
0.8808073997497559,True,0.8808053731918335,1.0,1.1191892623901367,7851,0.9471389651298523
0.9995141625404358,True,0.9995117783546448,1.0,1.0004829168319702,7852,0.82728111743927
0.4868917763233185,True,0.48689067363739014,1.0,1.5131038427352905,7853,0.7371295094490051
1.9847674369812012,True,1.9847638607025146,1.0,0.01523243822157383,7854,0.9825150966644287
1.7561700344085693,True,1.7561665773391724,1.0,0.24382944405078888,7855,0.9905773401260376
1.8839119672775269,True,1.8839083909988403,1.0,0.11608771979808807,7856,0.9799439311027527
1.137518286705017,True,1.137515902519226,1.0,0.8624793291091919,7857,0.4549586772918701
1.984962821006775,True,1.9849590063095093,1.0,0.015037034638226032,7858,0.9752453565597534
1.8887958526611328,True,1.8887920379638672,1.0,0.11120383441448212,7859,0.9882960915565491
1.0374383926391602,True,1.0374361276626587,1.0,0.9625586867332458,7860,0.41130369901657104
1.0933921337127686,True,1.0933899879455566,1.0,0.90660560131073,7861,0.9528896808624268
1.2099307775497437,True,1.2099281549453735,1.0,0.7900671362876892,7862,0.9187150597572327
1.3901970386505127,True,1.3901944160461426,1.0,0.6098015904426575,7863,0.9567471742630005
1.2011746168136597,True,1.2011717557907104,1.0,0.7988228797912598,7864,0.7693305611610413
1.169216513633728,True,1.1692137718200684,1.0,0.830780565738678,7865,0.9691683053970337
1.9592787027359009,True,1.9592748880386353,1.0,0.04072121903300285,7866,0.9610040187835693
1.6826519966125488,True,1.6826481819152832,1.0,0.3173469305038452,7867,0.8059177994728088
1.0534536838531494,True,1.053451418876648,1.0,0.9465431571006775,7868,0.8771119117736816
0.8766212463378906,True,0.8766192197799683,1.0,1.123375415802002,7869,0.7572379112243652
1.129650354385376,True,1.1296476125717163,1.0,0.8703466653823853,7870,0.8550714254379272
1.3971242904663086,True,1.3971214294433594,1.0,0.6028739213943481,7871,0.9425396919250488
1.0866410732269287,True,1.0866382122039795,1.0,0.9133557081222534,7872,0.9258487224578857
1.558592677116394,True,1.558589220046997,1.0,0.44140592217445374,7873,0.6179279088973999
1.3733446598052979,True,1.3733415603637695,1.0,0.6266533732414246,7874,0.8859081864356995
1.9501957893371582,True,1.9501912593841553,1.0,0.049804072827100754,7875,0.851410448551178
1.9467122554779053,True,1.94670832157135,1.0,0.05328743904829025,7876,0.9901241660118103
1.8681272268295288,True,1.8681230545043945,1.0,0.13187235593795776,7877,0.8976321816444397
1.9400300979614258,True,1.9400262832641602,1.0,0.059969767928123474,7878,0.9721769690513611
1.4390270709991455,True,1.4390240907669067,1.0,0.5609712600708008,7879,0.7058592438697815
1.9211302995681763,True,1.9211264848709106,1.0,0.07886944711208344,7880,0.958938717842102
0.7321333289146423,True,0.7321319580078125,1.0,1.2678629159927368,7881,0.5130409598350525
1.4460405111312866,True,1.446037769317627,1.0,0.5539581179618835,7882,0.7839971780776978
0.4810951352119446,True,0.4810941517353058,1.0,1.5189006328582764,7883,0.4812375605106354
1.8770333528518677,True,1.8770294189453125,1.0,0.12296626716852188,7884,0.9558739066123962
1.3868978023529053,True,1.386894702911377,1.0,0.6131007075309753,7885,0.8584921360015869
0.7274579405784607,True,0.7274563908576965,1.0,1.2725380659103394,7886,0.4436388909816742
0.0,False,0.0,1.0,1.9999947547912598,7887,0.14593087136745453
0.0,False,0.0,1.0,1.9999926090240479,7888,0.09250834584236145
0.12733452022075653,True,0.12733426690101624,1.0,1.8726598024368286,7889,0.7213151454925537
0.6982132792472839,True,0.6982117891311646,1.0,1.3017833232879639,7890,0.8861745595932007
0.6999766826629639,True,0.6999750137329102,1.0,1.3000191450119019,7891,0.6746578216552734
0.0,False,0.0,1.0,0.999997079372406,7892,0.47374290227890015
0.553888201713562,True,0.5538870096206665,1.0,1.4461073875427246,7893,0.6303402781486511
0.5973435044288635,True,0.5973420143127441,1.0,1.4026519060134888,7894,0.6485071182250977
0.33513209223747253,True,0.33513128757476807,1.0,1.6648619174957275,7895,0.522104024887085
0.0,False,0.0,1.0,1.9999933242797852,7896,0.74226313829422
0.0,False,0.0,1.0,1.9999947547912598,7897,0.3018157184123993
0.0,False,0.0,1.0,1.9999942779541016,7898,0.41089287400245667
1.0033926963806152,True,1.0033910274505615,1.0,0.9966049194335938,7899,0.9458600878715515
1.8963520526885986,True,1.8963485956192017,1.0,0.10364770889282227,7900,0.7704406380653381
1.8935171365737915,True,1.8935129642486572,1.0,0.10648245364427567,7901,0.973574697971344
1.0319699048995972,True,1.0319678783416748,1.0,0.9680279493331909,7902,0.597233235836029
0.0,False,0.0,1.0,1.9999957084655762,7903,0.12024103105068207
1.7781651020050049,True,1.7781617641448975,1.0,0.22183430194854736,7904,0.842497706413269
1.3657207489013672,True,1.365717887878418,1.0,0.6342777609825134,7905,0.6169463396072388
1.9404735565185547,True,1.94046950340271,1.0,0.0595262311398983,7906,0.9663138389587402
1.9696440696716309,True,1.969639539718628,1.0,0.030355820432305336,7907,0.9962334036827087
0.0,False,0.0,1.0,1.999995470046997,7908,0.07760485261678696
0.0,False,0.0,1.0,1.999995470046997,7909,0.0377873070538044
1.9582293033599854,True,1.9582252502441406,1.0,0.041770659387111664,7910,0.9752832055091858
1.7134281396865845,True,1.7134246826171875,1.0,0.28657111525535583,7911,0.7375596165657043
1.3303698301315308,True,1.3303673267364502,1.0,0.6696285605430603,7912,0.7819188833236694
1.9711475372314453,True,1.9711437225341797,1.0,0.028852306306362152,7913,0.9755136966705322
1.8592442274093628,True,1.8592405319213867,1.0,0.1407555490732193,7914,0.9807219505310059
1.7789585590362549,True,1.7789552211761475,1.0,0.22104096412658691,7915,0.8976978063583374
1.6671621799468994,True,1.6671589612960815,1.0,0.3328368365764618,7916,0.2729639708995819
1.432471513748169,True,1.4324676990509033,1.0,0.5675264596939087,7917,0.9545239806175232
1.153181552886963,True,1.1531784534454346,1.0,0.846814751625061,7918,0.830466628074646
0.0,False,0.0,1.0,1.9999945163726807,7919,0.1862713098526001
0.0,False,0.0,1.0,1.9999938011169434,7920,0.2476629614830017
0.0,False,0.0,1.0,1.999991536140442,7921,0.575497031211853
0.0,False,0.0,1.0,1.9999911785125732,7922,0.16296666860580444
0.0,False,0.0,1.0,1.9999942779541016,7923,0.11948132514953613
1.681082010269165,True,1.6810787916183472,1.0,0.31891703605651855,7924,0.7363777160644531
1.1446377038955688,True,1.144635796546936,1.0,0.8553603291511536,7925,0.9572553038597107
1.4144113063812256,True,1.4144084453582764,1.0,0.5855871438980103,7926,0.8270517587661743
1.924255132675171,True,1.924250841140747,1.0,0.0757446214556694,7927,0.9735997915267944
1.5067558288574219,True,1.5067529678344727,1.0,0.49324288964271545,7928,0.9237334132194519
1.1240733861923218,True,1.1240699291229248,1.0,0.8759233355522156,7929,0.6619796752929688
0.0,False,0.0,1.0,1.9999947547912598,7930,0.35299253463745117
1.9978864192962646,True,1.9978820085525513,1.0,0.002113605383783579,7931,0.9869152903556824
0.988396942615509,True,0.9883947968482971,1.0,1.011600375175476,7932,0.21097815036773682
0.0,False,0.0,1.0,1.9999924898147583,7933,0.30038559436798096
1.9203712940216064,True,1.9203667640686035,1.0,0.07962841540575027,7934,0.8549368381500244
1.0,True,0.9999972581863403,1.0,0.9999971389770508,7935,0.8177378177642822
0.0,False,0.0,1.0,1.9999947547912598,7936,0.30897775292396545
0.0,False,0.0,1.0,1.9999942779541016,7937,0.2510635256767273
1.9608042240142822,True,1.9608001708984375,1.0,0.03919561207294464,7938,0.9752901196479797
0.0,False,0.0,1.0,1.9999938011169434,7939,0.5217475891113281
0.0,False,0.0,1.0,1.9999921321868896,7940,0.5572753548622131
1.8715146780014038,True,1.8715107440948486,1.0,0.12848488986492157,7941,0.8760973811149597
0.0,False,0.0,1.0,1.999993920326233,7942,0.5699350833892822
0.8852636814117432,True,0.8852614760398865,1.0,1.1147321462631226,7943,0.8960135579109192
1.4045491218566895,True,1.4045462608337402,1.0,0.5954493284225464,7944,0.8722628951072693
1.1319241523742676,True,1.1319218873977661,1.0,0.8680735230445862,7945,0.7757439613342285
1.955167531967163,True,1.9551639556884766,1.0,0.044832222163677216,7946,0.9839387536048889
1.1252468824386597,True,1.125244140625,1.0,0.8747504949569702,7947,0.913453996181488
0.0,False,0.0,1.0,1.9999947547912598,7948,0.4262183606624603
0.0,False,0.0,1.0,1.9999942779541016,7949,0.9051744937896729
1.5087699890136719,True,1.5087668895721436,1.0,0.49122893810272217,7950,0.9780069589614868
0.5664633512496948,True,0.5664621591567993,1.0,1.4335317611694336,7951,0.5566010475158691
1.9444959163665771,True,1.9444921016693115,1.0,0.05550391972064972,7952,0.9937493801116943
0.0,False,0.0,1.0,1.9999942779541016,7953,0.02324559912085533
1.9615920782089233,True,1.9615880250930786,1.0,0.038407791405916214,7954,0.9951990246772766
0.9271715879440308,True,0.9271692633628845,1.0,1.0728250741958618,7955,0.8590287566184998
1.97608482837677,True,1.9760808944702148,1.0,0.02391504868865013,7956,0.9962701797485352
0.0,False,0.0,1.0,1.9999945163726807,7957,0.14145435392856598
0.0,False,0.0,1.0,1.9999922513961792,7958,0.20608432590961456
0.0,False,0.0,1.0,1.9999938011169434,7959,0.5575360655784607
0.4691655933856964,True,0.46916463971138,1.0,1.5308303833007812,7960,0.7874439358711243
1.2256159782409668,True,1.2256131172180176,1.0,0.774381160736084,7961,0.793921947479248
0.0,False,0.0,1.0,1.9999945163726807,7962,0.3653687536716461
0.0,False,0.0,1.0,1.9999924898147583,7963,0.1969394087791443
0.0,False,0.0,1.0,1.9999949932098389,7964,0.7045961022377014
1.9593281745910645,True,1.9593244791030884,1.0,0.04067164659500122,7965,0.9926611185073853
0.95196133852005,True,0.9519591927528381,1.0,1.0480356216430664,7966,0.9466687440872192
0.9724602699279785,True,0.9724583625793457,1.0,1.0275371074676514,7967,0.9484038949012756
1.972710371017456,True,1.9727070331573486,1.0,0.027289561927318573,7968,0.8992281556129456
1.6622101068496704,True,1.6622072458267212,1.0,0.33778923749923706,7969,0.979701042175293
0.0,False,0.0,1.0,1.9999933242797852,7970,0.21496181190013885
1.9424872398376465,True,1.9424833059310913,1.0,0.0575125589966774,7971,0.9901008009910583
0.0,False,0.0,1.0,1.9999935626983643,7972,0.4932268559932709
1.928775668144226,True,1.9287712574005127,1.0,0.0712241604924202,7973,0.9722840189933777
1.9925600290298462,True,1.9925565719604492,1.0,0.007439957465976477,7974,0.45346757769584656
1.8314039707183838,True,1.8314000368118286,1.0,0.1685953438282013,7975,0.9404862523078918
0.5359386801719666,True,0.5359371900558472,1.0,1.4640558958053589,7976,0.7464308142662048
0.11749275773763657,True,0.11749251931905746,1.0,1.8825024366378784,7977,0.8322821855545044
1.9195795059204102,True,1.9195759296417236,1.0,0.08042026311159134,7978,0.9716218709945679
1.964741826057434,True,1.9647376537322998,1.0,0.03525809943675995,7979,0.9768965840339661
0.9510180950164795,True,0.9510159492492676,1.0,1.048978328704834,7980,0.8234116435050964
1.9542057514190674,True,1.9542019367218018,1.0,0.045794203877449036,7981,0.9942461848258972
1.9704089164733887,True,1.970404863357544,1.0,0.02959110587835312,7982,0.9958158135414124
0.0,False,0.0,1.0,1.999991774559021,7983,0.2468360960483551
0.6383599042892456,True,0.6383582353591919,1.0,1.3616348505020142,7984,0.6702009439468384
0.9022715091705322,True,0.9022694826126099,1.0,1.09772527217865,7985,0.9609092473983765
1.0473198890686035,True,1.0473175048828125,1.0,0.9526770710945129,7986,0.9826393127441406
1.280043125152588,True,1.2800395488739014,1.0,0.719954252243042,7987,0.8713017106056213
0.8205183148384094,True,0.8205163478851318,1.0,1.1794774532318115,7988,0.09398715198040009
0.0,False,0.0,1.0,1.9999949932098389,7989,0.07447265088558197
1.926218032836914,True,1.9262142181396484,1.0,0.0737818256020546,7990,0.9956343770027161
1.703904390335083,True,1.7039005756378174,1.0,0.2960949242115021,7991,0.9940637946128845
0.0,False,0.0,1.0,1.9999949932098389,7992,0.7240980863571167
1.3837345838546753,True,1.3837318420410156,1.0,0.616264283657074,7993,0.9933213591575623
1.9667181968688965,True,1.9667141437530518,1.0,0.03328169882297516,7994,0.9980989098548889
1.9497721195220947,True,1.949768304824829,1.0,0.050227824598550797,7995,0.9770364165306091
1.9895955324172974,True,1.9895918369293213,1.0,0.010404552333056927,7996,0.9896838665008545
1.9887731075286865,True,1.98876953125,1.0,0.011226803064346313,7997,0.9664004445075989
1.0,True,0.9999978542327881,1.0,0.9999971985816956,7998,0.9189981818199158
0.9985553622245789,True,0.9985530972480774,1.0,1.0014413595199585,7999,0.7670707106590271
0.9980518817901611,True,0.9980498552322388,1.0,1.0019452571868896,8000,0.8905702233314514
0.9996733665466309,True,0.999671459197998,1.0,1.0003238916397095,8001,0.6811132431030273
0.9996248483657837,True,0.9996227025985718,1.0,1.000372290611267,8002,0.7273731827735901
1.8371202945709229,True,1.8371167182922363,1.0,0.16287919878959656,8003,0.9730536341667175
0.9990838766098022,True,0.9990819692611694,1.0,1.0009130239486694,8004,0.8294757604598999
1.0,True,0.9999978542327881,1.0,0.9999969005584717,8005,0.9478221535682678
0.9999394416809082,True,0.9999371767044067,1.0,1.0000572204589844,8006,0.8451072573661804
1.906858205795288,True,1.906854510307312,1.0,0.09314142167568207,8007,0.9716018438339233
1.8490161895751953,True,1.8490126132965088,1.0,0.15098336338996887,8008,0.3515598177909851
1.8436517715454102,True,1.8436486721038818,1.0,0.1563478410243988,8009,0.8981910943984985
0.0,False,0.0,1.0,1.9999947547912598,8010,0.3737943768501282
0.0,False,0.0,1.0,1.9999935626983643,8011,0.5025434494018555
0.0,False,0.0,1.0,1.999992847442627,8012,0.14005063474178314
0.0,False,0.0,1.0,1.9999942779541016,8013,0.6502563953399658
1.1756478548049927,True,1.1756455898284912,1.0,0.8243498802185059,8014,0.8095393776893616
0.8932198286056519,True,0.8932178020477295,1.0,1.106777310371399,8015,0.6928956508636475
0.0,False,0.0,1.0,1.9999948740005493,8016,0.5516522526741028
0.0,False,0.0,1.0,1.9999940395355225,8017,0.125032439827919
0.0,False,0.0,1.0,1.9999940395355225,8018,0.4874437153339386
0.9815815091133118,True,0.9815789461135864,1.0,1.018415093421936,8019,0.7052164077758789
0.0,False,0.0,1.0,1.9999940395355225,8020,0.0889539048075676
1.9563014507293701,True,1.9562976360321045,1.0,0.0436985157430172,8021,0.9941462278366089
1.404120922088623,True,1.404117226600647,1.0,0.5958773493766785,8022,0.7855455279350281
1.9726364612579346,True,1.972632646560669,1.0,0.027363482862710953,8023,0.995868444442749
1.967235803604126,True,1.9672317504882812,1.0,0.0327642522752285,8024,0.9956578016281128
0.07788418233394623,True,0.07788402587175369,1.0,1.922109603881836,8025,0.693005383014679
0.0,False,0.0,1.0,1.9999943971633911,8026,0.6091108918190002
0.0,False,0.0,1.0,1.9999932050704956,8027,0.47831520438194275
1.9301040172576904,True,1.9300997257232666,1.0,0.06989572197198868,8028,0.9708471894264221
0.9126067161560059,True,0.9126051664352417,1.0,1.087390661239624,8029,0.818693220615387
0.0,False,0.0,1.0,1.999993085861206,8030,0.280813068151474
1.9515917301177979,True,1.9515881538391113,1.0,0.04840817302465439,8031,0.9769656658172607
1.9899232387542725,True,1.9899194240570068,1.0,0.010076751001179218,8032,0.9896581768989563
0.9985450506210327,True,0.9985427856445312,1.0,1.001452088356018,8033,0.9127906560897827
1.9895603656768799,True,1.9895565509796143,1.0,0.010439526289701462,8034,0.9844359159469604
1.9798998832702637,True,1.9798964262008667,1.0,0.020100099965929985,8035,0.9078153967857361
0.9913475513458252,True,0.9913454055786133,1.0,1.0086493492126465,8036,0.893156111240387
1.7035088539123535,True,1.7035059928894043,1.0,0.2964906096458435,8037,0.981302797794342
1.2681254148483276,True,1.2681224346160889,1.0,0.7318722009658813,8038,0.8495804071426392
1.6514830589294434,True,1.651479959487915,1.0,0.34851598739624023,8039,0.9275722503662109
1.9933741092681885,True,1.993370771408081,1.0,0.006625696085393429,8040,0.4422076344490051
0.9988712668418884,True,0.9988691210746765,1.0,1.0011265277862549,8041,0.9536218643188477
1.919866681098938,True,1.9198631048202515,1.0,0.0801331028342247,8042,0.9737094044685364
1.9990345239639282,True,1.9990304708480835,1.0,0.0009653976885601878,8043,0.990552544593811
1.9993808269500732,True,1.9993770122528076,1.0,0.0006191582069732249,8044,0.9923632144927979
0.0,False,0.0,1.0,1.9999922513961792,8045,0.2718691825866699
1.1883705854415894,True,1.1883679628372192,1.0,0.8116272687911987,8046,0.9477543830871582
0.9991519451141357,True,0.9991496801376343,1.0,1.0008448362350464,8047,0.9085748195648193
1.9998323917388916,True,1.9998286962509155,1.0,0.00016758966376073658,8048,0.9923377633094788
0.9991048574447632,True,0.9991027116775513,1.0,1.000892162322998,8049,0.8493473529815674
1.5563204288482666,True,1.5563170909881592,1.0,0.443678081035614,8050,0.933789074420929
0.9994556903839111,True,0.9994535446166992,1.0,1.0005415678024292,8051,0.8691807985305786
1.999570608139038,True,1.9995667934417725,1.0,0.0004294141544960439,8052,0.9915270209312439
0.05623088777065277,True,0.05623076856136322,1.0,1.943763256072998,8053,0.18534086644649506
1.9998228549957275,True,1.999819040298462,1.0,0.00017710911924950778,8054,0.9915863275527954
0.9869194626808167,True,0.9869171977043152,1.0,1.0130776166915894,8055,0.7806567549705505
1.999731421470642,True,1.999727487564087,1.0,0.00026857401826418936,8056,0.9922494888305664
1.9774565696716309,True,1.9774532318115234,1.0,0.02254323661327362,8057,0.9461556077003479
0.9857540130615234,True,0.9857516884803772,1.0,1.0142430067062378,8058,0.8098856806755066
1.7923080921173096,True,1.7923049926757812,1.0,0.20769158005714417,8059,0.9891226887702942
1.9235913753509521,True,1.9235875606536865,1.0,0.07640831917524338,8060,0.9954699277877808
0.9968106746673584,True,0.9968082308769226,1.0,1.0031858682632446,8061,0.8914347887039185
0.6496212482452393,True,0.6496192216873169,1.0,1.3503732681274414,8062,0.8301224112510681
1.1713311672210693,True,1.1713284254074097,1.0,0.8286663293838501,8063,0.9515895247459412
1.996943712234497,True,1.9969401359558105,1.0,0.003056284971535206,8064,0.563795804977417
1.9417595863342285,True,1.9417558908462524,1.0,0.058240149170160294,8065,0.9805204272270203
1.9607003927230835,True,1.9606965780258179,1.0,0.03929946571588516,8066,0.9944329857826233
1.0358834266662598,True,1.0358810424804688,1.0,0.964113712310791,8067,0.8861926794052124
0.0,False,0.0,1.0,1.9999942779541016,8068,0.1889425814151764
0.9998195171356201,True,0.9998173713684082,1.0,1.0001775026321411,8069,0.8900044560432434
0.0,False,0.0,1.0,1.9999948740005493,8070,0.2865021526813507
0.0,False,0.0,1.0,1.9999949932098389,8071,0.05545952543616295
0.0,False,0.0,1.0,1.9999945163726807,8072,0.20887920260429382
0.0,False,0.0,1.0,1.9999947547912598,8073,0.20063647627830505
0.0,False,0.0,1.0,1.9999957084655762,8074,0.02724660001695156
0.0,False,0.0,1.0,1.9999951124191284,8075,0.020140793174505234
0.0,False,0.0,1.0,1.9999947547912598,8076,0.03532000631093979
0.9443677067756653,True,0.9443656802177429,1.0,1.055629849433899,8077,0.9609293937683105
0.9986574649810791,True,0.9986554384231567,1.0,1.0013402700424194,8078,0.7538220286369324
0.9903169274330139,True,0.9903144240379333,1.0,1.0096794366836548,8079,0.8922364115715027
1.9325305223464966,True,1.932526707649231,1.0,0.06746920198202133,8080,0.9630252718925476
1.3354448080062866,True,1.3354415893554688,1.0,0.6645529270172119,8081,0.9526588320732117
1.6691031455993652,True,1.6691001653671265,1.0,0.3308961093425751,8082,0.9885438084602356
0.0,False,0.0,1.0,0.9999961853027344,8083,0.11628691852092743
0.0,False,0.0,1.0,1.9999945163726807,8084,0.18721190094947815
1.3859126567840576,True,1.3859093189239502,1.0,0.6140851378440857,8085,0.9352300763130188
1.9488948583602905,True,1.948891282081604,1.0,0.0511050745844841,8086,0.9776113033294678
1.7312021255493164,True,1.731198787689209,1.0,0.26879721879959106,8087,0.932041347026825
0.0,False,0.0,1.0,1.999993085861206,8088,0.4009740352630615
0.0,False,0.0,1.0,1.9999951124191284,8089,0.2307714819908142
0.0,False,0.0,1.0,1.999993085861206,8090,0.43316322565078735
0.0,False,0.0,1.0,1.9999945163726807,8091,0.26912814378738403
0.0,False,0.0,1.0,1.9999940395355225,8092,0.21978269517421722
0.0,False,0.0,1.0,1.9999932050704956,8093,0.3457277715206146
0.0,False,0.0,1.0,0.9999967813491821,8094,0.35997694730758667
0.24887321889400482,True,0.2488725185394287,1.0,1.7511191368103027,8095,0.24220551550388336
1.2481554746627808,True,1.2481528520584106,1.0,0.751842200756073,8096,0.9446760416030884
1.9901530742645264,True,1.9901490211486816,1.0,0.009846938773989677,8097,0.9775705337524414
1.1772615909576416,True,1.177258849143982,1.0,0.8227357864379883,8098,0.7628427743911743
1.0516691207885742,True,1.0516663789749146,1.0,0.9483270645141602,8099,0.8378850221633911
1.7220263481140137,True,1.722022533416748,1.0,0.27797287702560425,8100,0.8671929240226746
0.0,False,0.0,1.0,1.9999942779541016,8101,0.03276824951171875
0.0,False,0.0,1.0,1.9999942779541016,8102,0.026840372011065483
0.9995970726013184,True,0.9995949268341064,1.0,1.0003997087478638,8103,0.8366544842720032
0.9996505975723267,True,0.9996482133865356,1.0,1.0003464221954346,8104,0.7379681468009949
1.0,True,0.999997615814209,1.0,0.9999967813491821,8105,0.8483565449714661
0.9992613792419434,True,0.999259352684021,1.0,1.0007357597351074,8106,0.8954880833625793
0.9999999403953552,True,0.9999979734420776,1.0,0.9999966025352478,8107,0.9220482707023621
1.0,True,0.9999980926513672,1.0,0.9999971389770508,8108,0.7419713139533997
0.9992965459823608,True,0.9992944002151489,1.0,1.0007001161575317,8109,0.8761117458343506
1.715964436531067,True,1.7159607410430908,1.0,0.28403472900390625,8110,0.985532820224762
0.9997143149375916,True,0.9997121691703796,1.0,1.0002820491790771,8111,0.890484094619751
0.9989376068115234,True,0.9989355206489563,1.0,1.001059651374817,8112,0.8746498823165894
0.9880337715148926,True,0.9880313873291016,1.0,1.0119625329971313,8113,0.8874024152755737
1.249441146850586,True,1.249437928199768,1.0,0.7505559921264648,8114,0.900550365447998
1.184755563735962,True,1.1847528219223022,1.0,0.8152419924736023,8115,0.9229773283004761
0.0,False,0.0,1.0,1.9999936819076538,8116,0.4916134178638458
1.7922402620315552,True,1.7922366857528687,1.0,0.20775900781154633,8117,0.8655545711517334
0.0,False,0.0,1.0,1.9999929666519165,8118,0.2854692339897156
0.0,False,0.0,1.0,1.9999923706054688,8119,0.46094417572021484
1.1062220335006714,True,1.1062195301055908,1.0,0.8937758207321167,8120,0.9625322222709656
1.9251880645751953,True,1.9251840114593506,1.0,0.0748119205236435,8121,0.9916704893112183
0.21655404567718506,True,0.21655362844467163,1.0,1.7834421396255493,8122,0.892967939376831
0.0,False,0.0,1.0,1.9999885559082031,8123,0.26256507635116577
0.0,False,0.0,1.0,1.9999945163726807,8124,0.3000659942626953
0.7656803727149963,True,0.7656782269477844,1.0,1.2343151569366455,8125,0.6359790563583374
0.846682071685791,True,0.846680223941803,1.0,1.1533143520355225,8126,0.5797635316848755
0.7740094661712646,True,0.7740074992179871,1.0,1.2259860038757324,8127,0.569236695766449
1.9665162563323975,True,1.966512680053711,1.0,0.033483657985925674,8128,0.9857544898986816
0.0,False,0.0,1.0,1.9999935626983643,8129,0.6052423119544983
0.712725818157196,True,0.7127243876457214,1.0,1.287269949913025,8130,0.7586079835891724
1.9572813510894775,True,1.957277774810791,1.0,0.04271858558058739,8131,0.976448118686676
1.9911549091339111,True,1.9911513328552246,1.0,0.008844967931509018,8132,0.9898571968078613
1.9883317947387695,True,1.9883278608322144,1.0,0.011668107472360134,8133,0.9831739068031311
1.9967020750045776,True,1.9966983795166016,1.0,0.003297892166301608,8134,0.9918620586395264
1.994937777519226,True,1.994933843612671,1.0,0.00506217498332262,8135,0.9858682751655579
0.0,False,0.0,1.0,1.9999918937683105,8136,0.08293788135051727
1.997939109802246,True,1.9979352951049805,1.0,0.0020609344355762005,8137,0.9923906922340393
1.9966599941253662,True,1.9966561794281006,1.0,0.0033399115782231092,8138,0.9872666001319885
1.9984357357025146,True,1.9984321594238281,1.0,0.0015641555655747652,8139,0.9923720359802246
1.997929334640503,True,1.9979256391525269,1.0,0.002070548478513956,8140,0.9897799491882324
1.9988760948181152,True,1.9988722801208496,1.0,0.001123940572142601,8141,0.9921972155570984
1.9984784126281738,True,1.9984747171401978,1.0,0.0015214255545288324,8142,0.9896356463432312
1.9990493059158325,True,1.9990456104278564,1.0,0.0009505886700935662,8143,0.9919621348381042
1.9987645149230957,True,1.99876070022583,1.0,0.0012354457285255194,8144,0.989788293838501
1.99918794631958,True,1.999184250831604,1.0,0.0008120097918435931,8145,0.9915133118629456
1.7115076780319214,True,1.7115044593811035,1.0,0.2884916067123413,8146,0.9672843217849731
1.4034584760665894,True,1.4034560918807983,1.0,0.5965399146080017,8147,0.9762820601463318
0.0,False,0.0,1.0,1.9999943971633911,8148,0.049248430877923965
1.9914977550506592,True,1.9914941787719727,1.0,0.008502149023115635,8149,0.9861705303192139
1.5946327447891235,True,1.5946295261383057,1.0,0.40536627173423767,8150,0.9213261008262634
0.0,False,0.0,1.0,1.9999949932098389,8151,0.15808764100074768
1.8925235271453857,True,1.8925199508666992,1.0,0.107476145029068,8152,0.9607377648353577
1.836465835571289,True,1.8364624977111816,1.0,0.1635337620973587,8153,0.982546865940094
1.982086420059204,True,1.982082724571228,1.0,0.01791347563266754,8154,0.9852818846702576
1.9722367525100708,True,1.972233533859253,1.0,0.02776312083005905,8155,0.9855399131774902
0.0,False,0.0,1.0,1.9999949932098389,8156,0.6409104466438293
1.7909222841262817,True,1.7909185886383057,1.0,0.20907706022262573,8157,0.9484264254570007
1.9931397438049316,True,1.993135929107666,1.0,0.006860022433102131,8158,0.9880757331848145
1.9904470443725586,True,1.9904429912567139,1.0,0.009552855044603348,8159,0.9857962131500244
1.7058773040771484,True,1.705873727798462,1.0,0.2941216826438904,8160,0.971701979637146
0.9984752535820007,True,0.9984731078147888,1.0,1.0015217065811157,8161,0.8960754871368408
0.99582439661026,True,0.9958223104476929,1.0,1.004172921180725,8162,0.9461333155632019
0.9994861483573914,True,0.9994841814041138,1.0,1.0005112886428833,8163,0.944712221622467
1.4882783889770508,True,1.4882755279541016,1.0,0.5117202401161194,8164,0.9290019273757935
1.0365054607391357,True,1.0365031957626343,1.0,0.9634914994239807,8165,0.9110057353973389
1.019163727760315,True,1.0191617012023926,1.0,0.9808332324028015,8166,0.8717291951179504
0.999920666217804,True,0.9999185800552368,1.0,1.000076413154602,8167,0.765494704246521
0.999504804611206,True,0.9995025396347046,1.0,1.0004920959472656,8168,0.8903378248214722
0.0,False,0.0,1.0,1.9999923706054688,8169,0.04275921359658241
1.5617749691009521,True,1.5617713928222656,1.0,0.43822360038757324,8170,0.946254551410675
1.8226475715637207,True,1.8226439952850342,1.0,0.17735183238983154,8171,0.9440560340881348
0.9902132749557495,True,0.990210771560669,1.0,1.009783387184143,8172,0.7722939848899841
0.9937081336975098,True,0.9937058687210083,1.0,1.0062888860702515,8173,0.7736794948577881
0.9954537749290466,True,0.9954516887664795,1.0,1.0045433044433594,8174,0.7916867136955261
1.385558843612671,True,1.3855557441711426,1.0,0.6144395470619202,8175,0.9363933801651001
0.0,False,0.0,1.0,0.9999971985816956,8176,0.3701919913291931
1.0993077754974365,True,1.099305272102356,1.0,0.9006893634796143,8177,0.9290109276771545
0.9981848001480103,True,0.9981824159622192,1.0,1.0018119812011719,8178,0.9210107326507568
0.9993782043457031,True,0.9993759393692017,1.0,1.0006189346313477,8179,0.9547016024589539
0.9568773508071899,True,0.9568749070167542,1.0,1.043118953704834,8180,0.9172148704528809
0.9999999403953552,True,0.9999978542327881,1.0,0.9999971985816956,8181,0.796990156173706
0.9894312024116516,True,0.9894287586212158,1.0,1.0105655193328857,8182,0.9123597741127014
1.032400369644165,True,1.0323981046676636,1.0,0.9675971269607544,8183,0.8757870197296143
0.999447226524353,True,0.9994449615478516,1.0,1.0005497932434082,8184,0.9115477800369263
0.989587128162384,True,0.9895845651626587,1.0,1.0104093551635742,8185,0.8469271659851074
0.0,False,0.0,1.0,1.9999926090240479,8186,0.06308121979236603
1.5939269065856934,True,1.5939234495162964,1.0,0.4060717821121216,8187,0.8947609663009644
0.9988540410995483,True,0.9988518357276917,1.0,1.001142978668213,8188,0.9311152100563049
0.999109148979187,True,0.9991071224212646,1.0,1.0008882284164429,8189,0.7570580244064331
1.0,True,0.9999977350234985,1.0,0.9999971389770508,8190,0.7297945022583008
0.998345136642456,True,0.9983429908752441,1.0,1.0016520023345947,8191,0.9110278487205505
0.0,False,0.0,0.0,1.9999946355819702,7577,0.10215111821889877
0.0,False,0.0,0.0,1.9999933242797852,7578,0.5063701868057251
0.0,False,0.0,0.0,1.9999938011169434,7579,0.05653705820441246
0.0,False,0.0,0.0,1.9999918937683105,7580,0.3226091265678406
0.0,False,0.0,0.0,1.9999940395355225,7581,0.11878801137208939
0.0,False,0.0,0.0,1.9999935626983643,7582,0.2587556540966034
0.0,False,0.0,0.0,1.9999945163726807,7583,0.08235643059015274
0.0,False,0.0,0.0,1.999993920326233,7584,0.2762718200683594
0.0,False,0.0,0.0,1.999995470046997,7585,0.31264692544937134
0.0,False,0.0,0.0,1.999993085861206,7586,0.02988174557685852
0.0,False,0.0,0.0,1.9999957084655762,7587,0.0077222962863743305
0.0,False,0.0,0.0,1.9999940395355225,7588,0.1593874841928482
0.0,False,0.0,0.0,1.9999938011169434,7589,0.2791617810726166
0.0,False,0.0,0.0,1.9999936819076538,7590,0.11079344898462296
0.0,False,0.0,0.0,1.9999942779541016,7591,0.09307670593261719
0.0,False,0.0,0.0,1.999993085861206,7592,0.05251992866396904
0.9993976354598999,True,0.9993953704833984,0.0,1.0005992650985718,7593,0.8535287976264954
0.0,False,0.0,0.0,1.9999945163726807,7594,0.028047671541571617
0.0,False,0.0,0.0,1.9999938011169434,7595,0.06010717898607254
0.0,False,0.0,0.0,1.9999924898147583,7596,0.2579030990600586
0.0,False,0.0,0.0,1.9999918937683105,7597,0.14820854365825653
0.0,False,0.0,0.0,1.9999938011169434,7598,0.07715293020009995
0.0,False,0.0,0.0,1.9999938011169434,7599,0.3475934565067291
0.0,False,0.0,0.0,1.9999932050704956,7600,0.1930384486913681
0.9997283220291138,True,0.9997260570526123,0.0,1.0002689361572266,7601,0.9230502843856812
0.0,False,0.0,0.0,1.9999943971633911,7602,0.06788697838783264
0.0,False,0.0,0.0,1.9999945163726807,7603,0.2994401752948761
0.0,False,0.0,0.0,1.9999951124191284,7604,0.020827192813158035
0.0,False,0.0,0.0,1.9999933242797852,7605,0.18139022588729858
0.0,False,0.0,0.0,1.9999933242797852,7606,0.02421799674630165
0.0,False,0.0,0.0,1.9999934434890747,7607,0.031246665865182877
0.0,False,0.0,0.0,1.9999942779541016,7608,0.03282099962234497
0.0,False,0.0,0.0,1.9999945163726807,7609,0.12084447592496872
0.0,False,0.0,0.0,1.999995231628418,7610,0.04710620269179344
0.7941962480545044,True,0.7941945195198059,0.0,1.2057998180389404,7611,0.27635499835014343
0.0,False,0.0,0.0,1.9999942779541016,7612,0.5962455868721008
0.0,False,0.0,0.0,1.9999947547912598,7613,0.01403417531400919
0.0,False,0.0,0.0,1.9999951124191284,7614,0.0979512557387352
0.0,False,0.0,0.0,1.9999955892562866,7615,0.030657416209578514
0.0,False,0.0,0.0,1.9999946355819702,7616,0.0606449693441391
0.0,False,0.0,0.0,1.9999946355819702,7617,0.00418759323656559
0.0,False,0.0,0.0,1.9999938011169434,7618,0.1053062230348587
0.9984936714172363,True,0.9984915256500244,0.0,1.0015031099319458,7619,0.9354717135429382
0.0,False,0.0,0.0,1.9999940395355225,7620,0.15518036484718323
0.0,False,0.0,0.0,1.9999935626983643,7621,0.157773956656456
0.0,False,0.0,0.0,1.9999942779541016,7622,0.11729788780212402
0.0,False,0.0,0.0,1.9999949932098389,7623,0.05287580192089081
0.0,False,0.0,0.0,1.999993920326233,7624,0.16190995275974274
0.0,False,0.0,0.0,1.9999955892562866,7625,0.03456328064203262
0.0,False,0.0,0.0,1.9999935626983643,7626,0.21033988893032074
0.0,False,0.0,0.0,1.999993085861206,7627,0.49227175116539
0.0,False,0.0,0.0,1.999993085861206,7628,0.1535893678665161
0.0,False,0.0,0.0,1.9999945163726807,7629,0.7017323970794678
0.0,False,0.0,0.0,1.9999960660934448,7630,0.08168810606002808
0.0,False,0.0,0.0,1.9999958276748657,7631,0.003188538597896695
0.0,False,0.0,0.0,1.9999945163726807,7632,0.13926370441913605
0.0,False,0.0,0.0,1.999994158744812,7633,0.6806124448776245
0.0,False,0.0,0.0,1.9999946355819702,7634,0.014424121007323265
0.0,False,0.0,0.0,1.9999943971633911,7635,0.36372530460357666
0.0,False,0.0,0.0,1.9999929666519165,7636,0.4155048727989197
0.0,False,0.0,0.0,1.9999942779541016,7637,0.1819135844707489
0.0,False,0.0,0.0,1.9999938011169434,7638,0.16604912281036377
0.0,False,0.0,0.0,1.9999948740005493,7639,0.414478063583374
0.0,False,0.0,0.0,1.999994158744812,7640,0.0693158283829689
0.0,False,0.0,0.0,1.9999935626983643,7641,0.5416629314422607
1.6980252265930176,True,1.698021411895752,0.0,0.30197399854660034,7642,0.8442984223365784
0.0,False,0.0,0.0,1.9999947547912598,7643,0.19008758664131165
0.0,False,0.0,0.0,1.999995231628418,7644,0.1958451122045517
0.0,False,0.0,0.0,1.999995231628418,7645,0.08114290237426758
0.0,False,0.0,0.0,1.9999949932098389,7646,0.06067107617855072
0.0,False,0.0,0.0,1.999995470046997,7647,0.040460892021656036
1.7233465909957886,True,1.7233432531356812,0.0,0.27665266394615173,7648,0.8350592851638794
0.0,False,0.0,0.0,1.9999943971633911,7649,0.35550549626350403
0.0,False,0.0,0.0,1.9999938011169434,7650,0.02354155294597149
0.0,False,0.0,0.0,1.9999940395355225,7651,0.1280268281698227
0.0,False,0.0,0.0,1.9999951124191284,7652,0.020215459167957306
0.0,False,0.0,0.0,1.9999948740005493,7653,0.10067078471183777
0.0,False,0.0,0.0,1.9999933242797852,7654,0.21528415381908417
0.96808922290802,True,0.9680871963500977,0.0,1.031908392906189,7655,0.9490296840667725
0.0,False,0.0,0.0,1.999994158744812,7656,0.17486582696437836
0.0,False,0.0,0.0,1.9999938011169434,7657,0.11916039884090424
0.0,False,0.0,0.0,1.9999948740005493,7658,0.10825526714324951
0.0,False,0.0,0.0,1.9999959468841553,7659,0.1401239037513733
0.0,False,0.0,0.0,1.9999957084655762,7660,0.04126553237438202
0.0,False,0.0,0.0,1.9999947547912598,7661,0.004596895072609186
0.0,False,0.0,0.0,1.9999949932098389,7662,0.05959629267454147
0.0,False,0.0,0.0,1.9999938011169434,7663,0.38009071350097656
0.0,False,0.0,0.0,1.9999949932098389,7664,0.018860366195440292
0.0,False,0.0,0.0,1.999995231628418,7665,0.018269948661327362
0.0,False,0.0,0.0,1.9999945163726807,7666,0.39615094661712646
0.0,False,0.0,0.0,1.9999923706054688,7667,0.09889910370111465
0.0,False,0.0,0.0,1.9999940395355225,7668,0.1651248186826706
0.0,False,0.0,0.0,1.9999934434890747,7669,0.1600477397441864
0.0,False,0.0,0.0,1.999995470046997,7670,0.007138367276638746
0.0,False,0.0,0.0,1.999995231628418,7671,0.057765666395425797
0.0,False,0.0,0.0,1.9999940395355225,7672,0.38882049918174744
0.0,False,0.0,0.0,1.9999955892562866,7673,0.05302789434790611
0.0,False,0.0,0.0,1.9999945163726807,7674,0.05053306743502617
0.0,False,0.0,0.0,1.9999938011169434,7675,0.15656012296676636
0.9226543307304382,True,0.9226522445678711,0.0,1.0773431062698364,7676,0.6438896059989929
0.0,False,0.0,0.0,1.9999933242797852,7677,0.5108363032341003
1.0,True,0.9999975562095642,0.0,0.9999969005584717,7678,0.7975382804870605
0.0,False,0.0,0.0,1.999995231628418,7679,0.011754844337701797
0.0,False,0.0,0.0,1.999992847442627,7680,0.3455020785331726
0.0,False,0.0,0.0,1.9999959468841553,7681,0.08351762592792511
0.0,False,0.0,0.0,1.999995231628418,7682,0.002046847715973854
0.0,False,0.0,0.0,1.9999936819076538,7683,0.06423154473304749
0.0,False,0.0,0.0,1.9999942779541016,7684,0.021734509617090225
0.0,False,0.0,0.0,1.999993920326233,7685,0.18791772425174713
0.0,False,0.0,0.0,1.999992847442627,7686,0.06551952660083771
0.0,False,0.0,0.0,1.9999949932098389,7687,0.019233539700508118
0.35833990573883057,True,0.3583391010761261,0.0,1.6416549682617188,7688,0.44589024782180786
0.0,False,0.0,0.0,1.9999942779541016,7689,0.19839449226856232
0.0,False,0.0,0.0,1.999993085861206,7690,0.21956941485404968
0.0,False,0.0,0.0,1.999993085861206,7691,0.30876508355140686
0.0,False,0.0,0.0,1.9999927282333374,7692,0.11215104907751083
0.0,False,0.0,0.0,1.9999942779541016,7693,0.09662818163633347
0.0,False,0.0,0.0,1.9999938011169434,7694,0.10472697764635086
0.0,False,0.0,0.0,1.999993085861206,7695,0.14764823019504547
0.0,False,0.0,0.0,1.9999949932098389,7696,0.053294505923986435
0.0,False,0.0,0.0,1.9999934434890747,7697,0.15694959461688995
0.0,False,0.0,0.0,1.9999926090240479,7698,0.1207205206155777
0.0,False,0.0,0.0,1.9999945163726807,7699,0.3534545600414276
0.9891571998596191,True,0.9891549348831177,0.0,1.010839819908142,7700,0.9077090620994568
0.0,False,0.0,0.0,1.9999938011169434,7701,0.11960794031620026
0.0,False,0.0,0.0,1.9999938011169434,7702,0.04221222549676895
0.0,False,0.0,0.0,1.9999949932098389,7703,0.010311944410204887
0.0,False,0.0,0.0,1.9999927282333374,7704,0.017283987253904343
0.0,False,0.0,0.0,1.999995231628418,7705,0.578895092010498
0.0,False,0.0,0.0,1.9999940395355225,7706,0.06409675627946854
0.0,False,0.0,0.0,1.9999936819076538,7707,0.01636476442217827
0.0,False,0.0,0.0,1.9999940395355225,7708,0.3728843629360199
0.0,False,0.0,0.0,1.9999945163726807,7709,0.30835071206092834
0.0,False,0.0,0.0,1.9999945163726807,7710,0.05355841666460037
0.0,False,0.0,0.0,1.9999947547912598,7711,0.2632021903991699
0.0,False,0.0,0.0,1.9999934434890747,7712,0.5277262330055237
0.0,False,0.0,0.0,1.9999942779541016,7713,0.4655860364437103
0.0,False,0.0,0.0,1.9999947547912598,7714,0.33497679233551025
0.0,False,0.0,0.0,1.999994158744812,7715,0.04653976112604141
0.0,False,0.0,0.0,1.9999940395355225,7716,0.04976039379835129
0.0,False,0.0,0.0,1.9999947547912598,7717,0.08121836185455322
0.0,False,0.0,0.0,1.9999951124191284,7718,0.018059823662042618
0.0,False,0.0,0.0,1.9999934434890747,7719,0.012942926026880741
0.0,False,0.0,0.0,1.9999940395355225,7720,0.23244549334049225
0.0,False,0.0,0.0,1.9999945163726807,7721,0.21144215762615204
0.0,False,0.0,0.0,1.9999938011169434,7722,0.31596437096595764
0.0,False,0.0,0.0,1.9999940395355225,7723,0.6111822128295898
0.0,False,0.0,0.0,1.9999935626983643,7724,0.28361985087394714
0.0,False,0.0,0.0,1.9999945163726807,7725,0.07329853624105453
1.2937428951263428,True,1.2937402725219727,0.0,0.7062550783157349,7726,0.9172994494438171
0.0,False,0.0,0.0,1.9999935626983643,7727,0.16222159564495087
0.0,False,0.0,0.0,1.999995231628418,7728,0.09583918005228043
0.0,False,0.0,0.0,1.9999935626983643,7729,0.14364320039749146
1.0870845317840576,True,1.087082028388977,0.0,0.9129127264022827,7730,0.9786754250526428
0.0,False,0.0,0.0,1.9999909400939941,7731,0.08981408178806305
0.0,False,0.0,0.0,1.9999953508377075,7732,0.018495330587029457
0.0,False,0.0,0.0,1.9999951124191284,7733,0.3066670894622803
0.0,False,0.0,0.0,1.9999940395355225,7734,0.7740217447280884
0.0,False,0.0,0.0,1.9999945163726807,7735,0.3576275110244751
0.0,False,0.0,0.0,1.9999940395355225,7736,0.10970517247915268
0.0,False,0.0,0.0,1.9999949932098389,7737,0.07219276577234268
0.0,False,0.0,0.0,1.999994158744812,7738,0.01310747116804123
0.0,False,0.0,0.0,1.9999949932098389,7739,0.07180232554674149
0.0,False,0.0,0.0,1.999995231628418,7740,0.08534559607505798
0.994186520576477,True,0.9941846132278442,0.0,1.0058114528656006,7741,0.9455050826072693
0.0,False,0.0,0.0,1.9999957084655762,7742,0.07480263710021973
0.0,False,0.0,0.0,1.9999949932098389,7743,0.0018082907190546393
0.0,False,0.0,0.0,1.9999934434890747,7744,0.37347611784935
0.0,False,0.0,0.0,1.999995231628418,7745,0.019182084128260612
0.0,False,0.0,0.0,1.999995231628418,7746,0.004399254452437162
0.0,False,0.0,0.0,1.9999946355819702,7747,0.25626564025878906
0.0,False,0.0,0.0,1.9999957084655762,7748,0.05350741371512413
0.0,False,0.0,0.0,1.999994158744812,7749,0.21518172323703766
0.20196068286895752,True,0.20196032524108887,0.0,1.7980356216430664,7750,0.5539494752883911
0.0,False,0.0,0.0,1.9999940395355225,7751,0.46156829595565796
0.0,False,0.0,0.0,1.9999934434890747,7752,0.4828340411186218
0.0,False,0.0,0.0,1.9999947547912598,7753,0.412497878074646
0.0,False,0.0,0.0,1.9999949932098389,7754,0.010195119306445122
0.0,False,0.0,0.0,1.999995231628418,7755,0.008522617630660534
0.0,False,0.0,0.0,1.9999945163726807,7756,0.01825007051229477
0.0,False,0.0,0.0,1.9999949932098389,7757,0.34556668996810913
0.0,False,0.0,0.0,1.9999940395355225,7758,0.10473667830228806
0.0,False,0.0,0.0,1.9999957084655762,7759,0.0437425896525383
0.0,False,0.0,0.0,1.9999934434890747,7760,0.06979881227016449
0.0,False,0.0,0.0,1.999994158744812,7761,0.32800793647766113
0.0,False,0.0,0.0,1.9999936819076538,7762,0.2404029220342636
0.0,False,0.0,0.0,1.999995231628418,7763,0.2693604528903961
0.0,False,0.0,0.0,1.9999940395355225,7764,0.14580386877059937
0.9962683916091919,True,0.9962663650512695,0.0,1.0037288665771484,7765,0.9628915190696716
0.9003221988677979,True,0.9003194570541382,0.0,1.0996743440628052,7766,0.5637699365615845
0.0,False,0.0,0.0,1.9999938011169434,7767,0.02657269313931465
0.0,False,0.0,0.0,1.9999932050704956,7768,0.48118147253990173
0.0,False,0.0,0.0,1.9999912977218628,7769,0.3491917550563812
0.0,False,0.0,0.0,1.9999959468841553,7770,0.0013503734953701496
0.0,False,0.0,0.0,1.9999948740005493,7771,0.6511399745941162
0.0,False,0.0,0.0,1.9999926090240479,7772,0.3855245113372803
0.0,False,0.0,0.0,1.9999953508377075,7773,0.40592262148857117
0.0,False,0.0,0.0,1.999995470046997,7774,0.01061497163027525
0.0,False,0.0,0.0,1.999995231628418,7775,0.0005268450477160513
0.0,False,0.0,0.0,1.999995231628418,7776,0.013111216016113758
0.0,False,0.0,0.0,1.9999946355819702,7777,0.02920634113252163
0.0,False,0.0,0.0,1.9999940395355225,7778,0.11943600326776505
0.0,False,0.0,0.0,1.999995231628418,7779,0.11909469217061996
0.0,False,0.0,0.0,1.9999947547912598,7780,0.004579712171107531
0.0,False,0.0,0.0,1.999991536140442,7781,0.22055290639400482
1.939072608947754,True,1.9390692710876465,0.0,0.06092704460024834,7782,0.9424349665641785
0.0,False,0.0,0.0,1.9999947547912598,7783,0.21846771240234375
0.0,False,0.0,0.0,1.9999935626983643,7784,0.4906650483608246
0.0,False,0.0,0.0,1.9999935626983643,7785,0.538836658000946
0.0,False,0.0,0.0,1.9999927282333374,7786,0.46464648842811584
0.0,False,0.0,0.0,1.9999946355819702,7787,0.8228747844696045
0.0,False,0.0,0.0,1.999992847442627,7788,0.13831517100334167
0.0,False,0.0,0.0,1.999995231628418,7789,0.021984469145536423
0.0,False,0.0,0.0,1.9999933242797852,7790,0.09315784275531769
0.0,False,0.0,0.0,1.9999910593032837,7791,0.04531025514006615
0.0,False,0.0,0.0,1.9999936819076538,7792,0.3113568127155304
0.0,False,0.0,0.0,1.9999936819076538,7793,0.15743406116962433
0.0,False,0.0,0.0,1.9999948740005493,7794,0.10823798179626465
0.0,False,0.0,0.0,1.9999933242797852,7795,0.03694579750299454
0.0,False,0.0,0.0,1.9999957084655762,7796,0.027552254498004913
0.0,False,0.0,0.0,1.9999957084655762,7797,0.057751718908548355
0.0,False,0.0,0.0,1.9999953508377075,7798,0.003481261432170868
0.0,False,0.0,0.0,1.9999923706054688,7799,0.12720097601413727
0.0,False,0.0,0.0,1.999995470046997,7800,0.020609214901924133
0.0,False,0.0,0.0,1.9999940395355225,7801,0.11865343153476715
0.0,False,0.0,0.0,1.9999946355819702,7802,0.3548651933670044
0.0,False,0.0,0.0,1.9999949932098389,7803,0.09751034528017044
0.0,False,0.0,0.0,1.999991536140442,7804,0.16618363559246063
0.9394479393959045,True,0.9394456744194031,0.0,1.0605486631393433,7805,0.8803077936172485
0.0,False,0.0,0.0,1.999992847442627,7806,0.1779979020357132
0.0,False,0.0,0.0,1.999995231628418,7807,0.056588128209114075
0.0,False,0.0,0.0,1.9999949932098389,7808,0.004096509888768196
0.0,False,0.0,0.0,1.999995470046997,7809,0.00420519569888711
0.0,False,0.0,0.0,1.999995231628418,7810,0.013181908056139946
0.0,False,0.0,0.0,1.999995470046997,7811,0.15528558194637299
0.0,False,0.0,0.0,1.9999947547912598,7812,0.09987736493349075
0.0,False,0.0,0.0,1.9999942779541016,7813,0.0017069465247914195
0.0,False,0.0,0.0,1.999993920326233,7814,0.17622895538806915
0.0,False,0.0,0.0,1.9999902248382568,7815,0.30905357003211975
0.0,False,0.0,0.0,1.9999957084655762,7816,0.00978809967637062
0.0,False,0.0,0.0,1.9999948740005493,7817,0.12519146502017975
0.0,False,0.0,0.0,1.9999946355819702,7818,0.08367682248353958
0.0,False,0.0,0.0,1.9999946355819702,7819,0.06713332235813141
0.0,False,0.0,0.0,1.9999946355819702,7820,0.26349177956581116
0.0,False,0.0,0.0,1.999995231628418,7821,0.025940755382180214
0.0,False,0.0,0.0,1.999995231628418,7822,0.13741229474544525
0.0,False,0.0,0.0,1.9999935626983643,7823,0.07958657294511795
0.0,False,0.0,0.0,1.9999940395355225,7824,0.13651669025421143
0.0,False,0.0,0.0,1.999990701675415,7825,0.6552312970161438
0.0,False,0.0,0.0,1.9999921321868896,7826,0.0316917710006237
0.0,False,0.0,0.0,1.9999933242797852,7827,0.5809509754180908
0.0,False,0.0,0.0,1.9999945163726807,7828,0.41371917724609375
0.0,False,0.0,0.0,1.9999935626983643,7829,0.16008929908275604
0.0,False,0.0,0.0,1.9999911785125732,7830,0.16872644424438477
0.0,False,0.0,0.0,1.999995470046997,7831,0.008823919110000134
0.0,False,0.0,0.0,1.9999927282333374,7832,0.2634303569793701
0.0,False,0.0,0.0,1.9999932050704956,7833,0.08710268139839172
0.0,False,0.0,0.0,1.999993085861206,7834,0.05503544211387634
0.0,False,0.0,0.0,1.9999947547912598,7835,0.1875464767217636
0.0,False,0.0,0.0,1.9999935626983643,7836,0.5116417407989502
0.0,False,0.0,0.0,1.9999935626983643,7837,0.42273005843162537
0.0,False,0.0,0.0,1.9999945163726807,7838,0.14029905200004578
0.0,False,0.0,0.0,1.9999940395355225,7839,0.6132538914680481
0.0,False,0.0,0.0,1.9999932050704956,7840,0.22815532982349396
0.0,False,0.0,0.0,1.9999926090240479,7841,0.13655440509319305
0.0,False,0.0,0.0,1.999995231628418,7842,0.07363437861204147
0.0,False,0.0,0.0,1.9999938011169434,7843,0.2370995283126831
0.0,False,0.0,0.0,1.9999943971633911,7844,0.42693766951560974
0.0,False,0.0,0.0,1.999995231628418,7845,0.1054985374212265
0.0,False,0.0,0.0,1.9999947547912598,7846,0.09182539582252502
0.0,False,0.0,0.0,1.999995231628418,7847,0.2002255916595459
0.0,False,0.0,0.0,1.9999921321868896,7848,0.1497962772846222
0.0,False,0.0,0.0,1.9999947547912598,7849,0.03381890431046486
0.0,False,0.0,0.0,1.999993085861206,7850,0.3261415660381317
0.0,False,0.0,0.0,1.9999933242797852,7851,0.20286081731319427
0.0,False,0.0,0.0,1.9999943971633911,7852,0.11209901422262192
0.0,False,0.0,0.0,1.9999940395355225,7853,0.15013213455677032
0.0,False,0.0,0.0,1.999995470046997,7854,0.06473355740308762
0.0,False,0.0,0.0,1.9999943971633911,7855,0.02735029347240925
0.0,False,0.0,0.0,1.999995231628418,7856,0.0218549482524395
0.0,False,0.0,0.0,1.9999951124191284,7857,0.0502263605594635
0.0,False,0.0,0.0,1.999995470046997,7858,0.04155193641781807
0.0,False,0.0,0.0,1.9999947547912598,7859,0.14956331253051758
0.0,False,0.0,0.0,1.9999947547912598,7860,0.39628273248672485
0.0,False,0.0,0.0,1.9999946355819702,7861,0.45051291584968567
0.0,False,0.0,0.0,1.9999945163726807,7862,0.24939599633216858
0.0,False,0.0,0.0,1.9999949932098389,7863,0.017113277688622475
0.0,False,0.0,0.0,1.9999942779541016,7864,0.055495452135801315
0.0,False,0.0,0.0,1.9999938011169434,7865,0.0590192973613739
0.0,False,0.0,0.0,1.9999947547912598,7866,0.16888903081417084
0.0,False,0.0,0.0,1.9999936819076538,7867,0.09070608019828796
0.0,False,0.0,0.0,1.9999945163726807,7868,0.1329767107963562
0.0,False,0.0,0.0,1.9999940395355225,7869,0.0999501571059227
0.0,False,0.0,0.0,1.9999948740005493,7870,0.17537707090377808
0.0,False,0.0,0.0,1.999993920326233,7871,0.02122391387820244
0.0,False,0.0,0.0,1.9999923706054688,7872,0.2979099452495575
0.0,False,0.0,0.0,1.9999940395355225,7873,0.46863794326782227
0.0,False,0.0,0.0,1.9999926090240479,7874,0.04555574432015419
0.0,False,0.0,0.0,1.9999932050704956,7875,0.49596986174583435
0.0,False,0.0,0.0,1.999993920326233,7876,0.01079126913100481
0.0,False,0.0,0.0,1.999993920326233,7877,0.04624062404036522
0.0,False,0.0,0.0,1.9999946355819702,7878,0.007142417132854462
0.6521492600440979,True,0.6521480083465576,0.0,1.3478471040725708,7879,0.6228160858154297
0.0,False,0.0,0.0,1.9999945163726807,7880,0.16274073719978333
0.0,False,0.0,0.0,1.9999942779541016,7881,0.40552574396133423
0.0,False,0.0,0.0,1.9999947547912598,7882,0.18623991310596466
0.0,False,0.0,0.0,1.999993920326233,7883,0.2062423676252365
0.0,False,0.0,0.0,1.9999940395355225,7884,0.17616033554077148
0.0,False,0.0,0.0,1.9999942779541016,7885,0.07326725870370865
0.0,False,0.0,0.0,1.9999942779541016,7886,0.3209371566772461
0.0,False,0.0,0.0,1.9999947547912598,7887,0.06950966268777847
0.0,False,0.0,0.0,1.9999949932098389,7888,0.08545517176389694
0.0,False,0.0,0.0,1.9999945163726807,7889,0.1032736524939537
0.0,False,0.0,0.0,1.999993085861206,7890,0.8735231757164001
0.0,False,0.0,0.0,1.999994158744812,7891,0.18559198081493378
0.0,False,0.0,0.0,0.9999973177909851,7892,0.549179196357727
0.0,False,0.0,0.0,1.9999927282333374,7893,0.8564858436584473
0.0,False,0.0,0.0,1.9999938011169434,7894,0.4139014184474945
0.0,False,0.0,0.0,1.9999935626983643,7895,0.32107529044151306
0.0,False,0.0,0.0,1.9999933242797852,7896,0.36169323325157166
0.0,False,0.0,0.0,1.9999946355819702,7897,0.06664048135280609
0.0,False,0.0,0.0,1.9999942779541016,7898,0.19388720393180847
0.0,False,0.0,0.0,1.9999953508377075,7899,0.0814950168132782
0.0,False,0.0,0.0,1.9999947547912598,7900,0.02280529774725437
0.0,False,0.0,0.0,1.9999918937683105,7901,0.3155720829963684
0.0,False,0.0,0.0,1.999995470046997,7902,0.003254139795899391
0.0,False,0.0,0.0,1.999995231628418,7903,0.03961479291319847
1.8672807216644287,True,1.8672772645950317,0.0,0.13271890580654144,7904,0.9578968286514282
0.0,False,0.0,0.0,1.9999955892562866,7905,0.03462444990873337
0.0,False,0.0,0.0,1.9999945163726807,7906,0.46414071321487427
0.0,False,0.0,0.0,1.9999940395355225,7907,0.027541110292077065
0.0,False,0.0,0.0,1.9999949932098389,7908,0.014973929151892662
0.0,False,0.0,0.0,1.999995231628418,7909,0.03327184543013573
0.0,False,0.0,0.0,1.9999940395355225,7910,0.1408682018518448
0.0,False,0.0,0.0,1.9999949932098389,7911,0.004913992714136839
0.999020516872406,True,0.9990184307098389,0.0,1.0009772777557373,7912,0.9063027501106262
0.0,False,0.0,0.0,1.9999948740005493,7913,0.18794508278369904
0.0,False,0.0,0.0,1.999995231628418,7914,0.016918441280722618
0.0,False,0.0,0.0,1.9999957084655762,7915,0.04839735105633736
0.0,False,0.0,0.0,1.999995470046997,7916,0.009844068437814713
0.0,False,0.0,0.0,1.999990701675415,7917,0.03012082725763321
0.0,False,0.0,0.0,1.9999902248382568,7918,0.11598667502403259
0.0,False,0.0,0.0,1.9999949932098389,7919,0.14795097708702087
0.0,False,0.0,0.0,1.9999933242797852,7920,0.2871493399143219
0.0,False,0.0,0.0,1.9999909400939941,7921,0.16062788665294647
0.0,False,0.0,0.0,1.9999927282333374,7922,0.09232430905103683
0.0,False,0.0,0.0,1.9999945163726807,7923,0.46546053886413574
0.0,False,0.0,0.0,1.9999942779541016,7924,0.2875237762928009
0.0,False,0.0,0.0,1.999995231628418,7925,0.021746886894106865
0.0,False,0.0,0.0,1.9999935626983643,7926,0.07439777255058289
0.0,False,0.0,0.0,1.9999918937683105,7927,0.05342278257012367
0.0,False,0.0,0.0,1.9999947547912598,7928,0.16393521428108215
0.0,False,0.0,0.0,1.9999942779541016,7929,0.2971039116382599
0.0,False,0.0,0.0,1.9999948740005493,7930,0.12673506140708923
0.0,False,0.0,0.0,1.9999953508377075,7931,0.10201042890548706
0.0,False,0.0,0.0,1.999993920326233,7932,0.11829020828008652
0.0,False,0.0,0.0,1.999990701675415,7933,0.28012898564338684
0.0,False,0.0,0.0,1.9999938011169434,7934,0.4445320665836334
0.0,False,0.0,0.0,1.9999934434890747,7935,0.20525918900966644
0.0,False,0.0,0.0,1.9999946355819702,7936,0.24386674165725708
0.0,False,0.0,0.0,1.999995470046997,7937,0.5751942992210388
0.0,False,0.0,0.0,1.9999935626983643,7938,0.454091876745224
0.0,False,0.0,0.0,1.9999932050704956,7939,0.2502898573875427
0.0,False,0.0,0.0,1.9999923706054688,7940,0.24320828914642334
0.9881417751312256,True,0.9881397485733032,0.0,1.0118554830551147,7941,0.6896088719367981
0.0,False,0.0,0.0,1.9999938011169434,7942,0.4055962562561035
0.0,False,0.0,0.0,1.9999926090240479,7943,0.2584446370601654
0.0,False,0.0,0.0,1.9999935626983643,7944,0.1328127384185791
0.981840193271637,True,0.9818382263183594,0.0,1.0181570053100586,7945,0.7022837996482849
0.0,False,0.0,0.0,1.999995231628418,7946,0.04461143538355827
0.0,False,0.0,0.0,1.9999933242797852,7947,0.3948116898536682
0.0,False,0.0,0.0,1.9999943971633911,7948,0.36281123757362366
0.0,False,0.0,0.0,1.9999940395355225,7949,0.194190114736557
0.0,False,0.0,0.0,1.9999951124191284,7950,0.038324207067489624
0.0,False,0.0,0.0,1.9999942779541016,7951,0.08953653275966644
0.0,False,0.0,0.0,1.9999957084655762,7952,0.01670193113386631
0.0,False,0.0,0.0,1.9999942779541016,7953,0.03638390451669693
0.0,False,0.0,0.0,1.9999947547912598,7954,0.014744717627763748
0.0,False,0.0,0.0,1.999992847442627,7955,0.15581966936588287
0.0,False,0.0,0.0,1.999995231628418,7956,0.09995336085557938
0.0,False,0.0,0.0,1.9999940395355225,7957,0.08936742693185806
0.0,False,0.0,0.0,1.9999923706054688,7958,0.6177942752838135
0.0,False,0.0,0.0,1.9999938011169434,7959,0.4809773564338684
0.0,False,0.0,0.0,1.9999947547912598,7960,0.6551886200904846
0.0,False,0.0,0.0,1.9999921321868896,7961,0.09144020080566406
0.0,False,0.0,0.0,1.9999945163726807,7962,0.5057412385940552
1.0587457418441772,True,1.0587432384490967,0.0,0.9412510991096497,7963,0.975188672542572
0.0,False,0.0,0.0,1.9999949932098389,7964,0.02335115522146225
0.0,False,0.0,0.0,1.9999947547912598,7965,0.20368656516075134
0.0,False,0.0,0.0,1.9999935626983643,7966,0.17533880472183228
0.0,False,0.0,0.0,1.999992847442627,7967,0.31470319628715515
0.0,False,0.0,0.0,1.9999957084655762,7968,0.018748236820101738
0.0,False,0.0,0.0,1.999995470046997,7969,0.024137351661920547
0.0,False,0.0,0.0,1.9999933242797852,7970,0.15710040926933289
0.0,False,0.0,0.0,1.9999949932098389,7971,0.13644811511039734
0.9001062512397766,True,0.9001039862632751,0.0,1.0998899936676025,7972,0.8158915042877197
0.0,False,0.0,0.0,1.9999934434890747,7973,0.16759803891181946
0.0,False,0.0,0.0,1.9999958276748657,7974,0.05893635004758835
0.0,False,0.0,0.0,1.999994158744812,7975,0.1513749063014984
0.0,False,0.0,0.0,1.9999938011169434,7976,0.0825100988149643
0.0,False,0.0,0.0,1.9999936819076538,7977,0.501119077205658
0.0,False,0.0,0.0,1.9999958276748657,7978,0.0037407015915960073
0.0,False,0.0,0.0,1.9999933242797852,7979,0.037414781749248505
0.0,False,0.0,0.0,1.9999938011169434,7980,0.12553386390209198
0.0,False,0.0,0.0,1.9999951124191284,7981,0.0022322116419672966
0.0,False,0.0,0.0,1.999995231628418,7982,0.03347991034388542
0.0,False,0.0,0.0,1.9999942779541016,7983,0.11869464069604874
0.0,False,0.0,0.0,1.9999935626983643,7984,0.10759574174880981
0.0,False,0.0,0.0,1.9999933242797852,7985,0.2054765522480011
0.0,False,0.0,0.0,1.9999936819076538,7986,0.09579724818468094
0.4470279812812805,True,0.44702672958374023,0.0,1.5529654026031494,7987,0.6737606525421143
0.0,False,0.0,0.0,1.9999935626983643,7988,0.6552459597587585
0.0,False,0.0,0.0,0.999997615814209,7989,0.5931378602981567
0.0,False,0.0,0.0,1.9999955892562866,7990,0.06595923751592636
0.0,False,0.0,0.0,1.9999953508377075,7991,0.05704820528626442
0.0,False,0.0,0.0,1.9999938011169434,7992,0.378269761800766
0.0,False,0.0,0.0,1.9999959468841553,7993,0.10724470764398575
0.0,False,0.0,0.0,1.999995231628418,7994,0.10135754197835922
0.0,False,0.0,0.0,1.999993920326233,7995,0.3105255365371704
0.0,False,0.0,0.0,1.9999945163726807,7996,0.334798663854599
0.9901647567749023,True,0.9901628494262695,0.0,1.0098332166671753,7997,0.9151160717010498
0.0,False,0.0,0.0,1.9999923706054688,7998,0.5108575820922852
1.3336644172668457,True,1.3336615562438965,0.0,0.6663335561752319,7999,0.7994045615196228
0.0,False,0.0,0.0,1.9999933242797852,8000,0.13857504725456238
0.0,False,0.0,0.0,1.9999943971633911,8001,0.14945074915885925
0.0,False,0.0,0.0,1.9999927282333374,8002,0.05127500370144844
0.0,False,0.0,0.0,1.9999920129776,8003,0.21828632056713104
0.0,False,0.0,0.0,1.999993920326233,8004,0.313370943069458
0.0,False,0.0,0.0,1.9999932050704956,8005,0.1927289068698883
0.0,False,0.0,0.0,1.9999933242797852,8006,0.21192580461502075
0.0,False,0.0,0.0,1.9999946355819702,8007,0.28122422099113464
0.0,False,0.0,0.0,1.9999948740005493,8008,0.022958960384130478
0.0,False,0.0,0.0,1.999995470046997,8009,0.20542749762535095
0.0,False,0.0,0.0,1.9999945163726807,8010,0.17021287977695465
0.0,False,0.0,0.0,1.999992847442627,8011,0.4640491008758545
0.0,False,0.0,0.0,1.9999940395355225,8012,0.22402052581310272
0.0,False,0.0,0.0,1.9999934434890747,8013,0.465805321931839
0.0,False,0.0,0.0,1.9999935626983643,8014,0.15140089392662048
0.980549693107605,True,0.9805474281311035,0.0,1.0194475650787354,8015,0.6985568404197693
0.0,False,0.0,0.0,1.9999940395355225,8016,0.2646268904209137
0.0,False,0.0,0.0,1.9999929666519165,8017,0.29585689306259155
0.0,False,0.0,0.0,1.9999942779541016,8018,0.4517689347267151
0.0,False,0.0,0.0,1.999993085861206,8019,0.22356685996055603
0.0,False,0.0,0.0,1.9999933242797852,8020,0.455173134803772
0.0,False,0.0,0.0,1.9999951124191284,8021,0.04995109885931015
0.0,False,0.0,0.0,1.999992847442627,8022,0.1417771279811859
0.0,False,0.0,0.0,1.9999949932098389,8023,0.010616719722747803
0.0,False,0.0,0.0,1.999995470046997,8024,0.009660891257226467
0.0,False,0.0,0.0,1.9999940395355225,8025,0.42746981978416443
0.0,False,0.0,0.0,1.9999935626983643,8026,0.15155497193336487
1.6217389106750488,True,1.6217352151870728,0.0,0.37825995683670044,8027,0.694775402545929
0.0,False,0.0,0.0,1.9999942779541016,8028,0.12041480839252472
0.0,False,0.0,0.0,1.999995231628418,8029,0.04642954468727112
0.0,False,0.0,0.0,1.9999940395355225,8030,0.39802882075309753
1.466643214225769,True,1.4666404724121094,0.0,0.5333553552627563,8031,0.957965075969696
0.0,False,0.0,0.0,1.9999953508377075,8032,0.07335403561592102
0.0,False,0.0,0.0,1.9999934434890747,8033,0.12493289262056351
0.0,False,0.0,0.0,1.9999945163726807,8034,0.47011926770210266
0.0,False,0.0,0.0,1.9999957084655762,8035,0.023086722940206528
0.9508054256439209,True,0.9508028626441956,0.0,1.049190878868103,8036,0.9068949818611145
0.0,False,0.0,0.0,1.9999959468841553,8037,0.00567447766661644
0.0,False,0.0,0.0,1.9999923706054688,8038,0.22938697040081024
0.0,False,0.0,0.0,0.9999973773956299,8039,0.02771199494600296
0.0,False,0.0,0.0,1.999995470046997,8040,0.022566039115190506
0.9852281808853149,True,0.9852260947227478,0.0,1.0147696733474731,8041,0.5435705780982971
0.0,False,0.0,0.0,1.999995470046997,8042,0.02974492684006691
0.987679123878479,True,0.9876769781112671,0.0,1.01231849193573,8043,0.8347657918930054
0.0,False,0.0,0.0,1.9999947547912598,8044,0.2626654803752899
0.0,False,0.0,0.0,1.9999943971633911,8045,0.14787866175174713
0.0,False,0.0,0.0,1.9999932050704956,8046,0.48425546288490295
0.0,False,0.0,0.0,1.9999923706054688,8047,0.14770829677581787
0.0,False,0.0,0.0,1.999995231628418,8048,0.016700249165296555
0.0,False,0.0,0.0,1.9999942779541016,8049,0.7917738556861877
0.9844410419464111,True,0.9844387173652649,0.0,1.0155558586120605,8050,0.8135058283805847
0.0,False,0.0,0.0,1.9999935626983643,8051,0.07158048450946808
0.0,False,0.0,0.0,1.999995470046997,8052,0.2258373200893402
0.0,False,0.0,0.0,1.9999949932098389,8053,0.794005274772644
0.0,False,0.0,0.0,1.999995231628418,8054,0.10304264724254608
1.37410569190979,True,1.3741028308868408,0.0,0.6258925199508667,8055,0.951554000377655
0.0,False,0.0,0.0,1.9999947547912598,8056,0.08069102466106415
0.0,False,0.0,0.0,1.9999959468841553,8057,0.07478752732276917
0.0,False,0.0,0.0,1.9999943971633911,8058,0.050248030573129654
0.0,False,0.0,0.0,1.9999957084655762,8059,0.05405791103839874
0.0,False,0.0,0.0,1.999995231628418,8060,0.13911186158657074
0.0,False,0.0,0.0,1.999993085861206,8061,0.3006928265094757
0.0,False,0.0,0.0,1.9999945163726807,8062,0.21008343994617462
0.0,False,0.0,0.0,1.9999938011169434,8063,0.09386760741472244
0.0,False,0.0,0.0,1.9999955892562866,8064,0.3962538242340088
0.0,False,0.0,0.0,1.9999957084655762,8065,0.033102311193943024
0.0,False,0.0,0.0,1.999995470046997,8066,0.11915125697851181
0.0,False,0.0,0.0,1.9999933242797852,8067,0.22074805200099945
0.0,False,0.0,0.0,1.9999940395355225,8068,0.09744762629270554
0.0,False,0.0,0.0,1.9999926090240479,8069,0.049538157880306244
0.0,False,0.0,0.0,1.9999949932098389,8070,0.1593557596206665
0.0,False,0.0,0.0,1.9999945163726807,8071,0.13780707120895386
0.0,False,0.0,0.0,1.9999943971633911,8072,0.6340019702911377
0.0,False,0.0,0.0,1.9999949932098389,8073,0.050663311034440994
0.0,False,0.0,0.0,1.999995470046997,8074,0.04285518079996109
0.0,False,0.0,0.0,1.9999945163726807,8075,0.08339899033308029
0.9882092475891113,True,0.988207221031189,0.0,1.0117886066436768,8076,0.8543097376823425
0.0,False,0.0,0.0,1.999995231628418,8077,0.09553834050893784
0.0,False,0.0,0.0,1.9999953508377075,8078,0.1896429806947708
0.0,False,0.0,0.0,1.9999938011169434,8079,0.2602885067462921
0.0,False,0.0,0.0,1.9999948740005493,8080,0.022695641964673996
0.0,False,0.0,0.0,1.999994158744812,8081,0.29963675141334534
0.0,False,0.0,0.0,1.9999945163726807,8082,0.1587662696838379
0.0,False,0.0,0.0,1.9999938011169434,8083,0.10102634131908417
0.0,False,0.0,0.0,1.9999935626983643,8084,0.03370165079832077
0.0,False,0.0,0.0,1.9999942779541016,8085,0.18573638796806335
0.0,False,0.0,0.0,1.9999945163726807,8086,0.18438979983329773
0.0,False,0.0,0.0,1.9999945163726807,8087,0.03181178867816925
0.0,False,0.0,0.0,1.999992847442627,8088,0.0980994701385498
0.0,False,0.0,0.0,1.9999934434890747,8089,0.04128086566925049
0.0,False,0.0,0.0,1.9999945163726807,8090,0.6220954060554504
1.7641645669937134,True,1.7641608715057373,0.0,0.23583471775054932,8091,0.9543105363845825
0.0,False,0.0,0.0,1.9999924898147583,8092,0.33417198061943054
0.0,False,0.0,0.0,1.9999933242797852,8093,0.43534979224205017
0.0,False,0.0,0.0,1.9999940395355225,8094,0.1725872904062271
0.0,False,0.0,0.0,1.9999933242797852,8095,0.29987064003944397
0.0,False,0.0,0.0,1.9999943971633911,8096,0.040346063673496246
0.0,False,0.0,0.0,1.999993085861206,8097,0.2646428942680359
0.0,False,0.0,0.0,1.9999918937683105,8098,0.150388702750206
1.3706086874008179,True,1.370605707168579,0.0,0.6293894648551941,8099,0.3681688606739044
0.0,False,0.0,0.0,1.9999933242797852,8100,0.14304381608963013
0.0,False,0.0,0.0,1.9999943971633911,8101,0.03625209257006645
0.0,False,0.0,0.0,1.9999935626983643,8102,0.3338926434516907
0.0,False,0.0,0.0,1.9999935626983643,8103,0.06770062446594238
0.0,False,0.0,0.0,1.9999932050704956,8104,0.07591305673122406
1.0,True,0.9999979734420776,0.0,0.9999971389770508,8105,0.9080920815467834
0.0,False,0.0,0.0,1.999993920326233,8106,0.3273029029369354
0.0,False,0.0,0.0,1.9999933242797852,8107,0.14050914347171783
0.0,False,0.0,0.0,1.9999932050704956,8108,0.2623128592967987
0.0,False,0.0,0.0,1.9999923706054688,8109,0.2075006663799286
0.0,False,0.0,0.0,1.9999949932098389,8110,0.030145471915602684
0.0,False,0.0,0.0,1.9999927282333374,8111,0.22062762081623077
0.0,False,0.0,0.0,1.9999947547912598,8112,0.38019058108329773
0.0,False,0.0,0.0,1.9999926090240479,8113,0.06330559402704239
0.0,False,0.0,0.0,1.9999951124191284,8114,0.30121535062789917
0.0,False,0.0,0.0,1.9999945163726807,8115,0.35178878903388977
0.0,False,0.0,0.0,1.9999947547912598,8116,0.329396516084671
0.0,False,0.0,0.0,1.999995231628418,8117,0.3125366270542145
0.0,False,0.0,0.0,1.9999947547912598,8118,0.011645550839602947
0.0,False,0.0,0.0,1.9999926090240479,8119,0.34551140666007996
0.0,False,0.0,0.0,1.9999949932098389,8120,0.11420105397701263
0.0,False,0.0,0.0,1.999995470046997,8121,0.046332623809576035
0.0,False,0.0,0.0,1.9999947547912598,8122,0.035950273275375366
0.0,False,0.0,0.0,1.9999921321868896,8123,0.7173424959182739
0.0,False,0.0,0.0,1.9999942779541016,8124,0.1133216843008995
0.0,False,0.0,0.0,1.999994158744812,8125,0.1466139554977417
0.0,False,0.0,0.0,1.9999938011169434,8126,0.626589834690094
0.0,False,0.0,0.0,1.9999945163726807,8127,0.9161324501037598
0.0,False,0.0,0.0,1.999995231628418,8128,0.018325043842196465
0.0,False,0.0,0.0,1.9999935626983643,8129,0.20675703883171082
0.0,False,0.0,0.0,1.999993920326233,8130,0.15602318942546844
0.0,False,0.0,0.0,1.9999949932098389,8131,0.04907456040382385
0.0,False,0.0,0.0,1.999993920326233,8132,0.03354782983660698
0.0,False,0.0,0.0,1.9999932050704956,8133,0.08458346128463745
0.0,False,0.0,0.0,1.9999942779541016,8134,0.3493736684322357
0.0,False,0.0,0.0,1.9999947547912598,8135,0.06534393876791
1.0155560970306396,True,1.0155537128448486,0.0,0.9844411611557007,8136,0.6650439500808716
0.0,False,0.0,0.0,1.9999947547912598,8137,0.04465605691075325
0.0,False,0.0,0.0,1.9999938011169434,8138,0.026829548180103302
0.0,False,0.0,0.0,1.9999947547912598,8139,0.14164282381534576
0.0,False,0.0,0.0,1.9999942779541016,8140,0.3119473159313202
0.0,False,0.0,0.0,1.9999948740005493,8141,0.08429152518510818
0.0,False,0.0,0.0,1.9999946355819702,8142,0.05512735992670059
0.0,False,0.0,0.0,1.9999946355819702,8143,0.028433004394173622
0.0,False,0.0,0.0,1.9999951124191284,8144,0.03251919150352478
0.0,False,0.0,0.0,1.9999947547912598,8145,0.09256868809461594
0.0,False,0.0,0.0,1.9999945163726807,8146,0.0364411324262619
0.0,False,0.0,0.0,1.999994158744812,8147,0.03402559831738472
1.4881324768066406,True,1.4881291389465332,0.0,0.5118662118911743,8148,0.8556655645370483
0.0,False,0.0,0.0,1.9999943971633911,8149,0.23772510886192322
0.0,False,0.0,0.0,1.9999949932098389,8150,0.046042051166296005
0.0,False,0.0,0.0,1.9999946355819702,8151,0.3800376057624817
0.0,False,0.0,0.0,1.9999957084655762,8152,0.06750861555337906
0.0,False,0.0,0.0,1.9999957084655762,8153,0.05786079540848732
0.0,False,0.0,0.0,1.9999948740005493,8154,0.11775912344455719
0.0,False,0.0,0.0,1.9999949932098389,8155,0.00597385922446847
0.0,False,0.0,0.0,1.9999947547912598,8156,0.24421998858451843
0.0,False,0.0,0.0,1.9999945163726807,8157,0.09413562715053558
0.0,False,0.0,0.0,1.9999953508377075,8158,0.07952336221933365
0.0,False,0.0,0.0,1.9999947547912598,8159,0.1971396952867508
0.0,False,0.0,0.0,1.9999940395355225,8160,0.07084772735834122
0.996213436126709,True,0.996211051940918,0.0,1.0037834644317627,8161,0.6620769500732422
0.0,False,0.0,0.0,1.9999938011169434,8162,0.032041896134614944
0.0,False,0.0,0.0,1.9999921321868896,8163,0.46417543292045593
0.0,False,0.0,0.0,1.999993085861206,8164,0.17426826059818268
0.0,False,0.0,0.0,1.999993085861206,8165,0.22779858112335205
0.0,False,0.0,0.0,1.9999940395355225,8166,0.34574392437934875
0.9998949766159058,True,0.9998927712440491,0.0,1.000101923942566,8167,0.8737697601318359
0.0,False,0.0,0.0,1.9999945163726807,8168,0.12161153554916382
0.0,False,0.0,0.0,1.9999923706054688,8169,0.10035206377506256
1.1506295204162598,True,1.1506268978118896,0.0,0.8493678569793701,8170,0.7572416663169861
0.0,False,0.0,0.0,1.9999957084655762,8171,0.4147717356681824
0.0,False,0.0,0.0,1.999991536140442,8172,0.11507779359817505
0.0,False,0.0,0.0,1.9999942779541016,8173,0.1840287446975708
0.0,False,0.0,0.0,1.9999935626983643,8174,0.35903748869895935
0.0,False,0.0,0.0,1.9999942779541016,8175,0.3260860741138458
0.9963986873626709,True,0.9963963031768799,0.0,1.0035983324050903,8176,0.9124849438667297
0.9817184209823608,True,0.9817161560058594,0.0,1.0182784795761108,8177,0.9056359529495239
0.0,False,0.0,0.0,1.9999932050704956,8178,0.2819860875606537
0.0,False,0.0,0.0,1.9999927282333374,8179,0.0741344466805458
0.0,False,0.0,0.0,1.999993085861206,8180,0.10839395225048065
0.0,False,0.0,0.0,1.9999920129776,8181,0.09913365542888641
0.8744343519210815,True,0.8744321465492249,0.0,1.1255617141723633,8182,0.9510371685028076
0.9823963642120361,True,0.9823939800262451,0.0,1.0176000595092773,8183,0.8414323925971985
0.0,False,0.0,0.0,1.9999922513961792,8184,0.2967410683631897
0.0,False,0.0,0.0,1.999992847442627,8185,0.2555830478668213
0.9907701015472412,True,0.9907678365707397,0.0,1.009226679801941,8186,0.7872159481048584
0.0,False,0.0,0.0,1.9999926090240479,8187,0.3621496260166168
0.0,False,0.0,0.0,1.9999916553497314,8188,0.07907194644212723
0.0,False,0.0,0.0,1.9999933242797852,8189,0.07306089252233505
0.0,False,0.0,0.0,1.999991774559021,8190,0.09879575669765472
0.0,False,0.0,0.0,1.9999926090240479,8191,0.05746516212821007
