non_true_tail_warrant_mass,rank_after_tail_bias,rank_before_tail_bias,rank_gain_from_tail_path,sample_id,true_tail_attention_mass,true_tail_bias,true_tail_copy_mass,true_tail_in_history,true_tail_warrant_mass
0.9543889164924622,5072.0,5061.0,-11.0,6553,0.0,0.0,0.0,False,0.0
0.17903998494148254,1.0,7650.0,7649.0,6554,0.8127897381782532,11.217843055725098,0.8120456337928772,True,0.7818787097930908
0.9545005559921265,1463.0,1436.0,-27.0,6555,0.0,0.0,0.0,False,0.0
0.9515496492385864,6903.0,6898.0,-5.0,6556,0.0,0.0,0.0,False,0.0
0.9598579406738281,6193.0,6188.0,-5.0,6557,0.0,0.0,0.0,False,0.0
0.9537007212638855,2209.0,2186.0,-23.0,6558,0.0,0.0,0.0,False,0.0
0.3436048626899719,2.0,6780.0,6778.0,6559,0.6402827501296997,10.942124366760254,0.6550514698028564,True,0.6144762635231018
0.9568009972572327,2604.0,2580.0,-24.0,6560,0.0,0.0,0.0,False,0.0
0.9607104659080505,4670.0,4658.0,-12.0,6561,0.0,0.0,0.0,False,0.0
0.1773359626531601,1.0,7526.0,7525.0,6562,0.8134706616401672,11.271677017211914,0.8468338251113892,True,0.778412938117981
0.9541255235671997,3424.0,3404.0,-20.0,6563,0.0,0.0,0.0,False,0.0
0.9591359496116638,30.0,3572.0,3542.0,6564,0.003628175938501954,3.8623740673065186,0.0025059818290174007,True,0.0034810304641723633
0.9535638093948364,584.0,551.0,-33.0,6565,0.0,0.0,0.0,False,0.0
0.9575879573822021,4274.0,4261.0,-13.0,6566,0.0,0.0,0.0,False,0.0
0.9527171850204468,3677.0,3659.0,-18.0,6567,0.0,0.0,0.0,False,0.0
0.30206775665283203,1.0,7373.0,7372.0,6568,0.6825196146965027,11.182841300964355,0.7901976704597473,True,0.6533142328262329
0.9536024332046509,698.0,663.0,-35.0,6569,0.0,0.0,0.0,False,0.0
0.956634521484375,7376.0,7372.0,-4.0,6570,0.0,0.0,0.0,False,0.0
0.9600616097450256,24.0,1289.0,1265.0,6571,0.0011561870342120528,3.0434482097625732,0.001262686331756413,True,0.0011068728053942323
0.26932793855667114,1.0,7687.0,7686.0,6572,0.7181671857833862,11.208593368530273,0.8062143921852112,True,0.689644455909729
0.9621489644050598,5937.0,5934.0,-3.0,6573,0.0,0.0,0.0,False,0.0
0.9566906094551086,4078.0,4057.0,-21.0,6574,0.0,0.0,0.0,False,0.0
0.9579966068267822,7033.0,7030.0,-3.0,6575,0.0,0.0,0.0,False,0.0
0.9516749382019043,15.0,2140.0,2125.0,6576,0.005962981842458248,5.0598015785217285,0.006570289842784405,True,0.005681728012859821
0.9574402570724487,1943.0,1918.0,-25.0,6577,0.0,0.0,0.0,False,0.0
0.9580553770065308,779.0,747.0,-32.0,6578,0.0,0.0,0.0,False,0.0
0.22102798521518707,1.0,7661.0,7660.0,6579,0.7688499093055725,11.243578910827637,0.8284943699836731,True,0.7386142611503601
0.18334859609603882,1.0,7629.0,7628.0,6580,0.8071907758712769,11.296781539916992,0.8635615110397339,True,0.7718496322631836
0.9573200941085815,7298.0,7295.0,-3.0,6581,0.0,0.0,0.0,False,0.0
0.9584190845489502,501.0,470.0,-31.0,6582,0.0,0.0,0.0,False,0.0
0.9613029956817627,2471.0,2452.0,-19.0,6583,0.0,0.0,0.0,False,0.0
0.9570555090904236,5926.0,5917.0,-9.0,6584,0.0,0.0,0.0,False,0.0
0.9607595205307007,7549.0,7547.0,-2.0,6585,0.0,0.0,0.0,False,0.0
0.9565795660018921,3014.0,2993.0,-21.0,6586,0.0,0.0,0.0,False,0.0
0.9563121795654297,292.0,5021.0,4729.0,6587,0.0017061574617400765,3.417201519012451,0.0017334420699626207,True,0.0016226870939135551
0.9571477174758911,5458.0,5444.0,-14.0,6588,0.0,0.0,0.0,False,0.0
0.9570088386535645,2919.0,6760.0,3841.0,6589,0.0015040733851492405,2.4558467864990234,0.0007511101430281997,True,0.0014324840158224106
0.9506773948669434,3.0,550.0,547.0,6590,0.004095806740224361,4.476736545562744,0.004124154802411795,True,0.0038804260548204184
0.9599313139915466,4698.0,4686.0,-12.0,6591,0.0,0.0,0.0,False,0.0
0.9523709416389465,3723.0,3699.0,-24.0,6592,0.0,0.0,0.0,False,0.0
0.9582502841949463,318.0,293.0,-25.0,6593,0.0,0.0,0.0,False,0.0
0.9615641832351685,4978.0,4969.0,-9.0,6594,0.0,0.0,0.0,False,0.0
0.10306598991155624,1.0,7494.0,7493.0,6595,0.8913058042526245,11.356329917907715,0.9045737981796265,True,0.8509156107902527
0.962328314781189,6997.0,6995.0,-2.0,6596,0.0,0.0,0.0,False,0.0
0.946607232093811,9.0,2886.0,2877.0,6597,0.0077150072902441025,5.26444673538208,0.007728416472673416,True,0.007315874099731445
0.047444358468055725,1.0,7684.0,7683.0,6598,0.9501131772994995,11.423768997192383,0.953377902507782,True,0.9102277755737305
0.9596648216247559,7621.0,7620.0,-1.0,6599,0.0,0.0,0.0,False,0.0
0.9568483233451843,1675.0,1651.0,-24.0,6600,0.0,0.0,0.0,False,0.0
0.08234328031539917,1.0,4972.0,4971.0,6601,0.9133261442184448,11.371062278747559,0.915017306804657,True,0.8729122877120972
0.9586483240127563,4746.0,4731.0,-15.0,6602,0.0,0.0,0.0,False,0.0
0.9581968784332275,1309.0,6891.0,5582.0,6603,0.001232272363267839,3.0082106590270996,0.0012249717256054282,True,0.0011752037098631263
0.9559908509254456,4936.0,4928.0,-8.0,6604,0.0,0.0,0.0,False,0.0
0.9606481194496155,4737.0,4734.0,-3.0,6605,0.0,0.0,0.0,False,0.0
0.9602445363998413,1095.0,1066.0,-29.0,6606,0.0,0.0,0.0,False,0.0
0.9587413668632507,1655.0,1634.0,-21.0,6607,0.0,0.0,0.0,False,0.0
0.9548539519309998,370.0,4455.0,4085.0,6608,0.003338445210829377,4.208051681518555,0.00332067022100091,True,0.0031813192181289196
0.958571195602417,2242.0,2228.0,-14.0,6609,0.0,0.0,0.0,False,0.0
0.9557399749755859,14.0,2110.0,2096.0,6610,0.0021250706631690264,3.6555824279785156,0.0021137448493391275,True,0.0020244696643203497
0.9566945433616638,5907.0,7081.0,1174.0,6611,0.0005411328165791929,2.098076343536377,0.0005367620033212006,True,0.0005137930857017636
0.9616739749908447,558.0,533.0,-25.0,6612,0.0,0.0,0.0,False,0.0
0.9554055333137512,577.0,6229.0,5652.0,6613,0.002501655137166381,3.855402946472168,0.002491704188287258,True,0.0023865343537181616
0.958075761795044,904.0,6035.0,5131.0,6614,0.0027467352338135242,3.966722011566162,0.002729228464886546,True,0.0026219633873552084
0.9582146406173706,28.0,4013.0,3985.0,6615,0.0017526119481772184,3.423696994781494,0.0017428959254175425,True,0.0016729842172935605
0.9546492099761963,3703.0,3689.0,-14.0,6616,0.0,0.0,0.0,False,0.0
0.9568086266517639,5513.0,5505.0,-8.0,6617,0.0,0.0,0.0,False,0.0
0.9554346799850464,442.0,415.0,-27.0,6618,0.0,0.0,0.0,False,0.0
0.9595305919647217,816.0,791.0,-25.0,6619,0.0,0.0,0.0,False,0.0
0.9566231369972229,14.0,384.0,370.0,6620,0.0010997006902471185,2.8755695819854736,0.0010919395135715604,True,0.0010457164607942104
0.9551317095756531,155.0,123.0,-32.0,6621,0.0,0.0,0.0,False,0.0
0.9606835246086121,5995.0,5989.0,-6.0,6622,0.0,0.0,0.0,False,0.0
0.9574901461601257,1579.0,1552.0,-27.0,6623,0.0,0.0,0.0,False,0.0
0.9574887752532959,27.0,6082.0,6055.0,6624,0.005349380895495415,4.795663833618164,0.005324093624949455,True,0.005125046242028475
0.9577772617340088,2015.0,1989.0,-26.0,6625,0.0,0.0,0.0,False,0.0
0.9518285393714905,3.0,418.0,415.0,6626,0.004209744744002819,4.492007255554199,0.0041750697419047356,True,0.003990611061453819
0.9631985425949097,4641.0,4630.0,-11.0,6627,0.0,0.0,0.0,False,0.0
0.9615550637245178,27.0,2416.0,2389.0,6628,0.001479322905652225,3.223256826400757,0.0014721130719408393,True,0.0014176046242937446
0.9577710032463074,6286.0,6281.0,-5.0,6629,0.0,0.0,0.0,False,0.0
0.9563647508621216,109.0,81.0,-28.0,6630,0.0,0.0,0.0,False,0.0
0.9602320790290833,334.0,308.0,-26.0,6631,0.0,0.0,0.0,False,0.0
0.9554117918014526,182.0,147.0,-35.0,6632,0.0,0.0,0.0,False,0.0
0.9562466144561768,6007.0,6001.0,-6.0,6633,0.0,0.0,0.0,False,0.0
0.9581125974655151,2880.0,2857.0,-23.0,6634,0.0,0.0,0.0,False,0.0
0.958829402923584,26.0,3233.0,3207.0,6635,0.004463609308004379,4.569571018218994,0.0044432394206523895,True,0.0042793224565684795
0.9582743048667908,511.0,479.0,-32.0,6636,0.0,0.0,0.0,False,0.0
0.9613286852836609,587.0,554.0,-33.0,6637,0.0,0.0,0.0,False,0.0
0.19884733855724335,3.0,7612.0,7609.0,6638,0.7899420261383057,11.18437671661377,0.7911443710327148,True,0.7532329559326172
0.9568322896957397,5060.0,5050.0,-10.0,6639,0.0,0.0,0.0,False,0.0
0.9598805904388428,1764.0,1734.0,-30.0,6640,0.0,0.0,0.0,False,0.0
0.1668710857629776,1.0,7179.0,7178.0,6641,0.8242177963256836,11.238526344299316,0.8252384662628174,True,0.7879793643951416
0.9606721997261047,3770.0,3756.0,-14.0,6642,0.0,0.0,0.0,False,0.0
0.9561710953712463,2770.0,2747.0,-23.0,6643,0.0,0.0,0.0,False,0.0
0.9621104001998901,7447.0,7446.0,-1.0,6644,0.0,0.0,0.0,False,0.0
0.9552605152130127,22.0,2237.0,2215.0,6645,0.0044172341004014015,4.554617881774902,0.004390272311866283,True,0.004212347324937582
0.9600003957748413,1862.0,1832.0,-30.0,6646,0.0,0.0,0.0,False,0.0
0.9586563110351562,377.0,355.0,-22.0,6647,0.0,0.0,0.0,False,0.0
0.962399959564209,874.0,837.0,-37.0,6648,0.0,0.0,0.0,False,0.0
0.9620848894119263,1905.0,1885.0,-20.0,6649,0.0,0.0,0.0,False,0.0
0.9540348052978516,328.0,291.0,-37.0,6650,0.0,0.0,0.0,False,0.0
0.958990216255188,3803.0,3788.0,-15.0,6651,0.0,0.0,0.0,False,0.0
0.9517416954040527,61.0,5816.0,5755.0,6652,0.007020934484899044,5.141911029815674,0.007012912537902594,True,0.0067216199822723866
0.9621226191520691,3452.0,3435.0,-17.0,6653,0.0,0.0,0.0,False,0.0
0.9579362869262695,5144.0,5129.0,-15.0,6654,0.0,0.0,0.0,False,0.0
0.9544247388839722,1817.0,1789.0,-28.0,6655,0.0,0.0,0.0,False,0.0
0.9622132778167725,4991.0,4982.0,-9.0,6656,0.0,0.0,0.0,False,0.0
0.9609345197677612,4138.0,4122.0,-16.0,6657,0.0,0.0,0.0,False,0.0
0.9525233507156372,12.0,2466.0,2454.0,6658,0.008356324397027493,5.358031749725342,0.008322779089212418,True,0.00799417495727539
0.9561530351638794,243.0,3468.0,3225.0,6659,0.002170808147639036,3.6824541091918945,0.002161213895305991,True,0.0020709268283098936
0.9593585133552551,3013.0,2990.0,-23.0,6660,0.0,0.0,0.0,False,0.0
0.9586156606674194,695.0,5608.0,4913.0,6661,0.00090026791440323,2.649458408355713,0.0008945704903453588,True,0.0008583171293139458
0.9466248154640198,26.0,3310.0,3284.0,6662,0.006499291863292456,5.039312839508057,0.0064641875214874744,True,0.006158973090350628
0.9617816209793091,6262.0,6257.0,-5.0,6663,0.0,0.0,0.0,False,0.0
0.945965051651001,1.0,418.0,417.0,6664,0.01405472680926323,6.0163254737854,0.013986669480800629,True,0.013418581336736679
0.9600105285644531,53.0,4587.0,4534.0,6665,0.002521288814023137,3.862684965133667,0.0025066197849810123,True,0.002412428380921483
0.9586858749389648,2806.0,2784.0,-22.0,6666,0.0,0.0,0.0,False,0.0
0.9570351839065552,765.0,731.0,-34.0,6667,0.0,0.0,0.0,False,0.0
0.9596343040466309,35.0,1229.0,1194.0,6668,0.0009291358292102814,2.6859660148620605,0.0009241316001862288,True,0.000887648668140173
0.9590355157852173,5853.0,5845.0,-8.0,6669,0.0,0.0,0.0,False,0.0
0.9603632092475891,187.0,153.0,-34.0,6670,0.0,0.0,0.0,False,0.0
0.2948605418205261,3.0,7663.0,7660.0,6671,0.6906415820121765,11.011974334716797,0.691692590713501,True,0.6615241765975952
0.9618827104568481,2061.0,2033.0,-28.0,6672,0.0,0.0,0.0,False,0.0
0.06978604942560196,1.0,7657.0,7656.0,6673,0.9265257120132446,11.387768745422363,0.9270070791244507,True,0.8862797617912292
0.95771324634552,7600.0,7600.0,0.0,6674,0.0,0.0,0.0,False,0.0
0.9597967863082886,2105.0,2082.0,-23.0,6675,0.0,0.0,0.0,False,0.0
0.9613243937492371,2324.0,2301.0,-23.0,6676,0.0,0.0,0.0,False,0.0
0.9589078426361084,345.0,7191.0,6846.0,6677,0.003946937620639801,4.417527675628662,0.003932374995201826,True,0.0037856718990951777
0.9428430199623108,3.0,3268.0,3265.0,6678,0.012756547890603542,5.893096923828125,0.01269442681223154,True,0.012122742831707
0.9276260733604431,2.0,4800.0,4798.0,6679,0.0288211889564991,6.930558204650879,0.028648005798459053,True,0.02735840156674385
0.9579017162322998,6169.0,6160.0,-9.0,6680,0.0,0.0,0.0,False,0.0
0.17288535833358765,1.0,7604.0,7603.0,6681,0.817945122718811,11.228525161743164,0.8188325762748718,True,0.781399667263031
0.9619892239570618,1234.0,1211.0,-23.0,6682,0.0,0.0,0.0,False,0.0
0.9514679908752441,3.0,132.0,129.0,6683,0.007998179644346237,5.305123805999756,0.007981441915035248,True,0.0076551856473088264
0.957353949546814,24.0,4677.0,4653.0,6684,0.004208107478916645,4.4936747550964355,0.0041806660592556,True,0.004019179847091436
0.9599091410636902,4411.0,4401.0,-10.0,6685,0.0,0.0,0.0,False,0.0
0.9558860063552856,5748.0,5739.0,-9.0,6686,0.0,0.0,0.0,False,0.0
0.9559975266456604,1419.0,1394.0,-25.0,6687,0.0,0.0,0.0,False,0.0
0.955238938331604,2057.0,2027.0,-30.0,6688,0.0,0.0,0.0,False,0.0
0.9565733671188354,4188.0,4172.0,-16.0,6689,0.0,0.0,0.0,False,0.0
0.9607009887695312,3786.0,3772.0,-14.0,6690,0.0,0.0,0.0,False,0.0
0.9525212049484253,6241.0,6238.0,-3.0,6691,0.0,0.0,0.0,False,0.0
0.9550737142562866,1136.0,1109.0,-27.0,6692,0.0,0.0,0.0,False,0.0
0.9607293605804443,2683.0,2659.0,-24.0,6693,0.0,0.0,0.0,False,0.0
0.9591600894927979,5389.0,5377.0,-12.0,6694,0.0,0.0,0.0,False,0.0
0.9624289870262146,53.0,19.0,-34.0,6695,0.0,0.0,0.0,False,0.0
0.9573148488998413,556.0,529.0,-27.0,6696,0.0,0.0,0.0,False,0.0
0.9605855345726013,3905.0,3882.0,-23.0,6697,0.0,0.0,0.0,False,0.0
0.9417283535003662,17.0,6369.0,6352.0,6698,0.014717042446136475,6.075551509857178,0.014653289690613747,True,0.014004630967974663
0.9590064287185669,1466.0,1436.0,-30.0,6699,0.0,0.0,0.0,False,0.0
0.9544942378997803,20.0,4068.0,4048.0,6700,0.005052623338997364,4.724923133850098,0.005031636916100979,True,0.004826956428587437
0.9589434266090393,4817.0,4801.0,-16.0,6701,0.0,0.0,0.0,False,0.0
0.9536645412445068,3753.0,7584.0,3831.0,6702,0.0033402175176888704,4.210421562194824,0.0033270472194999456,True,0.0031834784895181656
0.9609426259994507,6931.0,6929.0,-2.0,6703,0.0,0.0,0.0,False,0.0
0.9575024247169495,633.0,600.0,-33.0,6704,0.0,0.0,0.0,False,0.0
0.956661581993103,5713.0,5699.0,-14.0,6705,0.0,0.0,0.0,False,0.0
0.9574785828590393,6753.0,6749.0,-4.0,6706,0.0,0.0,0.0,False,0.0
0.9574832320213318,3761.0,3742.0,-19.0,6707,0.0,0.0,0.0,False,0.0
0.9551491141319275,1330.0,1294.0,-36.0,6708,0.0,0.0,0.0,False,0.0
0.9568446278572083,7144.0,7140.0,-4.0,6709,0.0,0.0,0.0,False,0.0
0.9422303438186646,5.0,1236.0,1231.0,6710,0.009365390986204147,5.50156307220459,0.00932285562157631,True,0.00886694248765707
0.9550913572311401,6353.0,6346.0,-7.0,6711,0.0,0.0,0.0,False,0.0
0.9546722769737244,7.0,476.0,469.0,6712,0.0032854836899787188,4.191614627838135,0.0032767627853900194,True,0.0031385186593979597
0.953583836555481,27.0,5581.0,5554.0,6713,0.008073839358985424,5.316259384155273,0.008052119985222816,True,0.007740700151771307
0.19923166930675507,1.0,7619.0,7618.0,6714,0.7901573181152344,11.184479713439941,0.7912072539329529,True,0.7549759149551392
0.9603732824325562,3660.0,3637.0,-23.0,6715,0.0,0.0,0.0,False,0.0
0.949889063835144,17.0,5230.0,5213.0,6716,0.008826224133372307,5.426961898803711,0.008789119310677052,True,0.00842271652072668
0.9569537043571472,1186.0,6923.0,5737.0,6717,0.0014107853639870882,3.1649603843688965,0.0014009751612320542,True,0.0013425493380054832
0.9542316198348999,11.0,3850.0,3839.0,6718,0.008332756347954273,5.354679584503174,0.00830073282122612,True,0.007987120188772678
0.9611790776252747,2167.0,2137.0,-30.0,6719,0.0,0.0,0.0,False,0.0
0.9612998962402344,1404.0,1381.0,-23.0,6720,0.0,0.0,0.0,False,0.0
0.9590235948562622,4534.0,4516.0,-18.0,6721,0.0,0.0,0.0,False,0.0
0.28452223539352417,1.0,7664.0,7663.0,6722,0.6999971270561218,11.029520034790039,0.7012149095535278,True,0.6677416563034058
0.9603830575942993,5495.0,5485.0,-10.0,6723,0.0,0.0,0.0,False,0.0
0.9585338234901428,2949.0,2930.0,-19.0,6724,0.0,0.0,0.0,False,0.0
0.9521034955978394,28.0,2352.0,2324.0,6725,0.0037991709541529417,4.370722770690918,0.003786908695474267,True,0.0036192345432937145
0.9499099254608154,28.0,3818.0,3790.0,6726,0.0055642928928136826,4.847950458526611,0.005550856236368418,True,0.005302245728671551
0.9525604844093323,159.0,6736.0,6577.0,6727,0.00808202475309372,5.318760395050049,0.008068077266216278,True,0.007747841998934746
0.9395689964294434,42.0,6699.0,6657.0,6728,0.017552237957715988,6.303314685821533,0.017523642629384995,True,0.01675833761692047
0.9539468288421631,6211.0,6204.0,-7.0,6729,0.0,0.0,0.0,False,0.0
0.9461241960525513,11.0,3871.0,3860.0,6730,0.009478838182985783,5.518895149230957,0.009451366029679775,True,0.00902748852968216
0.9570406079292297,978.0,946.0,-32.0,6731,0.0,0.0,0.0,False,0.0
0.9527902603149414,4015.0,3994.0,-21.0,6732,0.0,0.0,0.0,False,0.0
0.9584321975708008,4153.0,4135.0,-18.0,6733,0.0,0.0,0.0,False,0.0
0.9574142098426819,1117.0,1086.0,-31.0,6734,0.0,0.0,0.0,False,0.0
0.9569581747055054,77.0,43.0,-34.0,6735,0.0,0.0,0.0,False,0.0
0.9529542922973633,4559.0,4550.0,-9.0,6736,0.0,0.0,0.0,False,0.0
0.9530507922172546,1552.0,1525.0,-27.0,6737,0.0,0.0,0.0,False,0.0
0.95677250623703,2586.0,2560.0,-26.0,6738,0.0,0.0,0.0,False,0.0
0.9564287662506104,1518.0,1489.0,-29.0,6739,0.0,0.0,0.0,False,0.0
0.41577649116516113,3.0,5933.0,5930.0,6740,0.5640842318534851,10.752525329589844,0.565081775188446,True,0.5402112007141113
0.232597216963768,2.0,7682.0,7680.0,6741,0.7553355693817139,11.126662254333496,0.7563532590866089,True,0.7220523357391357
0.9553404450416565,2846.0,2825.0,-21.0,6742,0.0,0.0,0.0,False,0.0
0.9520968198776245,15.0,4227.0,4212.0,6743,0.009984498843550682,5.585055828094482,0.0099581778049469,True,0.009576513431966305
0.9540325403213501,8.0,419.0,411.0,6744,0.0034233862534165382,4.239004611968994,0.0034048946108669043,True,0.0032594783697277308
0.9486445784568787,151.0,4547.0,4396.0,6745,0.009103969670832157,5.465331077575684,0.009059757925570011,True,0.008673065342009068
0.9528850317001343,10.0,1771.0,1761.0,6746,0.00437660189345479,4.54548978805542,0.004358240403234959,True,0.00417108042165637
0.940712571144104,2.0,1335.0,1333.0,6747,0.016032978892326355,6.186245918273926,0.015984779223799706,True,0.015281351283192635
0.9598402976989746,3116.0,3093.0,-23.0,6748,0.0,0.0,0.0,False,0.0
0.9307922124862671,1.0,1809.0,1808.0,6749,0.0234846081584692,6.672818183898926,0.023412635549902916,True,0.02231474593281746
0.9548324942588806,6031.0,6024.0,-7.0,6750,0.0,0.0,0.0,False,0.0
0.9586204886436462,178.0,2839.0,2661.0,6751,0.0010227333987131715,2.7928595542907715,0.001015680842101574,True,0.0009746424038894475
0.9427582025527954,3.0,867.0,864.0,6752,0.010137606412172318,5.603113651275635,0.010101108811795712,True,0.009620076976716518
0.9601545929908752,1098.0,1078.0,-20.0,6753,0.0,0.0,0.0,False,0.0
0.9488425254821777,287.0,7132.0,6845.0,6754,0.002802350325509906,3.992295503616333,0.0027867667376995087,True,0.002651592018082738
0.955937385559082,6113.0,6104.0,-9.0,6755,0.0,0.0,0.0,False,0.0
0.955375075340271,2408.0,2380.0,-28.0,6756,0.0,0.0,0.0,False,0.0
0.9570258855819702,7296.0,7294.0,-2.0,6757,0.0,0.0,0.0,False,0.0
0.9548538327217102,212.0,182.0,-30.0,6758,0.0,0.0,0.0,False,0.0
0.22430019080638885,2.0,7653.0,7651.0,6759,0.7657984495162964,11.143768310546875,0.766502320766449,True,0.736309826374054
0.16980096697807312,1.0,5496.0,5495.0,6760,0.821426272392273,11.233823776245117,0.8222206830978394,True,0.7853216528892517
0.9608151912689209,129.0,97.0,-32.0,6761,0.0,0.0,0.0,False,0.0
0.9593789577484131,3042.0,3025.0,-17.0,6762,0.0,0.0,0.0,False,0.0
0.9596716165542603,2526.0,2503.0,-23.0,6763,0.0,0.0,0.0,False,0.0
0.9617980718612671,743.0,5251.0,4508.0,6764,0.0006736009963788092,2.3316309452056885,0.0006698330398648977,True,0.0006446759798564017
0.9596332907676697,2955.0,2934.0,-21.0,6765,0.0,0.0,0.0,False,0.0
0.95553058385849,681.0,652.0,-29.0,6766,0.0,0.0,0.0,False,0.0
0.9575908184051514,571.0,3320.0,2749.0,6767,0.0019504951778799295,3.5504260063171387,0.0019372510723769665,True,0.00185869459528476
0.9550689458847046,1173.0,1140.0,-33.0,6768,0.0,0.0,0.0,False,0.0
0.960861086845398,1247.0,1219.0,-28.0,6769,0.0,0.0,0.0,False,0.0
0.9549005031585693,14.0,226.0,212.0,6770,0.00047289711073972285,1.961656093597412,0.00046952790580689907,True,0.0004485630488488823
0.9590436220169067,6970.0,6966.0,-4.0,6771,0.0,0.0,0.0,False,0.0
0.9596850872039795,4762.0,4751.0,-11.0,6772,0.0,0.0,0.0,False,0.0
0.9621073603630066,1412.0,1384.0,-28.0,6773,0.0,0.0,0.0,False,0.0
0.938988447189331,5.0,1925.0,1920.0,6774,0.01823878474533558,6.350454807281494,0.018184034153819084,True,0.017390834167599678
0.9577385187149048,6332.0,6328.0,-4.0,6775,0.0,0.0,0.0,False,0.0
0.13375675678253174,1.0,7657.0,7656.0,6776,0.8598473072052002,11.292132377624512,0.8604385256767273,True,0.8246510028839111
0.9557207226753235,3604.0,3586.0,-18.0,6777,0.0,0.0,0.0,False,0.0
0.09795381128787994,1.0,7668.0,7667.0,6778,0.8970264792442322,11.346491813659668,0.8976659178733826,True,0.8592427968978882
0.9592769742012024,5073.0,5061.0,-12.0,6779,0.0,0.0,0.0,False,0.0
0.959740161895752,7177.0,7177.0,0.0,6780,0.0,0.0,0.0,False,0.0
0.95988929271698,6962.0,7662.0,700.0,6781,0.0004558396467473358,1.9220776557922363,0.0004513222083915025,True,0.00043341497075743973
0.9592759013175964,6998.0,6994.0,-4.0,6782,0.0,0.0,0.0,False,0.0
0.9542575478553772,1170.0,1142.0,-28.0,6783,0.0,0.0,0.0,False,0.0
0.953083336353302,2530.0,2508.0,-22.0,6784,0.0,0.0,0.0,False,0.0
0.9623849987983704,368.0,335.0,-33.0,6785,0.0,0.0,0.0,False,0.0
0.9596837759017944,3552.0,3533.0,-19.0,6786,0.0,0.0,0.0,False,0.0
0.9604268074035645,16.0,886.0,870.0,6787,0.0012630474520847201,3.03767991065979,0.001256441231817007,True,0.001208237954415381
0.9584510326385498,2508.0,2488.0,-20.0,6788,0.0,0.0,0.0,False,0.0
0.9543209671974182,738.0,713.0,-25.0,6789,0.0,0.0,0.0,False,0.0
0.956261157989502,6838.0,6832.0,-6.0,6790,0.0,0.0,0.0,False,0.0
0.9581254124641418,6528.0,6526.0,-2.0,6791,0.0,0.0,0.0,False,0.0
0.9569543600082397,3650.0,3632.0,-18.0,6792,0.0,0.0,0.0,False,0.0
0.9564834833145142,78.0,3009.0,2931.0,6793,0.0021779004018753767,3.6832807064056396,0.002162689808756113,True,0.0020730604883283377
0.9629848003387451,4160.0,4148.0,-12.0,6794,0.0,0.0,0.0,False,0.0
0.9569066762924194,35.0,2784.0,2749.0,6795,0.0026845927350223064,3.9433631896972656,0.002677664626389742,True,0.0025691543705761433
0.9537266492843628,881.0,7634.0,6753.0,6796,0.003373542334884405,4.221414089202881,0.0033567803911864758,True,0.003212233539670706
0.9596444368362427,4894.0,4879.0,-15.0,6797,0.0,0.0,0.0,False,0.0
0.9525138139724731,5.0,632.0,627.0,6798,0.008312994614243507,5.349189281463623,0.008264747448265553,True,0.007937891408801079
0.9539936780929565,20.0,5244.0,5224.0,6799,0.008547674864530563,5.38913106918335,0.008530081249773502,True,0.008207655511796474
0.9545537829399109,6652.0,6648.0,-4.0,6800,0.0,0.0,0.0,False,0.0
0.9569113254547119,29.0,1906.0,1877.0,6801,0.002909997943788767,4.0376715660095215,0.0028917237650603056,True,0.002775148255750537
0.17927350103855133,1.0,7658.0,7657.0,6802,0.812630295753479,11.219779014587402,0.8132712841033936,True,0.7808008193969727
0.957849383354187,7164.0,7159.0,-5.0,6803,0.0,0.0,0.0,False,0.0
0.9553989768028259,2.0,874.0,872.0,6804,0.006407806649804115,5.023934364318848,0.006385651417076588,True,0.0061400532722473145
0.9568232297897339,3135.0,3119.0,-16.0,6805,0.0,0.0,0.0,False,0.0
0.9624872207641602,4710.0,4698.0,-12.0,6806,0.0,0.0,0.0,False,0.0
0.9591299295425415,5265.0,5250.0,-15.0,6807,0.0,0.0,0.0,False,0.0
0.958813488483429,128.0,99.0,-29.0,6808,0.0,0.0,0.0,False,0.0
0.9600723385810852,62.0,6118.0,6056.0,6809,0.002490330720320344,3.848581075668335,0.0024778067599982023,True,0.0023847827687859535
0.9594419598579407,20.0,1176.0,1156.0,6810,0.0014121888671070337,3.1658899784088135,0.001402083900757134,True,0.0013471069978550076
0.9617088437080383,7292.0,7290.0,-2.0,6811,0.0,0.0,0.0,False,0.0
0.22863903641700745,1.0,7605.0,7604.0,6812,0.7616752982139587,11.136783599853516,0.762342095375061,True,0.7334117889404297
0.955280065536499,6289.0,6282.0,-7.0,6813,0.0,0.0,0.0,False,0.0
0.9620790481567383,4035.0,4020.0,-15.0,6814,0.0,0.0,0.0,False,0.0
0.945439875125885,32.0,7455.0,7423.0,6815,0.017222078517079353,6.279018878936768,0.01719263568520546,True,0.01653895154595375
0.9587493538856506,2724.0,2696.0,-28.0,6816,0.0,0.0,0.0,False,0.0
0.9359031319618225,346.0,7134.0,6788.0,6817,0.023257480934262276,6.661563396453857,0.023207101970911026,True,0.022235622629523277
0.18345698714256287,1.0,7681.0,7680.0,6818,0.8085325956344604,11.213371276855469,0.8092216849327087,True,0.7781671285629272
0.9578278660774231,827.0,798.0,-29.0,6819,0.0,0.0,0.0,False,0.0
0.9398399591445923,8.0,6969.0,6961.0,6820,0.021328438073396683,6.549241542816162,0.02125174179673195,True,0.020406918600201607
0.9572334885597229,1474.0,1448.0,-26.0,6821,0.0,0.0,0.0,False,0.0
0.9491832852363586,3552.0,3536.0,-16.0,6822,0.0,0.0,0.0,False,0.0
0.9561583399772644,4515.0,4498.0,-17.0,6823,0.0,0.0,0.0,False,0.0
0.9576046466827393,4954.0,4941.0,-13.0,6824,0.0,0.0,0.0,False,0.0
0.955944299697876,698.0,666.0,-32.0,6825,0.0,0.0,0.0,False,0.0
0.9615350961685181,6412.0,6409.0,-3.0,6826,0.0,0.0,0.0,False,0.0
0.959096372127533,5727.0,5723.0,-4.0,6827,0.0,0.0,0.0,False,0.0
0.9540895819664001,427.0,7194.0,6767.0,6828,0.0026732170954346657,3.935105800628662,0.0026596607640385628,True,0.002544321585446596
0.9586215019226074,15.0,1426.0,1411.0,6829,0.0033665085211396217,4.218298435211182,0.0033483263105154037,True,0.0032205614261329174
0.956529974937439,3046.0,3026.0,-20.0,6830,0.0,0.0,0.0,False,0.0
0.9619594812393188,6249.0,6242.0,-7.0,6831,0.0,0.0,0.0,False,0.0
0.9536605477333069,7372.0,7370.0,-2.0,6832,0.0,0.0,0.0,False,0.0
0.9436432123184204,7.0,956.0,949.0,6833,0.016045402735471725,6.186755180358887,0.015991171821951866,True,0.015335189178586006
0.9465367197990417,2.0,419.0,417.0,6834,0.01544814370572567,6.1385650634765625,0.015397151000797749,True,0.01480187475681305
0.9618553519248962,2133.0,2110.0,-23.0,6835,0.0,0.0,0.0,False,0.0
0.9556379914283752,3030.0,3002.0,-28.0,6836,0.0,0.0,0.0,False,0.0
0.9586918950080872,407.0,5826.0,5419.0,6837,0.001424263697117567,3.178356885910034,0.0014170375652611256,True,0.001360430265776813
0.9587252736091614,1325.0,1298.0,-27.0,6838,0.0,0.0,0.0,False,0.0
0.9645213484764099,2293.0,2267.0,-26.0,6839,0.0,0.0,0.0,False,0.0
0.9548715353012085,7287.0,7286.0,-1.0,6840,0.0,0.0,0.0,False,0.0
0.9604958891868591,4402.0,4392.0,-10.0,6841,0.0,0.0,0.0,False,0.0
0.958751380443573,3955.0,3934.0,-21.0,6842,0.0,0.0,0.0,False,0.0
0.956224799156189,1605.0,6924.0,5319.0,6843,0.001791428541764617,3.4497969150543213,0.0017813700251281261,True,0.0017064301064237952
0.9589872360229492,4318.0,4297.0,-21.0,6844,0.0,0.0,0.0,False,0.0
0.9604611396789551,2880.0,2862.0,-18.0,6845,0.0,0.0,0.0,False,0.0
0.93373703956604,1.0,1322.0,1321.0,6846,0.023563016206026077,6.6767096519470215,0.023484118282794952,True,0.022455336526036263
0.9481524229049683,1.0,506.0,505.0,6847,0.009221255779266357,5.482860565185547,0.009186122566461563,True,0.008790596388280392
0.9631189107894897,5086.0,5072.0,-14.0,6848,0.0,0.0,0.0,False,0.0
0.961850643157959,2267.0,2240.0,-27.0,6849,0.0,0.0,0.0,False,0.0
0.9617723822593689,3830.0,3813.0,-17.0,6850,0.0,0.0,0.0,False,0.0
0.9565003514289856,144.0,110.0,-34.0,6851,0.0,0.0,0.0,False,0.0
0.9558767080307007,3373.0,3348.0,-25.0,6852,0.0,0.0,0.0,False,0.0
0.9584484100341797,597.0,566.0,-31.0,6853,0.0,0.0,0.0,False,0.0
0.9582703113555908,3092.0,3073.0,-19.0,6854,0.0,0.0,0.0,False,0.0
0.9567520618438721,6850.0,6847.0,-3.0,6855,0.0,0.0,0.0,False,0.0
0.9556277394294739,123.0,85.0,-38.0,6856,0.0,0.0,0.0,False,0.0
0.9551416039466858,7158.0,7154.0,-4.0,6857,0.0,0.0,0.0,False,0.0
0.9568641185760498,6116.0,6111.0,-5.0,6858,0.0,0.0,0.0,False,0.0
0.2294236719608307,3.0,7689.0,7686.0,6859,0.758620023727417,11.132402420043945,0.759743869304657,True,0.72548907995224
0.960277795791626,7372.0,7370.0,-2.0,6860,0.0,0.0,0.0,False,0.0
0.9615916013717651,1868.0,1841.0,-27.0,6861,0.0,0.0,0.0,False,0.0
0.9609072208404541,686.0,651.0,-35.0,6862,0.0,0.0,0.0,False,0.0
0.3152196407318115,2.0,7510.0,7508.0,6863,0.6676462292671204,10.969809532165527,0.6693363189697266,True,0.6380740404129028
0.18345412611961365,1.0,7637.0,7636.0,6864,0.8061327338218689,11.210351943969727,0.8073191046714783,True,0.7686597108840942
0.9617922306060791,686.0,655.0,-31.0,6865,0.0,0.0,0.0,False,0.0
0.9627968668937683,6620.0,6616.0,-4.0,6866,0.0,0.0,0.0,False,0.0
0.9621165990829468,759.0,726.0,-33.0,6867,0.0,0.0,0.0,False,0.0
0.9618030190467834,1627.0,1598.0,-29.0,6868,0.0,0.0,0.0,False,0.0
0.27298659086227417,2.0,7664.0,7662.0,6869,0.7151365280151367,11.056388854980469,0.7160501480102539,True,0.6884037256240845
0.1978510618209839,2.0,5880.0,5878.0,6870,0.7929699420928955,11.18857479095459,0.7937357425689697,True,0.7613610029220581
0.9595186710357666,6404.0,6396.0,-8.0,6871,0.0,0.0,0.0,False,0.0
0.9480822682380676,13.0,4011.0,3998.0,6872,0.004950482863932848,4.69999885559082,0.004932374693453312,True,0.004699476528912783
0.9338470697402954,1.0,655.0,654.0,6873,0.02047714777290821,6.497698783874512,0.02041015587747097,True,0.01945708692073822
0.1312606781721115,1.0,7191.0,7190.0,6874,0.8626400232315063,11.29619312286377,0.863165020942688,True,0.828001856803894
0.95643150806427,7583.0,7582.0,-1.0,6875,0.0,0.0,0.0,False,0.0
0.9568891525268555,459.0,428.0,-31.0,6876,0.0,0.0,0.0,False,0.0
0.9575002193450928,5269.0,5258.0,-11.0,6877,0.0,0.0,0.0,False,0.0
0.15115205943584442,2.0,7643.0,7641.0,6878,0.8420891761779785,11.26529598236084,0.8426336050033569,True,0.8093588352203369
0.9601340293884277,20.0,2027.0,2007.0,6879,0.0010409604292362928,2.812019109725952,0.001032911124639213,True,0.0009927585488185287
0.9566998481750488,637.0,603.0,-34.0,6880,0.0,0.0,0.0,False,0.0
0.0749196782708168,1.0,6801.0,6800.0,6881,0.9214510917663574,11.380595207214355,0.921840250492096,True,0.8836269378662109
0.9595276117324829,489.0,454.0,-35.0,6882,0.0,0.0,0.0,False,0.0
0.9381989240646362,28.0,5215.0,5187.0,6883,0.018479634076356888,6.366303443908691,0.01841156929731369,True,0.01759771630167961
0.9519475698471069,2.0,900.0,898.0,6884,0.0070171719416975975,5.13692045211792,0.006985193584114313,True,0.00669631315395236
0.947236955165863,4.0,967.0,963.0,6885,0.01089429296553135,5.693404197692871,0.010846709832549095,True,0.01038707047700882
0.9576025009155273,7105.0,7105.0,0.0,6886,0.0,0.0,0.0,False,0.0
0.9623820781707764,615.0,583.0,-32.0,6887,0.0,0.0,0.0,False,0.0
0.9568957686424255,535.0,506.0,-29.0,6888,0.0,0.0,0.0,False,0.0
0.9518364667892456,3499.0,3482.0,-17.0,6889,0.0,0.0,0.0,False,0.0
0.9516107439994812,3.0,4017.0,4014.0,6890,0.010430359281599522,5.639597415924072,0.010396084748208523,True,0.009996955282986164
0.9563313722610474,9.0,879.0,870.0,6891,0.003429085249081254,4.243000507354736,0.003415916347876191,True,0.0032779450993984938
0.9565658569335938,5057.0,5047.0,-10.0,6892,0.0,0.0,0.0,False,0.0
0.9572478532791138,232.0,5085.0,4853.0,6893,0.00207254895940423,3.6243181228637695,0.0020597525872290134,True,0.0019757633563131094
0.05650807544589043,1.0,7663.0,7662.0,6894,0.9409230947494507,11.407301902770996,0.9412237405776978,True,0.9049017429351807
0.9589269757270813,2015.0,1996.0,-19.0,6895,0.0,0.0,0.0,False,0.0
0.9592779278755188,6066.0,6058.0,-8.0,6896,0.0,0.0,0.0,False,0.0
0.9624220132827759,2653.0,2637.0,-16.0,6897,0.0,0.0,0.0,False,0.0
0.9538120031356812,439.0,416.0,-23.0,6898,0.0,0.0,0.0,False,0.0
0.9610311985015869,5927.0,5912.0,-15.0,6899,0.0,0.0,0.0,False,0.0
0.9611623883247375,3258.0,3237.0,-21.0,6900,0.0,0.0,0.0,False,0.0
0.9569112658500671,1401.0,1377.0,-24.0,6901,0.0,0.0,0.0,False,0.0
0.9564096927642822,3808.0,3802.0,-6.0,6902,0.0,0.0,0.0,False,0.0
0.06632949411869049,1.0,7189.0,7188.0,6903,0.9304189682006836,11.392935752868652,0.9307467341423035,True,0.8914525508880615
0.9611331224441528,7406.0,7404.0,-2.0,6904,0.0,0.0,0.0,False,0.0
0.9581029415130615,4.0,366.0,362.0,6905,0.0034895266871899366,4.263967990875244,0.003474314697086811,True,0.003340356517583132
0.9609910249710083,5719.0,5712.0,-7.0,6906,0.0,0.0,0.0,False,0.0
0.961169958114624,45.0,1529.0,1484.0,6907,0.0006283600232563913,2.257382869720459,0.0006248766439966857,True,0.0006009881617501378
0.9569069743156433,456.0,432.0,-24.0,6908,0.0,0.0,0.0,False,0.0
0.9594845771789551,839.0,817.0,-22.0,6909,0.0,0.0,0.0,False,0.0
0.9565034508705139,3217.0,3197.0,-20.0,6910,0.0,0.0,0.0,False,0.0
0.9621115922927856,6928.0,6927.0,-1.0,6911,0.0,0.0,0.0,False,0.0
0.9554973244667053,4.0,672.0,668.0,6912,0.007202312350273132,5.169620037078857,0.007168785203248262,True,0.0068992143496870995
0.9550920724868774,2702.0,2682.0,-20.0,6913,0.0,0.0,0.0,False,0.0
0.9610711336135864,1723.0,1696.0,-27.0,6914,0.0,0.0,0.0,False,0.0
0.9574312567710876,116.0,2982.0,2866.0,6915,0.0008369740098714828,2.5662002563476562,0.0008302187779918313,True,0.0007955378969199955
0.9618862867355347,1869.0,1844.0,-25.0,6916,0.0,0.0,0.0,False,0.0
0.9619096517562866,934.0,910.0,-24.0,6917,0.0,0.0,0.0,False,0.0
0.9536282420158386,2255.0,2231.0,-24.0,6918,0.0,0.0,0.0,False,0.0
0.9580606818199158,274.0,244.0,-30.0,6919,0.0,0.0,0.0,False,0.0
0.9622734785079956,681.0,651.0,-30.0,6920,0.0,0.0,0.0,False,0.0
0.1497596800327301,1.0,5246.0,5245.0,6921,0.8432992696762085,11.267436981201172,0.8440404534339905,True,0.8104867339134216
0.1206674799323082,2.0,7273.0,7271.0,6922,0.8731853365898132,11.311912536621094,0.8738027811050415,True,0.8355145454406738
0.9522138833999634,9.0,3822.0,3813.0,6923,0.008540390059351921,5.387449741363525,0.008518742397427559,True,0.008181359618902206
0.9627740979194641,1698.0,1673.0,-25.0,6924,0.0,0.0,0.0,False,0.0
0.9620773792266846,242.0,210.0,-32.0,6925,0.0,0.0,0.0,False,0.0
0.9581772089004517,3031.0,3019.0,-12.0,6926,0.0,0.0,0.0,False,0.0
0.9478751420974731,2.0,739.0,737.0,6927,0.008318718522787094,5.349732875823975,0.008268304169178009,True,0.007902663201093674
0.9545793533325195,996.0,968.0,-28.0,6928,0.0,0.0,0.0,False,0.0
0.9508423805236816,35.0,6633.0,6598.0,6929,0.004322483669966459,4.526549816131592,0.004292499274015427,True,0.004099084995687008
0.9226267337799072,1.0,998.0,997.0,6930,0.031936898827552795,7.06527042388916,0.03183245286345482,True,0.030335113406181335
0.9572070837020874,3004.0,2989.0,-15.0,6931,0.0,0.0,0.0,False,0.0
0.9605785012245178,672.0,643.0,-29.0,6932,0.0,0.0,0.0,False,0.0
0.9312032461166382,2.0,1047.0,1045.0,6933,0.02535749413073063,6.769326210021973,0.02525097131729126,True,0.024122916162014008
0.9554589986801147,30.0,2370.0,2340.0,6934,0.0008914390346035361,2.6355693340301514,0.0008835431654006243,True,0.0008449358283542097
0.9532619714736938,2479.0,2457.0,-22.0,6935,0.0,0.0,0.0,False,0.0
0.9449846744537354,4.0,1809.0,1805.0,6936,0.01625858247280121,6.203657627105713,0.016204867511987686,True,0.015565590932965279
0.9584603309631348,1109.0,1082.0,-27.0,6937,0.0,0.0,0.0,False,0.0
0.9555143117904663,6.0,452.0,446.0,6938,0.0065779616124928,5.055691242218018,0.006548867095261812,True,0.006298786029219627
0.9552687406539917,4.0,186.0,182.0,6939,0.0015232306905090809,3.2544524669647217,0.0015115287387743592,True,0.0014461020473390818
0.9618304967880249,1153.0,1127.0,-26.0,6940,0.0,0.0,0.0,False,0.0
0.9567250609397888,1061.0,1031.0,-30.0,6941,0.0,0.0,0.0,False,0.0
0.9627479910850525,6506.0,6501.0,-5.0,6942,0.0,0.0,0.0,False,0.0
0.9550192952156067,6229.0,6223.0,-6.0,6943,0.0,0.0,0.0,False,0.0
0.9561218023300171,5914.0,5907.0,-7.0,6944,0.0,0.0,0.0,False,0.0
0.9426711201667786,5.0,1448.0,1443.0,6945,0.009874227456748486,5.56842041015625,0.009828278794884682,True,0.009356795810163021
0.9475570917129517,20.0,5444.0,5424.0,6946,0.007856816984713078,5.279173374176025,0.007819097489118576,True,0.007467429619282484
0.9190207719802856,1.0,208.0,207.0,6947,0.03781136870384216,7.281726360321045,0.037703581154346466,True,0.03600800782442093
0.9555624127388,7349.0,7348.0,-1.0,6948,0.0,0.0,0.0,False,0.0
0.9511934518814087,82.0,49.0,-33.0,6949,0.0,0.0,0.0,False,0.0
0.955364465713501,5169.0,5158.0,-11.0,6950,0.0,0.0,0.0,False,0.0
0.9602752923965454,36.0,1204.0,1168.0,6951,0.0006758678937330842,2.3355002403259277,0.0006722478428855538,True,0.0006459772121161222
0.9562512636184692,132.0,103.0,-29.0,6952,0.0,0.0,0.0,False,0.0
0.9569799304008484,4875.0,4864.0,-11.0,6953,0.0,0.0,0.0,False,0.0
0.9556974172592163,410.0,392.0,-18.0,6954,0.0,0.0,0.0,False,0.0
0.956427812576294,5715.0,5705.0,-10.0,6955,0.0,0.0,0.0,False,0.0
0.9500380754470825,4566.0,4553.0,-13.0,6956,0.0,0.0,0.0,False,0.0
0.9517579078674316,19.0,2323.0,2304.0,6957,0.005650679115206003,4.864701747894287,0.005625480320304632,True,0.005384385120123625
0.9389282464981079,19.0,4504.0,4485.0,6958,0.016234930604696274,6.199841022491455,0.01615636795759201,True,0.015418782830238342
0.9569964408874512,656.0,622.0,-34.0,6959,0.0,0.0,0.0,False,0.0
0.9557560682296753,1745.0,1719.0,-26.0,6960,0.0,0.0,0.0,False,0.0
0.9584183692932129,22.0,1237.0,1215.0,6961,0.0016737463884055614,3.3686208724975586,0.0016642307164147496,True,0.001597688184119761
0.953534722328186,540.0,4005.0,3465.0,6962,0.004716043826192617,4.637419700622559,0.004691483452916145,True,0.004494578577578068
0.1849525421857834,4.0,7676.0,7672.0,6963,0.8056340217590332,11.209066390991211,0.8065109848976135,True,0.7709286212921143
0.9478061199188232,3.0,741.0,738.0,6964,0.013316926546394825,5.949211120605469,0.013267511501908302,True,0.012744111008942127
0.9524194002151489,21.0,4484.0,4463.0,6965,0.004189474042505026,4.489465236663818,0.004166551865637302,True,0.003984908107668161
0.9620391726493835,2748.0,2729.0,-19.0,6966,0.0,0.0,0.0,False,0.0
0.9586430788040161,4557.0,4537.0,-20.0,6967,0.0,0.0,0.0,False,0.0
0.9575909376144409,6940.0,6938.0,-2.0,6968,0.0,0.0,0.0,False,0.0
0.1649140864610672,3.0,7670.0,7667.0,6969,0.8262767791748047,11.241636276245117,0.8272408246994019,True,0.789675235748291
0.9576244354248047,3941.0,3923.0,-18.0,6970,0.0,0.0,0.0,False,0.0
0.9548854231834412,601.0,6949.0,6348.0,6971,0.0011571376817300916,2.933591365814209,0.0011484448332339525,True,0.001097894157283008
0.9553266763687134,5017.0,5003.0,-14.0,6972,0.0,0.0,0.0,False,0.0
0.9463208913803101,4.0,54.0,50.0,6973,0.00577220693230629,4.889389514923096,0.0057372525334358215,True,0.005460611078888178
0.9547811150550842,2124.0,2101.0,-23.0,6974,0.0,0.0,0.0,False,0.0
0.9593308568000793,1704.0,1679.0,-25.0,6975,0.0,0.0,0.0,False,0.0
0.9594807028770447,201.0,169.0,-32.0,6976,0.0,0.0,0.0,False,0.0
0.9544613361358643,991.0,961.0,-30.0,6977,0.0,0.0,0.0,False,0.0
0.9612884521484375,2304.0,2284.0,-20.0,6978,0.0,0.0,0.0,False,0.0
0.9526358842849731,22.0,2674.0,2652.0,6979,0.0044846683740615845,4.575060844421387,0.004462840501219034,True,0.004270520992577076
0.9605326652526855,16.0,385.0,369.0,6980,0.0019047051900997758,3.5249600410461426,0.001896640402264893,True,0.001825246843509376
0.9567059874534607,2088.0,2060.0,-28.0,6981,0.0,0.0,0.0,False,0.0
0.9546858072280884,693.0,658.0,-35.0,6982,0.0,0.0,0.0,False,0.0
0.952319860458374,3876.0,3861.0,-15.0,6983,0.0,0.0,0.0,False,0.0
0.9588282704353333,2915.0,2894.0,-21.0,6984,0.0,0.0,0.0,False,0.0
0.9573094844818115,5721.0,5715.0,-6.0,6985,0.0,0.0,0.0,False,0.0
0.9589023590087891,2576.0,2552.0,-24.0,6986,0.0,0.0,0.0,False,0.0
0.9502782821655273,3457.0,3441.0,-16.0,6987,0.0,0.0,0.0,False,0.0
0.9578873515129089,661.0,631.0,-30.0,6988,0.0,0.0,0.0,False,0.0
0.9590839743614197,2928.0,2903.0,-25.0,6989,0.0,0.0,0.0,False,0.0
0.9519789218902588,58.0,3139.0,3081.0,6990,0.00416534161195159,4.481274604797363,0.0041392226703464985,True,0.003956830594688654
0.9556009769439697,7174.0,7172.0,-2.0,6991,0.0,0.0,0.0,False,0.0
0.959320604801178,995.0,968.0,-27.0,6992,0.0,0.0,0.0,False,0.0
0.9578182101249695,2120.0,2091.0,-29.0,6993,0.0,0.0,0.0,False,0.0
0.9336340427398682,1.0,225.0,224.0,6994,0.01859167404472828,6.373091220855713,0.0185098797082901,True,0.01760736107826233
0.9579757452011108,366.0,331.0,-35.0,6995,0.0,0.0,0.0,False,0.0
0.24936941266059875,1.0,4886.0,4885.0,6996,0.738328218460083,11.097676277160645,0.7394615411758423,True,0.7077613472938538
0.9611697196960449,7597.0,7596.0,-1.0,6997,0.0,0.0,0.0,False,0.0
0.9575927257537842,943.0,907.0,-36.0,6998,0.0,0.0,0.0,False,0.0
0.9544006586074829,3545.0,3526.0,-19.0,6999,0.0,0.0,0.0,False,0.0
0.9563887119293213,47.0,12.0,-35.0,7000,0.0,0.0,0.0,False,0.0
0.9560075998306274,2162.0,2133.0,-29.0,7001,0.0,0.0,0.0,False,0.0
0.9586593508720398,22.0,1771.0,1749.0,7002,0.004003952722996473,4.43613862991333,0.00399170583114028,True,0.0038420220371335745
0.9470155239105225,35.0,6085.0,6050.0,7003,0.005756338592618704,4.884981632232666,0.005717137362807989,True,0.005445349495857954
0.24118351936340332,3.0,7639.0,7636.0,7004,0.7470129132270813,11.112335205078125,0.7479562759399414,True,0.7157279253005981
0.9371424913406372,6.0,2385.0,2379.0,7005,0.020461486652493477,6.495813846588135,0.020380014553666115,True,0.019496312364935875
0.9628568887710571,5399.0,5390.0,-9.0,7006,0.0,0.0,0.0,False,0.0
0.9619871377944946,889.0,855.0,-34.0,7007,0.0,0.0,0.0,False,0.0
0.9515432119369507,4491.0,4480.0,-11.0,7008,0.0,0.0,0.0,False,0.0
0.9521556496620178,8.0,1635.0,1627.0,7009,0.004416267853230238,4.554477691650391,0.004389777313917875,True,0.004198180511593819
0.9554866552352905,3508.0,3489.0,-19.0,7010,0.0,0.0,0.0,False,0.0
0.9611718654632568,4633.0,4617.0,-16.0,7011,0.0,0.0,0.0,False,0.0
0.15839597582817078,3.0,7672.0,7669.0,7012,0.8339824676513672,11.253254890441895,0.8347641229629517,True,0.8002094030380249
0.95576012134552,20.0,3065.0,3045.0,7013,0.004235907457768917,4.504222869873047,0.004216236528009176,True,0.004046773072332144
0.9605807065963745,3008.0,2981.0,-27.0,7014,0.0,0.0,0.0,False,0.0
0.9574240446090698,6723.0,6722.0,-1.0,7015,0.0,0.0,0.0,False,0.0
0.9590479731559753,6371.0,6366.0,-5.0,7016,0.0,0.0,0.0,False,0.0
0.9584819078445435,720.0,691.0,-29.0,7017,0.0,0.0,0.0,False,0.0
0.9623875617980957,5474.0,5462.0,-12.0,7018,0.0,0.0,0.0,False,0.0
0.9512556791305542,6223.0,6218.0,-5.0,7019,0.0,0.0,0.0,False,0.0
0.9614784717559814,7003.0,7001.0,-2.0,7020,0.0,0.0,0.0,False,0.0
0.9551557898521423,6732.0,6729.0,-3.0,7021,0.0,0.0,0.0,False,0.0
0.9558241963386536,2458.0,2433.0,-25.0,7022,0.0,0.0,0.0,False,0.0
0.9577683806419373,360.0,327.0,-33.0,7023,0.0,0.0,0.0,False,0.0
0.9598638415336609,742.0,708.0,-34.0,7024,0.0,0.0,0.0,False,0.0
0.9580356478691101,6059.0,6047.0,-12.0,7025,0.0,0.0,0.0,False,0.0
0.9581053256988525,1640.0,1608.0,-32.0,7026,0.0,0.0,0.0,False,0.0
0.9576584696769714,7329.0,7325.0,-4.0,7027,0.0,0.0,0.0,False,0.0
0.9620630145072937,716.0,680.0,-36.0,7028,0.0,0.0,0.0,False,0.0
0.9575133323669434,18.0,2936.0,2918.0,7029,0.0046401191502809525,4.619091510772705,0.004623125772923231,True,0.004447265062481165
0.9603160619735718,2575.0,2548.0,-27.0,7030,0.0,0.0,0.0,False,0.0
0.9554884433746338,17.0,755.0,738.0,7031,0.0010638454696163535,2.8351669311523438,0.001054074033163488,True,0.001008218270726502
0.9595658183097839,194.0,158.0,-36.0,7032,0.0,0.0,0.0,False,0.0
0.9628148078918457,4976.0,4961.0,-15.0,7033,0.0,0.0,0.0,False,0.0
0.9543173313140869,7263.0,7259.0,-4.0,7034,0.0,0.0,0.0,False,0.0
0.9612582921981812,2049.0,2017.0,-32.0,7035,0.0,0.0,0.0,False,0.0
0.1858043372631073,3.0,7688.0,7685.0,7036,0.8064593076705933,11.209922790527344,0.8070496320724487,True,0.7771600484848022
0.962767481803894,498.0,464.0,-34.0,7037,0.0,0.0,0.0,False,0.0
0.9594128131866455,4689.0,4673.0,-16.0,7038,0.0,0.0,0.0,False,0.0
0.9603177905082703,242.0,201.0,-41.0,7039,0.0,0.0,0.0,False,0.0
0.9570673108100891,7212.0,7208.0,-4.0,7040,0.0,0.0,0.0,False,0.0
0.18557849526405334,1.0,7124.0,7123.0,7041,0.8060063719749451,11.20943832397461,0.806745171546936,True,0.7746999263763428
0.9561528563499451,6563.0,6553.0,-10.0,7042,0.0,0.0,0.0,False,0.0
0.09761111438274384,1.0,7189.0,7188.0,7043,0.8979778289794922,11.347561836242676,0.898415207862854,True,0.8632717132568359
0.07487060874700546,1.0,7680.0,7679.0,7044,0.9218180775642395,11.381047248840332,0.9221647381782532,True,0.8870410919189453
0.9565528631210327,33.0,3554.0,3521.0,7045,0.0017398351337760687,3.41601824760437,0.001731725176796317,True,0.0016593602485954762
0.12759578227996826,1.0,7630.0,7629.0,7046,0.865763783454895,11.30104923248291,0.8664371967315674,True,0.8277283906936646
0.09253223240375519,1.0,5641.0,5640.0,7047,0.9033817052841187,11.35516357421875,0.9037521481513977,True,0.8688628077507019
0.9571908116340637,4371.0,4358.0,-13.0,7048,0.0,0.0,0.0,False,0.0
0.07534348964691162,1.0,6701.0,6700.0,7049,0.9214349985122681,11.3804349899292,0.9217247366905212,True,0.8872026801109314
0.9566183686256409,1547.0,1521.0,-26.0,7050,0.0,0.0,0.0,False,0.0
0.9606410264968872,2010.0,1987.0,-23.0,7051,0.0,0.0,0.0,False,0.0
0.9579415321350098,1517.0,1494.0,-23.0,7052,0.0,0.0,0.0,False,0.0
0.9610748887062073,6532.0,6526.0,-6.0,7053,0.0,0.0,0.0,False,0.0
0.9580243825912476,6.0,1093.0,1087.0,7054,0.0023997225798666477,3.802633762359619,0.0023861066438257694,True,0.0022914160508662462
0.9566940069198608,1148.0,1115.0,-33.0,7055,0.0,0.0,0.0,False,0.0
0.9563554525375366,2701.0,2680.0,-21.0,7056,0.0,0.0,0.0,False,0.0
0.9577068090438843,2113.0,2092.0,-21.0,7057,0.0,0.0,0.0,False,0.0
0.9570145606994629,1732.0,1707.0,-25.0,7058,0.0,0.0,0.0,False,0.0
0.9613993167877197,6732.0,6727.0,-5.0,7059,0.0,0.0,0.0,False,0.0
0.9592189788818359,2731.0,2712.0,-19.0,7060,0.0,0.0,0.0,False,0.0
0.10280971974134445,1.0,7174.0,7173.0,7061,0.8915389776229858,11.33866024017334,0.8922054171562195,True,0.8509460091590881
0.9589322805404663,6083.0,6076.0,-7.0,7062,0.0,0.0,0.0,False,0.0
0.9586093425750732,32.0,2453.0,2421.0,7063,0.0020079186651855707,3.5871105194091797,0.001997186802327633,True,0.0019183532567694783
0.050982143729925156,1.0,7672.0,7671.0,7064,0.9464790225028992,11.414867401123047,0.9467877745628357,True,0.9071093797683716
0.9582188129425049,5341.0,5329.0,-12.0,7065,0.0,0.0,0.0,False,0.0
0.9588623046875,503.0,472.0,-31.0,7066,0.0,0.0,0.0,False,0.0
0.9574265480041504,5314.0,5304.0,-10.0,7067,0.0,0.0,0.0,False,0.0
0.9549930691719055,10.0,1391.0,1381.0,7068,0.0044637927785515785,4.570062637329102,0.004444992169737816,True,0.0042638895101845264
0.9592539072036743,1133.0,1110.0,-23.0,7069,0.0,0.0,0.0,False,0.0
0.9612911343574524,1498.0,1471.0,-27.0,7070,0.0,0.0,0.0,False,0.0
0.9606121182441711,3376.0,3357.0,-19.0,7071,0.0,0.0,0.0,False,0.0
0.04143199324607849,1.0,7670.0,7669.0,7072,0.9564293622970581,11.42822265625,0.9566915035247803,True,0.915238618850708
0.957708477973938,6731.0,6729.0,-2.0,7073,0.0,0.0,0.0,False,0.0
0.9591914415359497,5387.0,5377.0,-10.0,7074,0.0,0.0,0.0,False,0.0
0.07177351415157318,1.0,7294.0,7293.0,7075,0.9247618317604065,11.385211944580078,0.9251613616943359,True,0.8872699737548828
0.9590551257133484,15.0,165.0,150.0,7076,0.00045723479706794024,1.927545428276062,0.0004538040666375309,True,0.00043542071944102645
0.9609901905059814,7283.0,7283.0,0.0,7077,0.0,0.0,0.0,False,0.0
0.9585055112838745,2101.0,2082.0,-19.0,7078,0.0,0.0,0.0,False,0.0
0.9545866250991821,1353.0,1328.0,-25.0,7079,0.0,0.0,0.0,False,0.0
0.9628026485443115,402.0,5081.0,4679.0,7080,0.0008763926452957094,2.619753360748291,0.000871130614541471,True,0.0008394581382162869
0.9581989645957947,1593.0,1574.0,-19.0,7081,0.0,0.0,0.0,False,0.0
0.9585641622543335,4274.0,4263.0,-11.0,7082,0.0,0.0,0.0,False,0.0
0.037053484469652176,4.0,6773.0,6769.0,7083,0.9609251618385315,11.434276580810547,0.9612154364585876,True,0.9183142781257629
0.9563844203948975,68.0,5258.0,5190.0,7084,0.0017913413466885686,3.4480552673339844,0.001778778270818293,True,0.001704227295704186
0.96011883020401,479.0,453.0,-26.0,7085,0.0,0.0,0.0,False,0.0
0.9608206748962402,581.0,558.0,-23.0,7086,0.0,0.0,0.0,False,0.0
0.04294025897979736,1.0,7119.0,7118.0,7087,0.9548547267913818,11.426135063171387,0.9551377296447754,True,0.9142186641693115
0.9626558423042297,2093.0,2077.0,-16.0,7088,0.0,0.0,0.0,False,0.0
0.9608349204063416,66.0,6235.0,6169.0,7089,0.002015715464949608,3.5918796062469482,0.002005105372518301,True,0.001930446014739573
0.9635632038116455,451.0,427.0,-24.0,7090,0.0,0.0,0.0,False,0.0
0.9581546783447266,3879.0,3866.0,-13.0,7091,0.0,0.0,0.0,False,0.0
0.9586155414581299,1677.0,1656.0,-21.0,7092,0.0,0.0,0.0,False,0.0
0.9592069387435913,71.0,52.0,-19.0,7093,0.0,0.0,0.0,False,0.0
0.9609576463699341,376.0,3191.0,2815.0,7094,0.0003041091258637607,1.5391130447387695,0.00030134781263768673,True,0.0002896697842516005
0.9564307928085327,4320.0,7001.0,2681.0,7095,0.0008131646900437772,2.5357227325439453,0.0008076863596215844,True,0.0007731206133030355
0.9626702666282654,3442.0,3429.0,-13.0,7096,0.0,0.0,0.0,False,0.0
0.9603111743927002,6684.0,6680.0,-4.0,7097,0.0,0.0,0.0,False,0.0
0.9574764370918274,4329.0,4316.0,-13.0,7098,0.0,0.0,0.0,False,0.0
0.12992936372756958,1.0,7410.0,7409.0,7099,0.8642545938491821,11.298660278320312,0.8648267984390259,True,0.8312764167785645
0.9582050442695618,6777.0,6774.0,-3.0,7100,0.0,0.0,0.0,False,0.0
0.9509376883506775,2.0,1106.0,1104.0,7101,0.008137836121022701,5.324773788452148,0.008106573484838009,True,0.007771849166601896
0.959320068359375,166.0,138.0,-28.0,7102,0.0,0.0,0.0,False,0.0
0.9618464112281799,1684.0,1664.0,-20.0,7103,0.0,0.0,0.0,False,0.0
0.0671030730009079,1.0,5527.0,5526.0,7104,0.9297860264778137,11.392057418823242,0.9301097393035889,True,0.893017590045929
0.9569497108459473,3923.0,3906.0,-17.0,7105,0.0,0.0,0.0,False,0.0
0.9623919725418091,5770.0,5762.0,-8.0,7106,0.0,0.0,0.0,False,0.0
0.9626321792602539,6826.0,6823.0,-3.0,7107,0.0,0.0,0.0,False,0.0
0.95261549949646,6.0,2175.0,2169.0,7108,0.007549560163170099,5.2307844161987305,0.0075250044465065,True,0.007222787477076054
0.9601526856422424,2660.0,2644.0,-16.0,7109,0.0,0.0,0.0,False,0.0
0.9587470889091492,820.0,787.0,-33.0,7110,0.0,0.0,0.0,False,0.0
0.9600255489349365,4742.0,4731.0,-11.0,7111,0.0,0.0,0.0,False,0.0
0.11047881841659546,1.0,7653.0,7652.0,7112,0.8848224878311157,11.328609466552734,0.8852457404136658,True,0.8522639870643616
0.9596056938171387,786.0,5151.0,4365.0,7113,0.0020679745357483625,3.621880531311035,0.0020555981900542974,True,0.0019766269251704216
0.959561824798584,2399.0,2383.0,-16.0,7114,0.0,0.0,0.0,False,0.0
0.9569149017333984,2871.0,2849.0,-22.0,7115,0.0,0.0,0.0,False,0.0
0.961564302444458,5474.0,5466.0,-8.0,7116,0.0,0.0,0.0,False,0.0
0.9550227522850037,965.0,6126.0,5161.0,7117,0.003906907979398966,4.405735969543457,0.0038952247705310583,True,0.0037345753517001867
0.9632595777511597,3646.0,3628.0,-18.0,7118,0.0,0.0,0.0,False,0.0
0.9426358938217163,14.0,5098.0,5084.0,7119,0.01595226116478443,6.1787872314453125,0.015891412273049355,True,0.015221710316836834
0.9602017402648926,1949.0,1928.0,-21.0,7120,0.0,0.0,0.0,False,0.0
0.9593863487243652,3073.0,6404.0,3331.0,7121,0.00045436769141815603,1.9204775094985962,0.0004505979304667562,True,0.0004324923793319613
0.9597693681716919,6493.0,6486.0,-7.0,7122,0.0,0.0,0.0,False,0.0
0.952879011631012,5385.0,5378.0,-7.0,7123,0.0,0.0,0.0,False,0.0
0.9555270671844482,24.0,2694.0,2670.0,7124,0.001964177004992962,3.5597872734069824,0.0019523835508152843,True,0.0018692046869546175
0.9567752480506897,2328.0,2305.0,-23.0,7125,0.0,0.0,0.0,False,0.0
0.9618604779243469,2317.0,2294.0,-23.0,7126,0.0,0.0,0.0,False,0.0
0.9526830315589905,6293.0,6287.0,-6.0,7127,0.0,0.0,0.0,False,0.0
0.9542951583862305,163.0,3737.0,3574.0,7128,0.0008147038170136511,2.536194324493408,0.0008080308907665312,True,0.0007717235130257905
0.9377181529998779,8.0,2944.0,2936.0,7129,0.0176340714097023,6.309542655944824,0.017609501257538795,True,0.01680874079465866
0.9200342893600464,19.0,6775.0,6756.0,7130,0.03741205856204033,7.269088268280029,0.03733289986848831,True,0.03567957133054733
0.9586153030395508,96.0,74.0,-22.0,7131,0.0,0.0,0.0,False,0.0
0.958260178565979,4036.0,4013.0,-23.0,7132,0.0,0.0,0.0,False,0.0
0.9531140923500061,9.0,4161.0,4152.0,7133,0.009844343177974224,5.568727016448975,0.00983065739274025,True,0.00946276355534792
0.9556483030319214,6970.0,6968.0,-2.0,7134,0.0,0.0,0.0,False,0.0
0.9586695432662964,64.0,35.0,-29.0,7135,0.0,0.0,0.0,False,0.0
0.9569165706634521,5887.0,5880.0,-7.0,7136,0.0,0.0,0.0,False,0.0
0.9581727981567383,18.0,1675.0,1657.0,7137,0.0037003387697041035,4.336881637573242,0.0036849884781986475,True,0.003543914994224906
0.9505844116210938,16.0,1898.0,1882.0,7138,0.004359693266451359,4.536470890045166,0.0043268147855997086,True,0.004130876157432795
0.959610104560852,2566.0,2546.0,-20.0,7139,0.0,0.0,0.0,False,0.0
0.9600223898887634,5712.0,5698.0,-14.0,7140,0.0,0.0,0.0,False,0.0
0.9615731239318848,418.0,382.0,-36.0,7141,0.0,0.0,0.0,False,0.0
0.27389591932296753,2.0,7245.0,7243.0,7142,0.7145254015922546,11.055139541625977,0.7153536677360535,True,0.6883366107940674
0.9606636762619019,3498.0,3476.0,-22.0,7143,0.0,0.0,0.0,False,0.0
0.9584920406341553,2339.0,6395.0,4056.0,7144,0.0014148532645776868,3.167485237121582,0.0014039897359907627,True,0.0013476050226017833
0.9526101350784302,2882.0,6452.0,3570.0,7145,0.0032797858584672213,4.183791160583496,0.0032560608815401793,True,0.0031118893530219793
0.9562097787857056,1237.0,1211.0,-26.0,7146,0.0,0.0,0.0,False,0.0
0.961074709892273,1151.0,1122.0,-29.0,7147,0.0,0.0,0.0,False,0.0
0.9199910163879395,1.0,1697.0,1696.0,7148,0.03835165500640869,7.300727844238281,0.0382678247988224,True,0.03660692274570465
0.9518854022026062,1645.0,1616.0,-29.0,7149,0.0,0.0,0.0,False,0.0
0.9633725881576538,853.0,823.0,-30.0,7150,0.0,0.0,0.0,False,0.0
0.9626306891441345,7672.0,7672.0,0.0,7151,0.0,0.0,0.0,False,0.0
0.9588666558265686,1607.0,1581.0,-26.0,7152,0.0,0.0,0.0,False,0.0
0.9617239832878113,7351.0,7349.0,-2.0,7153,0.0,0.0,0.0,False,0.0
0.9568642377853394,4870.0,4860.0,-10.0,7154,0.0,0.0,0.0,False,0.0
0.9626622200012207,2273.0,2252.0,-21.0,7155,0.0,0.0,0.0,False,0.0
0.9569017291069031,2569.0,2545.0,-24.0,7156,0.0,0.0,0.0,False,0.0
0.9584143757820129,4245.0,4231.0,-14.0,7157,0.0,0.0,0.0,False,0.0
0.9515408277511597,1693.0,1662.0,-31.0,7158,0.0,0.0,0.0,False,0.0
0.9608665704727173,5634.0,5629.0,-5.0,7159,0.0,0.0,0.0,False,0.0
0.9549964666366577,7096.0,7094.0,-2.0,7160,0.0,0.0,0.0,False,0.0
0.9509913325309753,7.0,159.0,152.0,7161,0.002943674335256219,4.05093240737915,0.002923104679211974,True,0.002787996781989932
0.9616148471832275,15.0,191.0,176.0,7162,0.001429745927453041,3.1806681156158447,0.0014198259450495243,True,0.0013672671047970653
0.9584970474243164,6464.0,6457.0,-7.0,7163,0.0,0.0,0.0,False,0.0
0.9543238282203674,23.0,2648.0,2625.0,7164,0.0045880964025855064,4.601546764373779,0.00455859862267971,True,0.004370301961898804
0.9456973075866699,6.0,865.0,859.0,7165,0.010889295488595963,5.694169044494629,0.010853257030248642,True,0.010376515798270702
0.9471367597579956,21.0,3752.0,3731.0,7166,0.006814031396061182,5.101768493652344,0.006792979780584574,True,0.006477885413914919
0.9611911773681641,2157.0,2131.0,-26.0,7167,0.0,0.0,0.0,False,0.0
0.5911222696304321,2.0,5295.0,5293.0,7168,0.3795071542263031,10.246376037597656,0.3808985650539398,True,0.3636845052242279
0.9401291012763977,13.0,3294.0,3281.0,7169,0.01975838840007782,6.452207565307617,0.019694941118359566,True,0.018887782469391823
0.9385866522789001,3.0,1086.0,1083.0,7170,0.018008146435022354,6.333630084991455,0.01794554851949215,True,0.0171512421220541
0.9489797353744507,8.0,1408.0,1400.0,7171,0.012255970388650894,5.843781471252441,0.012211054563522339,True,0.01173129491508007
0.944707989692688,27.0,5528.0,5501.0,7172,0.014607621356844902,6.0679473876953125,0.014565969817340374,True,0.013963988050818443
0.9615580439567566,1742.0,1720.0,-22.0,7173,0.0,0.0,0.0,False,0.0
0.9593042135238647,60.0,3372.0,3312.0,7174,0.0013107580598443747,3.0814504623413086,0.0013045368250459433,True,0.0012530824169516563
0.9617291688919067,5584.0,5576.0,-8.0,7175,0.0,0.0,0.0,False,0.0
0.9586266279220581,2054.0,2026.0,-28.0,7176,0.0,0.0,0.0,False,0.0
0.3444223403930664,5.0,7661.0,7656.0,7177,0.6382948160171509,10.911428451538086,0.6395688652992249,True,0.611162006855011
0.9603060483932495,60.0,4139.0,4079.0,7178,0.0020040152594447136,3.5850300788879395,0.0019937418401241302,True,0.0019184271804988384
0.9628468751907349,83.0,49.0,-34.0,7179,0.0,0.0,0.0,False,0.0
0.955346941947937,806.0,775.0,-31.0,7180,0.0,0.0,0.0,False,0.0
0.9592570066452026,2605.0,2582.0,-23.0,7181,0.0,0.0,0.0,False,0.0
0.2582404613494873,4.0,6838.0,6834.0,7182,0.7292724251747131,11.081511497497559,0.730205774307251,True,0.6989352703094482
0.9606761932373047,32.0,1625.0,1593.0,7183,0.0013257518876343966,3.093630075454712,0.0013182142283767462,True,0.0012680485378950834
0.9520264863967896,103.0,2052.0,1949.0,7184,0.0015948511427268386,3.3085525035858154,0.0015821970300748944,True,0.0015086805215105414
0.9533032178878784,767.0,3517.0,2750.0,7185,0.0021250401623547077,3.6547293663024902,0.002112254500389099,True,0.002017881255596876
0.9518323540687561,1168.0,1138.0,-30.0,7186,0.0,0.0,0.0,False,0.0
0.9580428600311279,4736.0,4726.0,-10.0,7187,0.0,0.0,0.0,False,0.0
0.9553146362304688,285.0,256.0,-29.0,7188,0.0,0.0,0.0,False,0.0
0.9599888324737549,6836.0,6831.0,-5.0,7189,0.0,0.0,0.0,False,0.0
0.9580310583114624,4422.0,4410.0,-12.0,7190,0.0,0.0,0.0,False,0.0
0.9533026814460754,19.0,1916.0,1897.0,7191,0.0030050158966332674,4.0765910148620605,0.0029847510159015656,True,0.0028538894839584827
0.9545373916625977,5465.0,5455.0,-10.0,7192,0.0,0.0,0.0,False,0.0
0.9612053036689758,720.0,689.0,-31.0,7193,0.0,0.0,0.0,False,0.0
0.9617152214050293,964.0,935.0,-29.0,7194,0.0,0.0,0.0,False,0.0
0.9575270414352417,602.0,570.0,-32.0,7195,0.0,0.0,0.0,False,0.0
0.9552267789840698,2.0,169.0,167.0,7196,0.007806846871972084,5.273294925689697,0.007782776840031147,True,0.007492630742490292
0.9606350064277649,7607.0,7607.0,0.0,7197,0.0,0.0,0.0,False,0.0
0.9621179103851318,4351.0,4341.0,-10.0,7198,0.0,0.0,0.0,False,0.0
0.9567999243736267,4597.0,4582.0,-15.0,7199,0.0,0.0,0.0,False,0.0
0.1866912841796875,2.0,7603.0,7601.0,7200,0.8041221499443054,11.206706047058105,0.8050292730331421,True,0.7708437442779541
0.9551205635070801,5530.0,5526.0,-4.0,7201,0.0,0.0,0.0,False,0.0
0.9557784795761108,9.0,954.0,945.0,7202,0.0030962692108005285,4.11460018157959,0.0030783661641180515,True,0.0029513216577470303
0.9611761569976807,233.0,202.0,-31.0,7203,0.0,0.0,0.0,False,0.0
0.9559038877487183,2415.0,2395.0,-20.0,7204,0.0,0.0,0.0,False,0.0
0.9608160257339478,2313.0,2292.0,-21.0,7205,0.0,0.0,0.0,False,0.0
0.9587345123291016,5794.0,5787.0,-7.0,7206,0.0,0.0,0.0,False,0.0
0.9371588230133057,27.0,7288.0,7261.0,7207,0.023966968059539795,6.699556350708008,0.023908182978630066,True,0.022954566404223442
0.9592626094818115,3489.0,3470.0,-19.0,7208,0.0,0.0,0.0,False,0.0
0.9547728896141052,3249.0,3233.0,-16.0,7209,0.0,0.0,0.0,False,0.0
0.9619289040565491,1625.0,1601.0,-24.0,7210,0.0,0.0,0.0,False,0.0
0.9577109813690186,7171.0,7171.0,0.0,7211,0.0,0.0,0.0,False,0.0
0.9599200487136841,1174.0,1146.0,-28.0,7212,0.0,0.0,0.0,False,0.0
0.2070682942867279,1.0,6968.0,6967.0,7213,0.7817562222480774,11.170919418334961,0.782891035079956,True,0.7466845512390137
0.9534288644790649,260.0,226.0,-34.0,7214,0.0,0.0,0.0,False,0.0
0.9586015939712524,2167.0,2143.0,-24.0,7215,0.0,0.0,0.0,False,0.0
0.9552302360534668,5784.0,5778.0,-6.0,7216,0.0,0.0,0.0,False,0.0
0.9569023251533508,1880.0,6576.0,4696.0,7217,0.0031229201704263687,4.124351978302002,0.0031028343364596367,True,0.0029783507343381643
0.9567781686782837,3051.0,3034.0,-17.0,7218,0.0,0.0,0.0,False,0.0
0.9560315012931824,1100.0,1070.0,-30.0,7219,0.0,0.0,0.0,False,0.0
0.9584194421768188,12.0,971.0,959.0,7220,0.002235925756394863,3.719879627227783,0.002229004167020321,True,0.0021410936024039984
0.9412537813186646,9.0,2944.0,2935.0,7221,0.011082718148827553,5.712782859802246,0.011013692244887352,True,0.010482126846909523
0.9483430981636047,6.0,3487.0,3481.0,7222,0.00711484020575881,5.1537346839904785,0.007079014088958502,True,0.006761196535080671
0.9564820528030396,2688.0,2669.0,-19.0,7223,0.0,0.0,0.0,False,0.0
0.18923181295394897,1.0,7373.0,7372.0,7224,0.8027480244636536,11.204141616821289,0.8034225702285767,True,0.773400604724884
0.9604224562644958,220.0,191.0,-29.0,7225,0.0,0.0,0.0,False,0.0
0.12133656442165375,1.0,7651.0,7650.0,7226,0.8733829855918884,11.312065124511719,0.8739065527915955,True,0.8409383296966553
0.9556595683097839,5635.0,5625.0,-10.0,7227,0.0,0.0,0.0,False,0.0
0.9363812208175659,6.0,3378.0,3372.0,7228,0.023869886994361877,6.694218158721924,0.023808425292372704,True,0.02283748798072338
0.9554727077484131,17.0,3206.0,3189.0,7229,0.004996383562684059,4.711419105529785,0.0049776178784668446,True,0.004779770039021969
0.9401390552520752,9.0,4307.0,4298.0,7230,0.017993738874793053,6.331682205200195,0.017918141558766365,True,0.017152894288301468
0.9512008428573608,24.0,6133.0,6109.0,7231,0.0055540562607347965,4.83932638168335,0.005512815900146961,True,0.005272863432765007
0.9504387378692627,7.0,307.0,300.0,7232,0.0024165709037333727,3.8098669052124023,0.0024003249127417803,True,0.0022868511732667685
0.9627660512924194,6441.0,6435.0,-6.0,7233,0.0,0.0,0.0,False,0.0
0.9519599676132202,660.0,7094.0,6434.0,7234,0.006319503299891949,5.005455017089844,0.0062925186939537525,True,0.006028158590197563
0.9518506526947021,4.0,402.0,398.0,7235,0.0046365088783204556,4.61605167388916,0.0046118819154798985,True,0.004410162102431059
0.9567725658416748,12.0,1553.0,1541.0,7236,0.004096349235624075,4.4627580642700195,0.004078076686710119,True,0.003917768597602844
0.959704577922821,3022.0,3005.0,-17.0,7237,0.0,0.0,0.0,False,0.0
0.9599015116691589,1497.0,1476.0,-21.0,7238,0.0,0.0,0.0,False,0.0
0.9576255679130554,2102.0,2081.0,-21.0,7239,0.0,0.0,0.0,False,0.0
0.9608860015869141,6443.0,6437.0,-6.0,7240,0.0,0.0,0.0,False,0.0
0.9615885019302368,3083.0,3065.0,-18.0,7241,0.0,0.0,0.0,False,0.0
0.9543466567993164,2240.0,2223.0,-17.0,7242,0.0,0.0,0.0,False,0.0
0.9588757753372192,5352.0,5343.0,-9.0,7243,0.0,0.0,0.0,False,0.0
0.9627714157104492,3899.0,3887.0,-12.0,7244,0.0,0.0,0.0,False,0.0
0.9556698203086853,25.0,3160.0,3135.0,7245,0.0033424932043999434,4.21291446685791,0.003333767643198371,True,0.003196638310328126
0.16934165358543396,1.0,7645.0,7644.0,7246,0.8230481743812561,11.236336708068848,0.8238327503204346,True,0.7919135093688965
0.9600098729133606,4004.0,3988.0,-16.0,7247,0.0,0.0,0.0,False,0.0
0.9621409177780151,2212.0,2191.0,-21.0,7248,0.0,0.0,0.0,False,0.0
0.9408103227615356,3.0,2574.0,2571.0,7249,0.017427481710910797,6.292822360992432,0.017379920929670334,True,0.016640417277812958
0.9575716853141785,4800.0,4788.0,-12.0,7250,0.0,0.0,0.0,False,0.0
0.9579697847366333,133.0,111.0,-22.0,7251,0.0,0.0,0.0,False,0.0
0.9557374715805054,428.0,396.0,-32.0,7252,0.0,0.0,0.0,False,0.0
0.173527330160141,1.0,7665.0,7664.0,7253,0.819144070148468,11.229996681213379,0.8197718858718872,True,0.7892931699752808
0.9562411308288574,1224.0,1198.0,-26.0,7254,0.0,0.0,0.0,False,0.0
0.9560316801071167,6379.0,6374.0,-5.0,7255,0.0,0.0,0.0,False,0.0
0.9595370292663574,6150.0,6145.0,-5.0,7256,0.0,0.0,0.0,False,0.0
0.9619487524032593,422.0,391.0,-31.0,7257,0.0,0.0,0.0,False,0.0
0.9579743146896362,2861.0,2838.0,-23.0,7258,0.0,0.0,0.0,False,0.0
0.9602447748184204,5512.0,5504.0,-8.0,7259,0.0,0.0,0.0,False,0.0
0.961911678314209,7495.0,7494.0,-1.0,7260,0.0,0.0,0.0,False,0.0
0.9579179286956787,26.0,3369.0,3343.0,7261,0.0028431746177375317,4.010866641998291,0.0028292748611420393,True,0.002717902883887291
0.9586341381072998,11.0,3.0,-8.0,7262,0.0,0.0,0.0,False,0.0
0.9536256790161133,1600.0,1573.0,-27.0,7263,0.0,0.0,0.0,False,0.0
0.9569191932678223,3819.0,3806.0,-13.0,7264,0.0,0.0,0.0,False,0.0
0.1344553530216217,1.0,7676.0,7675.0,7265,0.8596893548965454,11.291851043701172,0.8602501153945923,True,0.8276590704917908
0.9627248048782349,7293.0,7289.0,-4.0,7266,0.0,0.0,0.0,False,0.0
0.9573460817337036,1180.0,1147.0,-33.0,7267,0.0,0.0,0.0,False,0.0
0.11723186075687408,1.0,3772.0,3771.0,7268,0.8772902488708496,11.317893981933594,0.8778844475746155,True,0.8427760601043701
0.10557913035154343,1.0,7319.0,7318.0,7269,0.8896049857139587,11.33561897277832,0.8900934457778931,True,0.8550472259521484
0.10184752941131592,1.0,7624.0,7623.0,7270,0.8938433527946472,11.341653823852539,0.8942891359329224,True,0.8616057634353638
0.0668301060795784,1.0,7666.0,7665.0,7271,0.9296666383743286,11.392070770263672,0.9301192760467529,True,0.8895149230957031
0.9553322792053223,4592.0,4580.0,-12.0,7272,0.0,0.0,0.0,False,0.0
0.9616489410400391,2392.0,2365.0,-27.0,7273,0.0,0.0,0.0,False,0.0
0.9579317569732666,12.0,2818.0,2806.0,7274,0.0033692829310894012,4.2222089767456055,0.0033589403610676527,True,0.003228479763492942
0.955496609210968,13.0,565.0,552.0,7275,0.0020415186882019043,3.604994535446167,0.002027032896876335,True,0.0019407571526244283
0.9576721787452698,4974.0,4962.0,-12.0,7276,0.0,0.0,0.0,False,0.0
0.9585236310958862,3407.0,3387.0,-20.0,7277,0.0,0.0,0.0,False,0.0
0.9571017622947693,3085.0,3062.0,-23.0,7278,0.0,0.0,0.0,False,0.0
0.9581431150436401,4009.0,3992.0,-17.0,7279,0.0,0.0,0.0,False,0.0
0.9592008590698242,2643.0,2622.0,-21.0,7280,0.0,0.0,0.0,False,0.0
0.9516949653625488,7.0,891.0,884.0,7281,0.005784350913017988,4.892314910888672,0.005750637501478195,True,0.005504507105797529
0.9623610973358154,836.0,807.0,-29.0,7282,0.0,0.0,0.0,False,0.0
0.963264524936676,516.0,486.0,-30.0,7283,0.0,0.0,0.0,False,0.0
0.9559231996536255,3755.0,3739.0,-16.0,7284,0.0,0.0,0.0,False,0.0
0.9604835510253906,4689.0,4682.0,-7.0,7285,0.0,0.0,0.0,False,0.0
0.958999514579773,17.0,4052.0,4035.0,7286,0.002882598899304867,4.027237415313721,0.0028672602493315935,True,0.0027576079592108727
0.960966169834137,7280.0,7277.0,-3.0,7287,0.0,0.0,0.0,False,0.0
0.9566123485565186,30.0,2939.0,2909.0,7288,0.0021289100404828787,3.6585068702697754,0.0021188626997172832,True,0.0020312340930104256
0.9636815786361694,199.0,172.0,-27.0,7289,0.0,0.0,0.0,False,0.0
0.9593838453292847,2018.0,1992.0,-26.0,7290,0.0,0.0,0.0,False,0.0
0.95960533618927,3250.0,3239.0,-11.0,7291,0.0,0.0,0.0,False,0.0
0.961124837398529,111.0,79.0,-32.0,7292,0.0,0.0,0.0,False,0.0
0.09735269099473953,1.0,7639.0,7638.0,7293,0.8984816074371338,11.348188400268555,0.8988540768623352,True,0.8651448488235474
0.9572263956069946,5118.0,5108.0,-10.0,7294,0.0,0.0,0.0,False,0.0
0.9556775093078613,4.0,59.0,55.0,7295,0.0008917506784200668,2.6373612880706787,0.0008849594742059708,True,0.0008464849088340998
0.9576655626296997,6109.0,6106.0,-3.0,7296,0.0,0.0,0.0,False,0.0
0.12127996236085892,1.0,6201.0,6200.0,7297,0.8733206987380981,11.311860084533691,0.8737673759460449,True,0.8394849896430969
0.9594917297363281,3922.0,3908.0,-14.0,7298,0.0,0.0,0.0,False,0.0
0.9557435512542725,2933.0,2914.0,-19.0,7299,0.0,0.0,0.0,False,0.0
0.9625366926193237,5554.0,5547.0,-7.0,7300,0.0,0.0,0.0,False,0.0
0.9567322731018066,564.0,2915.0,2351.0,7301,0.0002246335061499849,1.2784855365753174,0.0002220728201791644,True,0.00021251141151878983
0.9569901823997498,5775.0,5759.0,-16.0,7302,0.0,0.0,0.0,False,0.0
0.07699473202228546,3.0,7680.0,7677.0,7303,0.9193998575210571,11.377715110778809,0.9197733998298645,True,0.8827213644981384
0.9581642150878906,7459.0,7459.0,0.0,7304,0.0,0.0,0.0,False,0.0
0.9597085118293762,2709.0,2693.0,-16.0,7305,0.0,0.0,0.0,False,0.0
0.9609914422035217,21.0,3189.0,3168.0,7306,0.0019045729422941804,3.5250649452209473,0.001896805944852531,True,0.0018262783996760845
0.9573904275894165,5549.0,5538.0,-11.0,7307,0.0,0.0,0.0,False,0.0
0.9587273597717285,5375.0,5364.0,-11.0,7308,0.0,0.0,0.0,False,0.0
0.06185263395309448,1.0,7665.0,7664.0,7309,0.9353657364845276,11.39972972869873,0.9356865286827087,True,0.8998842835426331
0.9603164792060852,28.0,4581.0,4553.0,7310,0.0018613021820783615,3.4955697059631348,0.0018507617060095072,True,0.0017806123942136765
0.04937264695763588,1.0,6966.0,6965.0,7311,0.9483726620674133,11.417351722717285,0.948623538017273,True,0.9116241335868835
0.9569069743156433,1958.0,1936.0,-22.0,7312,0.0,0.0,0.0,False,0.0
0.9574935436248779,1847.0,1823.0,-24.0,7313,0.0,0.0,0.0,False,0.0
0.9562978744506836,1494.0,1466.0,-28.0,7314,0.0,0.0,0.0,False,0.0
0.9563441872596741,3635.0,3621.0,-14.0,7315,0.0,0.0,0.0,False,0.0
0.06178247928619385,1.0,7685.0,7684.0,7316,0.9354391098022461,11.39982795715332,0.9357579350471497,True,0.8999313116073608
0.9550095796585083,2419.0,2401.0,-18.0,7317,0.0,0.0,0.0,False,0.0
0.9603855609893799,115.0,92.0,-23.0,7318,0.0,0.0,0.0,False,0.0
0.9580325484275818,2054.0,2030.0,-24.0,7319,0.0,0.0,0.0,False,0.0
0.952608048915863,6.0,3651.0,3645.0,7320,0.008053412660956383,5.313508033752441,0.008034600876271725,True,0.007715819403529167
0.9616838693618774,1843.0,1815.0,-28.0,7321,0.0,0.0,0.0,False,0.0
0.9554136991500854,2957.0,2935.0,-22.0,7322,0.0,0.0,0.0,False,0.0
0.9627411365509033,4274.0,4259.0,-15.0,7323,0.0,0.0,0.0,False,0.0
0.1017061322927475,1.0,6791.0,6790.0,7324,0.8933004140853882,11.341047286987305,0.8938659429550171,True,0.8565737009048462
0.9588828086853027,48.0,1246.0,1198.0,7325,0.0003806852619163692,1.7494691610336304,0.00037817045813426375,True,0.0003627583209890872
0.9534716606140137,8.0,1872.0,1864.0,7326,0.004688868764787912,4.631172180175781,0.004668073263019323,True,0.004471749998629093
0.9567235112190247,5190.0,5181.0,-9.0,7327,0.0,0.0,0.0,False,0.0
0.9565355777740479,1693.0,1680.0,-13.0,7328,0.0,0.0,0.0,False,0.0
0.9569857716560364,19.0,5273.0,5254.0,7329,0.004087487235665321,4.460556983947754,0.004070867318660021,True,0.0039116861298680305
0.9569480419158936,1978.0,1949.0,-29.0,7330,0.0,0.0,0.0,False,0.0
0.9569425582885742,3740.0,3723.0,-17.0,7331,0.0,0.0,0.0,False,0.0
0.9620740413665771,6450.0,6442.0,-8.0,7332,0.0,0.0,0.0,False,0.0
0.9575164318084717,4912.0,4903.0,-9.0,7333,0.0,0.0,0.0,False,0.0
0.9602266550064087,6835.0,6829.0,-6.0,7334,0.0,0.0,0.0,False,0.0
0.9588090777397156,6864.0,6860.0,-4.0,7335,0.0,0.0,0.0,False,0.0
0.9544154405593872,22.0,3167.0,3145.0,7336,0.0027516931295394897,3.9702627658843994,0.0027371267788112164,True,0.002619525883346796
0.9624760150909424,109.0,78.0,-31.0,7337,0.0,0.0,0.0,False,0.0
0.961962878704071,725.0,696.0,-29.0,7338,0.0,0.0,0.0,False,0.0
0.9371737241744995,4.0,3266.0,3262.0,7339,0.02234174683690071,6.609735012054443,0.022283561527729034,True,0.021359534934163094
0.9569125175476074,2595.0,2578.0,-17.0,7340,0.0,0.0,0.0,False,0.0
0.959199070930481,3025.0,3003.0,-22.0,7341,0.0,0.0,0.0,False,0.0
0.9633349776268005,1106.0,1076.0,-30.0,7342,0.0,0.0,0.0,False,0.0
0.06634710729122162,1.0,5781.0,5780.0,7343,0.9306718111038208,11.393234252929688,0.9309630990028381,True,0.894690990447998
0.9562225341796875,39.0,409.0,370.0,7344,0.0003481511666905135,1.6635360717773438,0.0003452596429269761,True,0.0003302590921521187
0.9594610929489136,1227.0,4414.0,3187.0,7345,0.0008711409755051136,2.6133904457092285,0.000866179820150137,True,0.000831786310300231
0.9340289831161499,10.0,6851.0,6841.0,7346,0.021204857155680656,6.5400004386901855,0.021098358556628227,True,0.02013121359050274
0.958054780960083,4687.0,4670.0,-17.0,7347,0.0,0.0,0.0,False,0.0
0.9619045257568359,6207.0,6200.0,-7.0,7348,0.0,0.0,0.0,False,0.0
0.07090213894844055,1.0,7689.0,7688.0,7349,0.9254840016365051,11.386245727539062,0.9259073138237,True,0.8860368728637695
0.9569236636161804,3578.0,3556.0,-22.0,7350,0.0,0.0,0.0,False,0.0
0.9604961276054382,1020.0,996.0,-24.0,7351,0.0,0.0,0.0,False,0.0
0.9547923803329468,17.0,2890.0,2873.0,7352,0.0028630036395043135,4.019251346588135,0.002848669420927763,True,0.002727658022195101
0.1827925741672516,2.0,7673.0,7671.0,7353,0.8081340193748474,11.212875366210938,0.8089091181755066,True,0.7737814784049988
0.9595907926559448,4867.0,4853.0,-14.0,7354,0.0,0.0,0.0,False,0.0
0.9416828751564026,5.0,3613.0,3608.0,7355,0.017964210361242294,6.331054210662842,0.01790931075811386,True,0.0171724371612072
0.12034852057695389,1.0,7686.0,7685.0,7356,0.8744252920150757,11.313462257385254,0.874859094619751,True,0.8413561582565308
0.9575636386871338,6122.0,6116.0,-6.0,7357,0.0,0.0,0.0,False,0.0
0.9606817960739136,258.0,234.0,-24.0,7358,0.0,0.0,0.0,False,0.0
0.954652726650238,3803.0,3783.0,-20.0,7359,0.0,0.0,0.0,False,0.0
0.9575479030609131,3643.0,3624.0,-19.0,7360,0.0,0.0,0.0,False,0.0
0.9617030620574951,20.0,1459.0,1439.0,7361,0.0013965917751193047,3.155078172683716,0.0013892326969653368,True,0.0013378879521042109
0.9575600624084473,367.0,337.0,-30.0,7362,0.0,0.0,0.0,False,0.0
0.9629471302032471,1399.0,1373.0,-26.0,7363,0.0,0.0,0.0,False,0.0
0.9560333490371704,6217.0,6208.0,-9.0,7364,0.0,0.0,0.0,False,0.0
0.927914023399353,2.0,5787.0,5785.0,7365,0.028034478425979614,6.896607398986816,0.02789679542183876,True,0.026628682389855385
0.9556478261947632,21.0,3198.0,3177.0,7366,0.002342464169487357,3.7736780643463135,0.002329980256035924,True,0.002231840742751956
0.9522508382797241,5005.0,4993.0,-12.0,7367,0.0,0.0,0.0,False,0.0
0.9516782760620117,5942.0,5934.0,-8.0,7368,0.0,0.0,0.0,False,0.0
0.9528681039810181,11.0,4608.0,4597.0,7369,0.009554517455399036,5.527810096740723,0.00951814278960228,True,0.009156689047813416
0.9553071856498718,5395.0,5383.0,-12.0,7370,0.0,0.0,0.0,False,0.0
0.9573456048965454,2075.0,2047.0,-28.0,7371,0.0,0.0,0.0,False,0.0
0.9539350271224976,199.0,4182.0,3983.0,7372,0.0024181948974728584,3.811335802078247,0.0024032224901020527,True,0.0022980407811701298
0.960993766784668,144.0,117.0,-27.0,7373,0.0,0.0,0.0,False,0.0
0.9581012725830078,1677.0,1649.0,-28.0,7374,0.0,0.0,0.0,False,0.0
0.9619202613830566,2347.0,2319.0,-28.0,7375,0.0,0.0,0.0,False,0.0
0.95599365234375,26.0,3691.0,3665.0,7376,0.002352770185098052,3.7791800498962402,0.0023405482061207294,True,0.0022427986841648817
0.9605215787887573,2863.0,2842.0,-21.0,7377,0.0,0.0,0.0,False,0.0
0.9591361284255981,24.0,3003.0,2979.0,7378,0.00240873615257442,3.8086960315704346,0.0023980180267244577,True,0.002305554458871484
0.9241518974304199,2.0,1499.0,1497.0,7379,0.03698952868580818,7.2543559074401855,0.03690537065267563,True,0.03541310131549835
0.9549477100372314,1214.0,1185.0,-29.0,7380,0.0,0.0,0.0,False,0.0
0.9543448686599731,1180.0,1151.0,-29.0,7381,0.0,0.0,0.0,False,0.0
0.9446462392807007,3.0,372.0,369.0,7382,0.013947351835668087,6.009278297424316,0.013909376226365566,True,0.013324778527021408
0.9628350138664246,1836.0,1808.0,-28.0,7383,0.0,0.0,0.0,False,0.0
0.29055190086364746,2.0,7640.0,7638.0,7384,0.6949558258056641,11.020066261291504,0.696068525314331,True,0.6654263734817505
0.954396665096283,932.0,908.0,-24.0,7385,0.0,0.0,0.0,False,0.0
0.9620153903961182,4255.0,4239.0,-16.0,7386,0.0,0.0,0.0,False,0.0
0.9533314108848572,865.0,840.0,-25.0,7387,0.0,0.0,0.0,False,0.0
0.9570513367652893,7599.0,7598.0,-1.0,7388,0.0,0.0,0.0,False,0.0
0.9553970694541931,3808.0,3797.0,-11.0,7389,0.0,0.0,0.0,False,0.0
0.9524261951446533,562.0,530.0,-32.0,7390,0.0,0.0,0.0,False,0.0
0.9596242904663086,666.0,634.0,-32.0,7391,0.0,0.0,0.0,False,0.0
0.9588550925254822,411.0,373.0,-38.0,7392,0.0,0.0,0.0,False,0.0
0.9566393494606018,6495.0,6490.0,-5.0,7393,0.0,0.0,0.0,False,0.0
0.9575101733207703,5632.0,5624.0,-8.0,7394,0.0,0.0,0.0,False,0.0
0.9541196823120117,682.0,647.0,-35.0,7395,0.0,0.0,0.0,False,0.0
0.9336919784545898,3.0,3004.0,3001.0,7396,0.023865003138780594,6.69230318069458,0.02377273328602314,True,0.02273692935705185
0.9603932499885559,1231.0,1203.0,-28.0,7397,0.0,0.0,0.0,False,0.0
0.9521246552467346,555.0,519.0,-36.0,7398,0.0,0.0,0.0,False,0.0
0.9574989080429077,177.0,141.0,-36.0,7399,0.0,0.0,0.0,False,0.0
0.9614453315734863,30.0,905.0,875.0,7400,0.0006962048937566578,2.3673107624053955,0.0006923796026967466,True,0.0006661463412456214
0.9577089548110962,604.0,573.0,-31.0,7401,0.0,0.0,0.0,False,0.0
0.20003731548786163,2.0,7663.0,7661.0,7402,0.7909781336784363,11.185739517211914,0.7919840812683105,True,0.7616068720817566
0.9490509033203125,223.0,4677.0,4454.0,7403,0.006144092418253422,4.970476150512695,0.006119859404861927,True,0.005843821447342634
0.9411975145339966,7.0,4157.0,4150.0,7404,0.018497634679079056,6.369168281555176,0.018453001976013184,True,0.01769443415105343
0.9559715986251831,48.0,4555.0,4507.0,7405,0.0027785981073975563,3.9785614013671875,0.002755723660811782,True,0.0026416731998324394
0.9530574083328247,684.0,653.0,-31.0,7406,0.0,0.0,0.0,False,0.0
0.9526671171188354,7360.0,7360.0,0.0,7407,0.0,0.0,0.0,False,0.0
0.9584084153175354,3376.0,3360.0,-16.0,7408,0.0,0.0,0.0,False,0.0
0.9642564058303833,2218.0,2202.0,-16.0,7409,0.0,0.0,0.0,False,0.0
0.9549689888954163,1071.0,1039.0,-32.0,7410,0.0,0.0,0.0,False,0.0
0.9556409120559692,1383.0,1355.0,-28.0,7411,0.0,0.0,0.0,False,0.0
0.26188379526138306,3.0,7666.0,7663.0,7412,0.7257869839668274,11.075577735900879,0.7268375158309937,True,0.6968269348144531
0.9573448896408081,2637.0,2618.0,-19.0,7413,0.0,0.0,0.0,False,0.0
0.9597435593605042,3584.0,3566.0,-18.0,7414,0.0,0.0,0.0,False,0.0
0.9558835029602051,14.0,1281.0,1267.0,7415,0.0029898411594331264,4.072868824005127,0.0029757320880889893,True,0.002852942794561386
0.9610975384712219,32.0,1466.0,1434.0,7416,0.0011621915036812425,2.941476345062256,0.0011563228908926249,True,0.001112625701352954
0.1695699840784073,1.0,7650.0,7649.0,7417,0.8229547739028931,11.236261367797852,0.8237836360931396,True,0.7927134037017822
0.1813008338212967,2.0,6750.0,6748.0,7418,0.8104318380355835,11.216484069824219,0.8111867904663086,True,0.7789123058319092
0.9514378309249878,5.0,3295.0,3290.0,7419,0.0059526776894927025,4.929104804992676,0.005921629257500172,True,0.005667623598128557
0.9596848487854004,2018.0,1996.0,-22.0,7420,0.0,0.0,0.0,False,0.0
0.9561166167259216,6477.0,6474.0,-3.0,7421,0.0,0.0,0.0,False,0.0
0.961509108543396,1012.0,985.0,-27.0,7422,0.0,0.0,0.0,False,0.0
0.9617267847061157,2300.0,2280.0,-20.0,7423,0.0,0.0,0.0,False,0.0
0.9583394527435303,432.0,407.0,-25.0,7424,0.0,0.0,0.0,False,0.0
0.9537729024887085,551.0,521.0,-30.0,7425,0.0,0.0,0.0,False,0.0
0.9563157558441162,2723.0,2707.0,-16.0,7426,0.0,0.0,0.0,False,0.0
0.9639015793800354,2824.0,2806.0,-18.0,7427,0.0,0.0,0.0,False,0.0
0.9583530426025391,3863.0,3854.0,-9.0,7428,0.0,0.0,0.0,False,0.0
0.9581073522567749,6561.0,6555.0,-6.0,7429,0.0,0.0,0.0,False,0.0
0.957342267036438,2259.0,2236.0,-23.0,7430,0.0,0.0,0.0,False,0.0
0.9593847990036011,5007.0,4998.0,-9.0,7431,0.0,0.0,0.0,False,0.0
0.9524140954017639,30.0,1658.0,1628.0,7432,0.002273924881592393,3.7344565391540527,0.0022559473291039467,True,0.0021534543484449387
0.9625306129455566,6230.0,6221.0,-9.0,7433,0.0,0.0,0.0,False,0.0
0.9596325159072876,3122.0,3099.0,-23.0,7434,0.0,0.0,0.0,False,0.0
0.10114800930023193,1.0,6365.0,6364.0,7435,0.8942456245422363,11.342323303222656,0.8947557210922241,True,0.8599309921264648
0.9581574201583862,4284.0,4271.0,-13.0,7436,0.0,0.0,0.0,False,0.0
0.9548698663711548,53.0,3944.0,3891.0,7437,0.008009513840079308,5.306488513946533,0.007990071550011635,True,0.007690929342061281
0.1554102599620819,2.0,6820.0,6818.0,7438,0.8378846645355225,11.258879661560059,0.8384308815002441,True,0.806470513343811
0.0985197201371193,1.0,5109.0,5108.0,7439,0.8971977233886719,11.346290588378906,0.89752596616745,True,0.8628916144371033
0.9580188989639282,930.0,898.0,-32.0,7440,0.0,0.0,0.0,False,0.0
0.9600346088409424,5950.0,5943.0,-7.0,7441,0.0,0.0,0.0,False,0.0
0.9509752988815308,9.0,4330.0,4321.0,7442,0.009055642411112785,5.460803508758545,0.009027400054037571,True,0.008663039654493332
0.9535171985626221,5518.0,7375.0,1857.0,7443,0.0013095486210659146,3.0802555084228516,0.0013032022397965193,True,0.0012442473089322448
0.9503139853477478,2.0,39.0,37.0,7444,0.002629839116707444,3.9137942790985107,0.00261372490786016,True,0.002490368438884616
0.957267165184021,1403.0,1377.0,-26.0,7445,0.0,0.0,0.0,False,0.0
0.9564090967178345,1019.0,6003.0,4984.0,7446,0.0006221748772077262,2.2424488067626953,0.0006161439814604819,True,0.0005896490183658898
0.9600188732147217,483.0,471.0,-12.0,7447,0.0,0.0,0.0,False,0.0
0.9565652012825012,108.0,5542.0,5434.0,7448,0.001806985936127603,3.4603676795959473,0.0017971760826185346,True,0.0017222112510353327
0.9575847387313843,4715.0,4705.0,-10.0,7449,0.0,0.0,0.0,False,0.0
0.9584845304489136,420.0,399.0,-21.0,7450,0.0,0.0,0.0,False,0.0
0.9602543711662292,2725.0,2708.0,-17.0,7451,0.0,0.0,0.0,False,0.0
0.9613223671913147,81.0,3949.0,3868.0,7452,0.0013468983815982938,3.1110808849334717,0.001338038593530655,True,0.0012880098074674606
0.10664479434490204,1.0,7684.0,7683.0,7453,0.8881915807723999,11.333474159240723,0.8886072039604187,True,0.850731611251831
0.9547819495201111,165.0,136.0,-29.0,7454,0.0,0.0,0.0,False,0.0
0.9600658416748047,10.0,1291.0,1281.0,7455,0.0018951587844640017,3.5192198753356934,0.0018875967944040895,True,0.0018156444421038032
0.9547333121299744,1205.0,1179.0,-26.0,7456,0.0,0.0,0.0,False,0.0
0.9544472098350525,1196.0,4947.0,3751.0,7457,0.0003023626049980521,1.5335928201675415,0.0002994965179823339,True,0.0002859392552636564
0.9541823267936707,4647.0,4632.0,-15.0,7458,0.0,0.0,0.0,False,0.0
0.9524549245834351,313.0,6146.0,5833.0,7459,0.003651126753538847,4.3178181648254395,0.0036287475377321243,True,0.0034688059240579605
0.9600260257720947,5995.0,5989.0,-6.0,7460,0.0,0.0,0.0,False,0.0
0.9618999361991882,92.0,1829.0,1737.0,7461,0.0005066485027782619,2.032168388366699,0.0005033871857449412,True,0.0004844519717153162
0.959991991519928,583.0,559.0,-24.0,7462,0.0,0.0,0.0,False,0.0
0.958551287651062,4021.0,4010.0,-11.0,7463,0.0,0.0,0.0,False,0.0
0.9520355463027954,3546.0,7542.0,3996.0,7464,0.006245889235287905,4.992642879486084,0.006228730548173189,True,0.0059671406634151936
0.9554939270019531,1678.0,1650.0,-28.0,7465,0.0,0.0,0.0,False,0.0
0.951988935470581,1828.0,1804.0,-24.0,7466,0.0,0.0,0.0,False,0.0
0.9568331241607666,1724.0,1702.0,-22.0,7467,0.0,0.0,0.0,False,0.0
0.96198970079422,2800.0,2782.0,-18.0,7468,0.0,0.0,0.0,False,0.0
0.9558855295181274,3388.0,3371.0,-17.0,7469,0.0,0.0,0.0,False,0.0
0.95780348777771,4634.0,4616.0,-18.0,7470,0.0,0.0,0.0,False,0.0
0.9555610418319702,363.0,330.0,-33.0,7471,0.0,0.0,0.0,False,0.0
0.9606193900108337,4555.0,4543.0,-12.0,7472,0.0,0.0,0.0,False,0.0
0.961703896522522,2626.0,2604.0,-22.0,7473,0.0,0.0,0.0,False,0.0
0.9516909122467041,11.0,1727.0,1716.0,7474,0.005345617420971394,4.795816898345947,0.0053247446194291115,True,0.0050946385599672794
0.9589513540267944,4723.0,4710.0,-13.0,7475,0.0,0.0,0.0,False,0.0
0.956966757774353,3923.0,3908.0,-15.0,7476,0.0,0.0,0.0,False,0.0
0.9594262838363647,3068.0,3043.0,-25.0,7477,0.0,0.0,0.0,False,0.0
0.9476826786994934,2.0,560.0,558.0,7478,0.011248808354139328,5.734794616699219,0.011206436902284622,True,0.010740509256720543
0.9525542855262756,2073.0,2047.0,-26.0,7479,0.0,0.0,0.0,False,0.0
0.9594684839248657,2367.0,2343.0,-24.0,7480,0.0,0.0,0.0,False,0.0
0.9535313844680786,6.0,662.0,656.0,7481,0.005401294678449631,4.808650970458984,0.005379557143896818,True,0.005157320760190487
0.954626739025116,7352.0,7351.0,-1.0,7482,0.0,0.0,0.0,False,0.0
0.955912172794342,4542.0,4528.0,-14.0,7483,0.0,0.0,0.0,False,0.0
0.9574211239814758,2377.0,2348.0,-29.0,7484,0.0,0.0,0.0,False,0.0
0.9407891631126404,5.0,1467.0,1462.0,7485,0.01468227244913578,6.074636936187744,0.014642765745520592,True,0.013980468735098839
0.9604817628860474,220.0,187.0,-33.0,7486,0.0,0.0,0.0,False,0.0
0.9555442333221436,150.0,136.0,-14.0,7487,0.0,0.0,0.0,False,0.0
0.9609688520431519,224.0,190.0,-34.0,7488,0.0,0.0,0.0,False,0.0
0.958480954170227,460.0,5650.0,5190.0,7489,0.0011022207327187061,2.881767749786377,0.0010978544596582651,True,0.0010534290922805667
0.9166494607925415,10.0,3630.0,3620.0,7490,0.037442397326231,7.272972106933594,0.037446435540914536,True,0.03566061705350876
0.956096887588501,3378.0,3352.0,-26.0,7491,0.0,0.0,0.0,False,0.0
0.9499391913414001,2634.0,2616.0,-18.0,7492,0.0,0.0,0.0,False,0.0
0.9576295614242554,160.0,122.0,-38.0,7493,0.0,0.0,0.0,False,0.0
0.9531869888305664,3948.0,3931.0,-17.0,7494,0.0,0.0,0.0,False,0.0
0.6733953952789307,11.0,7661.0,7650.0,7495,0.2967697083950043,9.930079460144043,0.29768016934394836,True,0.2854204773902893
0.9607078433036804,1689.0,1664.0,-25.0,7496,0.0,0.0,0.0,False,0.0
0.9459384083747864,4.0,389.0,385.0,7497,0.012576812878251076,5.87705659866333,0.012535162270069122,True,0.01200801320374012
0.9611798524856567,2876.0,2860.0,-16.0,7498,0.0,0.0,0.0,False,0.0
0.9511902928352356,6312.0,6304.0,-8.0,7499,0.0,0.0,0.0,False,0.0
0.95809006690979,7089.0,7086.0,-3.0,7500,0.0,0.0,0.0,False,0.0
0.9517760276794434,6229.0,6225.0,-4.0,7501,0.0,0.0,0.0,False,0.0
0.9562743902206421,1399.0,1365.0,-34.0,7502,0.0,0.0,0.0,False,0.0
0.9547932744026184,78.0,6015.0,5937.0,7503,0.003539065830409527,4.2834014892578125,0.0035293009132146835,True,0.003381687682121992
0.9547240734100342,4287.0,4277.0,-10.0,7504,0.0,0.0,0.0,False,0.0
0.9554863572120667,5081.0,5073.0,-8.0,7505,0.0,0.0,0.0,False,0.0
0.9544134736061096,745.0,707.0,-38.0,7506,0.0,0.0,0.0,False,0.0
0.954352855682373,5899.0,5894.0,-5.0,7507,0.0,0.0,0.0,False,0.0
0.9608179926872253,862.0,823.0,-39.0,7508,0.0,0.0,0.0,False,0.0
0.9538111686706543,3129.0,3106.0,-23.0,7509,0.0,0.0,0.0,False,0.0
0.9578601121902466,1127.0,1092.0,-35.0,7510,0.0,0.0,0.0,False,0.0
0.9523584842681885,1880.0,1846.0,-34.0,7511,0.0,0.0,0.0,False,0.0
0.9558017253875732,10.0,665.0,655.0,7512,0.00531077990308404,4.788750171661377,0.005294794216752052,True,0.005087711848318577
0.9208748936653137,19.0,6795.0,6776.0,7513,0.03573020547628403,7.212366580963135,0.03571344166994095,True,0.03410564363002777
0.9605257511138916,3323.0,3302.0,-21.0,7514,0.0,0.0,0.0,False,0.0
0.9559999704360962,5396.0,5389.0,-7.0,7515,0.0,0.0,0.0,False,0.0
0.9530708193778992,126.0,87.0,-39.0,7516,0.0,0.0,0.0,False,0.0
0.9545583724975586,19.0,443.0,424.0,7517,0.004776954185217619,4.654811859130859,0.004757258575409651,True,0.004562787711620331
0.9574029445648193,3437.0,3418.0,-19.0,7518,0.0,0.0,0.0,False,0.0
0.9589447975158691,1285.0,1252.0,-33.0,7519,0.0,0.0,0.0,False,0.0
0.9578225016593933,2632.0,2609.0,-23.0,7520,0.0,0.0,0.0,False,0.0
0.9544740915298462,3100.0,3076.0,-24.0,7521,0.0,0.0,0.0,False,0.0
0.9492142200469971,3633.0,3616.0,-17.0,7522,0.0,0.0,0.0,False,0.0
0.9575252532958984,4802.0,4788.0,-14.0,7523,0.0,0.0,0.0,False,0.0
0.9543361663818359,4879.0,4871.0,-8.0,7524,0.0,0.0,0.0,False,0.0
0.4026140868663788,9.0,7657.0,7648.0,7525,0.5796944499015808,10.78773307800293,0.58079993724823,True,0.557820200920105
0.9623729586601257,6844.0,6840.0,-4.0,7526,0.0,0.0,0.0,False,0.0
0.9593490362167358,5212.0,5199.0,-13.0,7527,0.0,0.0,0.0,False,0.0
0.17998506128787994,1.0,7638.0,7637.0,7528,0.8114632368087769,11.218172073364258,0.8122540712356567,True,0.7786777019500732
0.9571576118469238,1315.0,1290.0,-25.0,7529,0.0,0.0,0.0,False,0.0
0.951651930809021,1886.0,1858.0,-28.0,7530,0.0,0.0,0.0,False,0.0
0.9565593600273132,2274.0,2252.0,-22.0,7531,0.0,0.0,0.0,False,0.0
0.9572963714599609,2688.0,2665.0,-23.0,7532,0.0,0.0,0.0,False,0.0
0.9601507782936096,5052.0,5045.0,-7.0,7533,0.0,0.0,0.0,False,0.0
0.960762619972229,4014.0,4000.0,-14.0,7534,0.0,0.0,0.0,False,0.0
0.935121476650238,10.0,5944.0,5934.0,7535,0.02285626530647278,6.639223098754883,0.022804442793130875,True,0.021822575479745865
0.960209846496582,1415.0,1383.0,-32.0,7536,0.0,0.0,0.0,False,0.0
0.9533975720405579,17.0,1194.0,1177.0,7537,0.003427116898819804,4.2396440505981445,0.0034066555090248585,True,0.0032589994370937347
0.9586325883865356,632.0,598.0,-34.0,7538,0.0,0.0,0.0,False,0.0
0.30327242612838745,1.0,7614.0,7613.0,7539,0.6804400086402893,10.99338436126709,0.6817457675933838,True,0.6496524214744568
0.1826067715883255,1.0,7678.0,7677.0,7540,0.8092294931411743,11.2146577835083,0.8100330233573914,True,0.7786487340927124
0.9589360952377319,6221.0,6211.0,-10.0,7541,0.0,0.0,0.0,False,0.0
0.9569658637046814,30.0,2624.0,2594.0,7542,0.0028535453602671623,4.014977931976318,0.002838769229128957,True,0.002724339021369815
0.9536470174789429,5828.0,5819.0,-9.0,7543,0.0,0.0,0.0,False,0.0
0.9466574192047119,2.0,1647.0,1645.0,7544,0.017596330493688583,6.306252479553223,0.017564093694090843,True,0.01692444086074829
0.9563306570053101,6490.0,6481.0,-9.0,7545,0.0,0.0,0.0,False,0.0
0.9629790782928467,4190.0,4176.0,-14.0,7546,0.0,0.0,0.0,False,0.0
0.9604389071464539,3452.0,3434.0,-18.0,7547,0.0,0.0,0.0,False,0.0
0.9592824578285217,5622.0,5611.0,-11.0,7548,0.0,0.0,0.0,False,0.0
0.9623816013336182,992.0,959.0,-33.0,7549,0.0,0.0,0.0,False,0.0
0.9588291049003601,4730.0,4721.0,-9.0,7550,0.0,0.0,0.0,False,0.0
0.9608325958251953,18.0,1682.0,1664.0,7551,0.0016129279974848032,3.326319932937622,0.0016060629859566689,True,0.0015456400578841567
0.9526042938232422,10.0,3142.0,3132.0,7552,0.007262574974447489,5.182216167449951,0.007240764796733856,True,0.006947891786694527
0.9532991051673889,3305.0,3286.0,-19.0,7553,0.0,0.0,0.0,False,0.0
0.9621435403823853,2487.0,2466.0,-21.0,7554,0.0,0.0,0.0,False,0.0
0.95616215467453,19.0,602.0,583.0,7555,0.0007872640271671116,2.498046398162842,0.0007805612403899431,True,0.0007469261181540787
0.9576295614242554,81.0,64.0,-17.0,7556,0.0,0.0,0.0,False,0.0
0.9608081579208374,2848.0,2828.0,-20.0,7557,0.0,0.0,0.0,False,0.0
0.9557840824127197,5073.0,5059.0,-14.0,7558,0.0,0.0,0.0,False,0.0
0.9540940523147583,6746.0,6742.0,-4.0,7559,0.0,0.0,0.0,False,0.0
0.21761491894721985,3.0,7661.0,7658.0,7560,0.7728621363639832,11.15543270111084,0.7735009789466858,True,0.7431613802909851
0.9632282853126526,123.0,93.0,-30.0,7561,0.0,0.0,0.0,False,0.0
0.9602954983711243,5879.0,5871.0,-8.0,7562,0.0,0.0,0.0,False,0.0
0.9590823650360107,2809.0,2785.0,-24.0,7563,0.0,0.0,0.0,False,0.0
0.9602476358413696,2168.0,2141.0,-27.0,7564,0.0,0.0,0.0,False,0.0
0.078001469373703,1.0,7688.0,7687.0,7565,0.9185571074485779,11.376493453979492,0.918897807598114,True,0.8837664127349854
0.9618375301361084,3166.0,3147.0,-19.0,7566,0.0,0.0,0.0,False,0.0
0.12345250695943832,1.0,6945.0,6944.0,7567,0.8706398010253906,11.308008193969727,0.8711481690406799,True,0.8346440196037292
0.0961514413356781,2.0,5706.0,5704.0,7568,0.8997857570648193,11.349945068359375,0.9000848531723022,True,0.8661800622940063
0.06056475639343262,1.0,7644.0,7643.0,7569,0.9367126822471619,11.401546478271484,0.9370123744010925,True,0.9009714126586914
0.9623278379440308,6909.0,6906.0,-3.0,7570,0.0,0.0,0.0,False,0.0
0.9551694989204407,8.0,387.0,379.0,7571,0.0011318027973175049,2.907379150390625,0.001122601330280304,True,0.001073479768820107
0.9591740965843201,5716.0,5709.0,-7.0,7572,0.0,0.0,0.0,False,0.0
0.9610432386398315,6190.0,6183.0,-7.0,7573,0.0,0.0,0.0,False,0.0
0.9624675512313843,409.0,380.0,-29.0,7574,0.0,0.0,0.0,False,0.0
0.9600147008895874,634.0,612.0,-22.0,7575,0.0,0.0,0.0,False,0.0
0.9586676359176636,1867.0,1841.0,-26.0,7576,0.0,0.0,0.0,False,0.0
0.9510025978088379,5.0,2699.0,2694.0,7577,0.008156386204063892,5.32761287689209,0.008124817162752151,True,0.007790014147758484
0.9567277431488037,4011.0,3997.0,-14.0,7578,0.0,0.0,0.0,False,0.0
0.06842366605997086,1.0,7619.0,7618.0,7579,0.928373396396637,11.390013694763184,0.9286296367645264,True,0.8902877569198608
0.9570063352584839,1211.0,1188.0,-23.0,7580,0.0,0.0,0.0,False,0.0
0.960519552230835,6.0,509.0,503.0,7581,0.0012188366381451488,2.9984991550445557,0.0012147586094215512,True,0.0011682185577228665
0.9631298780441284,6151.0,6144.0,-7.0,7582,0.0,0.0,0.0,False,0.0
0.956992506980896,27.0,2756.0,2729.0,7583,0.001742703840136528,3.420156955718994,0.0017377380281686783,True,0.0016658970853313804
0.9580437541007996,539.0,510.0,-29.0,7584,0.0,0.0,0.0,False,0.0
0.9594725966453552,2937.0,6706.0,3769.0,7585,0.0011496834922581911,2.9276199340820312,0.00114251091144979,True,0.0010974617907777429
0.9588503837585449,363.0,339.0,-24.0,7586,0.0,0.0,0.0,False,0.0
0.9571459293365479,5417.0,5402.0,-15.0,7587,0.0,0.0,0.0,False,0.0
0.9556467533111572,77.0,54.0,-23.0,7588,0.0,0.0,0.0,False,0.0
0.9613935947418213,3495.0,3480.0,-15.0,7589,0.0,0.0,0.0,False,0.0
0.9599783420562744,1094.0,1065.0,-29.0,7590,0.0,0.0,0.0,False,0.0
0.958991289138794,6596.0,6591.0,-5.0,7591,0.0,0.0,0.0,False,0.0
0.9551748037338257,4131.0,4115.0,-16.0,7592,0.0,0.0,0.0,False,0.0
0.9593632221221924,47.0,1394.0,1347.0,7593,0.0015010832576081157,3.2405951023101807,0.0014939019456505775,True,0.0014353389851748943
0.9628187417984009,320.0,286.0,-34.0,7594,0.0,0.0,0.0,False,0.0
0.10455958545207977,1.0,7678.0,7677.0,7595,0.8909740447998047,11.33743953704834,0.8913573026657104,True,0.8578575849533081
0.12259986251592636,1.0,7672.0,7671.0,7596,0.8712613582611084,11.309048652648926,0.8718546628952026,True,0.8341253995895386
0.9601231813430786,1957.0,7434.0,5477.0,7597,0.0015485226176679134,3.277085542678833,0.0015407312894240022,True,0.0014815744943916798
0.9528635740280151,1170.0,7585.0,6415.0,7598,0.002762572607025504,3.9755098819732666,0.0027488714549690485,True,0.0026265194173902273
0.9563910365104675,37.0,16.0,-21.0,7599,0.0,0.0,0.0,False,0.0
0.9587643146514893,6290.0,6285.0,-5.0,7600,0.0,0.0,0.0,False,0.0
0.9524242281913757,2185.0,2161.0,-24.0,7601,0.0,0.0,0.0,False,0.0
0.9574752449989319,6.0,87.0,81.0,7602,0.0008245669887401164,2.5512282848358154,0.0008190828957594931,True,0.0007848945097066462
0.9476511478424072,190.0,7531.0,7341.0,7603,0.005607891362160444,4.853332996368408,0.005574726965278387,True,0.0053125121630728245
0.9620585441589355,5527.0,5520.0,-7.0,7604,0.0,0.0,0.0,False,0.0
0.9592255353927612,366.0,340.0,-26.0,7605,0.0,0.0,0.0,False,0.0
0.9596059322357178,1547.0,1525.0,-22.0,7606,0.0,0.0,0.0,False,0.0
0.9568955898284912,2010.0,1988.0,-22.0,7607,0.0,0.0,0.0,False,0.0
0.9545204639434814,157.0,4213.0,4056.0,7608,0.004183837212622166,4.4886908531188965,0.004163960926234722,True,0.003991205245256424
0.9576107859611511,4.0,2281.0,2277.0,7609,0.0027321346569806337,3.960750102996826,0.0027159564197063446,True,0.0026079120580106974
0.9627314805984497,3965.0,3953.0,-12.0,7610,0.0,0.0,0.0,False,0.0
0.9532009363174438,649.0,620.0,-29.0,7611,0.0,0.0,0.0,False,0.0
0.956717848777771,195.0,165.0,-30.0,7612,0.0,0.0,0.0,False,0.0
0.9624894857406616,3116.0,3100.0,-16.0,7613,0.0,0.0,0.0,False,0.0
0.9614130258560181,1824.0,1802.0,-22.0,7614,0.0,0.0,0.0,False,0.0
0.955994725227356,561.0,539.0,-22.0,7615,0.0,0.0,0.0,False,0.0
0.9617915153503418,7051.0,7047.0,-4.0,7616,0.0,0.0,0.0,False,0.0
0.9603883028030396,30.0,2714.0,2684.0,7617,0.0011651564855128527,2.944781541824341,0.0011596394469961524,True,0.0011149970814585686
0.9387429356575012,2.0,954.0,952.0,7618,0.024452904239296913,6.724910736083984,0.024387728422880173,True,0.023466095328330994
0.08238089084625244,1.0,7688.0,7687.0,7619,0.9130871891975403,11.369270324707031,0.9137405753135681,True,0.8726559281349182
0.9623743295669556,3305.0,3292.0,-13.0,7620,0.0,0.0,0.0,False,0.0
0.9574363827705383,3294.0,3276.0,-18.0,7621,0.0,0.0,0.0,False,0.0
0.9488182067871094,10.0,1074.0,1064.0,7622,0.003814347553998232,4.371927738189697,0.0037905878853052855,True,0.0036102638114243746
0.957668125629425,5.0,205.0,200.0,7623,0.0036153618711978197,4.307340621948242,0.003598189679905772,True,0.0034583155065774918
0.9576309323310852,4165.0,4150.0,-15.0,7624,0.0,0.0,0.0,False,0.0
0.17095798254013062,3.0,7323.0,7320.0,7625,0.820480465888977,11.232460021972656,0.8213472366333008,True,0.78597092628479
0.09651751071214676,1.0,7675.0,7674.0,7626,0.8987243175506592,11.348692893981934,0.8992074728012085,True,0.8610679507255554
0.9552996754646301,43.0,2719.0,2676.0,7627,0.00436411052942276,4.544747829437256,0.004355647135525942,True,0.004179151263087988
0.9497017860412598,31.0,6703.0,6672.0,7628,0.005801720079034567,4.895697116851807,0.005766154266893864,True,0.005507886875420809
0.0709187313914299,1.0,7673.0,7672.0,7629,0.9257657527923584,11.386529922485352,0.9261127710342407,True,0.888905942440033
0.9627825021743774,3512.0,3502.0,-10.0,7630,0.0,0.0,0.0,False,0.0
0.0914413183927536,1.0,7675.0,7674.0,7631,0.9046905040740967,11.357026100158691,0.9050650000572205,True,0.871757984161377
0.9597997069358826,52.0,6669.0,6617.0,7632,0.0031896543223410845,4.1534833908081055,0.003177045378834009,True,0.0030590458773076534
0.9600023627281189,7598.0,7598.0,0.0,7633,0.0,0.0,0.0,False,0.0
0.9526505470275879,21.0,1513.0,1492.0,7634,0.002071431139484048,3.6223742961883545,0.0020564389415085316,True,0.001963104819878936
0.9517594575881958,53.0,6759.0,6706.0,7635,0.004602131899446249,4.604163646697998,0.0045681665651500225,True,0.004367748275399208
0.9608843326568604,3097.0,3082.0,-15.0,7636,0.0,0.0,0.0,False,0.0
0.10616722702980042,1.0,7261.0,7260.0,7637,0.8886239528656006,11.334409713745117,0.8892554044723511,True,0.8525003790855408
0.9537604451179504,3.0,585.0,582.0,7638,0.003382510505616665,4.220158100128174,0.0033533708192408085,True,0.0032090735621750355
0.9590591788291931,5394.0,5385.0,-9.0,7639,0.0,0.0,0.0,False,0.0
0.9614832997322083,1103.0,1084.0,-19.0,7640,0.0,0.0,0.0,False,0.0
0.9548277854919434,1185.0,1166.0,-19.0,7641,0.0,0.0,0.0,False,0.0
0.9561144709587097,5273.0,5266.0,-7.0,7642,0.0,0.0,0.0,False,0.0
0.08618704974651337,1.0,7600.0,7599.0,7643,0.9097617864608765,11.364258766174316,0.9101795554161072,True,0.8733608722686768
0.9611871242523193,2529.0,2510.0,-19.0,7644,0.0,0.0,0.0,False,0.0
0.9578912854194641,6315.0,6313.0,-2.0,7645,0.0,0.0,0.0,False,0.0
0.9627560377120972,1603.0,1580.0,-23.0,7646,0.0,0.0,0.0,False,0.0
0.08919180184602737,1.0,7671.0,7670.0,7647,0.9069067239761353,11.361478805541992,0.9082102179527283,True,0.8733581304550171
0.9561448097229004,742.0,721.0,-21.0,7648,0.0,0.0,0.0,False,0.0
0.9571062326431274,2350.0,6326.0,3976.0,7649,0.0017553453799337149,3.393284559249878,0.0016990407602861524,True,0.0016712109791114926
0.9582330584526062,611.0,595.0,-16.0,7650,0.0,0.0,0.0,False,0.0
0.9560625553131104,5263.0,5257.0,-6.0,7651,0.0,0.0,0.0,False,0.0
0.949741542339325,75.0,4896.0,4821.0,7652,0.008794430643320084,5.390005588531494,0.00853598304092884,True,0.00839473120868206
0.9484549760818481,6.0,3250.0,3244.0,7653,0.011997111141681671,5.783265590667725,0.01164272055029869,True,0.011477801948785782
0.9627511501312256,2978.0,2960.0,-18.0,7654,0.0,0.0,0.0,False,0.0
0.9593689441680908,3105.0,3087.0,-18.0,7655,0.0,0.0,0.0,False,0.0
0.9626216888427734,5442.0,5435.0,-7.0,7656,0.0,0.0,0.0,False,0.0
0.9607956409454346,5792.0,5788.0,-4.0,7657,0.0,0.0,0.0,False,0.0
0.962646484375,1486.0,1460.0,-26.0,7658,0.0,0.0,0.0,False,0.0
0.9603535532951355,3.0,136.0,133.0,7659,0.0023115710355341434,3.828165292739868,0.0024366560392081738,True,0.002213223371654749
0.9560632109642029,6756.0,6753.0,-3.0,7660,0.0,0.0,0.0,False,0.0
0.9623070359230042,5894.0,5888.0,-6.0,7661,0.0,0.0,0.0,False,0.0
0.9561178088188171,4198.0,4183.0,-15.0,7662,0.0,0.0,0.0,False,0.0
0.9601137638092041,4030.0,4021.0,-9.0,7663,0.0,0.0,0.0,False,0.0
0.9579057693481445,1093.0,1068.0,-25.0,7664,0.0,0.0,0.0,False,0.0
0.9625895619392395,4111.0,4092.0,-19.0,7665,0.0,0.0,0.0,False,0.0
0.9563639163970947,3730.0,3711.0,-19.0,7666,0.0,0.0,0.0,False,0.0
0.9580007791519165,1815.0,1787.0,-28.0,7667,0.0,0.0,0.0,False,0.0
0.9608584046363831,28.0,5416.0,5388.0,7668,0.002417429583147168,3.880619525909424,0.0025437187869101763,True,0.002318565733730793
0.9623762369155884,6614.0,6609.0,-5.0,7669,0.0,0.0,0.0,False,0.0
0.9538295865058899,6866.0,6863.0,-3.0,7670,0.0,0.0,0.0,False,0.0
0.9624282121658325,105.0,3927.0,3822.0,7671,0.0012031091609969735,3.040050506591797,0.0012590043479576707,True,0.001154162804596126
0.9587855339050293,5356.0,5344.0,-12.0,7672,0.0,0.0,0.0,False,0.0
0.953486442565918,5980.0,5975.0,-5.0,7673,0.0,0.0,0.0,False,0.0
0.961993932723999,988.0,959.0,-29.0,7674,0.0,0.0,0.0,False,0.0
0.9617365598678589,3574.0,3556.0,-18.0,7675,0.0,0.0,0.0,False,0.0
0.9624700546264648,746.0,714.0,-32.0,7676,0.0,0.0,0.0,False,0.0
0.9566836953163147,16.0,170.0,154.0,7677,0.0005255514406599104,2.015491008758545,0.0004952101153321564,True,0.0004990843590348959
0.11886816471815109,1.0,6680.0,6679.0,7678,0.8761698007583618,11.311420440673828,0.8734679818153381,True,0.8447743654251099
0.9612258672714233,2723.0,2706.0,-17.0,7679,0.0,0.0,0.0,False,0.0
0.960286557674408,2329.0,2305.0,-24.0,7680,0.0,0.0,0.0,False,0.0
0.9608184099197388,6.0,986.0,980.0,7681,0.0022754825185984373,3.769174098968506,0.002321364125236869,True,0.002180595649406314
0.9567491412162781,5392.0,5386.0,-6.0,7682,0.0,0.0,0.0,False,0.0
0.9561154842376709,743.0,730.0,-13.0,7683,0.0,0.0,0.0,False,0.0
0.957253098487854,15.0,1410.0,1395.0,7684,0.003974885679781437,4.437534332275391,0.003996190149337053,True,0.003804572159424424
0.9558558464050293,7638.0,7637.0,-1.0,7685,0.0,0.0,0.0,False,0.0
0.9591584801673889,3825.0,3810.0,-15.0,7686,0.0,0.0,0.0,False,0.0
0.9533184766769409,9.0,1533.0,1524.0,7687,0.004100554157048464,4.471932411193848,0.0041082631796598434,True,0.0038984669372439384
0.9536964297294617,11.0,2505.0,2494.0,7688,0.0042044008150696754,4.494955539703369,0.004184970166534185,True,0.004004273097962141
0.9557896256446838,1744.0,1715.0,-29.0,7689,0.0,0.0,0.0,False,0.0
0.9576756358146667,1050.0,1019.0,-31.0,7690,0.0,0.0,0.0,False,0.0
0.9569644331932068,264.0,229.0,-35.0,7691,0.0,0.0,0.0,False,0.0
0.9442175030708313,2.0,948.0,946.0,7692,0.008279460482299328,5.34386682510376,0.008230009116232395,True,0.007832720875740051
0.9561161994934082,15.0,459.0,444.0,7693,0.0012640483910217881,3.0360262393951416,0.0012546562356874347,True,0.0012011041399091482
0.9592797756195068,2656.0,2639.0,-17.0,7694,0.0,0.0,0.0,False,0.0
0.9612258672714233,6834.0,6833.0,-1.0,7695,0.0,0.0,0.0,False,0.0
0.9443598985671997,6.0,2321.0,2315.0,7696,0.014314469881355762,6.0417656898498535,0.014269249513745308,True,0.013670372776687145
0.9567298889160156,644.0,630.0,-14.0,7697,0.0,0.0,0.0,False,0.0
0.5950937271118164,7.0,7635.0,7628.0,7698,0.3791922330856323,10.243889808654785,0.3801611661911011,True,0.3649844229221344
0.9165176749229431,1.0,4066.0,4065.0,7699,0.040629878640174866,7.371952056884766,0.04045867174863815,True,0.03864459693431854
0.9576346278190613,137.0,102.0,-35.0,7700,0.0,0.0,0.0,False,0.0
0.3388864994049072,3.0,7643.0,7640.0,7701,0.6451230049133301,10.924538612365723,0.6461360454559326,True,0.6187880635261536
0.9416449069976807,4.0,1182.0,1178.0,7702,0.012527993880212307,5.87033224105835,0.012468984350562096,True,0.011889606714248657
0.9627774953842163,5084.0,5075.0,-9.0,7703,0.0,0.0,0.0,False,0.0
0.2785162627696991,1.0,7651.0,7650.0,7704,0.7063518166542053,11.041319847106934,0.7076919078826904,True,0.6743013858795166
0.9543123245239258,381.0,6139.0,5758.0,7705,0.0011832682648673654,2.9584550857543945,0.0011734518921002746,True,0.0011211552191525698
0.9560487866401672,5003.0,4993.0,-10.0,7706,0.0,0.0,0.0,False,0.0
0.9523694515228271,2379.0,2354.0,-25.0,7707,0.0,0.0,0.0,False,0.0
0.9545438885688782,5636.0,5630.0,-6.0,7708,0.0,0.0,0.0,False,0.0
0.9599683284759521,7433.0,7433.0,0.0,7709,0.0,0.0,0.0,False,0.0
0.9624519348144531,7555.0,7554.0,-1.0,7710,0.0,0.0,0.0,False,0.0
0.9593042135238647,3709.0,3695.0,-14.0,7711,0.0,0.0,0.0,False,0.0
0.9570809602737427,4514.0,4497.0,-17.0,7712,0.0,0.0,0.0,False,0.0
0.21244734525680542,3.0,7504.0,7501.0,7713,0.7768943309783936,11.16267204284668,0.777876079082489,True,0.7439888119697571
0.11663314700126648,1.0,7688.0,7687.0,7714,0.878338098526001,11.319206237792969,0.8787827491760254,True,0.8455495834350586
0.9596332311630249,6425.0,6417.0,-8.0,7715,0.0,0.0,0.0,False,0.0
0.10189571976661682,1.0,7689.0,7688.0,7716,0.8930151462554932,11.340679168701172,0.893609881401062,True,0.8558598756790161
0.9556280374526978,689.0,5823.0,5134.0,7717,0.002256823470816016,3.7262909412384033,0.0022408170625567436,True,0.002146196784451604
0.962268590927124,1564.0,1538.0,-26.0,7718,0.0,0.0,0.0,False,0.0
0.9614667892456055,124.0,94.0,-30.0,7719,0.0,0.0,0.0,False,0.0
0.9565366506576538,3404.0,3386.0,-18.0,7720,0.0,0.0,0.0,False,0.0
0.959949254989624,132.0,109.0,-23.0,7721,0.0,0.0,0.0,False,0.0
0.957292377948761,65.0,37.0,-28.0,7722,0.0,0.0,0.0,False,0.0
0.9552650451660156,1380.0,1350.0,-30.0,7723,0.0,0.0,0.0,False,0.0
0.9559895992279053,662.0,637.0,-25.0,7724,0.0,0.0,0.0,False,0.0
0.9592887163162231,3371.0,3346.0,-25.0,7725,0.0,0.0,0.0,False,0.0
0.956092357635498,763.0,732.0,-31.0,7726,0.0,0.0,0.0,False,0.0
0.9602876901626587,415.0,383.0,-32.0,7727,0.0,0.0,0.0,False,0.0
0.953173816204071,5361.0,5354.0,-7.0,7728,0.0,0.0,0.0,False,0.0
0.9614396095275879,1347.0,7451.0,6104.0,7729,0.0015778328524902463,3.300755023956299,0.001571826753206551,True,0.0015135955763980746
0.9564656615257263,7110.0,7109.0,-1.0,7730,0.0,0.0,0.0,False,0.0
0.9611340761184692,3050.0,3027.0,-23.0,7731,0.0,0.0,0.0,False,0.0
0.9596739411354065,4337.0,4319.0,-18.0,7732,0.0,0.0,0.0,False,0.0
0.9611696004867554,7444.0,7443.0,-1.0,7733,0.0,0.0,0.0,False,0.0
0.9577664136886597,6245.0,6237.0,-8.0,7734,0.0,0.0,0.0,False,0.0
0.9601380228996277,2707.0,2678.0,-29.0,7735,0.0,0.0,0.0,False,0.0
0.9548864960670471,4005.0,3993.0,-12.0,7736,0.0,0.0,0.0,False,0.0
0.9558959007263184,1622.0,1590.0,-32.0,7737,0.0,0.0,0.0,False,0.0
0.9553478956222534,673.0,635.0,-38.0,7738,0.0,0.0,0.0,False,0.0
0.11435151100158691,1.0,7682.0,7681.0,7739,0.8804805278778076,11.32241439819336,0.8809826970100403,True,0.8464462161064148
0.9624969959259033,2848.0,2824.0,-24.0,7740,0.0,0.0,0.0,False,0.0
0.07899752259254456,1.0,5744.0,5743.0,7741,0.9174014329910278,11.374898910522461,0.9177565574645996,True,0.8815351724624634
0.961539626121521,5620.0,5608.0,-12.0,7742,0.0,0.0,0.0,False,0.0
0.957421064376831,7465.0,7463.0,-2.0,7743,0.0,0.0,0.0,False,0.0
0.9607700705528259,4180.0,4163.0,-17.0,7744,0.0,0.0,0.0,False,0.0
0.0912717655301094,1.0,7553.0,7552.0,7745,0.9047529697418213,11.357076644897461,0.9051003456115723,True,0.8705007433891296
0.9564229846000671,5.0,2153.0,2148.0,7746,0.0043723685666918755,4.5446085929870605,0.004355160519480705,True,0.00418359600007534
0.9546729922294617,24.0,3345.0,3321.0,7747,0.001921262708492577,3.5357842445373535,0.0019138031639158726,True,0.0018305594567209482
0.9626162052154541,5236.0,5225.0,-11.0,7748,0.0,0.0,0.0,False,0.0
0.9605705142021179,4626.0,4612.0,-14.0,7749,0.0,0.0,0.0,False,0.0
0.9605295062065125,5420.0,5406.0,-14.0,7750,0.0,0.0,0.0,False,0.0
0.947608232498169,6.0,5655.0,5649.0,7751,0.016438882797956467,6.219394683837891,0.01640636846423149,True,0.015806131064891815
0.9622117280960083,4718.0,4705.0,-13.0,7752,0.0,0.0,0.0,False,0.0
0.957038402557373,5753.0,5741.0,-12.0,7753,0.0,0.0,0.0,False,0.0
0.9625818729400635,3892.0,3873.0,-19.0,7754,0.0,0.0,0.0,False,0.0
0.9610316157341003,553.0,517.0,-36.0,7755,0.0,0.0,0.0,False,0.0
0.9532793760299683,168.0,5403.0,5235.0,7756,0.008429593406617641,5.369838237762451,0.008400888182222843,True,0.008076241239905357
0.9567722678184509,7031.0,7029.0,-2.0,7757,0.0,0.0,0.0,False,0.0
0.9562929272651672,42.0,2131.0,2089.0,7758,0.0012588836252689362,3.0320968627929688,0.001250423607416451,True,0.0011972683714702725
0.9582017660140991,7.0,693.0,686.0,7759,0.003082625102251768,4.109865665435791,0.003066553734242916,True,0.002947415690869093
0.9569042325019836,2476.0,2454.0,-22.0,7760,0.0,0.0,0.0,False,0.0
0.1354137510061264,1.0,7649.0,7648.0,7761,0.8581186532974243,11.289457321166992,0.8586474061012268,True,0.8225719928741455
0.9591342210769653,3833.0,3811.0,-22.0,7762,0.0,0.0,0.0,False,0.0
0.9613515138626099,1241.0,1209.0,-32.0,7763,0.0,0.0,0.0,False,0.0
0.956447958946228,3240.0,3222.0,-18.0,7764,0.0,0.0,0.0,False,0.0
0.2611751854419708,2.0,7612.0,7610.0,7765,0.7252515554428101,11.074650764465332,0.7263126373291016,True,0.6931078433990479
0.9627649784088135,1924.0,1897.0,-27.0,7766,0.0,0.0,0.0,False,0.0
0.9566073417663574,1965.0,1941.0,-24.0,7767,0.0,0.0,0.0,False,0.0
0.9549034237861633,1925.0,1896.0,-29.0,7768,0.0,0.0,0.0,False,0.0
0.9593391418457031,1867.0,1834.0,-33.0,7769,0.0,0.0,0.0,False,0.0
0.1566334217786789,1.0,7615.0,7614.0,7770,0.8364352583885193,11.256840705871582,0.837100088596344,True,0.804898202419281
0.08314264565706253,1.0,7682.0,7681.0,7771,0.9131900072097778,11.369011878967285,0.9135568141937256,True,0.8786758184432983
0.9617881774902344,657.0,624.0,-33.0,7772,0.0,0.0,0.0,False,0.0
0.10275784134864807,1.0,7040.0,7039.0,7773,0.8927408456802368,11.340018272399902,0.8931500911712646,True,0.8589444160461426
0.9572775363922119,1449.0,4304.0,2855.0,7774,0.00022237299708649516,1.2737408876419067,0.00022077358153183013,True,0.00021138826559763402
0.958806574344635,814.0,788.0,-26.0,7775,0.0,0.0,0.0,False,0.0
0.9611625075340271,1694.0,1665.0,-29.0,7776,0.0,0.0,0.0,False,0.0
0.9579533934593201,982.0,954.0,-28.0,7777,0.0,0.0,0.0,False,0.0
0.9582114219665527,1075.0,1045.0,-30.0,7778,0.0,0.0,0.0,False,0.0
0.9614286422729492,2630.0,2604.0,-26.0,7779,0.0,0.0,0.0,False,0.0
0.957329511642456,5.0,2945.0,2940.0,7780,0.004282443318516016,4.518845558166504,0.004266032949090004,True,0.004101496655493975
0.954940915107727,3.0,304.0,301.0,7781,0.0015480677830055356,3.2754101753234863,0.0015385521110147238,True,0.001471490366384387
0.9581074118614197,3224.0,3203.0,-21.0,7782,0.0,0.0,0.0,False,0.0
0.9598042964935303,672.0,645.0,-27.0,7783,0.0,0.0,0.0,False,0.0
0.9611084461212158,2330.0,2314.0,-16.0,7784,0.0,0.0,0.0,False,0.0
0.9571832418441772,2968.0,2954.0,-14.0,7785,0.0,0.0,0.0,False,0.0
0.9571841359138489,561.0,537.0,-24.0,7786,0.0,0.0,0.0,False,0.0
0.9627714157104492,883.0,851.0,-32.0,7787,0.0,0.0,0.0,False,0.0
0.9556877017021179,1487.0,1455.0,-32.0,7788,0.0,0.0,0.0,False,0.0
0.9613598585128784,2383.0,2357.0,-26.0,7789,0.0,0.0,0.0,False,0.0
0.9497637748718262,2.0,1014.0,1012.0,7790,0.008971444331109524,5.446780681610107,0.008927902206778526,True,0.008555782958865166
0.9549183249473572,33.0,2318.0,2285.0,7791,0.0027235569432377815,3.9577436447143555,0.002709298161789775,True,0.0025941869243979454
0.9554828405380249,4384.0,4373.0,-11.0,7792,0.0,0.0,0.0,False,0.0
0.9573453664779663,2982.0,2964.0,-18.0,7793,0.0,0.0,0.0,False,0.0
0.9557253122329712,1164.0,1138.0,-26.0,7794,0.0,0.0,0.0,False,0.0
0.9564951658248901,7102.0,7098.0,-4.0,7795,0.0,0.0,0.0,False,0.0
0.955801248550415,1741.0,1707.0,-34.0,7796,0.0,0.0,0.0,False,0.0
0.9555648565292358,4195.0,4180.0,-15.0,7797,0.0,0.0,0.0,False,0.0
0.963029146194458,3879.0,3865.0,-14.0,7798,0.0,0.0,0.0,False,0.0
0.9624893665313721,2491.0,2465.0,-26.0,7799,0.0,0.0,0.0,False,0.0
0.9579522013664246,3198.0,3178.0,-20.0,7800,0.0,0.0,0.0,False,0.0
0.9586553573608398,5350.0,5338.0,-12.0,7801,0.0,0.0,0.0,False,0.0
0.9573225975036621,1568.0,1543.0,-25.0,7802,0.0,0.0,0.0,False,0.0
0.9556592702865601,6659.0,6655.0,-4.0,7803,0.0,0.0,0.0,False,0.0
0.9561485648155212,10.0,2462.0,2452.0,7804,0.006226645782589912,4.987862586975098,0.006205093115568161,True,0.005970035679638386
0.9615926742553711,5867.0,5858.0,-9.0,7805,0.0,0.0,0.0,False,0.0
0.9604074954986572,947.0,931.0,-16.0,7806,0.0,0.0,0.0,False,0.0
0.9555318355560303,2870.0,2847.0,-23.0,7807,0.0,0.0,0.0,False,0.0
0.9624859690666199,1995.0,1969.0,-26.0,7808,0.0,0.0,0.0,False,0.0
0.125612273812294,1.0,7644.0,7643.0,7809,0.8681465983390808,11.304422378540039,0.8687180876731873,True,0.8312012553215027
0.9591343402862549,1854.0,6936.0,5082.0,7810,0.0017116302624344826,3.3937857151031494,0.0016997549682855606,True,0.0016330693615600467
0.964140772819519,2406.0,2383.0,-23.0,7811,0.0,0.0,0.0,False,0.0
0.9593868255615234,446.0,415.0,-31.0,7812,0.0,0.0,0.0,False,0.0
0.9549617171287537,5.0,2112.0,2107.0,7813,0.004657074809074402,4.622791290283203,0.004636845085769892,True,0.0044486369006335735
0.9525332450866699,3285.0,3265.0,-20.0,7814,0.0,0.0,0.0,False,0.0
0.9591470956802368,3069.0,3048.0,-21.0,7815,0.0,0.0,0.0,False,0.0
0.9599950909614563,1845.0,1818.0,-27.0,7816,0.0,0.0,0.0,False,0.0
0.9622055888175964,1681.0,1650.0,-31.0,7817,0.0,0.0,0.0,False,0.0
0.9566707015037537,5376.0,5367.0,-9.0,7818,0.0,0.0,0.0,False,0.0
0.9536927938461304,21.0,366.0,345.0,7819,0.0007358722505159676,2.421265125274658,0.000727686972822994,True,0.0006944952183403075
0.9563353061676025,3490.0,3475.0,-15.0,7820,0.0,0.0,0.0,False,0.0
0.9588080644607544,6192.0,6184.0,-8.0,7821,0.0,0.0,0.0,False,0.0
0.9526028037071228,271.0,7165.0,6894.0,7822,0.004523139912635088,4.589578628540039,0.004515083506703377,True,0.004320588894188404
0.9276795387268066,1.0,180.0,179.0,7823,0.034747958183288574,7.174520492553711,0.03467202186584473,True,0.03331978619098663
0.5886893272399902,12.0,7680.0,7668.0,7824,0.3862469494342804,10.267016410827637,0.38707515597343445,True,0.37176990509033203
0.9540244340896606,13.0,1197.0,1184.0,7825,0.005827397108078003,4.903277397155762,0.005801078397780657,True,0.005566662643104792
0.29317694902420044,6.0,7649.0,7643.0,7826,0.6937447786331177,11.017303466796875,0.694571316242218,True,0.666709840297699
0.9555547833442688,12.0,1919.0,1907.0,7827,0.006591347977519035,5.058001518249512,0.0065609002485871315,True,0.006310703698545694
0.9565354585647583,7221.0,7220.0,-1.0,7828,0.0,0.0,0.0,False,0.0
0.9466425180435181,3.0,588.0,585.0,7829,0.015837736427783966,6.170718669891357,0.015791013836860657,True,0.015188283286988735
0.9627574682235718,6789.0,6783.0,-6.0,7830,0.0,0.0,0.0,False,0.0
0.9616625905036926,1359.0,1327.0,-32.0,7831,0.0,0.0,0.0,False,0.0
0.9551006555557251,34.0,6240.0,6206.0,7832,0.007043434306979179,5.141980171203613,0.007013294380158186,True,0.00674571143463254
0.9606020450592041,2124.0,2099.0,-25.0,7833,0.0,0.0,0.0,False,0.0
0.9590737819671631,749.0,714.0,-35.0,7834,0.0,0.0,0.0,False,0.0
0.9584288001060486,5937.0,5929.0,-8.0,7835,0.0,0.0,0.0,False,0.0
0.95143061876297,68.0,3419.0,3351.0,7836,0.0012004314921796322,2.9748616218566895,0.001190219889394939,True,0.0011337610194459558
0.9628672003746033,56.0,21.0,-35.0,7837,0.0,0.0,0.0,False,0.0
0.9585758447647095,4025.0,4006.0,-19.0,7838,0.0,0.0,0.0,False,0.0
0.9629470705986023,2197.0,2172.0,-25.0,7839,0.0,0.0,0.0,False,0.0
0.9579250812530518,42.0,1120.0,1078.0,7840,0.0014871412422508001,3.225583791732788,0.001475020544603467,True,0.0014150463975965977
0.9622932076454163,7343.0,7339.0,-4.0,7841,0.0,0.0,0.0,False,0.0
0.956129789352417,5995.0,5985.0,-10.0,7842,0.0,0.0,0.0,False,0.0
0.9558494091033936,3196.0,3174.0,-22.0,7843,0.0,0.0,0.0,False,0.0
0.9533944725990295,4212.0,4196.0,-16.0,7844,0.0,0.0,0.0,False,0.0
0.9533899426460266,1968.0,1939.0,-29.0,7845,0.0,0.0,0.0,False,0.0
0.9581269025802612,11.0,1372.0,1361.0,7846,0.0036621580366045237,4.323713779449463,0.0036460510455071926,True,0.0035061633680015802
0.9531933069229126,52.0,4313.0,4261.0,7847,0.005757366307079792,4.887594699859619,0.005729053169488907,True,0.005492362193763256
0.9615758061408997,5495.0,5482.0,-13.0,7848,0.0,0.0,0.0,False,0.0
0.963797926902771,3008.0,2989.0,-19.0,7849,0.0,0.0,0.0,False,0.0
0.9569731950759888,16.0,546.0,530.0,7850,0.0016921608475968242,3.3798635005950928,0.0016800154699012637,True,0.0016104353126138449
0.9572832584381104,2410.0,2389.0,-21.0,7851,0.0,0.0,0.0,False,0.0
0.9604112505912781,2562.0,2538.0,-24.0,7852,0.0,0.0,0.0,False,0.0
0.9593958854675293,1046.0,1017.0,-29.0,7853,0.0,0.0,0.0,False,0.0
0.9564418792724609,13.0,1744.0,1731.0,7854,0.004360673949122429,4.540103435516357,0.004339443985372782,True,0.004168515093624592
0.955786406993866,4258.0,4244.0,-14.0,7855,0.0,0.0,0.0,False,0.0
0.9576177597045898,3349.0,3329.0,-20.0,7856,0.0,0.0,0.0,False,0.0
0.9493300914764404,66.0,4284.0,4218.0,7857,0.01168406754732132,5.781497478485107,0.011626514606177807,True,0.011167235672473907
0.9604161381721497,332.0,298.0,-34.0,7858,0.0,0.0,0.0,False,0.0
0.9573696851730347,16.0,2022.0,2006.0,7859,0.004831198137253523,4.670449733734131,0.004817164037376642,True,0.004634130280464888
0.9501084685325623,8.0,2938.0,2930.0,7860,0.00789942592382431,5.286553382873535,0.007864931598305702,True,0.007531775161623955
0.9512529373168945,13.0,3607.0,3594.0,7861,0.008006487041711807,5.303527355194092,0.00797136127948761,True,0.007643712218850851
0.9554115533828735,4760.0,4744.0,-16.0,7862,0.0,0.0,0.0,False,0.0
0.9619091749191284,439.0,407.0,-32.0,7863,0.0,0.0,0.0,False,0.0
0.9559276103973389,18.0,2859.0,2841.0,7864,0.003647505771368742,4.3174262046813965,0.0036275992169976234,True,0.00348034780472517
0.9609492421150208,351.0,319.0,-32.0,7865,0.0,0.0,0.0,False,0.0
0.31585609912872314,4.0,7663.0,7659.0,7866,0.6696456074714661,10.972871780395508,0.6709356307983398,True,0.6440050601959229
0.9498661160469055,6.0,3186.0,3180.0,7867,0.01371779665350914,5.986384868621826,0.013661191798746586,True,0.013156028464436531
0.9570513963699341,4767.0,4760.0,-7.0,7868,0.0,0.0,0.0,False,0.0
0.9538572430610657,5385.0,5375.0,-10.0,7869,0.0,0.0,0.0,False,0.0
0.9564198851585388,392.0,361.0,-31.0,7870,0.0,0.0,0.0,False,0.0
0.9592570066452026,22.0,2338.0,2316.0,7871,0.0029258406721055508,4.046487808227539,0.002912551164627075,True,0.00280204601585865
0.9578586220741272,3079.0,3063.0,-16.0,7872,0.0,0.0,0.0,False,0.0
0.9585583209991455,5003.0,4990.0,-13.0,7873,0.0,0.0,0.0,False,0.0
0.9531875252723694,16.0,1405.0,1389.0,7874,0.00584188848733902,4.90385103225708,0.0058037294074893,True,0.005564336199313402
0.9588018655776978,2587.0,2567.0,-20.0,7875,0.0,0.0,0.0,False,0.0
0.9151589870452881,3.0,3893.0,3890.0,7876,0.04245423898100853,7.428280353546143,0.04227953404188156,True,0.040400613099336624
0.9615374803543091,669.0,637.0,-32.0,7877,0.0,0.0,0.0,False,0.0
0.9578735828399658,6793.0,6789.0,-4.0,7878,0.0,0.0,0.0,False,0.0
0.9556573033332825,31.0,5782.0,5751.0,7879,0.006994506344199181,5.134193420410156,0.006970094051212072,True,0.00670777540653944
0.9577100872993469,4364.0,4355.0,-9.0,7880,0.0,0.0,0.0,False,0.0
0.9495874643325806,6231.0,6225.0,-6.0,7881,0.0,0.0,0.0,False,0.0
0.9210953116416931,1.0,181.0,180.0,7882,0.03447682037949562,7.164389133453369,0.034398410469293594,True,0.032812926918268204
0.9340240955352783,15.0,5188.0,5173.0,7883,0.019208647310733795,6.417203426361084,0.019161604344844818,True,0.01824704185128212
0.3534567952156067,3.0,7311.0,7308.0,7884,0.6308093667030334,10.896241188049316,0.6320445537567139,True,0.6071397662162781
0.8861031532287598,4.0,4985.0,4981.0,7885,0.0755271166563034,8.168974876403809,0.07539232075214386,True,0.07225268334150314
0.9106042385101318,1.0,283.0,282.0,7886,0.053219255059957504,7.71914529800415,0.05306573212146759,True,0.05102981999516487
0.9576529860496521,717.0,685.0,-32.0,7887,0.0,0.0,0.0,False,0.0
0.9595190286636353,3823.0,3801.0,-22.0,7888,0.0,0.0,0.0,False,0.0
0.9543747901916504,3320.0,3302.0,-18.0,7889,0.0,0.0,0.0,False,0.0
0.954467236995697,1118.0,1087.0,-31.0,7890,0.0,0.0,0.0,False,0.0
0.961233377456665,1071.0,1048.0,-23.0,7891,0.0,0.0,0.0,False,0.0
0.9502405524253845,612.0,580.0,-32.0,7892,0.0,0.0,0.0,False,0.0
0.9575420618057251,2555.0,2529.0,-26.0,7893,0.0,0.0,0.0,False,0.0
0.9490474462509155,735.0,6740.0,6005.0,7894,0.004890291020274162,4.684391975402832,0.004871194250881672,True,0.0046456241980195045
0.9599930047988892,43.0,15.0,-28.0,7895,0.0,0.0,0.0,False,0.0
0.9586458206176758,3928.0,3913.0,-15.0,7896,0.0,0.0,0.0,False,0.0
0.9516515731811523,1616.0,1593.0,-23.0,7897,0.0,0.0,0.0,False,0.0
0.9597749710083008,1509.0,1487.0,-22.0,7898,0.0,0.0,0.0,False,0.0
0.9592515230178833,11.0,791.0,780.0,7899,0.004620082210749388,4.61525297164917,0.0046089328825473785,True,0.004441597033292055
0.9622399806976318,58.0,27.0,-31.0,7900,0.0,0.0,0.0,False,0.0
0.9605057835578918,7333.0,7332.0,-1.0,7901,0.0,0.0,0.0,False,0.0
0.962250292301178,674.0,645.0,-29.0,7902,0.0,0.0,0.0,False,0.0
0.9438777565956116,9.0,3420.0,3411.0,7903,0.017054522410035133,6.266241073608398,0.017021041363477707,True,0.0163439754396677
0.9528985619544983,2060.0,2034.0,-26.0,7904,0.0,0.0,0.0,False,0.0
0.9585397839546204,821.0,791.0,-30.0,7905,0.0,0.0,0.0,False,0.0
0.9585403203964233,7478.0,7477.0,-1.0,7906,0.0,0.0,0.0,False,0.0
0.9596390724182129,2672.0,2646.0,-26.0,7907,0.0,0.0,0.0,False,0.0
0.9440262317657471,81.0,3791.0,3710.0,7908,0.015733499079942703,6.162936687469482,0.015694785863161087,True,0.015052536502480507
0.9564794301986694,1946.0,1919.0,-27.0,7909,0.0,0.0,0.0,False,0.0
0.9564419388771057,2523.0,2499.0,-24.0,7910,0.0,0.0,0.0,False,0.0
0.9278531074523926,5.0,2893.0,2888.0,7911,0.028031013906002045,6.89788293838501,0.027924660593271255,True,0.02665429376065731
0.9504458904266357,6628.0,6625.0,-3.0,7912,0.0,0.0,0.0,False,0.0
0.952924907207489,6.0,160.0,154.0,7913,0.003928717691451311,4.406816482543945,0.0038986154831945896,True,0.0037296281661838293
0.9545907378196716,10.0,3059.0,3049.0,7914,0.006693476345390081,5.075717449188232,0.006653890013694763,True,0.006394288968294859
0.9616369605064392,6257.0,6252.0,-5.0,7915,0.0,0.0,0.0,False,0.0
0.9340738654136658,1.0,51.0,50.0,7916,0.01860310509800911,6.373251438140869,0.018512200564146042,True,0.017617911100387573
0.9534740447998047,245.0,6200.0,5955.0,7917,0.0014251525280997157,3.1762731075286865,0.0014145281165838242,True,0.0013506263494491577
0.9540804028511047,4225.0,4213.0,-12.0,7918,0.0,0.0,0.0,False,0.0
0.960324764251709,354.0,317.0,-37.0,7919,0.0,0.0,0.0,False,0.0
0.9528615474700928,5422.0,5413.0,-9.0,7920,0.0,0.0,0.0,False,0.0
0.9546822905540466,50.0,15.0,-35.0,7921,0.0,0.0,0.0,False,0.0
0.9601832628250122,3936.0,3917.0,-19.0,7922,0.0,0.0,0.0,False,0.0
0.9548968076705933,6490.0,6485.0,-5.0,7923,0.0,0.0,0.0,False,0.0
0.9541853666305542,3474.0,3455.0,-19.0,7924,0.0,0.0,0.0,False,0.0
0.9590635299682617,6769.0,6766.0,-3.0,7925,0.0,0.0,0.0,False,0.0
0.9540125131607056,6091.0,6086.0,-5.0,7926,0.0,0.0,0.0,False,0.0
0.9607847332954407,2099.0,2074.0,-25.0,7927,0.0,0.0,0.0,False,0.0
0.9615170955657959,7519.0,7518.0,-1.0,7928,0.0,0.0,0.0,False,0.0
0.9546095728874207,1512.0,1481.0,-31.0,7929,0.0,0.0,0.0,False,0.0
0.9523135423660278,6462.0,6459.0,-3.0,7930,0.0,0.0,0.0,False,0.0
0.9464589357376099,5.0,964.0,959.0,7931,0.01079592015594244,5.683180332183838,0.0107596255838871,True,0.01029430702328682
0.9553223848342896,41.0,10.0,-31.0,7932,0.0,0.0,0.0,False,0.0
0.9335450530052185,1.0,41.0,40.0,7933,0.02801859937608242,6.8994646072387695,0.027959249913692474,True,0.02685198001563549
0.9561519026756287,2515.0,2486.0,-29.0,7934,0.0,0.0,0.0,False,0.0
0.9530011415481567,7668.0,7668.0,0.0,7935,0.0,0.0,0.0,False,0.0
0.9473869800567627,11.0,2233.0,2222.0,7936,0.013954093679785728,6.00911808013916,0.013907618820667267,True,0.013361725956201553
0.9568296074867249,3.0,1.0,-2.0,7937,0.0031928583048284054,4.151533603668213,0.0031720243860036135,True,0.0030447449535131454
0.9436284303665161,1.0,30.0,29.0,7938,0.010852254927158356,5.686781883239746,0.010790226049721241,True,0.010293028317391872
0.9584280252456665,4606.0,4592.0,-14.0,7939,0.0,0.0,0.0,False,0.0
0.9606447219848633,869.0,839.0,-30.0,7940,0.0,0.0,0.0,False,0.0
0.9547135829925537,964.0,927.0,-37.0,7941,0.0,0.0,0.0,False,0.0
0.9517114162445068,3658.0,3640.0,-18.0,7942,0.0,0.0,0.0,False,0.0
0.9597640633583069,3643.0,3617.0,-26.0,7943,0.0,0.0,0.0,False,0.0
0.960303783416748,3325.0,3303.0,-22.0,7944,0.0,0.0,0.0,False,0.0
0.9514994025230408,14.0,1805.0,1791.0,7945,0.004331271629780531,4.532092571258545,0.0043116370216012,True,0.004120285157114267
0.9582043886184692,406.0,369.0,-37.0,7946,0.0,0.0,0.0,False,0.0
0.9553928375244141,4553.0,4542.0,-11.0,7947,0.0,0.0,0.0,False,0.0
0.9582473039627075,3695.0,3679.0,-16.0,7948,0.0,0.0,0.0,False,0.0
0.34759554266929626,3.0,7679.0,7676.0,7949,0.6351404190063477,10.904962539672852,0.6363546252250671,True,0.6082685589790344
0.9399205446243286,116.0,6352.0,6236.0,7950,0.018642954528331757,6.380471229553223,0.018617363646626472,True,0.017830803990364075
0.9632053375244141,3429.0,3406.0,-23.0,7951,0.0,0.0,0.0,False,0.0
0.9541301131248474,2229.0,2202.0,-27.0,7952,0.0,0.0,0.0,False,0.0
0.3268628716468811,2.0,7669.0,7667.0,7953,0.65910804271698,10.951637268066406,0.6599248647689819,True,0.634286105632782
0.9608437418937683,159.0,119.0,-40.0,7954,0.0,0.0,0.0,False,0.0
0.9558279514312744,6209.0,6204.0,-5.0,7955,0.0,0.0,0.0,False,0.0
0.9483664035797119,11.0,1079.0,1068.0,7956,0.0046346550807356834,4.616232872009277,0.004612551536411047,True,0.00439465930685401
0.32560476660728455,2.0,5624.0,5622.0,7957,0.6592663526535034,10.951981544494629,0.6601019501686096,True,0.6323434114456177
0.9574236273765564,2795.0,2773.0,-22.0,7958,0.0,0.0,0.0,False,0.0
0.9450997114181519,3.0,877.0,874.0,7959,0.011760929599404335,5.7910895347595215,0.011714695952832699,True,0.011202793568372726
0.9567520618438721,1624.0,5473.0,3849.0,7960,0.002164519391953945,3.679069995880127,0.0021551810204982758,True,0.0020664273761212826
0.9521526098251343,17.0,3610.0,3593.0,7961,0.003102318849414587,4.117236137390137,0.0030849610920995474,True,0.0029464433901011944
0.9596573710441589,5962.0,5954.0,-8.0,7962,0.0,0.0,0.0,False,0.0
0.961977481842041,2085.0,2062.0,-23.0,7963,0.0,0.0,0.0,False,0.0
0.9602798223495483,5652.0,5642.0,-10.0,7964,0.0,0.0,0.0,False,0.0
0.2959200441837311,1.0,7648.0,7647.0,7965,0.6905542612075806,11.011077880859375,0.6912102699279785,True,0.6624022126197815
0.9553791880607605,5863.0,5857.0,-6.0,7966,0.0,0.0,0.0,False,0.0
0.9593732953071594,3960.0,3948.0,-12.0,7967,0.0,0.0,0.0,False,0.0
0.870362401008606,2.0,5314.0,5312.0,7968,0.09194643795490265,8.423436164855957,0.09195130318403244,True,0.08813509345054626
0.9562768936157227,4147.0,4131.0,-16.0,7969,0.0,0.0,0.0,False,0.0
0.9575386047363281,518.0,6356.0,5838.0,7970,0.001143814530223608,2.9220190048217773,0.0011369702406227589,True,0.0010899321641772985
0.18874797224998474,1.0,7653.0,7652.0,7971,0.8033618927001953,11.204991340637207,0.8039541840553284,True,0.77402663230896
0.9602653384208679,6034.0,6028.0,-6.0,7972,0.0,0.0,0.0,False,0.0
0.9616357088088989,4675.0,4665.0,-10.0,7973,0.0,0.0,0.0,False,0.0
0.9519152641296387,1032.0,1004.0,-28.0,7974,0.0,0.0,0.0,False,0.0
0.9607389569282532,1316.0,1286.0,-30.0,7975,0.0,0.0,0.0,False,0.0
0.9396530389785767,2.0,1744.0,1742.0,7976,0.015610415488481522,6.152220249176025,0.01556321419775486,True,0.014855215325951576
0.9590678215026855,6575.0,7635.0,1060.0,7977,0.0017024202970787883,3.3918747901916504,0.0016970329452306032,True,0.0016303363954648376
0.9543755650520325,4643.0,4634.0,-9.0,7978,0.0,0.0,0.0,False,0.0
0.9632654786109924,3843.0,3828.0,-15.0,7979,0.0,0.0,0.0,False,0.0
0.9528070688247681,1361.0,1338.0,-23.0,7980,0.0,0.0,0.0,False,0.0
0.9596555829048157,3706.0,3693.0,-13.0,7981,0.0,0.0,0.0,False,0.0
0.9580140113830566,4067.0,4053.0,-14.0,7982,0.0,0.0,0.0,False,0.0
0.957768976688385,368.0,339.0,-29.0,7983,0.0,0.0,0.0,False,0.0
0.17290107905864716,1.0,7604.0,7603.0,7984,0.8190225958824158,11.229887008666992,0.819702684879303,True,0.7860762476921082
0.9600222706794739,2448.0,2428.0,-20.0,7985,0.0,0.0,0.0,False,0.0
0.9593595266342163,6424.0,6420.0,-4.0,7986,0.0,0.0,0.0,False,0.0
0.9599997997283936,255.0,232.0,-23.0,7987,0.0,0.0,0.0,False,0.0
0.9577785730361938,6175.0,6169.0,-6.0,7988,0.0,0.0,0.0,False,0.0
0.9561431407928467,992.0,963.0,-29.0,7989,0.0,0.0,0.0,False,0.0
0.9533128142356873,7121.0,7117.0,-4.0,7990,0.0,0.0,0.0,False,0.0
0.951178789138794,13.0,3442.0,3429.0,7991,0.008925015106797218,5.442142009735107,0.008895227685570717,True,0.008536889217793941
0.9593334197998047,6661.0,6656.0,-5.0,7992,0.0,0.0,0.0,False,0.0
0.9586106538772583,1898.0,1878.0,-20.0,7993,0.0,0.0,0.0,False,0.0
0.9559015035629272,120.0,4408.0,4288.0,7994,0.00118263007607311,2.9599173069000244,0.001174937468022108,True,0.001124445698224008
0.949590265750885,2.0,1077.0,1075.0,7995,0.01018013246357441,5.609222888946533,0.01014991756528616,True,0.00973709486424923
0.9608958959579468,6561.0,6559.0,-2.0,7996,0.0,0.0,0.0,False,0.0
0.9496768712997437,130.0,7123.0,6993.0,7997,0.004110010340809822,4.465421676635742,0.004086819011718035,True,0.003897084156051278
0.9615999460220337,4530.0,4521.0,-9.0,7998,0.0,0.0,0.0,False,0.0
0.14914846420288086,1.0,7633.0,7632.0,7999,0.8433844447135925,11.267361640930176,0.8439905643463135,True,0.80687415599823
0.9617460370063782,5961.0,5954.0,-7.0,8000,0.0,0.0,0.0,False,0.0
0.9577386379241943,518.0,497.0,-21.0,8001,0.0,0.0,0.0,False,0.0
0.9595944881439209,6446.0,6442.0,-4.0,8002,0.0,0.0,0.0,False,0.0
0.9594365358352661,5757.0,5749.0,-8.0,8003,0.0,0.0,0.0,False,0.0
0.9594111442565918,1453.0,1423.0,-30.0,8004,0.0,0.0,0.0,False,0.0
0.07283495366573334,1.0,7442.0,7441.0,8005,0.9236074090003967,11.38361930847168,0.9240145683288574,True,0.885702908039093
0.08991681784391403,1.0,7685.0,7684.0,8006,0.9060372114181519,11.359013557434082,0.9064674973487854,True,0.8714259266853333
0.9380735754966736,2.0,2344.0,2342.0,8007,0.020459866151213646,6.495563507080078,0.020376015454530716,True,0.01951177418231964
0.9585334062576294,3397.0,3380.0,-17.0,8008,0.0,0.0,0.0,False,0.0
0.9543398022651672,201.0,4466.0,4265.0,8009,0.0030962040182203054,4.115580081939697,0.0030808160081505775,True,0.002949231304228306
0.9585416913032532,3888.0,3870.0,-18.0,8010,0.0,0.0,0.0,False,0.0
0.9623658061027527,3751.0,3736.0,-15.0,8011,0.0,0.0,0.0,False,0.0
0.9561887383460999,4467.0,4455.0,-12.0,8012,0.0,0.0,0.0,False,0.0
0.9556573033332825,358.0,326.0,-32.0,8013,0.0,0.0,0.0,False,0.0
0.9578837156295776,44.0,5872.0,5828.0,8014,0.003831390291452408,4.380306243896484,0.0038162623532116413,True,0.0036695394665002823
0.9618149995803833,5527.0,5518.0,-9.0,8015,0.0,0.0,0.0,False,0.0
0.9588409662246704,253.0,2133.0,1880.0,8016,0.0016844405326992273,3.3752620220184326,0.001673538121394813,True,0.0016073469305410981
0.9577924609184265,4187.0,4168.0,-19.0,8017,0.0,0.0,0.0,False,0.0
0.13170009851455688,1.0,7630.0,7629.0,8018,0.8609321117401123,11.294100761413574,0.8617593050003052,True,0.820986807346344
0.9616674184799194,5468.0,5461.0,-7.0,8019,0.0,0.0,0.0,False,0.0
0.9540746212005615,6783.0,6778.0,-5.0,8020,0.0,0.0,0.0,False,0.0
0.9567558765411377,6123.0,6115.0,-8.0,8021,0.0,0.0,0.0,False,0.0
0.9545159339904785,118.0,85.0,-33.0,8022,0.0,0.0,0.0,False,0.0
0.9541033506393433,3.0,309.0,306.0,8023,0.0034211142919957638,4.238271713256836,0.003402876900509,True,0.0032577819656580687
0.9560643434524536,852.0,821.0,-31.0,8024,0.0,0.0,0.0,False,0.0
0.9573981761932373,5524.0,5514.0,-10.0,8025,0.0,0.0,0.0,False,0.0
0.9603203535079956,1204.0,1177.0,-27.0,8026,0.0,0.0,0.0,False,0.0
0.9575265645980835,1002.0,973.0,-29.0,8027,0.0,0.0,0.0,False,0.0
0.9557589888572693,4842.0,4828.0,-14.0,8028,0.0,0.0,0.0,False,0.0
0.9571722149848938,2277.0,2255.0,-22.0,8029,0.0,0.0,0.0,False,0.0
0.9560642242431641,3765.0,3751.0,-14.0,8030,0.0,0.0,0.0,False,0.0
0.9607391953468323,4159.0,4146.0,-13.0,8031,0.0,0.0,0.0,False,0.0
0.9626647233963013,343.0,312.0,-31.0,8032,0.0,0.0,0.0,False,0.0
0.955798864364624,1225.0,1192.0,-33.0,8033,0.0,0.0,0.0,False,0.0
0.03782188147306442,1.0,7657.0,7656.0,8034,0.9601840972900391,11.433295249938965,0.9604805707931519,True,0.9192242622375488
0.9572114944458008,40.0,21.0,-19.0,8035,0.0,0.0,0.0,False,0.0
0.9620686173439026,1837.0,1809.0,-28.0,8036,0.0,0.0,0.0,False,0.0
0.9575413465499878,5124.0,5113.0,-11.0,8037,0.0,0.0,0.0,False,0.0
0.9625710248947144,5861.0,5855.0,-6.0,8038,0.0,0.0,0.0,False,0.0
0.9580119848251343,5.0,661.0,656.0,8039,0.002767080208286643,3.9760806560516357,0.0027501515578478575,True,0.0026419442147016525
0.9539644718170166,11.0,1871.0,1860.0,8040,0.004109624307602644,4.465336322784424,0.004086539149284363,True,0.003914409317076206
0.9619624614715576,394.0,357.0,-37.0,8041,0.0,0.0,0.0,False,0.0
0.9603977799415588,4018.0,4005.0,-13.0,8042,0.0,0.0,0.0,False,0.0
0.9570220112800598,199.0,166.0,-33.0,8043,0.0,0.0,0.0,False,0.0
0.9551053047180176,5.0,67.0,62.0,8044,0.0028642755933105946,4.015074253082275,0.00283899181522429,True,0.0027192560955882072
0.9609982967376709,5666.0,5660.0,-6.0,8045,0.0,0.0,0.0,False,0.0
0.1239653006196022,1.0,6434.0,6433.0,8046,0.8706878423690796,11.308064460754395,0.8711866140365601,True,0.8383982181549072
0.956116795539856,244.0,219.0,-25.0,8047,0.0,0.0,0.0,False,0.0
0.9582383036613464,4431.0,4420.0,-11.0,8048,0.0,0.0,0.0,False,0.0
0.9552745223045349,7.0,949.0,942.0,8049,0.0029913741163909435,4.073555946350098,0.0029773942660540342,True,0.0028527225367724895
0.9556882381439209,6321.0,6313.0,-8.0,8050,0.0,0.0,0.0,False,0.0
0.9558431506156921,641.0,606.0,-35.0,8051,0.0,0.0,0.0,False,0.0
0.9579916000366211,1286.0,1257.0,-29.0,8052,0.0,0.0,0.0,False,0.0
0.13716378808021545,1.0,7643.0,7642.0,8053,0.8558863997459412,11.286452293395996,0.8566387295722961,True,0.8196061253547668
0.9586310386657715,277.0,2615.0,2338.0,8054,0.0004587876610457897,1.9310067892074585,0.00045538065023720264,True,0.0004367409273982048
0.07938013225793839,1.0,6986.0,6985.0,8055,0.9169843792915344,11.374346733093262,0.9173623919487,True,0.8812008500099182
0.07867003977298737,1.0,7668.0,7667.0,8056,0.9179566502571106,11.375677108764648,0.9183140993118286,True,0.8844093084335327
0.9583721160888672,6226.0,6219.0,-7.0,8057,0.0,0.0,0.0,False,0.0
0.9611423015594482,583.0,549.0,-34.0,8058,0.0,0.0,0.0,False,0.0
0.9580957889556885,3523.0,6051.0,2528.0,8059,0.0006689354777336121,2.3204281330108643,0.000662882172036916,True,0.0006355259101837873
0.9567021131515503,236.0,5188.0,4952.0,8060,0.001925910823047161,3.5348081588745117,0.001912249717861414,True,0.0018329584272578359
0.9578824043273926,2127.0,2105.0,-22.0,8061,0.0,0.0,0.0,False,0.0
0.9613393545150757,503.0,479.0,-24.0,8062,0.0,0.0,0.0,False,0.0
0.9562574625015259,14.0,2582.0,2568.0,8063,0.0038278112187981606,4.375275611877441,0.003800826147198677,True,0.0036484356969594955
0.9616769552230835,4969.0,4956.0,-13.0,8064,0.0,0.0,0.0,False,0.0
0.09965501725673676,1.0,7194.0,7193.0,8065,0.895429253578186,11.344161987304688,0.8960381746292114,True,0.8589185476303101
0.9584046006202698,1981.0,1958.0,-23.0,8066,0.0,0.0,0.0,False,0.0
0.9557851552963257,4104.0,4091.0,-13.0,8067,0.0,0.0,0.0,False,0.0
0.9593910574913025,145.0,2643.0,2498.0,8068,0.0005299841868691146,2.0761027336120605,0.0005254439893178642,True,0.0005043713026680052
0.9573886394500732,503.0,473.0,-30.0,8069,0.0,0.0,0.0,False,0.0
0.9566468596458435,2560.0,2540.0,-20.0,8070,0.0,0.0,0.0,False,0.0
0.9553730487823486,3183.0,3163.0,-20.0,8071,0.0,0.0,0.0,False,0.0
0.9585589170455933,35.0,6654.0,6619.0,8072,0.0031652741599828005,4.144196033477783,0.0031532032880932093,True,0.0030320920050144196
0.9621001482009888,2211.0,2190.0,-21.0,8073,0.0,0.0,0.0,False,0.0
0.9575387835502625,16.0,1329.0,1313.0,8074,0.0014083872083574533,3.163410186767578,0.001399126835167408,True,0.0013415951980277896
0.9632042646408081,5850.0,5843.0,-7.0,8075,0.0,0.0,0.0,False,0.0
0.9536826014518738,17.0,3179.0,3162.0,8076,0.006823953706771135,5.101942539215088,0.006793919485062361,True,0.00652356306090951
0.9589086771011353,3687.0,3669.0,-18.0,8077,0.0,0.0,0.0,False,0.0
0.12865802645683289,1.0,7649.0,7648.0,8078,0.8651292324066162,11.299966812133789,0.8657073378562927,True,0.8293834328651428
0.9585302472114563,6761.0,6758.0,-3.0,8079,0.0,0.0,0.0,False,0.0
0.9621627330780029,545.0,518.0,-27.0,8080,0.0,0.0,0.0,False,0.0
0.08118739724159241,1.0,7530.0,7529.0,8081,0.9148174524307251,11.37138557434082,0.9152476787567139,True,0.8767510056495667
0.9590354561805725,7598.0,7598.0,0.0,8082,0.0,0.0,0.0,False,0.0
0.9556145668029785,7072.0,7069.0,-3.0,8083,0.0,0.0,0.0,False,0.0
0.9582626223564148,3220.0,3197.0,-23.0,8084,0.0,0.0,0.0,False,0.0
0.9579718112945557,849.0,825.0,-24.0,8085,0.0,0.0,0.0,False,0.0
0.9500791430473328,3.0,207.0,204.0,8086,0.0031316042877733707,4.127349853515625,0.003110393648967147,True,0.0029643403831869364
0.9584407806396484,5729.0,5724.0,-5.0,8087,0.0,0.0,0.0,False,0.0
0.9570877552032471,2.0,64.0,62.0,8088,0.004453346598893404,4.566985607147217,0.004434038419276476,True,0.004262664820998907
0.9569679498672485,582.0,561.0,-21.0,8089,0.0,0.0,0.0,False,0.0
0.960797905921936,9.0,420.0,411.0,8090,0.0011555830715224147,2.9350764751434326,0.001149925054050982,True,0.001106117619201541
0.9572479724884033,2221.0,2196.0,-25.0,8091,0.0,0.0,0.0,False,0.0
0.9607547521591187,4729.0,4720.0,-9.0,8092,0.0,0.0,0.0,False,0.0
0.9586831331253052,845.0,828.0,-17.0,8093,0.0,0.0,0.0,False,0.0
0.9588185548782349,888.0,862.0,-26.0,8094,0.0,0.0,0.0,False,0.0
0.09393015503883362,1.0,7590.0,7589.0,8095,0.9014933109283447,11.352617263793945,0.9019612073898315,True,0.8641625642776489
0.9571561217308044,861.0,840.0,-21.0,8096,0.0,0.0,0.0,False,0.0
0.9571309089660645,1350.0,5223.0,3873.0,8097,0.0018770169699564576,3.5073673725128174,0.001869051717221737,True,0.0017922770930454135
0.961394190788269,1109.0,1081.0,-28.0,8098,0.0,0.0,0.0,False,0.0
0.9593892097473145,6363.0,6356.0,-7.0,8099,0.0,0.0,0.0,False,0.0
0.954969584941864,54.0,5739.0,5685.0,8100,0.0029732759576290846,4.066781520843506,0.00296103791333735,True,0.0028360988944768906
0.9608931541442871,1844.0,1819.0,-25.0,8101,0.0,0.0,0.0,False,0.0
0.9569581151008606,3.0,517.0,514.0,8102,0.004148966167122126,4.478920936584473,0.00413140095770359,True,0.003969979006797075
0.9622492790222168,2149.0,2129.0,-20.0,8103,0.0,0.0,0.0,False,0.0
0.9556751251220703,798.0,772.0,-26.0,8104,0.0,0.0,0.0,False,0.0
0.9520972967147827,3.0,504.0,501.0,8105,0.00681043928489089,5.098850250244141,0.006777256727218628,True,0.006496637128293514
0.9524952173233032,659.0,4188.0,3529.0,8106,0.003915318753570318,4.4029059410095215,0.0038863602094352245,True,0.003716182429343462
0.9522637128829956,201.0,175.0,-26.0,8107,0.0,0.0,0.0,False,0.0
0.959862470626831,5552.0,5544.0,-8.0,8108,0.0,0.0,0.0,False,0.0
0.9574998021125793,4979.0,4971.0,-8.0,8109,0.0,0.0,0.0,False,0.0
0.9575093984603882,338.0,306.0,-32.0,8110,0.0,0.0,0.0,False,0.0
0.9606140851974487,5048.0,5037.0,-11.0,8111,0.0,0.0,0.0,False,0.0
0.9568894505500793,7680.0,7680.0,0.0,8112,0.0,0.0,0.0,False,0.0
0.9601938724517822,3386.0,3369.0,-17.0,8113,0.0,0.0,0.0,False,0.0
0.9607270956039429,1027.0,1001.0,-26.0,8114,0.0,0.0,0.0,False,0.0
0.1998021900653839,1.0,5304.0,5303.0,8115,0.7899537086486816,11.184344291687012,0.7911233901977539,True,0.7567539215087891
0.9500219821929932,9.0,4198.0,4189.0,8116,0.007447227369993925,5.209464073181152,0.007398904301226139,True,0.007081517018377781
0.9619463086128235,6504.0,6499.0,-5.0,8117,0.0,0.0,0.0,False,0.0
0.9574628472328186,9.0,2033.0,2024.0,8118,0.004697199910879135,4.63509464263916,0.004682757426053286,True,0.00450466014444828
0.9448827505111694,15.0,5418.0,5403.0,8119,0.01041340921074152,5.632518291473389,0.0103381909430027,True,0.009870421141386032
0.9564231634140015,3157.0,3139.0,-18.0,8120,0.0,0.0,0.0,False,0.0
0.9575319886207581,7053.0,7051.0,-2.0,8121,0.0,0.0,0.0,False,0.0
0.9598169922828674,2651.0,2630.0,-21.0,8122,0.0,0.0,0.0,False,0.0
0.9547582268714905,36.0,5762.0,5726.0,8123,0.003716018283739686,4.340803146362305,0.003696662141010165,True,0.0035425142850726843
0.9599484205245972,5733.0,5725.0,-8.0,8124,0.0,0.0,0.0,False,0.0
0.9599523544311523,342.0,317.0,-25.0,8125,0.0,0.0,0.0,False,0.0
0.11451026797294617,2.0,7649.0,7647.0,8126,0.8798805475234985,11.321687698364258,0.880483865737915,True,0.8436049818992615
0.9630662202835083,457.0,424.0,-33.0,8127,0.0,0.0,0.0,False,0.0
0.9520925283432007,4.0,2041.0,2037.0,8128,0.010863699950277805,5.6911444664001465,0.010827405378222466,True,0.010421529412269592
0.9575358629226685,22.0,2.0,-20.0,8129,0.0,0.0,0.0,False,0.0
0.9588420391082764,2886.0,2865.0,-21.0,8130,0.0,0.0,0.0,False,0.0
0.9603498578071594,6950.0,6948.0,-2.0,8131,0.0,0.0,0.0,False,0.0
0.9573796987533569,496.0,468.0,-28.0,8132,0.0,0.0,0.0,False,0.0
0.20064860582351685,2.0,7102.0,7100.0,8133,0.7900441884994507,11.184078216552734,0.7909599542617798,True,0.7592085003852844
0.9576045274734497,4565.0,4549.0,-16.0,8134,0.0,0.0,0.0,False,0.0
0.9624479413032532,803.0,770.0,-33.0,8135,0.0,0.0,0.0,False,0.0
0.9627993106842041,336.0,302.0,-34.0,8136,0.0,0.0,0.0,False,0.0
0.9629460573196411,62.0,681.0,619.0,8137,0.00022959242051001638,1.2994199991226196,0.00022786292538512498,True,0.00021946971537545323
0.9554489254951477,2993.0,2973.0,-20.0,8138,0.0,0.0,0.0,False,0.0
0.939509391784668,2.0,1770.0,1768.0,8139,0.018956640735268593,6.3977131843566895,0.018870878964662552,True,0.018070368096232414
0.9633849859237671,4068.0,4058.0,-10.0,8140,0.0,0.0,0.0,False,0.0
0.9595955610275269,866.0,840.0,-26.0,8141,0.0,0.0,0.0,False,0.0
0.9558563232421875,80.0,56.0,-24.0,8142,0.0,0.0,0.0,False,0.0
0.9570078253746033,6554.0,6551.0,-3.0,8143,0.0,0.0,0.0,False,0.0
0.12265435606241226,1.0,7664.0,7663.0,8144,0.8720332384109497,11.310135841369629,0.8725936412811279,True,0.8400474786758423
0.05069469287991524,1.0,7689.0,7688.0,8145,0.9467430114746094,11.415299415588379,0.9471067786216736,True,0.9077398180961609
0.955276608467102,2656.0,2632.0,-24.0,8146,0.0,0.0,0.0,False,0.0
0.9604562520980835,18.0,2594.0,2576.0,8147,0.002642691135406494,3.9220097064971924,0.0026313425041735172,True,0.002533957129344344
0.957966148853302,5941.0,5935.0,-6.0,8148,0.0,0.0,0.0,False,0.0
0.9597897529602051,4449.0,4429.0,-20.0,8149,0.0,0.0,0.0,False,0.0
0.9603859186172485,5706.0,5695.0,-11.0,8150,0.0,0.0,0.0,False,0.0
0.9562268257141113,7001.0,6999.0,-2.0,8151,0.0,0.0,0.0,False,0.0
0.9537893533706665,26.0,2103.0,2077.0,8152,0.001500744023360312,3.237531900405884,0.0014900307869538665,True,0.001423296402208507
0.9562742114067078,3429.0,3415.0,-14.0,8153,0.0,0.0,0.0,False,0.0
0.9557021856307983,6284.0,6279.0,-5.0,8154,0.0,0.0,0.0,False,0.0
0.959459662437439,219.0,186.0,-33.0,8155,0.0,0.0,0.0,False,0.0
0.9610077142715454,7318.0,7315.0,-3.0,8156,0.0,0.0,0.0,False,0.0
0.1684437096118927,2.0,7591.0,7589.0,8157,0.8240164518356323,11.237638473510742,0.8246679902076721,True,0.7922693490982056
0.9569836854934692,2864.0,2850.0,-14.0,8158,0.0,0.0,0.0,False,0.0
0.9577292799949646,6649.0,6642.0,-7.0,8159,0.0,0.0,0.0,False,0.0
0.955459475517273,265.0,5558.0,5293.0,8160,0.001649155281484127,3.3499677181243896,0.0016383443726226687,True,0.0015679404605180025
0.9605562686920166,5283.0,5278.0,-5.0,8161,0.0,0.0,0.0,False,0.0
0.9620122909545898,3018.0,2998.0,-20.0,8162,0.0,0.0,0.0,False,0.0
0.9535495042800903,551.0,523.0,-28.0,8163,0.0,0.0,0.0,False,0.0
0.9617205858230591,4625.0,4611.0,-14.0,8164,0.0,0.0,0.0,False,0.0
0.9563230276107788,350.0,6091.0,5741.0,8165,0.0010618873639032245,2.838484525680542,0.0010571387829259038,True,0.0010120359947904944
0.9581013917922974,3137.0,3121.0,-16.0,8166,0.0,0.0,0.0,False,0.0
0.9618141651153564,6869.0,6865.0,-4.0,8167,0.0,0.0,0.0,False,0.0
0.9585098624229431,6306.0,6298.0,-8.0,8168,0.0,0.0,0.0,False,0.0
0.9613345861434937,4944.0,4934.0,-10.0,8169,0.0,0.0,0.0,False,0.0
0.9603380560874939,840.0,809.0,-31.0,8170,0.0,0.0,0.0,False,0.0
0.9624624252319336,776.0,745.0,-31.0,8171,0.0,0.0,0.0,False,0.0
0.9576858282089233,1492.0,1467.0,-25.0,8172,0.0,0.0,0.0,False,0.0
0.9565784335136414,2685.0,2667.0,-18.0,8173,0.0,0.0,0.0,False,0.0
0.9553532600402832,2099.0,2069.0,-30.0,8174,0.0,0.0,0.0,False,0.0
0.9591467380523682,6804.0,6800.0,-4.0,8175,0.0,0.0,0.0,False,0.0
0.9619138240814209,2781.0,2760.0,-21.0,8176,0.0,0.0,0.0,False,0.0
0.9619044661521912,6920.0,6915.0,-5.0,8177,0.0,0.0,0.0,False,0.0
0.10652311146259308,1.0,7666.0,7665.0,8178,0.8878952860832214,11.333309173583984,0.8884933590888977,True,0.8487838506698608
0.9587143063545227,1124.0,1094.0,-30.0,8179,0.0,0.0,0.0,False,0.0
0.9543920159339905,791.0,6928.0,6137.0,8180,0.0036819649394601583,4.328492164611816,0.003660134505480528,True,0.0035060355439782143
0.9568327069282532,7419.0,7419.0,0.0,8181,0.0,0.0,0.0,False,0.0
0.957474946975708,13.0,1922.0,1909.0,8182,0.003990819677710533,4.430126190185547,0.0039724442176520824,True,0.0038186851888895035
0.963544487953186,6449.0,6443.0,-6.0,8183,0.0,0.0,0.0,False,0.0
0.1886817365884781,4.0,5653.0,5649.0,8184,0.8018145561218262,11.2030611038208,0.8027461767196655,True,0.7678611278533936
0.9628539681434631,5962.0,5953.0,-9.0,8185,0.0,0.0,0.0,False,0.0
0.9615212678909302,24.0,157.0,133.0,8186,0.0005941912531852722,2.196730375289917,0.0005900337710045278,True,0.0005676649743691087
0.9603363871574402,2893.0,2875.0,-18.0,8187,0.0,0.0,0.0,False,0.0
0.9547603130340576,1388.0,1359.0,-29.0,8188,0.0,0.0,0.0,False,0.0
0.9551312923431396,3634.0,3618.0,-16.0,8189,0.0,0.0,0.0,False,0.0
0.9585295915603638,3991.0,3977.0,-14.0,8190,0.0,0.0,0.0,False,0.0
0.9554426670074463,5946.0,5936.0,-10.0,8191,0.0,0.0,0.0,False,0.0
