distractor_warrant_mass,sample_id,support_attention_mass,support_present,support_warrant_mass
0.7647120952606201,6553,0.2352878600358963,True,0.2352878600358963
0.8308323621749878,6554,0.1691676676273346,True,0.1691676676273346
0.7645108699798584,6555,0.23548902571201324,True,0.23548902571201324
0.8000511527061462,6556,0.19994889199733734,True,0.19994889199733734
0.7616604566574097,6557,0.23833952844142914,True,0.23833952844142914
0.9358219504356384,6558,0.06417802721261978,True,0.06417802721261978
0.5163412094116211,6559,0.4836587905883789,True,0.4836587905883789
0.5927526354789734,6560,0.40724730491638184,True,0.40724730491638184
0.919869065284729,6561,0.08013101667165756,True,0.08013101667165756
0.7150695323944092,6562,0.28493043780326843,True,0.28493043780326843
0.7863178253173828,6563,0.213682159781456,True,0.213682159781456
0.8607363104820251,6564,0.13926368951797485,True,0.13926368951797485
0.8124280571937561,6565,0.1875719279050827,True,0.1875719279050827
0.9406410455703735,6566,0.0593588687479496,True,0.0593588687479496
0.725017786026001,6567,0.274982213973999,True,0.274982213973999
0.7242165803909302,6568,0.27578333020210266,True,0.27578333020210266
0.752043604850769,6569,0.247956320643425,True,0.247956320643425
0.47166284918785095,6570,0.5283371210098267,True,0.5283371210098267
0.6574799418449402,6571,0.3425200283527374,True,0.3425200283527374
0.8866493105888367,6572,0.11335067451000214,True,0.11335067451000214
0.8139472603797913,6573,0.18605273962020874,True,0.18605273962020874
0.9073894023895264,6574,0.09261059761047363,True,0.09261059761047363
0.1374448537826538,6575,0.8625550270080566,True,0.8625550270080566
0.8024136424064636,6576,0.19758638739585876,True,0.19758638739585876
0.819360613822937,6577,0.18063940107822418,True,0.18063940107822418
0.8967466354370117,6578,0.10325343161821365,True,0.10325343161821365
0.6769132614135742,6579,0.32308679819107056,True,0.32308679819107056
0.7381510734558105,6580,0.2618488669395447,True,0.2618488669395447
0.8762797713279724,6581,0.12372024357318878,True,0.12372024357318878
0.454388290643692,6582,0.5456117391586304,True,0.5456117391586304
0.8319230675697327,6583,0.16807697713375092,True,0.16807697713375092
0.8895079493522644,6584,0.11049206554889679,True,0.11049206554889679
0.30998945236206055,6585,0.6900105476379395,True,0.6900105476379395
0.6390442848205566,6586,0.36095574498176575,True,0.36095574498176575
0.9560010433197021,6587,0.04399889335036278,True,0.04399889335036278
0.8555622100830078,6588,0.1444377452135086,True,0.1444377452135086
0.26929518580436707,6589,0.7307047843933105,True,0.7307047843933105
0.6521619558334351,6590,0.34783801436424255,True,0.34783801436424255
0.5552374124526978,6591,0.44476258754730225,True,0.44476258754730225
0.7877932786941528,6592,0.21220663189888,True,0.21220663189888
0.7434093952178955,6593,0.2565905749797821,True,0.2565905749797821
0.6705530285835266,6594,0.32944703102111816,True,0.32944703102111816
0.6064701080322266,6595,0.39352986216545105,True,0.39352986216545105
0.7945988178253174,6596,0.20540116727352142,True,0.20540116727352142
0.7063772082328796,6597,0.29362282156944275,True,0.29362282156944275
0.7580859661102295,6598,0.2419140338897705,True,0.2419140338897705
0.7359884977340698,6599,0.2640114724636078,True,0.2640114724636078
0.8459921479225159,6600,0.15400779247283936,True,0.15400779247283936
0.37880003452301025,6601,0.6211999654769897,True,0.6211999654769897
0.6239898204803467,6602,0.3760101795196533,True,0.3760101795196533
0.5541983842849731,6603,0.44580158591270447,True,0.44580158591270447
0.7616521120071411,6604,0.2383478432893753,True,0.2383478432893753
0.8096452951431274,6605,0.19035467505455017,True,0.19035467505455017
0.9139878749847412,6606,0.08601212501525879,True,0.08601212501525879
0.6427180767059326,6607,0.357281893491745,True,0.357281893491745
0.7890136241912842,6608,0.21098639070987701,True,0.21098639070987701
0.8435410261154175,6609,0.1564590334892273,True,0.1564590334892273
0.5610876083374023,6610,0.43891239166259766,True,0.43891239166259766
0.8845851421356201,6611,0.11541487276554108,True,0.11541487276554108
0.5473185181617737,6612,0.4526814818382263,True,0.4526814818382263
0.8909966349601746,6613,0.10900332778692245,True,0.10900332778692245
0.7733217477798462,6614,0.22667817771434784,True,0.22667817771434784
0.7292900681495667,6615,0.2707098722457886,True,0.2707098722457886
0.8952325582504272,6616,0.1047675684094429,True,0.1047675684094429
0.7255865335464478,6617,0.27441343665122986,True,0.27441343665122986
0.8908901214599609,6618,0.10910982638597488,True,0.10910982638597488
0.8965627551078796,6619,0.10343720763921738,True,0.10343720763921738
0.9073287844657898,6620,0.09267119318246841,True,0.09267119318246841
0.236653134226799,6621,0.7633468508720398,True,0.7633468508720398
0.7380266189575195,6622,0.26197344064712524,True,0.26197344064712524
0.6150869131088257,6623,0.3849130868911743,True,0.3849130868911743
0.83481764793396,6624,0.16518232226371765,True,0.16518232226371765
0.0,6625,1.0,True,1.0
0.43995505571365356,6626,0.5600450038909912,True,0.5600450038909912
0.8662986159324646,6627,0.1337014138698578,True,0.1337014138698578
0.8841018676757812,6628,0.11589813232421875,True,0.11589813232421875
0.6747052669525146,6629,0.32529473304748535,True,0.32529473304748535
0.911017894744873,6630,0.08898207545280457,True,0.08898207545280457
0.5967351794242859,6631,0.4032648205757141,True,0.4032648205757141
0.7440177798271179,6632,0.2559821605682373,True,0.2559821605682373
0.8601132035255432,6633,0.139886736869812,True,0.139886736869812
0.7936183214187622,6634,0.2063816785812378,True,0.2063816785812378
0.8913619518280029,6635,0.10863808542490005,True,0.10863808542490005
0.48335936665534973,6636,0.5166406631469727,True,0.5166406631469727
0.8250634074211121,6637,0.17493651807308197,True,0.17493651807308197
0.8859049081802368,6638,0.11409509181976318,True,0.11409509181976318
0.7223641872406006,6639,0.27763572335243225,True,0.27763572335243225
0.7122212648391724,6640,0.2877786457538605,True,0.2877786457538605
0.547326385974884,6641,0.45267361402511597,True,0.45267361402511597
0.8074882626533508,6642,0.19251176714897156,True,0.19251176714897156
0.8396981954574585,6643,0.16030187904834747,True,0.16030187904834747
0.8037518262863159,6644,0.19624821841716766,True,0.19624821841716766
0.5633403062820435,6645,0.43665963411331177,True,0.43665963411331177
0.8518350720405579,6646,0.14816492795944214,True,0.14816492795944214
0.9099823832511902,6647,0.09001768380403519,True,0.09001768380403519
0.657158613204956,6648,0.34284135699272156,True,0.34284135699272156
0.8329368829727173,6649,0.16706310212612152,True,0.16706310212612152
0.6078201532363892,6650,0.39217984676361084,True,0.39217984676361084
0.6397233009338379,6651,0.36027657985687256,True,0.36027657985687256
0.7812119126319885,6652,0.2187880575656891,True,0.2187880575656891
0.9165750741958618,6653,0.08342498540878296,True,0.08342498540878296
0.7146912217140198,6654,0.2853088080883026,True,0.2853088080883026
0.819459855556488,6655,0.18054014444351196,True,0.18054014444351196
0.747941792011261,6656,0.25205814838409424,True,0.25205814838409424
0.6836714744567871,6657,0.3163284957408905,True,0.3163284957408905
0.8984990119934082,6658,0.10150094330310822,True,0.10150094330310822
0.7261161208152771,6659,0.2738839089870453,True,0.2738839089870453
0.8526265621185303,6660,0.14737342298030853,True,0.14737342298030853
0.5949990153312683,6661,0.4050009548664093,True,0.4050009548664093
0.6630687117576599,6662,0.33693140745162964,True,0.33693140745162964
0.8625168800354004,6663,0.1374831348657608,True,0.1374831348657608
0.8715239763259888,6664,0.1284760683774948,True,0.1284760683774948
0.8173449039459229,6665,0.18265505135059357,True,0.18265505135059357
0.8771859407424927,6666,0.1228141263127327,True,0.1228141263127327
0.5229410529136658,6667,0.47705888748168945,True,0.47705888748168945
0.8094409704208374,6668,0.1905589997768402,True,0.1905589997768402
0.8315610885620117,6669,0.1684388965368271,True,0.1684388965368271
0.7049341201782227,6670,0.29506587982177734,True,0.29506587982177734
0.875003457069397,6671,0.12499655038118362,True,0.12499655038118362
0.5846096277236938,6672,0.41539034247398376,True,0.41539034247398376
0.8181837201118469,6673,0.18181629478931427,True,0.18181629478931427
0.6851853728294373,6674,0.31481459736824036,True,0.31481459736824036
0.8768507242202759,6675,0.12314926832914352,True,0.12314926832914352
0.6434910297393799,6676,0.3565090000629425,True,0.3565090000629425
0.7716833353042603,6677,0.22831659018993378,True,0.22831659018993378
0.6650015115737915,6678,0.3349984884262085,True,0.3349984884262085
0.8583167195320129,6679,0.14168331027030945,True,0.14168331027030945
0.7417474985122681,6680,0.2582525312900543,True,0.2582525312900543
0.6848918199539185,6681,0.31510818004608154,True,0.31510818004608154
0.7640302181243896,6682,0.23596978187561035,True,0.23596978187561035
0.8145385980606079,6683,0.18546131253242493,True,0.18546131253242493
0.7889212369918823,6684,0.21107876300811768,True,0.21107876300811768
0.5346714854240417,6685,0.46532851457595825,True,0.46532851457595825
0.8779983520507812,6686,0.12200170755386353,True,0.12200170755386353
0.9114598035812378,6687,0.08854026347398758,True,0.08854026347398758
0.6516778469085693,6688,0.34832218289375305,True,0.34832218289375305
0.6096533536911011,6689,0.3903466761112213,True,0.3903466761112213
0.9182904362678528,6690,0.08170953392982483,True,0.08170953392982483
0.687584400177002,6691,0.31241559982299805,True,0.31241559982299805
0.880993127822876,6692,0.11900684982538223,True,0.11900684982538223
0.6892191171646118,6693,0.3107808828353882,True,0.3107808828353882
0.8842321038246155,6694,0.1157679632306099,True,0.1157679632306099
0.9071309566497803,6695,0.09286906570196152,True,0.09286906570196152
0.95091313123703,6696,0.04908688738942146,True,0.04908688738942146
0.8938957452774048,6697,0.10610419511795044,True,0.10610419511795044
0.8650901913642883,6698,0.13490982353687286,True,0.13490982353687286
0.8352094292640686,6699,0.1647905856370926,True,0.1647905856370926
0.8189323544502258,6700,0.18106766045093536,True,0.18106766045093536
0.6573503017425537,6701,0.3426497280597687,True,0.3426497280597687
0.6403037309646606,6702,0.35969626903533936,True,0.35969626903533936
0.8208661675453186,6703,0.1791338324546814,True,0.1791338324546814
0.8840640783309937,6704,0.11593592911958694,True,0.11593592911958694
0.5844265818595886,6705,0.41557347774505615,True,0.41557347774505615
0.6035674810409546,6706,0.39643242955207825,True,0.39643242955207825
0.7352603673934937,6707,0.2647397518157959,True,0.2647397518157959
0.7818671464920044,6708,0.2181328535079956,True,0.2181328535079956
0.7894611954689026,6709,0.21053877472877502,True,0.21053877472877502
0.7762849926948547,6710,0.22371496260166168,True,0.22371496260166168
0.850701630115509,6711,0.14929844439029694,True,0.14929844439029694
0.5687123537063599,6712,0.4312877058982849,True,0.4312877058982849
0.7955539226531982,6713,0.20444615185260773,True,0.20444615185260773
0.7992388010025024,6714,0.20076115429401398,True,0.20076115429401398
0.6373741626739502,6715,0.3626258075237274,True,0.3626258075237274
0.44176551699638367,6716,0.5582345724105835,True,0.5582345724105835
0.812968373298645,6717,0.1870315670967102,True,0.1870315670967102
0.6290891170501709,6718,0.3709108829498291,True,0.3709108829498291
0.5555850267410278,6719,0.44441506266593933,True,0.44441506266593933
0.45061948895454407,6720,0.5493805408477783,True,0.5493805408477783
0.6453837156295776,6721,0.3546162247657776,True,0.3546162247657776
0.7408161163330078,6722,0.2591839134693146,True,0.2591839134693146
0.88502037525177,6723,0.11497960239648819,True,0.11497960239648819
0.7050544023513794,6724,0.29494568705558777,True,0.29494568705558777
0.7622907161712646,6725,0.23770928382873535,True,0.23770928382873535
0.842578649520874,6726,0.15742138028144836,True,0.15742138028144836
0.703683078289032,6727,0.29631689190864563,True,0.29631689190864563
0.6420611143112183,6728,0.3579389154911041,True,0.3579389154911041
0.8956390619277954,6729,0.10436101257801056,True,0.10436101257801056
0.20653793215751648,6730,0.7934620380401611,True,0.7934620380401611
0.8481727242469788,6731,0.15182726085186005,True,0.15182726085186005
0.6535658836364746,6732,0.3464341163635254,True,0.3464341163635254
0.7260255217552185,6733,0.2739745080471039,True,0.2739745080471039
0.6051090955734253,6734,0.3948909044265747,True,0.3948909044265747
0.5665271282196045,6735,0.43347278237342834,True,0.43347278237342834
0.5004914999008179,6736,0.49950847029685974,True,0.49950847029685974
0.780975341796875,6737,0.2190246731042862,True,0.2190246731042862
0.9017090797424316,6738,0.09829090535640717,True,0.09829090535640717
0.8972275853157043,6739,0.10277244448661804,True,0.10277244448661804
0.8595755100250244,6740,0.14042454957962036,True,0.14042454957962036
0.6776682734489441,6741,0.3223317265510559,True,0.3223317265510559
0.8198165893554688,6742,0.1801835000514984,True,0.1801835000514984
0.8842756748199463,6743,0.11572429537773132,True,0.11572429537773132
0.528634250164032,6744,0.47136572003364563,True,0.47136572003364563
0.684773325920105,6745,0.3152267336845398,True,0.3152267336845398
0.7817685604095459,6746,0.2182314395904541,True,0.2182314395904541
0.6668603420257568,6747,0.3331395983695984,True,0.3331395983695984
0.7771953344345093,6748,0.22280462086200714,True,0.22280462086200714
0.767188310623169,6749,0.23281168937683105,True,0.23281168937683105
0.8205608129501343,6750,0.17943918704986572,True,0.17943918704986572
0.7183725237846375,6751,0.28162744641304016,True,0.28162744641304016
0.7793592214584351,6752,0.22064071893692017,True,0.22064071893692017
0.7703273296356201,6753,0.22967270016670227,True,0.22967270016670227
0.9029847979545593,6754,0.09701523184776306,True,0.09701523184776306
0.613629162311554,6755,0.38637083768844604,True,0.38637083768844604
0.7655646800994873,6756,0.23443536460399628,True,0.23443536460399628
0.6918739080429077,6757,0.3081260323524475,True,0.3081260323524475
0.7762839794158936,6758,0.22371596097946167,True,0.22371596097946167
0.8156415224075317,6759,0.1843584030866623,True,0.1843584030866623
0.8523026704788208,6760,0.14769724011421204,True,0.14769724011421204
0.727070152759552,6761,0.2729299068450928,True,0.2729299068450928
0.7236438989639282,6762,0.27635619044303894,True,0.27635619044303894
0.7179789543151855,6763,0.28202107548713684,True,0.28202107548713684
0.11395781487226486,6764,0.8860421776771545,True,0.8860421776771545
0.7192784547805786,6765,0.28072160482406616,True,0.28072160482406616
0.7198252081871033,6766,0.2801748514175415,True,0.2801748514175415
0.8348530530929565,6767,0.16514699161052704,True,0.16514699161052704
0.8404872417449951,6768,0.15951278805732727,True,0.15951278805732727
0.7594888210296631,6769,0.24051111936569214,True,0.24051111936569214
0.7434767484664917,6770,0.25652316212654114,True,0.25652316212654114
0.8337244987487793,6771,0.16627542674541473,True,0.16627542674541473
0.8043223023414612,6772,0.19567768275737762,True,0.19567768275737762
0.6549206972122192,6773,0.34507930278778076,True,0.34507930278778076
0.7233395576477051,6774,0.2766604423522949,True,0.2766604423522949
0.8782299160957336,6775,0.12177002429962158,True,0.12177002429962158
0.7968097925186157,6776,0.20319019258022308,True,0.20319019258022308
0.8941723704338074,6777,0.105827696621418,True,0.105827696621418
0.9222560524940491,6778,0.07774388790130615,True,0.07774388790130615
0.8450959920883179,6779,0.15490396320819855,True,0.15490396320819855
0.6256767511367798,6780,0.374323308467865,True,0.374323308467865
0.13349312543869019,6781,0.8665068745613098,True,0.8665068745613098
0.8281536102294922,6782,0.1718464195728302,True,0.1718464195728302
0.8072140216827393,6783,0.19278599321842194,True,0.19278599321842194
0.8250226378440857,6784,0.17497731745243073,True,0.17497731745243073
0.8836970329284668,6785,0.1163029596209526,True,0.1163029596209526
0.8428889513015747,6786,0.15711112320423126,True,0.15711112320423126
0.8728206753730774,6787,0.1271793097257614,True,0.1271793097257614
0.7649210691452026,6788,0.23507894575595856,True,0.23507894575595856
0.7960535287857056,6789,0.20394644141197205,True,0.20394644141197205
0.7989857196807861,6790,0.2010144144296646,True,0.2010144144296646
0.7897912263870239,6791,0.21020886301994324,True,0.21020886301994324
0.8456054925918579,6792,0.15439458191394806,True,0.15439458191394806
0.591954231262207,6793,0.40804576873779297,True,0.40804576873779297
0.8434474468231201,6794,0.1565525084733963,True,0.1565525084733963
0.7521176338195801,6795,0.24788238108158112,True,0.24788238108158112
0.7933855652809143,6796,0.20661446452140808,True,0.20661446452140808
0.755266010761261,6797,0.24473391473293304,True,0.24473391473293304
0.7087408900260925,6798,0.29125913977622986,True,0.29125913977622986
0.7570956945419312,6799,0.24290432035923004,True,0.24290432035923004
0.6036525368690491,6800,0.3963474631309509,True,0.3963474631309509
0.8502635955810547,6801,0.14973649382591248,True,0.14973649382591248
0.9039694666862488,6802,0.09603060781955719,True,0.09603060781955719
0.861424446105957,6803,0.13857552409172058,True,0.13857552409172058
0.7452214360237122,6804,0.25477856397628784,True,0.25477856397628784
0.6566951870918274,6805,0.343304842710495,True,0.343304842710495
0.8481912612915039,6806,0.1518087387084961,True,0.1518087387084961
0.8179973363876343,6807,0.1820027232170105,True,0.1820027232170105
0.8725459575653076,6808,0.12745410203933716,True,0.12745410203933716
0.8070634603500366,6809,0.19293656945228577,True,0.19293656945228577
0.7633557319641113,6810,0.23664431273937225,True,0.23664431273937225
0.7689454555511475,6811,0.23105449974536896,True,0.23105449974536896
0.7411167025566101,6812,0.2588833272457123,True,0.2588833272457123
0.8506296277046204,6813,0.14937037229537964,True,0.14937037229537964
0.8515757322311401,6814,0.1484241783618927,True,0.1484241783618927
0.8367287516593933,6815,0.16327126324176788,True,0.16327126324176788
0.7128235101699829,6816,0.2871764898300171,True,0.2871764898300171
0.6080151200294495,6817,0.3919849097728729,True,0.3919849097728729
0.8957884311676025,6818,0.10421163588762283,True,0.10421163588762283
0.6881787776947021,6819,0.3118212819099426,True,0.3118212819099426
0.7369418740272522,6820,0.2630581259727478,True,0.2630581259727478
0.635595440864563,6821,0.3644045293331146,True,0.3644045293331146
0.5932472944259644,6822,0.40675270557403564,True,0.40675270557403564
0.6919552683830261,6823,0.30804476141929626,True,0.30804476141929626
0.6449416279792786,6824,0.35505837202072144,True,0.35505837202072144
0.5950344204902649,6825,0.4049655795097351,True,0.4049655795097351
0.6781769394874573,6826,0.32182303071022034,True,0.32182303071022034
0.736285924911499,6827,0.2637140154838562,True,0.2637140154838562
0.6055675745010376,6828,0.3944324254989624,True,0.3944324254989624
0.7901155352592468,6829,0.20988444983959198,True,0.20988444983959198
0.6866650581359863,6830,0.31333494186401367,True,0.31333494186401367
0.7316586971282959,6831,0.2683413326740265,True,0.2683413326740265
0.7399591207504272,6832,0.26004087924957275,True,0.26004087924957275
0.85132896900177,6833,0.14867104589939117,True,0.14867104589939117
0.565581202507019,6834,0.43441879749298096,True,0.43441879749298096
0.8560281991958618,6835,0.14397184550762177,True,0.14397184550762177
0.8980705738067627,6836,0.1019294485449791,True,0.1019294485449791
0.7405620813369751,6837,0.2594378888607025,True,0.2594378888607025
0.8933466076850891,6838,0.10665339231491089,True,0.10665339231491089
0.9140159487724304,6839,0.08598405867815018,True,0.08598405867815018
0.8146775364875793,6840,0.18532240390777588,True,0.18532240390777588
0.8125722408294678,6841,0.18742775917053223,True,0.18742775917053223
0.899295449256897,6842,0.10070451349020004,True,0.10070451349020004
0.3997159004211426,6843,0.6002840995788574,True,0.6002840995788574
0.8896225094795227,6844,0.11037750542163849,True,0.11037750542163849
0.7815825939178467,6845,0.21841736137866974,True,0.21841736137866974
0.8735173344612122,6846,0.12648262083530426,True,0.12648262083530426
0.9244892001152039,6847,0.07551085203886032,True,0.07551085203886032
0.8075134754180908,6848,0.19248661398887634,True,0.19248661398887634
0.6732605695724487,6849,0.3267393410205841,True,0.3267393410205841
0.5849059224128723,6850,0.41509413719177246,True,0.41509413719177246
0.6251114010810852,6851,0.3748885691165924,True,0.3748885691165924
0.7758862972259521,6852,0.22411374747753143,True,0.22411374747753143
0.8918300867080688,6853,0.10816993564367294,True,0.10816993564367294
0.7377492785453796,6854,0.26225072145462036,True,0.26225072145462036
0.6837577819824219,6855,0.31624215841293335,True,0.31624215841293335
0.6200854182243347,6856,0.3799145817756653,True,0.3799145817756653
0.5681920051574707,6857,0.4318080544471741,True,0.4318080544471741
0.8527773022651672,6858,0.14722272753715515,True,0.14722272753715515
0.6719645261764526,6859,0.328035444021225,True,0.328035444021225
0.8027997016906738,6860,0.1972002387046814,True,0.1972002387046814
0.903161883354187,6861,0.09683801978826523,True,0.09683801978826523
0.8275843858718872,6862,0.17241565883159637,True,0.17241565883159637
0.648146390914917,6863,0.35185354948043823,True,0.35185354948043823
0.7952081561088562,6864,0.20479178428649902,True,0.20479178428649902
0.7669437527656555,6865,0.23305632174015045,True,0.23305632174015045
0.9157365560531616,6866,0.08426342159509659,True,0.08426342159509659
0.8144867420196533,6867,0.1855132281780243,True,0.1855132281780243
0.7276339530944824,6868,0.27236607670783997,True,0.27236607670783997
0.8734256029129028,6869,0.12657442688941956,True,0.12657442688941956
0.5157277584075928,6870,0.484272301197052,True,0.484272301197052
0.7716540098190308,6871,0.228346049785614,True,0.228346049785614
0.9124184250831604,6872,0.0875815600156784,True,0.0875815600156784
0.6589219570159912,6873,0.341077983379364,True,0.341077983379364
0.789026141166687,6874,0.210973858833313,True,0.210973858833313
0.8175364136695862,6875,0.18246358633041382,True,0.18246358633041382
0.7699929475784302,6876,0.23000703752040863,True,0.23000703752040863
0.7819341421127319,6877,0.21806590259075165,True,0.21806590259075165
0.8133063912391663,6878,0.18669357895851135,True,0.18669357895851135
0.8636666536331177,6879,0.13633336126804352,True,0.13633336126804352
0.8272454142570496,6880,0.17275458574295044,True,0.17275458574295044
0.7064614295959473,6881,0.29353854060173035,True,0.29353854060173035
0.6266234517097473,6882,0.37337660789489746,True,0.37337660789489746
0.6922372579574585,6883,0.3077628016471863,True,0.3077628016471863
0.5246075391769409,6884,0.47539252042770386,True,0.47539252042770386
0.8250373601913452,6885,0.17496268451213837,True,0.17496268451213837
0.9061951637268066,6886,0.09380491822957993,True,0.09380491822957993
0.8504660725593567,6887,0.14953398704528809,True,0.14953398704528809
0.5899041295051575,6888,0.41009587049484253,True,0.41009587049484253
0.7541587948799133,6889,0.24584120512008667,True,0.24584120512008667
0.8612253069877625,6890,0.13877461850643158,True,0.13877461850643158
0.9544079303741455,6891,0.04559209197759628,True,0.04559209197759628
0.6869832873344421,6892,0.31301674246788025,True,0.31301674246788025
0.5853581428527832,6893,0.4146418571472168,True,0.4146418571472168
0.7167428135871887,6894,0.2832571864128113,True,0.2832571864128113
0.21707041561603546,6895,0.7829296588897705,True,0.7829296588897705
0.7755115032196045,6896,0.2244885265827179,True,0.2244885265827179
0.7206376791000366,6897,0.2793623208999634,True,0.2793623208999634
0.6422739624977112,6898,0.3577260673046112,True,0.3577260673046112
0.7040492296218872,6899,0.2959507703781128,True,0.2959507703781128
0.0,6900,1.0,True,1.0
0.8147608041763306,6901,0.1852393001317978,True,0.1852393001317978
0.8328354358673096,6902,0.1671646386384964,True,0.1671646386384964
0.7375187873840332,6903,0.26248130202293396,True,0.26248130202293396
0.7103447914123535,6904,0.2896552085876465,True,0.2896552085876465
0.9130114912986755,6905,0.08698850125074387,True,0.08698850125074387
0.6898764371871948,6906,0.3101235628128052,True,0.3101235628128052
0.6323596239089966,6907,0.3676403760910034,True,0.3676403760910034
0.6791976094245911,6908,0.32080236077308655,True,0.32080236077308655
0.9070597887039185,6909,0.09294014424085617,True,0.09294014424085617
0.7852139472961426,6910,0.21478602290153503,True,0.21478602290153503
0.833960235118866,6911,0.16603969037532806,True,0.16603969037532806
0.5394998788833618,6912,0.4605001211166382,True,0.4605001211166382
0.8056901097297668,6913,0.19430990517139435,True,0.19430990517139435
0.5698646306991577,6914,0.4301353693008423,True,0.4301353693008423
0.8977851271629333,6915,0.10221491754055023,True,0.10221491754055023
0.5328142046928406,6916,0.46718576550483704,True,0.46718576550483704
0.7988595962524414,6917,0.2011403739452362,True,0.2011403739452362
0.20267336070537567,6918,0.7973266243934631,True,0.7973266243934631
0.5736833810806274,6919,0.42631667852401733,True,0.42631667852401733
0.4965607523918152,6920,0.5034392476081848,True,0.5034392476081848
0.7838845252990723,6921,0.21611550450325012,True,0.21611550450325012
0.7197715044021606,6922,0.2802284359931946,True,0.2802284359931946
0.8278120756149292,6923,0.172187939286232,True,0.172187939286232
0.8089773654937744,6924,0.191022589802742,True,0.191022589802742
0.9117650389671326,6925,0.08823501318693161,True,0.08823501318693161
0.8808711171150208,6926,0.11912888288497925,True,0.11912888288497925
0.6418215036392212,6927,0.3581784963607788,True,0.3581784963607788
0.8759005069732666,6928,0.12409943342208862,True,0.12409943342208862
0.6248722076416016,6929,0.3751278519630432,True,0.3751278519630432
0.4744717478752136,6930,0.5255282521247864,True,0.5255282521247864
0.8830643892288208,6931,0.11693558841943741,True,0.11693558841943741
0.8578249216079712,6932,0.14217509329319,True,0.14217509329319
0.8460042476654053,6933,0.15399572253227234,True,0.15399572253227234
0.8434839844703674,6934,0.15651603043079376,True,0.15651603043079376
0.5266556739807129,6935,0.4733443260192871,True,0.4733443260192871
0.8612428307533264,6936,0.13875718414783478,True,0.13875718414783478
0.7189593315124512,6937,0.28104063868522644,True,0.28104063868522644
0.6491303443908691,6938,0.35086968541145325,True,0.35086968541145325
0.6782793998718262,6939,0.32172057032585144,True,0.32172057032585144
0.8745594620704651,6940,0.1254405826330185,True,0.1254405826330185
0.8858312964439392,6941,0.1141686663031578,True,0.1141686663031578
0.7798759937286377,6942,0.2201240509748459,True,0.2201240509748459
0.8667244911193848,6943,0.13327550888061523,True,0.13327550888061523
0.5837874412536621,6944,0.4162124991416931,True,0.4162124991416931
0.855638861656189,6945,0.14436112344264984,True,0.14436112344264984
0.8875699043273926,6946,0.11243009567260742,True,0.11243009567260742
0.4986899197101593,6947,0.5013101100921631,True,0.5013101100921631
0.7164859771728516,6948,0.28351402282714844,True,0.28351402282714844
0.6271102428436279,6949,0.37288981676101685,True,0.37288981676101685
0.8391678929328918,6950,0.16083212196826935,True,0.16083212196826935
0.5716003179550171,6951,0.4283997416496277,True,0.4283997416496277
0.8427249789237976,6952,0.15727499127388,True,0.15727499127388
0.7325944900512695,6953,0.26740550994873047,True,0.26740550994873047
0.48094379901885986,6954,0.5190562009811401,True,0.5190562009811401
0.9220387935638428,6955,0.07796117663383484,True,0.07796117663383484
0.5745795965194702,6956,0.4254204034805298,True,0.4254204034805298
0.8302159309387207,6957,0.16978409886360168,True,0.16978409886360168
0.8533483743667603,6958,0.14665162563323975,True,0.14665162563323975
0.7774888277053833,6959,0.22251123189926147,True,0.22251123189926147
0.8064636588096619,6960,0.19353629648685455,True,0.19353629648685455
0.6239227056503296,6961,0.3760773539543152,True,0.3760773539543152
0.5814777612686157,6962,0.41852229833602905,True,0.41852229833602905
0.679172933101654,6963,0.32082706689834595,True,0.32082706689834595
0.8074776530265808,6964,0.19252239167690277,True,0.19252239167690277
0.869300365447998,6965,0.13069964945316315,True,0.13069964945316315
0.1867164671421051,6966,0.8132836222648621,True,0.8132836222648621
0.914772629737854,6967,0.08522746711969376,True,0.08522746711969376
0.8430068492889404,6968,0.15699318051338196,True,0.15699318051338196
0.7288805842399597,6969,0.2711194157600403,True,0.2711194157600403
0.6867298483848572,6970,0.31327012181282043,True,0.31327012181282043
0.8139731287956238,6971,0.18602688610553741,True,0.18602688610553741
0.7416930198669434,6972,0.25830698013305664,True,0.25830698013305664
0.7999414205551147,6973,0.20005860924720764,True,0.20005860924720764
0.8393332958221436,6974,0.16066670417785645,True,0.16066670417785645
0.8229326009750366,6975,0.17706750333309174,True,0.17706750333309174
0.6439515352249146,6976,0.35604849457740784,True,0.35604849457740784
0.3975173532962799,6977,0.6024826169013977,True,0.6024826169013977
0.8398091793060303,6978,0.16019079089164734,True,0.16019079089164734
0.37817129492759705,6979,0.6218287348747253,True,0.6218287348747253
0.946763277053833,6980,0.053236715495586395,True,0.053236715495586395
0.775604784488678,6981,0.22439520061016083,True,0.22439520061016083
0.8532032370567322,6982,0.14679673314094543,True,0.14679673314094543
0.5562121868133545,6983,0.4437878131866455,True,0.4437878131866455
0.6767197847366333,6984,0.3232802450656891,True,0.3232802450656891
0.8432071208953857,6985,0.15679290890693665,True,0.15679290890693665
0.8938913941383362,6986,0.10610859096050262,True,0.10610859096050262
0.8982018828392029,6987,0.10179809480905533,True,0.10179809480905533
0.8119504451751709,6988,0.1880495399236679,True,0.1880495399236679
0.7614833116531372,6989,0.2385166734457016,True,0.2385166734457016
0.851601243019104,6990,0.14839880168437958,True,0.14839880168437958
0.8561171889305115,6991,0.1438828408718109,True,0.1438828408718109
0.6455700397491455,6992,0.35443001985549927,True,0.35443001985549927
0.5044047832489014,6993,0.49559521675109863,True,0.49559521675109863
0.7917437553405762,6994,0.20825615525245667,True,0.20825615525245667
0.7136936783790588,6995,0.2863062620162964,True,0.2863062620162964
0.8329908847808838,6996,0.16700918972492218,True,0.16700918972492218
0.8263686895370483,6997,0.17363135516643524,True,0.17363135516643524
0.8619011640548706,6998,0.13809888064861298,True,0.13809888064861298
0.8340163826942444,6999,0.1659836769104004,True,0.1659836769104004
0.6749722957611084,7000,0.3250277638435364,True,0.3250277638435364
0.7236111760139465,7001,0.2763887941837311,True,0.2763887941837311
0.7748117446899414,7002,0.2251882255077362,True,0.2251882255077362
0.7375683784484863,7003,0.2624315917491913,True,0.2624315917491913
0.6247535943984985,7004,0.3752463757991791,True,0.3752463757991791
0.5670000314712524,7005,0.43299996852874756,True,0.43299996852874756
0.786185622215271,7006,0.2138143926858902,True,0.2138143926858902
0.9167513251304626,7007,0.08324865251779556,True,0.08324865251779556
0.7271241545677185,7008,0.2728758752346039,True,0.2728758752346039
0.8473973870277405,7009,0.15260256826877594,True,0.15260256826877594
0.6122145056724548,7010,0.38778552412986755,True,0.38778552412986755
0.8080157041549683,7011,0.19198423624038696,True,0.19198423624038696
0.0,7012,1.0,True,1.0
0.8739098310470581,7013,0.12609010934829712,True,0.12609010934829712
0.8596014976501465,7014,0.14039841294288635,True,0.14039841294288635
0.6902361512184143,7015,0.3097638189792633,True,0.3097638189792633
0.7110961079597473,7016,0.2889038622379303,True,0.2889038622379303
0.8869723081588745,7017,0.1130276545882225,True,0.1130276545882225
0.6287345886230469,7018,0.3712654113769531,True,0.3712654113769531
0.8860365152359009,7019,0.11396349221467972,True,0.11396349221467972
0.9009266495704651,7020,0.09907333552837372,True,0.09907333552837372
0.7946049571037292,7021,0.20539501309394836,True,0.20539501309394836
0.9283169507980347,7022,0.0716831237077713,True,0.0716831237077713
0.755699634552002,7023,0.24430038034915924,True,0.24430038034915924
0.40203315019607544,7024,0.5979668498039246,True,0.5979668498039246
0.9423970580101013,7025,0.05760287493467331,True,0.05760287493467331
0.7054799199104309,7026,0.2945201098918915,True,0.2945201098918915
0.8861746788024902,7027,0.11382528394460678,True,0.11382528394460678
0.883779764175415,7028,0.11622025072574615,True,0.11622025072574615
0.891132116317749,7029,0.10886790603399277,True,0.10886790603399277
0.8572705388069153,7030,0.1427294760942459,True,0.1427294760942459
0.7970377802848816,7031,0.2029622495174408,True,0.2029622495174408
0.7334885597229004,7032,0.2665114402770996,True,0.2665114402770996
0.7815185189247131,7033,0.21848148107528687,True,0.21848148107528687
0.8136352896690369,7034,0.1863647848367691,True,0.1863647848367691
0.7652765512466431,7035,0.23472344875335693,True,0.23472344875335693
0.8625167608261108,7036,0.13748326897621155,True,0.13748326897621155
0.8962650299072266,7037,0.10373497009277344,True,0.10373497009277344
0.43616998195648193,7038,0.5638300180435181,True,0.5638300180435181
0.5875070691108704,7039,0.41249293088912964,True,0.41249293088912964
0.9029576778411865,7040,0.09704233705997467,True,0.09704233705997467
0.8819612264633179,7041,0.11803888529539108,True,0.11803888529539108
0.8568791151046753,7042,0.1431208848953247,True,0.1431208848953247
0.710692822933197,7043,0.28930726647377014,True,0.28930726647377014
0.8654994368553162,7044,0.13450048863887787,True,0.13450048863887787
0.7137032151222229,7045,0.2862967550754547,True,0.2862967550754547
0.8265865445137024,7046,0.17341342568397522,True,0.17341342568397522
0.8787494897842407,7047,0.12125051766633987,True,0.12125051766633987
0.618182897567749,7048,0.3818170428276062,True,0.3818170428276062
0.6792786121368408,7049,0.3207213878631592,True,0.3207213878631592
0.7913230061531067,7050,0.2086769938468933,True,0.2086769938468933
0.4845227003097534,7051,0.5154772996902466,True,0.5154772996902466
0.8476823568344116,7052,0.15231755375862122,True,0.15231755375862122
0.6620247960090637,7053,0.3379752039909363,True,0.3379752039909363
0.7936630845069885,7054,0.20633696019649506,True,0.20633696019649506
0.5123870372772217,7055,0.4876129627227783,True,0.4876129627227783
0.8624483346939087,7056,0.13755165040493011,True,0.13755165040493011
0.7340289354324341,7057,0.26597100496292114,True,0.26597100496292114
0.8648825287818909,7058,0.13511750102043152,True,0.13511750102043152
0.8451188802719116,7059,0.15488113462924957,True,0.15488113462924957
0.8422806262969971,7060,0.15771940350532532,True,0.15771940350532532
0.7497062087059021,7061,0.2502938210964203,True,0.2502938210964203
0.498678982257843,7062,0.5013210773468018,True,0.5013210773468018
0.7846359014511108,7063,0.21536409854888916,True,0.21536409854888916
0.8869863748550415,7064,0.1130136251449585,True,0.1130136251449585
0.9612300992012024,7065,0.03877000883221626,True,0.03877000883221626
0.5633692145347595,7066,0.4366307258605957,True,0.4366307258605957
0.7575000524520874,7067,0.24250003695487976,True,0.24250003695487976
0.8592734932899475,7068,0.14072655141353607,True,0.14072655141353607
0.8027756214141846,7069,0.19722440838813782,True,0.19722440838813782
0.915326714515686,7070,0.08467326313257217,True,0.08467326313257217
0.8161811828613281,7071,0.18381881713867188,True,0.18381881713867188
0.7347667813301086,7072,0.26523318886756897,True,0.26523318886756897
0.7110550403594971,7073,0.28894490003585815,True,0.28894490003585815
0.8082454204559326,7074,0.19175459444522858,True,0.19175459444522858
0.9135023951530457,7075,0.08649766445159912,True,0.08649766445159912
0.9354808926582336,7076,0.06451907753944397,True,0.06451907753944397
0.7247449159622192,7077,0.27525511384010315,True,0.27525511384010315
0.7733204364776611,7078,0.22667956352233887,True,0.22667956352233887
0.8258801698684692,7079,0.17411991953849792,True,0.17411991953849792
0.662520170211792,7080,0.337479829788208,True,0.337479829788208
0.8795034289360046,7081,0.12049652636051178,True,0.12049652636051178
0.8839013576507568,7082,0.11609864979982376,True,0.11609864979982376
0.8404988050460815,7083,0.15950126945972443,True,0.15950126945972443
0.7869276404380798,7084,0.21307238936424255,True,0.21307238936424255
0.5596899390220642,7085,0.4403100609779358,True,0.4403100609779358
0.8903121948242188,7086,0.10968779772520065,True,0.10968779772520065
0.9250800013542175,7087,0.07492001354694366,True,0.07492001354694366
0.91452556848526,7088,0.085474394261837,True,0.085474394261837
0.5888633131980896,7089,0.4111366868019104,True,0.4111366868019104
0.47286492586135864,7090,0.5271350741386414,True,0.5271350741386414
0.9108682870864868,7091,0.0891316756606102,True,0.0891316756606102
0.8070915937423706,7092,0.19290834665298462,True,0.19290834665298462
0.7907988429069519,7093,0.2092011421918869,True,0.2092011421918869
0.8877269625663757,7094,0.11227300018072128,True,0.11227300018072128
0.5225321650505066,7095,0.47746777534484863,True,0.47746777534484863
0.8797626495361328,7096,0.12023735046386719,True,0.12023735046386719
0.4938320517539978,7097,0.5061679482460022,True,0.5061679482460022
0.9065489172935486,7098,0.09345103055238724,True,0.09345103055238724
0.8696969747543335,7099,0.1303030103445053,True,0.1303030103445053
0.8929446935653687,7100,0.10705526173114777,True,0.10705526173114777
0.9021737575531006,7101,0.09782625734806061,True,0.09782625734806061
0.5234053134918213,7102,0.4765947461128235,True,0.4765947461128235
0.8763539791107178,7103,0.12364605814218521,True,0.12364605814218521
0.7063643932342529,7104,0.2936355769634247,True,0.2936355769634247
0.8600510954856873,7105,0.13994890451431274,True,0.13994890451431274
0.636431097984314,7106,0.36356890201568604,True,0.36356890201568604
0.5170376300811768,7107,0.48296234011650085,True,0.48296234011650085
0.6670246720314026,7108,0.33297526836395264,True,0.33297526836395264
0.7979199886322021,7109,0.20208002626895905,True,0.20208002626895905
0.7712351679801941,7110,0.22876478731632233,True,0.22876478731632233
0.7761243581771851,7111,0.22387570142745972,True,0.22387570142745972
0.7390146255493164,7112,0.26098543405532837,True,0.26098543405532837
0.6959326267242432,7113,0.30406731367111206,True,0.30406731367111206
0.810448944568634,7114,0.18955111503601074,True,0.18955111503601074
0.7422713041305542,7115,0.2577287256717682,True,0.2577287256717682
0.8397288918495178,7116,0.16027115285396576,True,0.16027115285396576
0.8452014327049255,7117,0.15479858219623566,True,0.15479858219623566
0.8168619871139526,7118,0.18313807249069214,True,0.18313807249069214
0.8682135939598083,7119,0.13178640604019165,True,0.13178640604019165
0.8009438514709473,7120,0.19905613362789154,True,0.19905613362789154
0.5914468765258789,7121,0.4085531234741211,True,0.4085531234741211
0.7801750898361206,7122,0.21982493996620178,True,0.21982493996620178
0.9082066416740417,7123,0.09179332852363586,True,0.09179332852363586
0.7839974164962769,7124,0.21600256860256195,True,0.21600256860256195
0.8397659659385681,7125,0.16023403406143188,True,0.16023403406143188
0.7275474071502686,7126,0.27245262265205383,True,0.27245262265205383
0.6783958673477173,7127,0.3216041028499603,True,0.3216041028499603
0.8000332117080688,7128,0.19996683299541473,True,0.19996683299541473
0.47484949231147766,7129,0.5251505374908447,True,0.5251505374908447
0.5920432806015015,7130,0.4079567492008209,True,0.4079567492008209
0.8368226289749146,7131,0.16317731142044067,True,0.16317731142044067
0.7983017563819885,7132,0.20169825851917267,True,0.20169825851917267
0.5434154868125916,7133,0.45658451318740845,True,0.45658451318740845
0.5054811239242554,7134,0.494518905878067,True,0.494518905878067
0.8631663918495178,7135,0.1368335336446762,True,0.1368335336446762
0.634334146976471,7136,0.36566582322120667,True,0.36566582322120667
0.3648562431335449,7137,0.6351436972618103,True,0.6351436972618103
0.547476053237915,7138,0.4525239169597626,True,0.4525239169597626
0.8650705814361572,7139,0.13492950797080994,True,0.13492950797080994
0.8885438442230225,7140,0.11145611107349396,True,0.11145611107349396
0.4037260413169861,7141,0.5962738990783691,True,0.5962738990783691
0.8858892321586609,7142,0.11411070823669434,True,0.11411070823669434
0.7169422507286072,7143,0.2830578088760376,True,0.2830578088760376
0.6326466798782349,7144,0.3673533797264099,True,0.3673533797264099
0.5680322647094727,7145,0.4319677948951721,True,0.4319677948951721
0.7618822455406189,7146,0.23811772465705872,True,0.23811772465705872
0.542245090007782,7147,0.45775485038757324,True,0.45775485038757324
0.7643914818763733,7148,0.23560850322246552,True,0.23560850322246552
0.7253292202949524,7149,0.2746707797050476,True,0.2746707797050476
0.8223789930343628,7150,0.17762090265750885,True,0.17762090265750885
0.6958661675453186,7151,0.304133802652359,True,0.304133802652359
0.6169429421424866,7152,0.3830570876598358,True,0.3830570876598358
0.6314100623130798,7153,0.3685899078845978,True,0.3685899078845978
0.8749872446060181,7154,0.12501280009746552,True,0.12501280009746552
0.7841560244560242,7155,0.2158440351486206,True,0.2158440351486206
0.8690062165260315,7156,0.13099375367164612,True,0.13099375367164612
0.5079737305641174,7157,0.49202629923820496,True,0.49202629923820496
0.06241316720843315,7158,0.937586784362793,True,0.937586784362793
0.6203823089599609,7159,0.3796176314353943,True,0.3796176314353943
0.9447377920150757,7160,0.055262163281440735,True,0.055262163281440735
0.8479528427124023,7161,0.15204718708992004,True,0.15204718708992004
0.7916756868362427,7162,0.20832428336143494,True,0.20832428336143494
0.6717822551727295,7163,0.3282177150249481,True,0.3282177150249481
0.7469321489334106,7164,0.25306782126426697,True,0.25306782126426697
0.4573407769203186,7165,0.5426592230796814,True,0.5426592230796814
0.7581825852394104,7166,0.24181745946407318,True,0.24181745946407318
0.838973343372345,7167,0.16102661192417145,True,0.16102661192417145
0.5249863862991333,7168,0.4750136435031891,True,0.4750136435031891
0.896465539932251,7169,0.10353449732065201,True,0.10353449732065201
0.7486940026283264,7170,0.2513059675693512,True,0.2513059675693512
0.7310775518417358,7171,0.26892250776290894,True,0.26892250776290894
0.3781948685646057,7172,0.6218050718307495,True,0.6218050718307495
0.9069873094558716,7173,0.09301268309354782,True,0.09301268309354782
0.7368260025978088,7174,0.26317399740219116,True,0.26317399740219116
0.7816453576087952,7175,0.21835468709468842,True,0.21835468709468842
0.6424552202224731,7176,0.3575447201728821,True,0.3575447201728821
0.8541700839996338,7177,0.1458299309015274,True,0.1458299309015274
0.937828779220581,7178,0.062171224504709244,True,0.062171224504709244
0.8003548383712769,7179,0.19964516162872314,True,0.19964516162872314
0.7464188933372498,7180,0.25358107686042786,True,0.25358107686042786
0.7205017805099487,7181,0.2794981896877289,True,0.2794981896877289
0.8198258876800537,7182,0.18017420172691345,True,0.18017420172691345
0.7087433338165283,7183,0.2912566661834717,True,0.2912566661834717
0.4900779128074646,7184,0.5099221467971802,True,0.5099221467971802
0.6104837656021118,7185,0.3895162045955658,True,0.3895162045955658
0.680889904499054,7186,0.3191100060939789,True,0.3191100060939789
0.8014254570007324,7187,0.1985745131969452,True,0.1985745131969452
0.8257178068161011,7188,0.1742822229862213,True,0.1742822229862213
0.7927478551864624,7189,0.20725218951702118,True,0.20725218951702118
0.8266898989677429,7190,0.17331011593341827,True,0.17331011593341827
0.8543583750724792,7191,0.14564162492752075,True,0.14564162492752075
0.7070118188858032,7192,0.2929881811141968,True,0.2929881811141968
0.845471978187561,7193,0.15452800691127777,True,0.15452800691127777
0.6424009203910828,7194,0.357599139213562,True,0.357599139213562
0.8435938358306885,7195,0.15640613436698914,True,0.15640613436698914
0.741782546043396,7196,0.2582174241542816,True,0.2582174241542816
0.9085812568664551,7197,0.09141871333122253,True,0.09141871333122253
0.9108585119247437,7198,0.08914146572351456,True,0.08914146572351456
0.7610522508621216,7199,0.23894768953323364,True,0.23894768953323364
0.536227285861969,7200,0.4637727737426758,True,0.4637727737426758
0.7867159843444824,7201,0.21328404545783997,True,0.21328404545783997
0.7866604924201965,7202,0.21333946287631989,True,0.21333946287631989
0.7596918344497681,7203,0.24030821025371552,True,0.24030821025371552
0.7853497862815857,7204,0.2146502286195755,True,0.2146502286195755
0.7712622880935669,7205,0.2287377119064331,True,0.2287377119064331
0.7963269352912903,7206,0.20367303490638733,True,0.20367303490638733
0.0,7207,0.9999999403953552,True,0.9999999403953552
0.8082600235939026,7208,0.1917399764060974,True,0.1917399764060974
0.8128505945205688,7209,0.18714937567710876,True,0.18714937567710876
0.8009068965911865,7210,0.19909314811229706,True,0.19909314811229706
0.6029255390167236,7211,0.397074431180954,True,0.397074431180954
0.7265155911445618,7212,0.27348437905311584,True,0.27348437905311584
0.8265486359596252,7213,0.17345133423805237,True,0.17345133423805237
0.6004417538642883,7214,0.39955830574035645,True,0.39955830574035645
0.7765849232673645,7215,0.22341524064540863,True,0.22341524064540863
0.10480421781539917,7216,0.8951957821846008,True,0.8951957821846008
0.4801156520843506,7217,0.5198843479156494,True,0.5198843479156494
0.8486047387123108,7218,0.1513952761888504,True,0.1513952761888504
0.8322219252586365,7219,0.1677781045436859,True,0.1677781045436859
0.5442394018173218,7220,0.45576053857803345,True,0.45576053857803345
0.633655309677124,7221,0.3663446605205536,True,0.3663446605205536
0.5295487642288208,7222,0.4704512357711792,True,0.4704512357711792
0.6053497791290283,7223,0.3946501314640045,True,0.3946501314640045
0.8876303434371948,7224,0.11236967891454697,True,0.11236967891454697
0.4554075598716736,7225,0.5445924401283264,True,0.5445924401283264
0.7504063248634338,7226,0.2495936155319214,True,0.2495936155319214
0.6299779415130615,7227,0.37002211809158325,True,0.37002211809158325
0.9146691560745239,7228,0.08533093333244324,True,0.08533093333244324
0.6499497890472412,7229,0.350050151348114,True,0.350050151348114
0.7674431800842285,7230,0.23255684971809387,True,0.23255684971809387
0.7504512071609497,7231,0.24954883754253387,True,0.24954883754253387
0.8461893796920776,7232,0.1538105458021164,True,0.1538105458021164
0.8695365786552429,7233,0.1304633617401123,True,0.1304633617401123
0.7739907503128052,7234,0.22600921988487244,True,0.22600921988487244
0.699522852897644,7235,0.30047717690467834,True,0.30047717690467834
0.7447938919067383,7236,0.2552061378955841,True,0.2552061378955841
0.9344539642333984,7237,0.06554600596427917,True,0.06554600596427917
0.802520215511322,7238,0.19747985899448395,True,0.19747985899448395
0.7911360263824463,7239,0.20886407792568207,True,0.20886407792568207
0.5518173575401306,7240,0.4481826424598694,True,0.4481826424598694
0.8039253950119019,7241,0.19607457518577576,True,0.19607457518577576
0.8980924487113953,7242,0.1019076481461525,True,0.1019076481461525
0.7407969832420349,7243,0.2592029869556427,True,0.2592029869556427
0.8965022563934326,7244,0.10349773615598679,True,0.10349773615598679
0.8085904717445374,7245,0.19140949845314026,True,0.19140949845314026
0.8253169655799866,7246,0.17468295991420746,True,0.17468295991420746
0.8193978071212769,7247,0.18060222268104553,True,0.18060222268104553
0.8933912515640259,7248,0.1066088080406189,True,0.1066088080406189
0.6818636655807495,7249,0.3181362748146057,True,0.3181362748146057
0.6532580852508545,7250,0.3467419147491455,True,0.3467419147491455
0.8443637490272522,7251,0.1556362509727478,True,0.1556362509727478
0.8331028819084167,7252,0.16689710319042206,True,0.16689710319042206
0.8686676025390625,7253,0.1313323676586151,True,0.1313323676586151
0.7545515298843384,7254,0.24544839560985565,True,0.24544839560985565
0.9478539824485779,7255,0.05214601382613182,True,0.05214601382613182
0.8725230097770691,7256,0.12747704982757568,True,0.12747704982757568
0.8250083923339844,7257,0.17499157786369324,True,0.17499157786369324
0.6902046799659729,7258,0.3097953200340271,True,0.3097953200340271
0.6497878432273865,7259,0.3502121865749359,True,0.3502121865749359
0.8144965767860413,7260,0.18550342321395874,True,0.18550342321395874
0.3905148506164551,7261,0.6094851493835449,True,0.6094851493835449
0.9396229982376099,7262,0.06037696823477745,True,0.06037696823477745
0.6605383157730103,7263,0.33946168422698975,True,0.33946168422698975
0.8543211817741394,7264,0.1456787884235382,True,0.1456787884235382
0.6448811888694763,7265,0.3551188111305237,True,0.3551188111305237
0.7562694549560547,7266,0.24373053014278412,True,0.24373053014278412
0.900480329990387,7267,0.09951967746019363,True,0.09951967746019363
0.7561779022216797,7268,0.2438221126794815,True,0.2438221126794815
0.7039581537246704,7269,0.2960417866706848,True,0.2960417866706848
0.8888682126998901,7270,0.11113181710243225,True,0.11113181710243225
0.8191085457801819,7271,0.1808914840221405,True,0.1808914840221405
0.8346455097198486,7272,0.16535446047782898,True,0.16535446047782898
0.38318294286727905,7273,0.6168171167373657,True,0.6168171167373657
0.7724499106407166,7274,0.22755007445812225,True,0.22755007445812225
0.8688676357269287,7275,0.13113237917423248,True,0.13113237917423248
0.9066247940063477,7276,0.09337523579597473,True,0.09337523579597473
0.6693762540817261,7277,0.33062371611595154,True,0.33062371611595154
0.720644474029541,7278,0.27935555577278137,True,0.27935555577278137
0.8471652865409851,7279,0.15283474326133728,True,0.15283474326133728
0.8600553274154663,7280,0.1399446427822113,True,0.1399446427822113
0.739830493927002,7281,0.2601694166660309,True,0.2601694166660309
0.9234577417373657,7282,0.07654223591089249,True,0.07654223591089249
0.8651161789894104,7283,0.13488374650478363,True,0.13488374650478363
0.6338008046150208,7284,0.36619916558265686,True,0.36619916558265686
0.9011427760124207,7285,0.09885717183351517,True,0.09885717183351517
0.8899005651473999,7286,0.11009944975376129,True,0.11009944975376129
0.6549654603004456,7287,0.34503453969955444,True,0.34503453969955444
0.843259871006012,7288,0.15674017369747162,True,0.15674017369747162
0.7168719172477722,7289,0.28312814235687256,True,0.28312814235687256
0.843625545501709,7290,0.1563744693994522,True,0.1563744693994522
0.775524377822876,7291,0.2244756519794464,True,0.2244756519794464
0.8414743542671204,7292,0.15852567553520203,True,0.15852567553520203
0.727239727973938,7293,0.2727603018283844,True,0.2727603018283844
0.6189507246017456,7294,0.381049245595932,True,0.381049245595932
0.7964226007461548,7295,0.20357739925384521,True,0.20357739925384521
0.8174746632575989,7296,0.18252533674240112,True,0.18252533674240112
0.7507221698760986,7297,0.2492777705192566,True,0.2492777705192566
0.9158244132995605,7298,0.08417563885450363,True,0.08417563885450363
0.8557415008544922,7299,0.14425857365131378,True,0.14425857365131378
0.8569603562355042,7300,0.14303965866565704,True,0.14303965866565704
0.7785192131996155,7301,0.2214808464050293,True,0.2214808464050293
0.6433579921722412,7302,0.3566420078277588,True,0.3566420078277588
0.9176398515701294,7303,0.0823601633310318,True,0.0823601633310318
0.6781627535820007,7304,0.32183727622032166,True,0.32183727622032166
0.775180459022522,7305,0.22481945157051086,True,0.22481945157051086
0.853147566318512,7306,0.1468524932861328,True,0.1468524932861328
0.5177803039550781,7307,0.48221975564956665,True,0.48221975564956665
0.7140063047409058,7308,0.2859937250614166,True,0.2859937250614166
0.8385139107704163,7309,0.16148607432842255,True,0.16148607432842255
0.8757419586181641,7310,0.12425797432661057,True,0.12425797432661057
0.7221384048461914,7311,0.27786165475845337,True,0.27786165475845337
0.8508565425872803,7312,0.14914345741271973,True,0.14914345741271973
0.5837732553482056,7313,0.4162267744541168,True,0.4162267744541168
0.8275426626205444,7314,0.17245739698410034,True,0.17245739698410034
0.7775043249130249,7315,0.2224956750869751,True,0.2224956750869751
0.509035587310791,7316,0.4909643232822418,True,0.4909643232822418
0.6419016122817993,7317,0.35809844732284546,True,0.35809844732284546
0.7566192150115967,7318,0.24338072538375854,True,0.24338072538375854
0.8918750286102295,7319,0.10812497138977051,True,0.10812497138977051
0.7312347888946533,7320,0.2687652111053467,True,0.2687652111053467
0.6512665152549744,7321,0.34873348474502563,True,0.34873348474502563
0.6302553415298462,7322,0.36974456906318665,True,0.36974456906318665
0.8249870538711548,7323,0.1750129610300064,True,0.1750129610300064
0.7029356956481934,7324,0.29706427454948425,True,0.29706427454948425
0.8847275376319885,7325,0.11527250707149506,True,0.11527250707149506
0.6689407825469971,7326,0.33105921745300293,True,0.33105921745300293
0.6186789870262146,7327,0.3813210725784302,True,0.3813210725784302
0.5402899980545044,7328,0.4597100019454956,True,0.4597100019454956
0.8412066698074341,7329,0.15879330039024353,True,0.15879330039024353
0.733913004398346,7330,0.26608699560165405,True,0.26608699560165405
0.7475005388259888,7331,0.25249937176704407,True,0.25249937176704407
0.8819271326065063,7332,0.11807291954755783,True,0.11807291954755783
0.8267135620117188,7333,0.17328645288944244,True,0.17328645288944244
0.9225881695747375,7334,0.07741180062294006,True,0.07741180062294006
0.33937638998031616,7335,0.6606236100196838,True,0.6606236100196838
0.9268925786018372,7336,0.07310739904642105,True,0.07310739904642105
0.842531681060791,7337,0.1574682891368866,True,0.1574682891368866
0.8325719833374023,7338,0.16742800176143646,True,0.16742800176143646
0.7685017585754395,7339,0.23149815201759338,True,0.23149815201759338
0.7930519580841064,7340,0.20694807171821594,True,0.20694807171821594
0.7101500034332275,7341,0.28984999656677246,True,0.28984999656677246
0.8028184175491333,7342,0.1971815675497055,True,0.1971815675497055
0.9058785438537598,7343,0.09412146359682083,True,0.09412146359682083
0.8799097537994385,7344,0.12009028345346451,True,0.12009028345346451
0.7181621789932251,7345,0.2818378806114197,True,0.2818378806114197
0.6508270502090454,7346,0.3491729497909546,True,0.3491729497909546
0.7531065940856934,7347,0.24689330160617828,True,0.24689330160617828
0.6623471975326538,7348,0.33765286207199097,True,0.33765286207199097
0.8847464919090271,7349,0.11525344848632812,True,0.11525344848632812
0.7644538283348083,7350,0.23554617166519165,True,0.23554617166519165
0.8538327217102051,7351,0.14616727828979492,True,0.14616727828979492
0.3321680426597595,7352,0.6678319573402405,True,0.6678319573402405
0.8295628428459167,7353,0.17043714225292206,True,0.17043714225292206
0.7215420007705688,7354,0.27845796942710876,True,0.27845796942710876
0.8869560956954956,7355,0.11304396390914917,True,0.11304396390914917
0.6620320081710815,7356,0.33796802163124084,True,0.33796802163124084
0.7460578680038452,7357,0.25394207239151,True,0.25394207239151
0.545545756816864,7358,0.4544542729854584,True,0.4544542729854584
0.8564186096191406,7359,0.14358142018318176,True,0.14358142018318176
0.7431275844573975,7360,0.2568724453449249,True,0.2568724453449249
0.9140138626098633,7361,0.08598615974187851,True,0.08598615974187851
0.8533622622489929,7362,0.14663781225681305,True,0.14663781225681305
0.8048988580703735,7363,0.19510111212730408,True,0.19510111212730408
0.8610644936561584,7364,0.13893547654151917,True,0.13893547654151917
0.8622320890426636,7365,0.1377679854631424,True,0.1377679854631424
0.3856555223464966,7366,0.6143444776535034,True,0.6143444776535034
0.8707678318023682,7367,0.12923216819763184,True,0.12923216819763184
0.7926446199417114,7368,0.20735538005828857,True,0.20735538005828857
0.8429374098777771,7369,0.15706267952919006,True,0.15706267952919006
0.8301312923431396,7370,0.16986864805221558,True,0.16986864805221558
0.8058493733406067,7371,0.19415071606636047,True,0.19415071606636047
0.9035500884056091,7372,0.09644992649555206,True,0.09644992649555206
0.929458498954773,7373,0.07054151594638824,True,0.07054151594638824
0.8739713430404663,7374,0.12602867186069489,True,0.12602867186069489
0.7461950182914734,7375,0.253805011510849,True,0.253805011510849
0.8827293515205383,7376,0.11727063357830048,True,0.11727063357830048
0.8419749736785889,7377,0.15802492201328278,True,0.15802492201328278
0.8522824048995972,7378,0.1477176994085312,True,0.1477176994085312
0.8574422597885132,7379,0.14255769550800323,True,0.14255769550800323
0.7355443239212036,7380,0.2644557058811188,True,0.2644557058811188
0.590652585029602,7381,0.40934744477272034,True,0.40934744477272034
0.5347622632980347,7382,0.46523773670196533,True,0.46523773670196533
0.6943795680999756,7383,0.305620402097702,True,0.305620402097702
0.8631002902984619,7384,0.1368996798992157,True,0.1368996798992157
0.6827875971794128,7385,0.31721237301826477,True,0.31721237301826477
0.7401902675628662,7386,0.2598097324371338,True,0.2598097324371338
0.7952697277069092,7387,0.20473024249076843,True,0.20473024249076843
0.8562667369842529,7388,0.14373327791690826,True,0.14373327791690826
0.8056951761245728,7389,0.19430482387542725,True,0.19430482387542725
0.8436887860298157,7390,0.15631121397018433,True,0.15631121397018433
0.7693086266517639,7391,0.2306913286447525,True,0.2306913286447525
0.4800717234611511,7392,0.5199282765388489,True,0.5199282765388489
0.8395479321479797,7393,0.16045206785202026,True,0.16045206785202026
0.7492446303367615,7394,0.2507553696632385,True,0.2507553696632385
0.7245596647262573,7395,0.2754403352737427,True,0.2754403352737427
0.7965711355209351,7396,0.20342880487442017,True,0.20342880487442017
0.9090076684951782,7397,0.09099230915307999,True,0.09099230915307999
0.8753988146781921,7398,0.12460120767354965,True,0.12460120767354965
0.574974536895752,7399,0.42502540349960327,True,0.42502540349960327
0.7242982983589172,7400,0.27570176124572754,True,0.27570176124572754
0.8932334184646606,7401,0.10676666349172592,True,0.10676666349172592
0.7424622178077698,7402,0.25753772258758545,True,0.25753772258758545
0.837070643901825,7403,0.16292937099933624,True,0.16292937099933624
0.8096123933792114,7404,0.1903875768184662,True,0.1903875768184662
0.8133561611175537,7405,0.1866438388824463,True,0.1866438388824463
0.5794031620025635,7406,0.42059680819511414,True,0.42059680819511414
0.6304997801780701,7407,0.36950021982192993,True,0.36950021982192993
0.1934870183467865,7408,0.8065130114555359,True,0.8065130114555359
0.7598927021026611,7409,0.24010737240314484,True,0.24010737240314484
0.892775297164917,7410,0.10722474753856659,True,0.10722474753856659
0.9356285929679871,7411,0.06437139958143234,True,0.06437139958143234
0.87269127368927,7412,0.127308651804924,True,0.127308651804924
0.66961669921875,7413,0.33038330078125,True,0.33038330078125
0.6568571925163269,7414,0.3431428074836731,True,0.3431428074836731
0.7507312297821045,7415,0.24926884472370148,True,0.24926884472370148
0.5293096303939819,7416,0.4706903398036957,True,0.4706903398036957
0.9482595324516296,7417,0.051740407943725586,True,0.051740407943725586
0.7530883550643921,7418,0.2469116449356079,True,0.2469116449356079
0.8101714849472046,7419,0.18982847034931183,True,0.18982847034931183
0.7981144785881042,7420,0.20188547670841217,True,0.20188547670841217
0.7190253734588623,7421,0.2809745669364929,True,0.2809745669364929
0.8254684209823608,7422,0.17453160881996155,True,0.17453160881996155
0.7286779880523682,7423,0.27132201194763184,True,0.27132201194763184
0.722343385219574,7424,0.27765655517578125,True,0.27765655517578125
0.7799342274665833,7425,0.22006583213806152,True,0.22006583213806152
0.624954104423523,7426,0.37504589557647705,True,0.37504589557647705
0.8511691093444824,7427,0.14883090555667877,True,0.14883090555667877
0.7687051296234131,7428,0.2312948852777481,True,0.2312948852777481
0.8860448598861694,7429,0.11395510286092758,True,0.11395510286092758
0.7179932594299316,7430,0.2820066809654236,True,0.2820066809654236
0.7865604162216187,7431,0.21343958377838135,True,0.21343958377838135
0.9215748310089111,7432,0.07842520624399185,True,0.07842520624399185
0.4838464558124542,7433,0.5161535739898682,True,0.5161535739898682
0.8645845651626587,7434,0.13541534543037415,True,0.13541534543037415
0.7600736618041992,7435,0.23992638289928436,True,0.23992638289928436
0.8224246501922607,7436,0.17757540941238403,True,0.17757540941238403
0.9173306226730347,7437,0.08266939222812653,True,0.08266939222812653
0.9253780841827393,7438,0.07462193071842194,True,0.07462193071842194
0.9395359754562378,7439,0.0604640357196331,True,0.0604640357196331
0.8992506861686707,7440,0.1007491946220398,True,0.1007491946220398
0.7359937429428101,7441,0.26400628685951233,True,0.26400628685951233
0.569720447063446,7442,0.43027961254119873,True,0.43027961254119873
0.8231089115142822,7443,0.17689110338687897,True,0.17689110338687897
0.8148528337478638,7444,0.18514719605445862,True,0.18514719605445862
0.0,7445,0.9999998807907104,True,0.9999998807907104
0.6490535736083984,7446,0.35094648599624634,True,0.35094648599624634
0.7581192851066589,7447,0.24188071489334106,True,0.24188071489334106
0.7313395738601685,7448,0.26866042613983154,True,0.26866042613983154
0.8967262506484985,7449,0.10327376425266266,True,0.10327376425266266
0.7500784397125244,7450,0.24992157518863678,True,0.24992157518863678
0.6753718852996826,7451,0.3246281147003174,True,0.3246281147003174
0.6868692636489868,7452,0.3131307363510132,True,0.3131307363510132
0.9554839730262756,7453,0.044516026973724365,True,0.044516026973724365
0.5845125913619995,7454,0.4154874384403229,True,0.4154874384403229
0.7912963032722473,7455,0.2087036818265915,True,0.2087036818265915
0.5476604700088501,7456,0.4523395299911499,True,0.4523395299911499
0.7345311045646667,7457,0.26546886563301086,True,0.26546886563301086
0.7622861862182617,7458,0.2377137839794159,True,0.2377137839794159
0.9648793935775757,7459,0.035120610147714615,True,0.035120610147714615
0.8129053115844727,7460,0.18709470331668854,True,0.18709470331668854
0.6776265501976013,7461,0.3223734498023987,True,0.3223734498023987
0.8549200296401978,7462,0.14507995545864105,True,0.14507995545864105
0.8489327430725098,7463,0.15106727182865143,True,0.15106727182865143
0.868623673915863,7464,0.13137632608413696,True,0.13137632608413696
0.638137936592102,7465,0.3618620038032532,True,0.3618620038032532
0.8669137954711914,7466,0.1330861747264862,True,0.1330861747264862
0.8132688999176025,7467,0.18673105537891388,True,0.18673105537891388
0.8862713575363159,7468,0.11372863501310349,True,0.11372863501310349
0.8064125776290894,7469,0.19358745217323303,True,0.19358745217323303
0.7871593236923218,7470,0.21284066140651703,True,0.21284066140651703
0.6149613261222839,7471,0.38503867387771606,True,0.38503867387771606
0.8432869911193848,7472,0.15671299397945404,True,0.15671299397945404
0.6357373595237732,7473,0.36426255106925964,True,0.36426255106925964
0.8505353927612305,7474,0.14946462213993073,True,0.14946462213993073
0.8701885938644409,7475,0.12981142103672028,True,0.12981142103672028
0.6529911160469055,7476,0.34700894355773926,True,0.34700894355773926
0.6566483378410339,7477,0.34335166215896606,True,0.34335166215896606
0.8178502321243286,7478,0.18214985728263855,True,0.18214985728263855
0.0,7479,1.0,True,1.0
0.6471930146217346,7480,0.35280704498291016,True,0.35280704498291016
0.6791253089904785,7481,0.32087475061416626,True,0.32087475061416626
0.8730168342590332,7482,0.12698328495025635,True,0.12698328495025635
0.785927414894104,7483,0.214072585105896,True,0.214072585105896
0.8609686493873596,7484,0.1390313059091568,True,0.1390313059091568
0.9265206456184387,7485,0.07347935438156128,True,0.07347935438156128
0.8585613369941711,7486,0.14143867790699005,True,0.14143867790699005
0.717941403388977,7487,0.2820585370063782,True,0.2820585370063782
0.8034862875938416,7488,0.19651372730731964,True,0.19651372730731964
0.8094583749771118,7489,0.190541610121727,True,0.190541610121727
0.8351337909698486,7490,0.16486620903015137,True,0.16486620903015137
0.5562999248504639,7491,0.44369998574256897,True,0.44369998574256897
0.892016589641571,7492,0.10798332095146179,True,0.10798332095146179
0.837617039680481,7493,0.16238296031951904,True,0.16238296031951904
0.6619001030921936,7494,0.3380998969078064,True,0.3380998969078064
0.6434096097946167,7495,0.35659047961235046,True,0.35659047961235046
0.7136025428771973,7496,0.28639742732048035,True,0.28639742732048035
0.6336022019386292,7497,0.36639782786369324,True,0.36639782786369324
0.847661018371582,7498,0.15233904123306274,True,0.15233904123306274
0.8263387680053711,7499,0.17366129159927368,True,0.17366129159927368
0.6891241669654846,7500,0.310875803232193,True,0.310875803232193
0.5925774574279785,7501,0.4074225425720215,True,0.4074225425720215
0.7908520698547363,7502,0.20914793014526367,True,0.20914793014526367
0.8774185180664062,7503,0.12258151173591614,True,0.12258151173591614
0.946650505065918,7504,0.05334945023059845,True,0.05334945023059845
0.8174734711647034,7505,0.18252648413181305,True,0.18252648413181305
0.7549626231193542,7506,0.24503737688064575,True,0.24503737688064575
0.9078395962715149,7507,0.09216044843196869,True,0.09216044843196869
0.8655592203140259,7508,0.1344408243894577,True,0.1344408243894577
0.5082424283027649,7509,0.4917576313018799,True,0.4917576313018799
0.7513605356216431,7510,0.24863949418067932,True,0.24863949418067932
0.8970215320587158,7511,0.10297839343547821,True,0.10297839343547821
0.8013722896575928,7512,0.19862771034240723,True,0.19862771034240723
0.784828245639801,7513,0.21517175436019897,True,0.21517175436019897
0.6070075035095215,7514,0.3929925560951233,True,0.3929925560951233
0.7735003232955933,7515,0.22649967670440674,True,0.22649967670440674
0.5779855847358704,7516,0.42201438546180725,True,0.42201438546180725
0.7444055080413818,7517,0.25559449195861816,True,0.25559449195861816
0.8454931378364563,7518,0.1545068770647049,True,0.1545068770647049
0.8646628856658936,7519,0.13533709943294525,True,0.13533709943294525
0.8069596290588379,7520,0.1930403709411621,True,0.1930403709411621
0.6640914678573608,7521,0.3359085023403168,True,0.3359085023403168
0.8176095485687256,7522,0.18239040672779083,True,0.18239040672779083
0.6467992067337036,7523,0.3532008230686188,True,0.3532008230686188
0.9132112860679626,7524,0.08678868412971497,True,0.08678868412971497
0.9144083261489868,7525,0.0855916365981102,True,0.0855916365981102
0.865776002407074,7526,0.13422399759292603,True,0.13422399759292603
0.2080668956041336,7527,0.7919330596923828,True,0.7919330596923828
0.7501347064971924,7528,0.24986523389816284,True,0.24986523389816284
0.5239254236221313,7529,0.47607454657554626,True,0.47607454657554626
0.6447932124137878,7530,0.35520678758621216,True,0.35520678758621216
0.809314489364624,7531,0.1906854510307312,True,0.1906854510307312
0.6802167892456055,7532,0.31978321075439453,True,0.31978321075439453
0.9201568365097046,7533,0.07984324544668198,True,0.07984324544668198
0.5082494616508484,7534,0.49175047874450684,True,0.49175047874450684
0.831215500831604,7535,0.16878454387187958,True,0.16878454387187958
0.7318317890167236,7536,0.26816824078559875,True,0.26816824078559875
0.10657989233732224,7537,0.8934201002120972,True,0.8934201002120972
0.8627253770828247,7538,0.13727466762065887,True,0.13727466762065887
0.8145325183868408,7539,0.1854674518108368,True,0.1854674518108368
0.5407671928405762,7540,0.4592328369617462,True,0.4592328369617462
0.9373874068260193,7541,0.06261258572340012,True,0.06261258572340012
0.8483617901802063,7542,0.1516381800174713,True,0.1516381800174713
0.7751513719558716,7543,0.22484853863716125,True,0.22484853863716125
0.8631166219711304,7544,0.1368834525346756,True,0.1368834525346756
0.836593508720398,7545,0.16340647637844086,True,0.16340647637844086
0.7878914475440979,7546,0.2121085375547409,True,0.2121085375547409
0.5046919584274292,7547,0.4953080117702484,True,0.4953080117702484
0.7403641939163208,7548,0.2596357762813568,True,0.2596357762813568
0.8156797885894775,7549,0.18432021141052246,True,0.18432021141052246
0.868801474571228,7550,0.13119858503341675,True,0.13119858503341675
0.599523663520813,7551,0.4004764258861542,True,0.4004764258861542
0.9346448183059692,7552,0.06535527855157852,True,0.06535527855157852
0.8604453802108765,7553,0.13955453038215637,True,0.13955453038215637
0.784796953201294,7554,0.21520304679870605,True,0.21520304679870605
0.7197839617729187,7555,0.2802160382270813,True,0.2802160382270813
0.8691481351852417,7556,0.1308518350124359,True,0.1308518350124359
0.6035885214805603,7557,0.3964114785194397,True,0.3964114785194397
0.6445891261100769,7558,0.3554108440876007,True,0.3554108440876007
0.6238190531730652,7559,0.3761809170246124,True,0.3761809170246124
0.7748165130615234,7560,0.22518347203731537,True,0.22518347203731537
0.8648139834403992,7561,0.13518601655960083,True,0.13518601655960083
0.9235101342201233,7562,0.07648984342813492,True,0.07648984342813492
0.6156548261642456,7563,0.3843451738357544,True,0.3843451738357544
0.7627827525138855,7564,0.23721721768379211,True,0.23721721768379211
0.8492411375045776,7565,0.15075889229774475,True,0.15075889229774475
0.670905590057373,7566,0.3290943503379822,True,0.3290943503379822
0.8787345886230469,7567,0.1212654560804367,True,0.1212654560804367
0.5825022459030151,7568,0.4174977242946625,True,0.4174977242946625
0.792366623878479,7569,0.2076333612203598,True,0.2076333612203598
0.7093847990036011,7570,0.2906152307987213,True,0.2906152307987213
0.6732336282730103,7571,0.32676637172698975,True,0.32676637172698975
0.7247793078422546,7572,0.275220662355423,True,0.275220662355423
0.8099130392074585,7573,0.19008693099021912,True,0.19008693099021912
0.5782705545425415,7574,0.4217294454574585,True,0.4217294454574585
0.6982549428939819,7575,0.30174505710601807,True,0.30174505710601807
0.8034368753433228,7576,0.19656309485435486,True,0.19656309485435486
0.7666321992874146,7577,0.23336778581142426,True,0.23336778581142426
0.6541366577148438,7578,0.3458632826805115,True,0.3458632826805115
0.6651372909545898,7579,0.33486270904541016,True,0.33486270904541016
0.8774000406265259,7580,0.1225999966263771,True,0.1225999966263771
0.8411977291107178,7581,0.1588023155927658,True,0.1588023155927658
0.7975090146064758,7582,0.2024909406900406,True,0.2024909406900406
0.6174272298812866,7583,0.38257279992103577,True,0.38257279992103577
0.564787745475769,7584,0.4352121949195862,True,0.4352121949195862
0.6567054986953735,7585,0.3432944715023041,True,0.3432944715023041
0.6628134250640869,7586,0.3371865749359131,True,0.3371865749359131
0.8028340339660645,7587,0.19716595113277435,True,0.19716595113277435
0.7042593359947205,7588,0.29574066400527954,True,0.29574066400527954
0.7945130467414856,7589,0.20548692345619202,True,0.20548692345619202
0.8664289712905884,7590,0.1335710734128952,True,0.1335710734128952
0.6979678273200989,7591,0.3020322620868683,True,0.3020322620868683
0.6206221580505371,7592,0.3793778717517853,True,0.3793778717517853
0.7285401225090027,7593,0.27145978808403015,True,0.27145978808403015
0.6835364103317261,7594,0.31646355986595154,True,0.31646355986595154
0.659953773021698,7595,0.3400461673736572,True,0.3400461673736572
0.8418596982955933,7596,0.15814033150672913,True,0.15814033150672913
0.6786872148513794,7597,0.3213128447532654,True,0.3213128447532654
0.5041991472244263,7598,0.49580085277557373,True,0.49580085277557373
0.8220845460891724,7599,0.1779155135154724,True,0.1779155135154724
0.7987345457077026,7600,0.20126545429229736,True,0.20126545429229736
0.9091532230377197,7601,0.09084679186344147,True,0.09084679186344147
0.5953519344329834,7602,0.4046480655670166,True,0.4046480655670166
0.7312852144241333,7603,0.2687147855758667,True,0.2687147855758667
0.795131266117096,7604,0.20486876368522644,True,0.20486876368522644
0.5231536030769348,7605,0.47684645652770996,True,0.47684645652770996
0.5619276762008667,7606,0.4380723834037781,True,0.4380723834037781
0.5892603993415833,7607,0.41073960065841675,True,0.41073960065841675
0.9180577397346497,7608,0.08194227516651154,True,0.08194227516651154
0.7019737958908081,7609,0.2980261445045471,True,0.2980261445045471
0.924026608467102,7610,0.07597343623638153,True,0.07597343623638153
0.5459187626838684,7611,0.454081267118454,True,0.454081267118454
0.8243918418884277,7612,0.17560818791389465,True,0.17560818791389465
0.8724378347396851,7613,0.12756219506263733,True,0.12756219506263733
0.8971891403198242,7614,0.10281087458133698,True,0.10281087458133698
0.7330708503723145,7615,0.26692909002304077,True,0.26692909002304077
0.7096279859542847,7616,0.29037198424339294,True,0.29037198424339294
0.6897020936012268,7617,0.3102978765964508,True,0.3102978765964508
0.8852564096450806,7618,0.11474359035491943,True,0.11474359035491943
0.7919535636901855,7619,0.20804649591445923,True,0.20804649591445923
0.8060021996498108,7620,0.19399775564670563,True,0.19399775564670563
0.8975449800491333,7621,0.10245499014854431,True,0.10245499014854431
0.7107800245285034,7622,0.2892199754714966,True,0.2892199754714966
0.9042158126831055,7623,0.09578414261341095,True,0.09578414261341095
0.8849307298660278,7624,0.11506921797990799,True,0.11506921797990799
0.8174343109130859,7625,0.18256567418575287,True,0.18256567418575287
0.9464846253395081,7626,0.05351538211107254,True,0.05351538211107254
0.7934314012527466,7627,0.20656850934028625,True,0.20656850934028625
0.9350992441177368,7628,0.06490075588226318,True,0.06490075588226318
0.4996718764305115,7629,0.5003280639648438,True,0.5003280639648438
0.8025040626525879,7630,0.19749589264392853,True,0.19749589264392853
0.7423386573791504,7631,0.257661372423172,True,0.257661372423172
0.868195652961731,7632,0.13180440664291382,True,0.13180440664291382
0.7169222831726074,7633,0.2830777168273926,True,0.2830777168273926
0.8686176538467407,7634,0.13138242065906525,True,0.13138242065906525
0.7849747538566589,7635,0.21502520143985748,True,0.21502520143985748
0.9221570491790771,7636,0.07784294337034225,True,0.07784294337034225
0.8034611940383911,7637,0.1965387910604477,True,0.1965387910604477
0.6514371633529663,7638,0.3485628366470337,True,0.3485628366470337
0.5956320762634277,7639,0.4043678343296051,True,0.4043678343296051
0.0,7640,0.9999999403953552,True,0.9999999403953552
0.8746960163116455,7641,0.1253039538860321,True,0.1253039538860321
0.879746675491333,7642,0.12025322765111923,True,0.12025322765111923
0.7782098054885864,7643,0.22179023921489716,True,0.22179023921489716
0.38840630650520325,7644,0.6115937232971191,True,0.6115937232971191
0.8505570292472839,7645,0.14944298565387726,True,0.14944298565387726
0.7975080609321594,7646,0.20249195396900177,True,0.20249195396900177
0.8807922601699829,7647,0.11920773983001709,True,0.11920773983001709
0.7123664617538452,7648,0.2876335084438324,True,0.2876335084438324
0.5511285066604614,7649,0.44887155294418335,True,0.44887155294418335
0.6962324976921082,7650,0.30376750230789185,True,0.30376750230789185
0.6302880048751831,7651,0.3697119653224945,True,0.3697119653224945
0.9389405250549316,7652,0.06105949729681015,True,0.06105949729681015
0.8507633805274963,7653,0.14923664927482605,True,0.14923664927482605
0.7001512050628662,7654,0.2998488247394562,True,0.2998488247394562
0.7802726626396179,7655,0.2197273224592209,True,0.2197273224592209
0.9054693579673767,7656,0.09453067183494568,True,0.09453067183494568
0.17912615835666656,7657,0.8208738565444946,True,0.8208738565444946
0.9451721906661987,7658,0.05482783168554306,True,0.05482783168554306
0.6055002808570862,7659,0.39449965953826904,True,0.39449965953826904
0.8554177284240723,7660,0.14458231627941132,True,0.14458231627941132
0.6493388414382935,7661,0.3506612181663513,True,0.3506612181663513
0.504187822341919,7662,0.49581217765808105,True,0.49581217765808105
0.6395646333694458,7663,0.3604353666305542,True,0.3604353666305542
0.4808500111103058,7664,0.5191500186920166,True,0.5191500186920166
0.6454432606697083,7665,0.35455673933029175,True,0.35455673933029175
0.5971419811248779,7666,0.40285810828208923,True,0.40285810828208923
0.5490138530731201,7667,0.45098626613616943,True,0.45098626613616943
0.0,7668,1.0,True,1.0
0.8365170359611511,7669,0.16348297894001007,True,0.16348297894001007
0.8375942707061768,7670,0.16240575909614563,True,0.16240575909614563
0.8726596236228943,7671,0.1273404210805893,True,0.1273404210805893
0.7588679790496826,7672,0.24113202095031738,True,0.24113202095031738
0.4682251811027527,7673,0.5317747592926025,True,0.5317747592926025
0.5816981196403503,7674,0.41830185055732727,True,0.41830185055732727
0.7087056636810303,7675,0.2912943959236145,True,0.2912943959236145
0.782729983329773,7676,0.21726994216442108,True,0.21726994216442108
0.8432484269142151,7677,0.15675154328346252,True,0.15675154328346252
0.9064254760742188,7678,0.09357459098100662,True,0.09357459098100662
0.6952325701713562,7679,0.3047674894332886,True,0.3047674894332886
0.7170392870903015,7680,0.2829606831073761,True,0.2829606831073761
0.5128570795059204,7681,0.48714298009872437,True,0.48714298009872437
0.8432819843292236,7682,0.15671803057193756,True,0.15671803057193756
0.6894950866699219,7683,0.3105050027370453,True,0.3105050027370453
0.7533056139945984,7684,0.24669437110424042,True,0.24669437110424042
0.8794893622398376,7685,0.12051070481538773,True,0.12051070481538773
0.8581273555755615,7686,0.14187268912792206,True,0.14187268912792206
0.9019299745559692,7687,0.09807001799345016,True,0.09807001799345016
0.7943345308303833,7688,0.2056654542684555,True,0.2056654542684555
0.7739832997322083,7689,0.22601670026779175,True,0.22601670026779175
0.7247093915939331,7690,0.27529066801071167,True,0.27529066801071167
0.4206758141517639,7691,0.5793242454528809,True,0.5793242454528809
0.7417869567871094,7692,0.258213073015213,True,0.258213073015213
0.6284213066101074,7693,0.37157872319221497,True,0.37157872319221497
0.9069995880126953,7694,0.09300041943788528,True,0.09300041943788528
0.8332747220993042,7695,0.1667252779006958,True,0.1667252779006958
0.6571000814437866,7696,0.34289997816085815,True,0.34289997816085815
0.749199628829956,7697,0.25080031156539917,True,0.25080031156539917
0.5831830501556396,7698,0.4168168902397156,True,0.4168168902397156
0.4683009386062622,7699,0.5316990613937378,True,0.5316990613937378
0.8071156740188599,7700,0.19288431107997894,True,0.19288431107997894
0.8022098541259766,7701,0.19779016077518463,True,0.19779016077518463
0.7121427059173584,7702,0.28785720467567444,True,0.28785720467567444
0.8806782960891724,7703,0.11932176351547241,True,0.11932176351547241
0.6269330978393555,7704,0.3730669319629669,True,0.3730669319629669
0.7767856121063232,7705,0.22321432828903198,True,0.22321432828903198
0.8623163104057312,7706,0.1376837193965912,True,0.1376837193965912
0.8810544610023499,7707,0.11894552409648895,True,0.11894552409648895
0.6845128536224365,7708,0.3154871463775635,True,0.3154871463775635
0.8765369653701782,7709,0.12346309423446655,True,0.12346309423446655
0.8577820658683777,7710,0.14221790432929993,True,0.14221790432929993
0.876704216003418,7711,0.12329583615064621,True,0.12329583615064621
0.693175196647644,7712,0.30682480335235596,True,0.30682480335235596
0.8983964920043945,7713,0.10160352289676666,True,0.10160352289676666
0.5567331314086914,7714,0.4432668685913086,True,0.4432668685913086
0.8811284303665161,7715,0.1188715249300003,True,0.1188715249300003
0.6486616134643555,7716,0.35133838653564453,True,0.35133838653564453
0.8800795078277588,7717,0.11992046236991882,True,0.11992046236991882
0.7881819009780884,7718,0.21181808412075043,True,0.21181808412075043
0.5813169479370117,7719,0.4186830222606659,True,0.4186830222606659
0.7652754783630371,7720,0.2347245067358017,True,0.2347245067358017
0.0,7721,1.0,True,1.0
0.6212005615234375,7722,0.3787993788719177,True,0.3787993788719177
0.8854826092720032,7723,0.11451741307973862,True,0.11451741307973862
0.4084274172782898,7724,0.5915725231170654,True,0.5915725231170654
0.8198380470275879,7725,0.1801619529724121,True,0.1801619529724121
0.5352221131324768,7726,0.4647778272628784,True,0.4647778272628784
0.5750472545623779,7727,0.42495280504226685,True,0.42495280504226685
0.7677563428878784,7728,0.23224373161792755,True,0.23224373161792755
0.8040227890014648,7729,0.19597728550434113,True,0.19597728550434113
0.8915901184082031,7730,0.1084098294377327,True,0.1084098294377327
0.9058219790458679,7731,0.09417805075645447,True,0.09417805075645447
0.4434436559677124,7732,0.5565563440322876,True,0.5565563440322876
0.5062523484230042,7733,0.49374765157699585,True,0.49374765157699585
0.8940455317497253,7734,0.10595443844795227,True,0.10595443844795227
0.8595855236053467,7735,0.1404145210981369,True,0.1404145210981369
0.8544172644615173,7736,0.14558275043964386,True,0.14558275043964386
0.897386908531189,7737,0.10261310636997223,True,0.10261310636997223
0.8602206707000732,7738,0.13977926969528198,True,0.13977926969528198
0.840889573097229,7739,0.1591103971004486,True,0.1591103971004486
0.8105417490005493,7740,0.18945828080177307,True,0.18945828080177307
0.7358521223068237,7741,0.26414796710014343,True,0.26414796710014343
0.7558282613754272,7742,0.24417173862457275,True,0.24417173862457275
0.7560104131698608,7743,0.24398955702781677,True,0.24398955702781677
0.8843748569488525,7744,0.11562508344650269,True,0.11562508344650269
0.8691296577453613,7745,0.13087040185928345,True,0.13087040185928345
0.8863371014595032,7746,0.113662950694561,True,0.113662950694561
0.5403878688812256,7747,0.4596121311187744,True,0.4596121311187744
0.9075971841812134,7748,0.09240269660949707,True,0.09240269660949707
0.8116952776908875,7749,0.18830470740795135,True,0.18830470740795135
0.7925944924354553,7750,0.20740552246570587,True,0.20740552246570587
0.8780456781387329,7751,0.12195439636707306,True,0.12195439636707306
0.7726550102233887,7752,0.2273450642824173,True,0.2273450642824173
0.6954340934753418,7753,0.3045659065246582,True,0.3045659065246582
0.8119156956672668,7754,0.18808430433273315,True,0.18808430433273315
0.8954027891159058,7755,0.10459712892770767,True,0.10459712892770767
0.3450118899345398,7756,0.654988169670105,True,0.654988169670105
0.8546061515808105,7757,0.14539384841918945,True,0.14539384841918945
0.9054152965545654,7758,0.09458473324775696,True,0.09458473324775696
0.7874084711074829,7759,0.21259154379367828,True,0.21259154379367828
0.7530852556228638,7760,0.24691474437713623,True,0.24691474437713623
0.6912667751312256,7761,0.3087332844734192,True,0.3087332844734192
0.8788620233535767,7762,0.12113792449235916,True,0.12113792449235916
0.8760374188423157,7763,0.12396254390478134,True,0.12396254390478134
0.3421395719051361,7764,0.6578603982925415,True,0.6578603982925415
0.8705930709838867,7765,0.12940701842308044,True,0.12940701842308044
0.7312870621681213,7766,0.26871299743652344,True,0.26871299743652344
0.6026653051376343,7767,0.3973346948623657,True,0.3973346948623657
0.7034115195274353,7768,0.2965884804725647,True,0.2965884804725647
0.8803258538246155,7769,0.11967414617538452,True,0.11967414617538452
0.6732127070426941,7770,0.3267872929573059,True,0.3267872929573059
0.5453348159790039,7771,0.4546651244163513,True,0.4546651244163513
0.5174720287322998,7772,0.48252788186073303,True,0.48252788186073303
0.9194154739379883,7773,0.08058463037014008,True,0.08058463037014008
0.5582547187805176,7774,0.4417453408241272,True,0.4417453408241272
0.847623348236084,7775,0.1523766666650772,True,0.1523766666650772
0.7045983076095581,7776,0.2954016327857971,True,0.2954016327857971
0.869679868221283,7777,0.13032019138336182,True,0.13032019138336182
0.6872886419296265,7778,0.3127113878726959,True,0.3127113878726959
0.6845227479934692,7779,0.31547725200653076,True,0.31547725200653076
0.7238568067550659,7780,0.2761431932449341,True,0.2761431932449341
0.910141110420227,7781,0.0898587629199028,True,0.0898587629199028
0.8450331687927246,7782,0.1549668312072754,True,0.1549668312072754
0.8150857090950012,7783,0.18491430580615997,True,0.18491430580615997
0.772908091545105,7784,0.22709190845489502,True,0.22709190845489502
0.7030549645423889,7785,0.29694506525993347,True,0.29694506525993347
0.8066117167472839,7786,0.19338826835155487,True,0.19338826835155487
0.8305181264877319,7787,0.16948196291923523,True,0.16948196291923523
0.9014828205108643,7788,0.09851721674203873,True,0.09851721674203873
0.8401548862457275,7789,0.15984514355659485,True,0.15984514355659485
0.7596827149391174,7790,0.24031728506088257,True,0.24031728506088257
0.8923717141151428,7791,0.10762829333543777,True,0.10762829333543777
0.8421587944030762,7792,0.1578412503004074,True,0.1578412503004074
0.8616913557052612,7793,0.13830861449241638,True,0.13830861449241638
0.8766730427742004,7794,0.12332701683044434,True,0.12332701683044434
0.8554389476776123,7795,0.1445610225200653,True,0.1445610225200653
0.42349013686180115,7796,0.5765098333358765,True,0.5765098333358765
0.9040704965591431,7797,0.09592951089143753,True,0.09592951089143753
0.5488077998161316,7798,0.4511922597885132,True,0.4511922597885132
0.789331316947937,7799,0.21066869795322418,True,0.21066869795322418
0.7650423049926758,7800,0.23495766520500183,True,0.23495766520500183
0.8433254957199097,7801,0.1566745489835739,True,0.1566745489835739
0.6600857973098755,7802,0.3399142622947693,True,0.3399142622947693
0.7874323725700378,7803,0.21256764233112335,True,0.21256764233112335
0.0,7804,0.9999999403953552,True,0.9999999403953552
0.5027313232421875,7805,0.4972687363624573,True,0.4972687363624573
0.689909815788269,7806,0.31009024381637573,True,0.31009024381637573
0.8881248235702515,7807,0.11187514662742615,True,0.11187514662742615
0.7972673773765564,7808,0.2027326226234436,True,0.2027326226234436
0.6521646976470947,7809,0.34783536195755005,True,0.34783536195755005
0.8091161847114563,7810,0.19088375568389893,True,0.19088375568389893
0.7572817802429199,7811,0.24271824955940247,True,0.24271824955940247
0.7141340970993042,7812,0.2858659327030182,True,0.2858659327030182
0.9417963624000549,7813,0.05820365995168686,True,0.05820365995168686
0.6770637035369873,7814,0.3229362964630127,True,0.3229362964630127
0.7344257831573486,7815,0.2655741572380066,True,0.2655741572380066
0.8772901892662048,7816,0.12270981073379517,True,0.12270981073379517
0.7282006740570068,7817,0.2717992961406708,True,0.2717992961406708
0.425420343875885,7818,0.5745797157287598,True,0.5745797157287598
0.836123526096344,7819,0.16387641429901123,True,0.16387641429901123
0.5435914397239685,7820,0.4564085602760315,True,0.4564085602760315
0.8997695446014404,7821,0.10023047775030136,True,0.10023047775030136
0.6425689458847046,7822,0.3574310541152954,True,0.3574310541152954
0.905841588973999,7823,0.09415847808122635,True,0.09415847808122635
0.6674410104751587,7824,0.3325589895248413,True,0.3325589895248413
0.865678071975708,7825,0.1343219131231308,True,0.1343219131231308
0.7839423418045044,7826,0.2160577028989792,True,0.2160577028989792
0.9016153216362,7827,0.09838463366031647,True,0.09838463366031647
0.8477559685707092,7828,0.15224407613277435,True,0.15224407613277435
0.6877506971359253,7829,0.3122493028640747,True,0.3122493028640747
0.9139561057090759,7830,0.08604390919208527,True,0.08604390919208527
0.7661563158035278,7831,0.23384368419647217,True,0.23384368419647217
0.7737375497817993,7832,0.2262624353170395,True,0.2262624353170395
0.7944712042808533,7833,0.20552879571914673,True,0.20552879571914673
0.6067742109298706,7834,0.3932257294654846,True,0.3932257294654846
0.6012206077575684,7835,0.39877942204475403,True,0.39877942204475403
0.933465838432312,7836,0.0665341392159462,True,0.0665341392159462
0.6720229387283325,7837,0.3279770314693451,True,0.3279770314693451
0.5486023426055908,7838,0.45139771699905396,True,0.45139771699905396
0.8174656629562378,7839,0.1825343519449234,True,0.1825343519449234
0.7093640565872192,7840,0.2906359136104584,True,0.2906359136104584
0.2991882860660553,7841,0.7008117437362671,True,0.7008117437362671
0.8973324298858643,7842,0.10266754776239395,True,0.10266754776239395
0.706132173538208,7843,0.29386788606643677,True,0.29386788606643677
0.8460427522659302,7844,0.1539573073387146,True,0.1539573073387146
0.5991407632827759,7845,0.4008592367172241,True,0.4008592367172241
0.8754656910896301,7846,0.1245342567563057,True,0.1245342567563057
0.32402530312538147,7847,0.6759746670722961,True,0.6759746670722961
0.8189310431480408,7848,0.18106888234615326,True,0.18106888234615326
0.8375798463821411,7849,0.16242018342018127,True,0.16242018342018127
0.7967572212219238,7850,0.2032427340745926,True,0.2032427340745926
0.8310906291007996,7851,0.16890932619571686,True,0.16890932619571686
0.8755143880844116,7852,0.12448564916849136,True,0.12448564916849136
0.5909539461135864,7853,0.4090459942817688,True,0.4090459942817688
0.7915074825286865,7854,0.2084924727678299,True,0.2084924727678299
0.3702990412712097,7855,0.6297010183334351,True,0.6297010183334351
0.8972234725952148,7856,0.10277657210826874,True,0.10277657210826874
0.5427311062812805,7857,0.45726895332336426,True,0.45726895332336426
0.8433905839920044,7858,0.15660938620567322,True,0.15660938620567322
0.8291906714439392,7859,0.17080935835838318,True,0.17080935835838318
0.6725847721099854,7860,0.3274151682853699,True,0.3274151682853699
0.5965275168418884,7861,0.4034724533557892,True,0.4034724533557892
0.9313335418701172,7862,0.06866651773452759,True,0.06866651773452759
0.836352527141571,7863,0.16364744305610657,True,0.16364744305610657
0.8891084790229797,7864,0.11089154332876205,True,0.11089154332876205
0.5981391668319702,7865,0.4018608033657074,True,0.4018608033657074
0.5369086861610413,7866,0.46309125423431396,True,0.46309125423431396
0.5896328091621399,7867,0.4103671908378601,True,0.4103671908378601
0.8988693952560425,7868,0.10113063454627991,True,0.10113063454627991
0.7644800543785095,7869,0.23551997542381287,True,0.23551997542381287
0.6472459435462952,7870,0.35275405645370483,True,0.35275405645370483
0.5009247064590454,7871,0.4990752637386322,True,0.4990752637386322
0.1759057343006134,7872,0.824094295501709,True,0.824094295501709
0.8832714557647705,7873,0.1167285218834877,True,0.1167285218834877
0.5833594799041748,7874,0.41664057970046997,True,0.41664057970046997
0.8963127136230469,7875,0.10368718951940536,True,0.10368718951940536
0.3362339437007904,7876,0.6637660264968872,True,0.6637660264968872
0.8828388452529907,7877,0.11716114729642868,True,0.11716114729642868
0.6236476898193359,7878,0.3763522803783417,True,0.3763522803783417
0.7054132223129272,7879,0.29458680748939514,True,0.29458680748939514
0.7746037244796753,7880,0.2253963053226471,True,0.2253963053226471
0.7877001762390137,7881,0.21229985356330872,True,0.21229985356330872
0.856436014175415,7882,0.14356400072574615,True,0.14356400072574615
0.6852229833602905,7883,0.3147769570350647,True,0.3147769570350647
0.7212898135185242,7884,0.2787102460861206,True,0.2787102460861206
0.8511098027229309,7885,0.14889021217823029,True,0.14889021217823029
0.8687241077423096,7886,0.13127589225769043,True,0.13127589225769043
0.9421187043190002,7887,0.057881273329257965,True,0.057881273329257965
0.5726762413978577,7888,0.42732366919517517,True,0.42732366919517517
0.6285353899002075,7889,0.3714646100997925,True,0.3714646100997925
0.6911075711250305,7890,0.30889248847961426,True,0.30889248847961426
0.6179831027984619,7891,0.38201695680618286,True,0.38201695680618286
0.7964355945587158,7892,0.20356445014476776,True,0.20356445014476776
0.8327699899673462,7893,0.16722996532917023,True,0.16722996532917023
0.8594290614128113,7894,0.14057095348834991,True,0.14057095348834991
0.8521896004676819,7895,0.14781038463115692,True,0.14781038463115692
0.8526239395141602,7896,0.14737601578235626,True,0.14737601578235626
0.7674185037612915,7897,0.23258152604103088,True,0.23258152604103088
0.8169978260993958,7898,0.18300209939479828,True,0.18300209939479828
0.39074409008026123,7899,0.609255850315094,True,0.609255850315094
0.7671986222267151,7900,0.23280131816864014,True,0.23280131816864014
0.5800460577011108,7901,0.4199540317058563,True,0.4199540317058563
0.9152981042861938,7902,0.08470194041728973,True,0.08470194041728973
0.8679187297821045,7903,0.13208135962486267,True,0.13208135962486267
0.7781772613525391,7904,0.2218227982521057,True,0.2218227982521057
0.8360558152198792,7905,0.16394414007663727,True,0.16394414007663727
0.9015602469444275,7906,0.09843979775905609,True,0.09843979775905609
0.8928579092025757,7907,0.10714210569858551,True,0.10714210569858551
0.9008350372314453,7908,0.09916490316390991,True,0.09916490316390991
0.8309476375579834,7909,0.169052392244339,True,0.169052392244339
0.769726037979126,7910,0.2302740216255188,True,0.2302740216255188
0.8227719664573669,7911,0.1772279441356659,True,0.1772279441356659
0.7489403486251831,7912,0.2510596513748169,True,0.2510596513748169
0.7602385878562927,7913,0.23976141214370728,True,0.23976141214370728
0.8942940831184387,7914,0.10570594668388367,True,0.10570594668388367
0.859909176826477,7915,0.14009086787700653,True,0.14009086787700653
0.6458241939544678,7916,0.35417577624320984,True,0.35417577624320984
0.8231562376022339,7917,0.1768437772989273,True,0.1768437772989273
0.9001762270927429,7918,0.09982380270957947,True,0.09982380270957947
0.8241060376167297,7919,0.17589394748210907,True,0.17589394748210907
0.8710026144981384,7920,0.12899741530418396,True,0.12899741530418396
0.6494625210762024,7921,0.3505374491214752,True,0.3505374491214752
0.8683246374130249,7922,0.13167527318000793,True,0.13167527318000793
0.785407304763794,7923,0.21459269523620605,True,0.21459269523620605
0.6045272946357727,7924,0.39547279477119446,True,0.39547279477119446
0.9222995042800903,7925,0.07770054787397385,True,0.07770054787397385
0.8232640027999878,7926,0.176735982298851,True,0.176735982298851
0.8207074999809265,7927,0.1792924702167511,True,0.1792924702167511
0.6066874265670776,7928,0.39331257343292236,True,0.39331257343292236
0.6338295340538025,7929,0.36617040634155273,True,0.36617040634155273
0.70631343126297,7930,0.29368650913238525,True,0.29368650913238525
0.8297543525695801,7931,0.1702457070350647,True,0.1702457070350647
0.8297328948974609,7932,0.17026712000370026,True,0.17026712000370026
0.8726844787597656,7933,0.127315491437912,True,0.127315491437912
0.9059419631958008,7934,0.09405805170536041,True,0.09405805170536041
0.8319539427757263,7935,0.16804605722427368,True,0.16804605722427368
0.77291339635849,7936,0.22708655893802643,True,0.22708655893802643
0.9142976403236389,7937,0.08570238947868347,True,0.08570238947868347
0.8854169845581055,7938,0.11458301544189453,True,0.11458301544189453
0.6346526145935059,7939,0.36534738540649414,True,0.36534738540649414
0.8602831959724426,7940,0.13971687853336334,True,0.13971687853336334
0.8664997220039368,7941,0.133500337600708,True,0.133500337600708
0.7143950462341309,7942,0.2856050431728363,True,0.2856050431728363
0.6593904495239258,7943,0.340609610080719,True,0.340609610080719
0.6751281023025513,7944,0.32487180829048157,True,0.32487180829048157
0.8068779110908508,7945,0.1931220442056656,True,0.1931220442056656
0.7289462089538574,7946,0.27105385065078735,True,0.27105385065078735
0.8681674003601074,7947,0.13183261454105377,True,0.13183261454105377
0.886387050151825,7948,0.11361284554004669,True,0.11361284554004669
0.7609307169914246,7949,0.23906925320625305,True,0.23906925320625305
0.8309136629104614,7950,0.16908636689186096,True,0.16908636689186096
0.6486954689025879,7951,0.35130447149276733,True,0.35130447149276733
0.7965371012687683,7952,0.2034628540277481,True,0.2034628540277481
0.732534646987915,7953,0.26746538281440735,True,0.26746538281440735
0.8656651973724365,7954,0.13433484733104706,True,0.13433484733104706
0.5819698572158813,7955,0.41803014278411865,True,0.41803014278411865
0.8507387638092041,7956,0.1492612659931183,True,0.1492612659931183
0.7241294384002686,7957,0.27587056159973145,True,0.27587056159973145
0.70237135887146,7958,0.29762858152389526,True,0.29762858152389526
0.9417141675949097,7959,0.05828585848212242,True,0.05828585848212242
0.8172316551208496,7960,0.18276827037334442,True,0.18276827037334442
0.7061550617218018,7961,0.29384496808052063,True,0.29384496808052063
0.5118480324745178,7962,0.4881519675254822,True,0.4881519675254822
0.4150654077529907,7963,0.5849345922470093,True,0.5849345922470093
0.7768369317054749,7964,0.22316308319568634,True,0.22316308319568634
0.8131741285324097,7965,0.18682587146759033,True,0.18682587146759033
0.575044572353363,7966,0.4249555170536041,True,0.4249555170536041
0.8335038423538208,7967,0.1664961576461792,True,0.1664961576461792
0.5298570394515991,7968,0.4701429605484009,True,0.4701429605484009
0.8743373155593872,7969,0.12566274404525757,True,0.12566274404525757
0.9044522047042847,7970,0.09554771333932877,True,0.09554771333932877
0.5355697870254517,7971,0.46443021297454834,True,0.46443021297454834
0.6413400173187256,7972,0.35865986347198486,True,0.35865986347198486
0.9215862154960632,7973,0.07841381430625916,True,0.07841381430625916
0.8565966486930847,7974,0.1434033066034317,True,0.1434033066034317
0.8493664264678955,7975,0.1506335288286209,True,0.1506335288286209
0.7573098540306091,7976,0.2426900863647461,True,0.2426900863647461
0.7501969337463379,7977,0.24980303645133972,True,0.24980303645133972
0.8010284900665283,7978,0.19897158443927765,True,0.19897158443927765
0.6669169664382935,7979,0.33308306336402893,True,0.33308306336402893
0.7571552395820618,7980,0.242844820022583,True,0.242844820022583
0.7733327150344849,7981,0.22666725516319275,True,0.22666725516319275
0.79698646068573,7982,0.20301344990730286,True,0.20301344990730286
0.5251848101615906,7983,0.4748152196407318,True,0.4748152196407318
0.9034296274185181,7984,0.09657035768032074,True,0.09657035768032074
0.47133854031562805,7985,0.5286614298820496,True,0.5286614298820496
0.6914228200912476,7986,0.30857717990875244,True,0.30857717990875244
0.849358320236206,7987,0.15064167976379395,True,0.15064167976379395
0.6568525433540344,7988,0.34314748644828796,True,0.34314748644828796
0.7835376262664795,7989,0.2164624184370041,True,0.2164624184370041
0.8530474901199341,7990,0.1469525396823883,True,0.1469525396823883
0.7015684843063354,7991,0.29843151569366455,True,0.29843151569366455
0.6231392621994019,7992,0.37686073780059814,True,0.37686073780059814
0.7006382346153259,7993,0.29936182498931885,True,0.29936182498931885
0.0,7994,1.0,True,1.0
0.8392033576965332,7995,0.16079667210578918,True,0.16079667210578918
0.7991011142730713,7996,0.20089884102344513,True,0.20089884102344513
0.7794108986854553,7997,0.22058913111686707,True,0.22058913111686707
0.7785582542419434,7998,0.22144176065921783,True,0.22144176065921783
0.5342726707458496,7999,0.4657273292541504,True,0.4657273292541504
0.8429173827171326,8000,0.15708263218402863,True,0.15708263218402863
0.6658815741539001,8001,0.33411845564842224,True,0.33411845564842224
0.8294988870620728,8002,0.17050109803676605,True,0.17050109803676605
0.7888991832733154,8003,0.21110078692436218,True,0.21110078692436218
0.7020469903945923,8004,0.29795295000076294,True,0.29795295000076294
0.6315761208534241,8005,0.3684238791465759,True,0.3684238791465759
0.7628154754638672,8006,0.2371845543384552,True,0.2371845543384552
0.7805124521255493,8007,0.21948754787445068,True,0.21948754787445068
0.9011370539665222,8008,0.09886292368173599,True,0.09886292368173599
0.858374834060669,8009,0.14162525534629822,True,0.14162525534629822
0.7085719108581543,8010,0.29142820835113525,True,0.29142820835113525
0.8576327562332153,8011,0.14236721396446228,True,0.14236721396446228
0.7238572835922241,8012,0.2761426866054535,True,0.2761426866054535
0.8806182146072388,8013,0.11938177794218063,True,0.11938177794218063
0.7979564666748047,8014,0.2020435333251953,True,0.2020435333251953
0.8127490282058716,8015,0.18725091218948364,True,0.18725091218948364
0.0,8016,1.0,True,1.0
0.8036733865737915,8017,0.19632670283317566,True,0.19632670283317566
0.68925541639328,8018,0.3107444643974304,True,0.3107444643974304
0.9129244089126587,8019,0.0870756283402443,True,0.0870756283402443
0.7355631589889526,8020,0.26443687081336975,True,0.26443687081336975
0.7995842695236206,8021,0.20041577517986298,True,0.20041577517986298
0.8201735615730286,8022,0.17982642352581024,True,0.17982642352581024
0.6723202466964722,8023,0.32767969369888306,True,0.32767969369888306
0.8472373485565186,8024,0.15276257693767548,True,0.15276257693767548
0.6888189315795898,8025,0.31118106842041016,True,0.31118106842041016
0.82171630859375,8026,0.1782836765050888,True,0.1782836765050888
0.8929837942123413,8027,0.1070161908864975,True,0.1070161908864975
0.42650508880615234,8028,0.5734949111938477,True,0.5734949111938477
0.9023425579071045,8029,0.09765744209289551,True,0.09765744209289551
0.8885245323181152,8030,0.11147542297840118,True,0.11147542297840118
0.6631723642349243,8031,0.33682766556739807,True,0.33682766556739807
0.6817455291748047,8032,0.3182545006275177,True,0.3182545006275177
0.8006068468093872,8033,0.19939307868480682,True,0.19939307868480682
0.7742855548858643,8034,0.22571441531181335,True,0.22571441531181335
0.6232262253761292,8035,0.37677380442619324,True,0.37677380442619324
0.7681580781936646,8036,0.23184192180633545,True,0.23184192180633545
0.7834370136260986,8037,0.21656306087970734,True,0.21656306087970734
0.8288153409957886,8038,0.1711846888065338,True,0.1711846888065338
0.8944239616394043,8039,0.1055760458111763,True,0.1055760458111763
0.909510612487793,8040,0.09048934280872345,True,0.09048934280872345
0.48779627680778503,8041,0.5122037529945374,True,0.5122037529945374
0.780383825302124,8042,0.21961617469787598,True,0.21961617469787598
0.7251465320587158,8043,0.2748534679412842,True,0.2748534679412842
0.7829285264015198,8044,0.2170715034008026,True,0.2170715034008026
0.7663686275482178,8045,0.233631432056427,True,0.233631432056427
0.6742279529571533,8046,0.32577210664749146,True,0.32577210664749146
0.843410849571228,8047,0.15658913552761078,True,0.15658913552761078
0.6787545680999756,8048,0.3212454915046692,True,0.3212454915046692
0.8452082872390747,8049,0.15479163825511932,True,0.15479163825511932
0.8415586352348328,8050,0.15844133496284485,True,0.15844133496284485
0.5655129551887512,8051,0.43448707461357117,True,0.43448707461357117
0.7592140436172485,8052,0.24078597128391266,True,0.24078597128391266
0.9254221320152283,8053,0.07457780838012695,True,0.07457780838012695
0.6015834808349609,8054,0.39841651916503906,True,0.39841651916503906
0.8345311880111694,8055,0.16546879708766937,True,0.16546879708766937
0.8539689779281616,8056,0.14603103697299957,True,0.14603103697299957
0.7184557914733887,8057,0.28154417872428894,True,0.28154417872428894
0.6839752197265625,8058,0.31602489948272705,True,0.31602489948272705
0.6815429329872131,8059,0.3184569776058197,True,0.3184569776058197
0.6500091552734375,8060,0.3499908745288849,True,0.3499908745288849
0.7812947630882263,8061,0.2187052220106125,True,0.2187052220106125
0.46111059188842773,8062,0.5388895273208618,True,0.5388895273208618
0.8340568542480469,8063,0.16594314575195312,True,0.16594314575195312
0.5228005647659302,8064,0.4771994352340698,True,0.4771994352340698
0.7745361328125,8065,0.2254638671875,True,0.2254638671875
0.851876974105835,8066,0.14812298119068146,True,0.14812298119068146
0.6404852271080017,8067,0.3595147430896759,True,0.3595147430896759
0.7146714925765991,8068,0.28532853722572327,True,0.28532853722572327
0.7509874105453491,8069,0.24901260435581207,True,0.24901260435581207
0.568108856678009,8070,0.43189114332199097,True,0.43189114332199097
0.8238062858581543,8071,0.1761937439441681,True,0.1761937439441681
0.9069198369979858,8072,0.09308012574911118,True,0.09308012574911118
0.4311872124671936,8073,0.5688127279281616,True,0.5688127279281616
0.7144779562950134,8074,0.28552207350730896,True,0.28552207350730896
0.790662407875061,8075,0.20933757722377777,True,0.20933757722377777
0.8662829399108887,8076,0.1337171494960785,True,0.1337171494960785
0.7645957469940186,8077,0.23540429770946503,True,0.23540429770946503
0.6969777345657349,8078,0.30302226543426514,True,0.30302226543426514
0.8863500356674194,8079,0.11364999413490295,True,0.11364999413490295
0.8389941453933716,8080,0.16100576519966125,True,0.16100576519966125
0.8514707088470459,8081,0.1485292762517929,True,0.1485292762517929
0.5498778820037842,8082,0.4501221179962158,True,0.4501221179962158
0.8447800278663635,8083,0.15522003173828125,True,0.15522003173828125
0.7441319227218628,8084,0.2558680474758148,True,0.2558680474758148
0.8570393323898315,8085,0.14296060800552368,True,0.14296060800552368
0.6348141431808472,8086,0.36518585681915283,True,0.36518585681915283
0.6189590692520142,8087,0.38104087114334106,True,0.38104087114334106
0.8494205474853516,8088,0.15057945251464844,True,0.15057945251464844
0.8252518177032471,8089,0.17474819719791412,True,0.17474819719791412
0.7281057834625244,8090,0.27189427614212036,True,0.27189427614212036
0.420806348323822,8091,0.579193651676178,True,0.579193651676178
0.0,8092,1.0,True,1.0
0.6005121469497681,8093,0.39948779344558716,True,0.39948779344558716
0.8329263925552368,8094,0.1670735776424408,True,0.1670735776424408
0.5640060901641846,8095,0.43599385023117065,True,0.43599385023117065
0.9294372797012329,8096,0.07056272774934769,True,0.07056272774934769
0.8077602386474609,8097,0.1922397017478943,True,0.1922397017478943
0.7683045864105225,8098,0.23169545829296112,True,0.23169545829296112
0.0,8099,1.0,True,1.0
0.8127408623695374,8100,0.18725915253162384,True,0.18725915253162384
0.7060333490371704,8101,0.2939666509628296,True,0.2939666509628296
0.8515181541442871,8102,0.1484818011522293,True,0.1484818011522293
0.682875394821167,8103,0.317124605178833,True,0.317124605178833
0.7570300102233887,8104,0.24297001957893372,True,0.24297001957893372
0.8649215698242188,8105,0.13507835566997528,True,0.13507835566997528
0.7392788529396057,8106,0.2607211470603943,True,0.2607211470603943
0.7356457710266113,8107,0.26435425877571106,True,0.26435425877571106
0.8407913446426392,8108,0.15920868515968323,True,0.15920868515968323
0.9212589263916016,8109,0.07874108850955963,True,0.07874108850955963
0.6794853210449219,8110,0.32051461935043335,True,0.32051461935043335
0.784773051738739,8111,0.2152269035577774,True,0.2152269035577774
0.9114170074462891,8112,0.08858294039964676,True,0.08858294039964676
0.7775557041168213,8113,0.22244420647621155,True,0.22244420647621155
0.5749559998512268,8114,0.4250440001487732,True,0.4250440001487732
0.5117512941360474,8115,0.48824870586395264,True,0.48824870586395264
0.5572003126144409,8116,0.4427996873855591,True,0.4427996873855591
0.6868544220924377,8117,0.3131456673145294,True,0.3131456673145294
0.8305103778839111,8118,0.16948966681957245,True,0.16948966681957245
0.6109163761138916,8119,0.3890836834907532,True,0.3890836834907532
0.7734224200248718,8120,0.22657759487628937,True,0.22657759487628937
0.46352845430374146,8121,0.5364714860916138,True,0.5364714860916138
0.7620471715927124,8122,0.23795291781425476,True,0.23795291781425476
0.9165283441543579,8123,0.08347175270318985,True,0.08347175270318985
0.6195057034492493,8124,0.3804943561553955,True,0.3804943561553955
0.9096022844314575,8125,0.09039771556854248,True,0.09039771556854248
0.8044620156288147,8126,0.1955379843711853,True,0.1955379843711853
0.851472020149231,8127,0.14852796494960785,True,0.14852796494960785
0.7661188840866089,8128,0.2338811755180359,True,0.2338811755180359
0.895858645439148,8129,0.10414140671491623,True,0.10414140671491623
0.6094538569450378,8130,0.39054611325263977,True,0.39054611325263977
0.8336432576179504,8131,0.16635672748088837,True,0.16635672748088837
0.8284242153167725,8132,0.17157575488090515,True,0.17157575488090515
0.7491848468780518,8133,0.25081518292427063,True,0.25081518292427063
0.695244312286377,8134,0.30475568771362305,True,0.30475568771362305
0.9148123264312744,8135,0.08518762141466141,True,0.08518762141466141
0.7101221680641174,8136,0.28987783193588257,True,0.28987783193588257
0.8849931955337524,8137,0.11500685662031174,True,0.11500685662031174
0.6701349020004272,8138,0.329865038394928,True,0.329865038394928
0.644895613193512,8139,0.3551044166088104,True,0.3551044166088104
0.9067009091377258,8140,0.09329910576343536,True,0.09329910576343536
0.6752867102622986,8141,0.3247133493423462,True,0.3247133493423462
0.8034456968307495,8142,0.1965543031692505,True,0.1965543031692505
0.8940086960792542,8143,0.10599137097597122,True,0.10599137097597122
0.7765242457389832,8144,0.22347569465637207,True,0.22347569465637207
0.8663960695266724,8145,0.13360396027565002,True,0.13360396027565002
0.9231941103935242,8146,0.07680589705705643,True,0.07680589705705643
0.9272676706314087,8147,0.07273240387439728,True,0.07273240387439728
0.8591908812522888,8148,0.1408090591430664,True,0.1408090591430664
0.8125250339508057,8149,0.18747495114803314,True,0.18747495114803314
0.8884842395782471,8150,0.11151565611362457,True,0.11151565611362457
0.8776357173919678,8151,0.12236425280570984,True,0.12236425280570984
0.848552405834198,8152,0.15144765377044678,True,0.15144765377044678
0.8876756429672241,8153,0.11232434213161469,True,0.11232434213161469
0.9247418642044067,8154,0.07525815814733505,True,0.07525815814733505
0.6810071468353271,8155,0.31899282336235046,True,0.31899282336235046
0.7001422643661499,8156,0.2998577654361725,True,0.2998577654361725
0.8938500881195068,8157,0.10614992678165436,True,0.10614992678165436
0.8982648849487305,8158,0.10173510015010834,True,0.10173510015010834
0.8070815205574036,8159,0.19291843473911285,True,0.19291843473911285
0.9335113763809204,8160,0.06648856401443481,True,0.06648856401443481
0.6715766787528992,8161,0.32842329144477844,True,0.32842329144477844
0.8879822492599487,8162,0.11201769858598709,True,0.11201769858598709
0.7396560907363892,8163,0.26034387946128845,True,0.26034387946128845
0.708788275718689,8164,0.29121172428131104,True,0.29121172428131104
0.8738133311271667,8165,0.12618669867515564,True,0.12618669867515564
0.7306106090545654,8166,0.2693893611431122,True,0.2693893611431122
0.8375369310379028,8167,0.16246308386325836,True,0.16246308386325836
0.7471523284912109,8168,0.2528476417064667,True,0.2528476417064667
0.863099217414856,8169,0.13690082728862762,True,0.13690082728862762
0.7776003479957581,8170,0.22239968180656433,True,0.22239968180656433
0.5325202941894531,8171,0.4674796462059021,True,0.4674796462059021
0.7746450901031494,8172,0.225354865193367,True,0.225354865193367
0.6464507579803467,8173,0.3535492420196533,True,0.3535492420196533
0.8855217695236206,8174,0.11447823792695999,True,0.11447823792695999
0.7857012152671814,8175,0.2142987996339798,True,0.2142987996339798
0.5648582577705383,8176,0.4351417124271393,True,0.4351417124271393
0.8746336698532104,8177,0.12536631524562836,True,0.12536631524562836
0.5488598346710205,8178,0.4511401951313019,True,0.4511401951313019
0.40601879358291626,8179,0.5939812660217285,True,0.5939812660217285
0.6852061748504639,8180,0.31479382514953613,True,0.31479382514953613
0.6149243116378784,8181,0.3850756883621216,True,0.3850756883621216
0.4876842200756073,8182,0.5123157501220703,True,0.5123157501220703
0.5532227754592896,8183,0.44677722454071045,True,0.44677722454071045
0.6985723972320557,8184,0.30142757296562195,True,0.30142757296562195
0.8662199378013611,8185,0.13378004729747772,True,0.13378004729747772
0.5306438207626343,8186,0.46935606002807617,True,0.46935606002807617
0.8123100399971008,8187,0.18768994510173798,True,0.18768994510173798
0.7367491126060486,8188,0.2632509171962738,True,0.2632509171962738
0.8922659158706665,8189,0.10773413628339767,True,0.10773413628339767
0.37138187885284424,8190,0.6286181211471558,True,0.6286181211471558
0.9131359457969666,8191,0.08686403185129166,True,0.08686403185129166
