counterpart_attention_mass,counterpart_evidence_present,counterpart_warrant_mass,label,non_counterpart_warrant_mass,sample_id,score
0.0,False,0.0,1.0,0.0,6553,0.15127135813236237
0.0,True,0.0,1.0,0.0,6554,0.3943657875061035
0.0,True,0.0,1.0,0.0,6555,0.98954176902771
0.0,True,0.0,1.0,0.0,6556,0.7842893004417419
0.0,True,0.0,1.0,0.0,6557,0.9825687408447266
0.0,True,0.0,1.0,0.0,6558,0.48590558767318726
0.0,False,0.0,1.0,0.0,6559,0.4306384027004242
0.0,True,0.0,1.0,0.0,6560,0.9687536358833313
0.0,False,0.0,1.0,0.0,6561,0.8489032983779907
0.0,False,0.0,1.0,0.0,6562,0.3846040666103363
0.0,False,0.0,1.0,0.0,6563,0.30777767300605774
0.0,True,0.0,1.0,0.0,6564,0.8314995169639587
0.0,False,0.0,1.0,0.0,6565,0.3420679569244385
0.0,False,0.0,1.0,0.0,6566,0.1712786704301834
0.0,False,0.0,1.0,0.0,6567,0.4002610146999359
0.0,False,0.0,1.0,0.0,6568,0.8351309299468994
0.0,True,0.0,1.0,0.0,6569,0.5743088722229004
0.0,False,0.0,1.0,0.0,6570,0.3745005428791046
0.0,False,0.0,1.0,0.0,6571,0.4715206027030945
0.0,False,0.0,1.0,0.0,6572,0.29582685232162476
0.0,False,0.0,1.0,0.0,6573,0.8704108595848083
0.0,True,0.0,1.0,0.0,6574,0.7022680044174194
0.0,False,0.0,1.0,0.0,6575,0.05321183800697327
0.0,True,0.0,1.0,0.0,6576,0.9922431111335754
0.0,False,0.0,1.0,0.0,6577,0.13135892152786255
0.0,True,0.0,1.0,0.0,6578,0.5575353503227234
0.0,True,0.0,1.0,0.0,6579,0.4976516366004944
0.0,True,0.0,1.0,0.0,6580,0.45140403509140015
0.0,True,0.0,1.0,0.0,6581,0.49735039472579956
0.0,False,0.0,1.0,0.0,6582,0.33554625511169434
0.0,True,0.0,1.0,0.0,6583,0.9868118166923523
0.0,True,0.0,1.0,0.0,6584,0.028843779116868973
0.0,True,0.0,1.0,0.0,6585,0.22623589634895325
0.0,True,0.0,1.0,0.0,6586,0.957400918006897
0.0,True,0.0,1.0,0.0,6587,0.210055872797966
0.0,True,0.0,1.0,0.0,6588,0.029766380786895752
0.0,True,0.0,1.0,0.0,6589,0.20210090279579163
0.0,True,0.0,1.0,0.0,6590,0.3559243679046631
0.0,False,0.0,1.0,0.0,6591,0.20749564468860626
0.0,False,0.0,1.0,0.0,6592,0.02540159784257412
0.0,True,0.0,1.0,0.0,6593,0.9818172454833984
0.0,True,0.0,1.0,0.0,6594,0.9700227379798889
0.0,True,0.0,1.0,0.0,6595,0.8833534717559814
0.0,False,0.0,1.0,0.0,6596,0.4032607674598694
0.0,True,0.0,1.0,0.0,6597,0.9690910577774048
0.0,False,0.0,1.0,0.0,6598,0.20760126411914825
0.0,True,0.0,1.0,0.0,6599,0.45436474680900574
0.0,False,0.0,1.0,0.0,6600,0.2807154953479767
0.0,True,0.0,1.0,0.0,6601,0.9867493510246277
0.0,False,0.0,1.0,0.0,6602,0.24105505645275116
0.0,True,0.0,1.0,0.0,6603,0.7158454656600952
0.0,False,0.0,1.0,0.0,6604,0.25466546416282654
0.0,False,0.0,1.0,0.0,6605,0.14193755388259888
0.0,True,0.0,1.0,0.0,6606,0.9627781510353088
0.0,True,0.0,1.0,0.0,6607,0.596397876739502
0.0,True,0.0,1.0,0.0,6608,0.6178779602050781
0.0,True,0.0,1.0,0.0,6609,0.9172139763832092
0.0,True,0.0,1.0,0.0,6610,0.6553435325622559
0.0,True,0.0,1.0,0.0,6611,0.9763527512550354
0.0,True,0.0,1.0,0.0,6612,0.8804093599319458
0.0,True,0.0,1.0,0.0,6613,0.5768936276435852
0.0,True,0.0,1.0,0.0,6614,0.9333063364028931
0.0,True,0.0,1.0,0.0,6615,0.8697227239608765
0.0,True,0.0,1.0,0.0,6616,0.9902286529541016
0.0,False,0.0,1.0,0.0,6617,0.4517746567726135
0.0,True,0.0,1.0,0.0,6618,0.3868255615234375
0.0,True,0.0,1.0,0.0,6619,0.8808012008666992
0.0,False,0.0,1.0,0.0,6620,0.5211346745491028
0.0,False,0.0,1.0,0.0,6621,0.22632840275764465
0.0,False,0.0,1.0,0.0,6622,0.14079366624355316
0.0,False,0.0,1.0,0.0,6623,0.3168521821498871
0.0,False,0.0,1.0,0.0,6624,0.009748133830726147
0.0,False,0.0,1.0,0.0,6625,0.46432116627693176
0.0,False,0.0,1.0,0.0,6626,0.22515952587127686
0.0,False,0.0,1.0,0.0,6627,0.2141144871711731
0.0,False,0.0,1.0,0.0,6628,0.08180297166109085
0.0,True,0.0,1.0,0.0,6629,0.9814392924308777
0.0,True,0.0,1.0,0.0,6630,0.9338515996932983
0.0,True,0.0,1.0,0.0,6631,0.8971811532974243
0.0,True,0.0,1.0,0.0,6632,0.861335277557373
0.0,True,0.0,1.0,0.0,6633,0.9648255109786987
0.0,False,0.0,1.0,0.0,6634,0.08418946713209152
0.0,True,0.0,1.0,0.0,6635,0.9424863457679749
0.0,False,0.0,1.0,0.0,6636,0.2167612910270691
0.0,True,0.0,1.0,0.0,6637,0.3985869288444519
0.0,False,0.0,1.0,0.0,6638,0.35969141125679016
0.0,False,0.0,1.0,0.0,6639,0.17126408219337463
0.0,False,0.0,1.0,0.0,6640,0.7127990126609802
0.0,False,0.0,1.0,0.0,6641,0.06354064494371414
0.0,False,0.0,1.0,0.0,6642,0.11478094011545181
0.0,False,0.0,1.0,0.0,6643,0.05248105525970459
0.0,True,0.0,1.0,0.0,6644,0.980170488357544
0.0,False,0.0,1.0,0.0,6645,0.13637703657150269
0.0,True,0.0,1.0,0.0,6646,0.21747717261314392
0.0,True,0.0,1.0,0.0,6647,0.9717543125152588
0.0,True,0.0,1.0,0.0,6648,0.9850799441337585
0.0,False,0.0,1.0,0.0,6649,0.07432358711957932
0.0,True,0.0,1.0,0.0,6650,0.335070937871933
0.0,True,0.0,1.0,0.0,6651,0.8246386647224426
0.0,True,0.0,1.0,0.0,6652,0.8829342126846313
0.0,True,0.0,1.0,0.0,6653,0.7409827709197998
0.0,True,0.0,1.0,0.0,6654,0.8703949451446533
0.0,True,0.0,1.0,0.0,6655,0.9260453581809998
0.0,True,0.0,1.0,0.0,6656,0.8225628137588501
0.0,True,0.0,1.0,0.0,6657,0.6197479963302612
0.0,True,0.0,1.0,0.0,6658,0.7141980528831482
0.0,True,0.0,1.0,0.0,6659,0.9864405989646912
0.0,True,0.0,1.0,0.0,6660,0.8637266159057617
0.0,True,0.0,1.0,0.0,6661,0.582747220993042
0.0,True,0.0,1.0,0.0,6662,0.9625589847564697
0.0,True,0.0,1.0,0.0,6663,0.9484143257141113
0.0,False,0.0,1.0,0.0,6664,0.06473993510007858
0.0,False,0.0,1.0,0.0,6665,0.525382399559021
0.0,True,0.0,1.0,0.0,6666,0.2041303962469101
0.0,False,0.0,1.0,0.0,6667,0.2933133840560913
0.0,True,0.0,1.0,0.0,6668,0.9787948131561279
0.0,True,0.0,1.0,0.0,6669,0.6515968441963196
0.0,True,0.0,1.0,0.0,6670,0.9805861115455627
0.0,True,0.0,1.0,0.0,6671,0.9259620904922485
0.0,True,0.0,1.0,0.0,6672,0.8971127271652222
0.0,True,0.0,1.0,0.0,6673,0.48561951518058777
0.0,True,0.0,1.0,0.0,6674,0.9003766775131226
0.0,True,0.0,1.0,0.0,6675,0.8386160731315613
0.0,True,0.0,1.0,0.0,6676,0.9646669626235962
0.0,True,0.0,1.0,0.0,6677,0.6968207359313965
0.0,True,0.0,1.0,0.0,6678,0.935255765914917
0.0,True,0.0,1.0,0.0,6679,0.2662244737148285
0.0,True,0.0,1.0,0.0,6680,0.4380200505256653
0.0,True,0.0,1.0,0.0,6681,0.8500427007675171
0.0,True,0.0,1.0,0.0,6682,0.310595840215683
0.0,True,0.0,1.0,0.0,6683,0.47219347953796387
0.0,True,0.0,1.0,0.0,6684,0.46500611305236816
0.0,True,0.0,1.0,0.0,6685,0.31212708353996277
0.0,True,0.0,1.0,0.0,6686,0.6078566908836365
0.0,False,0.0,1.0,0.0,6687,0.04690830782055855
0.0,True,0.0,1.0,0.0,6688,0.6018280386924744
0.0,False,0.0,1.0,0.0,6689,0.345031201839447
0.0,True,0.0,1.0,0.0,6690,0.6337345838546753
0.0,True,0.0,1.0,0.0,6691,0.32366305589675903
0.0,True,0.0,1.0,0.0,6692,0.8651083707809448
0.0,True,0.0,1.0,0.0,6693,0.4627690017223358
0.0,True,0.0,1.0,0.0,6694,0.9844494462013245
0.0,True,0.0,1.0,0.0,6695,0.9694443941116333
0.0,False,0.0,1.0,0.0,6696,0.3223288357257843
0.0,True,0.0,1.0,0.0,6697,0.17064274847507477
0.0,True,0.0,1.0,0.0,6698,0.4778320789337158
0.0,True,0.0,1.0,0.0,6699,0.33989453315734863
0.0,True,0.0,1.0,0.0,6700,0.45610010623931885
0.0,False,0.0,1.0,0.0,6701,0.11032082885503769
0.0,True,0.0,1.0,0.0,6702,0.9754035472869873
0.0,True,0.0,1.0,0.0,6703,0.9680643677711487
0.0,True,0.0,1.0,0.0,6704,0.9156875610351562
0.0,False,0.0,1.0,0.0,6705,0.48126694560050964
0.0,True,0.0,1.0,0.0,6706,0.9662951231002808
0.0,True,0.0,1.0,0.0,6707,0.9807054400444031
0.0,True,0.0,1.0,0.0,6708,0.9830045700073242
0.0,True,0.0,1.0,0.0,6709,0.9175668358802795
0.0,False,0.0,1.0,0.0,6710,0.3291182219982147
0.0,True,0.0,1.0,0.0,6711,0.9668078422546387
0.0,True,0.0,1.0,0.0,6712,0.45620816946029663
0.0,True,0.0,1.0,0.0,6713,0.9641587138175964
0.0,False,0.0,1.0,0.0,6714,0.13572800159454346
0.0,True,0.0,1.0,0.0,6715,0.565610945224762
0.0,False,0.0,1.0,0.0,6716,0.5929961800575256
0.0,True,0.0,1.0,0.0,6717,0.9526737928390503
0.0,False,0.0,1.0,0.0,6718,0.08856021612882614
0.0,True,0.0,1.0,0.0,6719,0.9672257900238037
0.0,True,0.0,1.0,0.0,6720,0.6347249150276184
0.0,True,0.0,1.0,0.0,6721,0.9654372334480286
0.0,False,0.0,1.0,0.0,6722,0.5075217485427856
0.0,True,0.0,1.0,0.0,6723,0.42732593417167664
0.0,True,0.0,1.0,0.0,6724,0.9857307076454163
0.0,True,0.0,1.0,0.0,6725,0.9079492688179016
0.0,True,0.0,1.0,0.0,6726,0.9749265313148499
0.0,True,0.0,1.0,0.0,6727,0.9735146164894104
0.0,True,0.0,1.0,0.0,6728,0.9721575975418091
0.0,False,0.0,1.0,0.0,6729,0.3287135362625122
0.0,False,0.0,1.0,0.0,6730,0.6206377148628235
0.0,True,0.0,1.0,0.0,6731,0.8564287424087524
0.0,True,0.0,1.0,0.0,6732,0.5419219136238098
0.0,True,0.0,1.0,0.0,6733,0.8806256055831909
0.0,False,0.0,1.0,0.0,6734,0.6500203013420105
0.0,True,0.0,1.0,0.0,6735,0.8229216933250427
0.0,True,0.0,1.0,0.0,6736,0.07000856101512909
0.0,True,0.0,1.0,0.0,6737,0.7681905627250671
0.0,True,0.0,1.0,0.0,6738,0.07654303312301636
0.0,True,0.0,1.0,0.0,6739,0.22807367146015167
0.0,True,0.0,1.0,0.0,6740,0.4648832380771637
0.0,True,0.0,1.0,0.0,6741,0.5994381308555603
0.0,True,0.0,1.0,0.0,6742,0.3626216650009155
0.0,True,0.0,1.0,0.0,6743,0.3085903525352478
0.0,True,0.0,1.0,0.0,6744,0.3514595329761505
0.0,True,0.0,1.0,0.0,6745,0.7556462287902832
0.0,True,0.0,1.0,0.0,6746,0.5763276219367981
0.0,True,0.0,1.0,0.0,6747,0.830027163028717
0.0,True,0.0,1.0,0.0,6748,0.9102168083190918
0.0,True,0.0,1.0,0.0,6749,0.5287461280822754
0.0,True,0.0,1.0,0.0,6750,0.2745242416858673
0.0,True,0.0,1.0,0.0,6751,0.6515459418296814
0.0,True,0.0,1.0,0.0,6752,0.5355616807937622
0.0,True,0.0,1.0,0.0,6753,0.6364898085594177
0.0,True,0.0,1.0,0.0,6754,0.5622236728668213
0.0,True,0.0,1.0,0.0,6755,0.7376564145088196
0.0,True,0.0,1.0,0.0,6756,0.6757890582084656
0.0,True,0.0,1.0,0.0,6757,0.7665696740150452
0.0,True,0.0,1.0,0.0,6758,0.37839123606681824
0.0,False,0.0,1.0,0.0,6759,0.018429018557071686
0.0,True,0.0,1.0,0.0,6760,0.551382839679718
0.0,True,0.0,1.0,0.0,6761,0.5220638513565063
0.0,True,0.0,1.0,0.0,6762,0.9784682393074036
0.0,True,0.0,1.0,0.0,6763,0.9624471068382263
0.0,True,0.0,1.0,0.0,6764,0.47480908036231995
0.0,True,0.0,1.0,0.0,6765,0.9077619314193726
0.0,True,0.0,1.0,0.0,6766,0.07225967198610306
0.0,False,0.0,1.0,0.0,6767,0.1688643991947174
0.0,True,0.0,1.0,0.0,6768,0.9624616503715515
0.0,True,0.0,1.0,0.0,6769,0.30200251936912537
0.0,True,0.0,1.0,0.0,6770,0.9313957095146179
0.0,True,0.0,1.0,0.0,6771,0.9915110468864441
0.0,True,0.0,1.0,0.0,6772,0.9492968916893005
0.0,False,0.0,1.0,0.0,6773,0.06361232697963715
0.0,True,0.0,1.0,0.0,6774,0.3153419494628906
0.0,False,0.0,1.0,0.0,6775,0.079338438808918
0.0,False,0.0,1.0,0.0,6776,0.7398766875267029
0.0,True,0.0,1.0,0.0,6777,0.2775423228740692
0.0,True,0.0,1.0,0.0,6778,0.8685816526412964
0.0,True,0.0,1.0,0.0,6779,0.8621925115585327
0.0,True,0.0,1.0,0.0,6780,0.3763335049152374
0.0,True,0.0,1.0,0.0,6781,0.9453757405281067
0.0,True,0.0,1.0,0.0,6782,0.49489519000053406
0.0,True,0.0,1.0,0.0,6783,0.3653320372104645
0.0,True,0.0,1.0,0.0,6784,0.6708303689956665
0.0,True,0.0,1.0,0.0,6785,0.9375177621841431
0.0,True,0.0,1.0,0.0,6786,0.6114872097969055
0.0,True,0.0,1.0,0.0,6787,0.4999757409095764
0.0,True,0.0,1.0,0.0,6788,0.699927806854248
0.0,True,0.0,1.0,0.0,6789,0.27588680386543274
0.0,False,0.0,1.0,0.0,6790,0.5339463949203491
0.0,False,0.0,1.0,0.0,6791,0.09983686357736588
0.0,False,0.0,1.0,0.0,6792,0.5573676228523254
0.0,False,0.0,1.0,0.0,6793,0.6849138140678406
0.0,True,0.0,1.0,0.0,6794,0.8272382020950317
0.0,True,0.0,1.0,0.0,6795,0.6518266797065735
0.0,True,0.0,1.0,0.0,6796,0.5577701926231384
0.0,False,0.0,1.0,0.0,6797,0.26813986897468567
0.0,False,0.0,1.0,0.0,6798,0.38016828894615173
0.0,False,0.0,1.0,0.0,6799,0.36486560106277466
0.0,False,0.0,1.0,0.0,6800,0.13745616376399994
0.0,True,0.0,1.0,0.0,6801,0.732488214969635
0.0,True,0.0,1.0,0.0,6802,0.5807479023933411
0.0,False,0.0,1.0,0.0,6803,0.39690133929252625
0.0,True,0.0,1.0,0.0,6804,0.5934787392616272
0.0,False,0.0,1.0,0.0,6805,0.020799526944756508
0.0,True,0.0,1.0,0.0,6806,0.3968212306499481
0.0,True,0.0,1.0,0.0,6807,0.3432548940181732
0.0,False,0.0,1.0,0.0,6808,0.19688551127910614
0.0,False,0.0,1.0,0.0,6809,0.13841374218463898
0.0,False,0.0,1.0,0.0,6810,0.626306414604187
0.0,False,0.0,1.0,0.0,6811,0.11688301712274551
0.0,True,0.0,1.0,0.0,6812,0.44028687477111816
0.0,True,0.0,1.0,0.0,6813,0.9203797578811646
0.0,True,0.0,1.0,0.0,6814,0.391286700963974
0.0,True,0.0,1.0,0.0,6815,0.5221721529960632
0.0,True,0.0,1.0,0.0,6816,0.8519368171691895
0.0,True,0.0,1.0,0.0,6817,0.21377094089984894
0.0,False,0.0,1.0,0.0,6818,0.23923617601394653
0.0,True,0.0,1.0,0.0,6819,0.2034478485584259
0.0,True,0.0,1.0,0.0,6820,0.6829809546470642
0.0,True,0.0,1.0,0.0,6821,0.1155858263373375
0.0,True,0.0,1.0,0.0,6822,0.3990793526172638
0.0,True,0.0,1.0,0.0,6823,0.9636887311935425
0.0,False,0.0,1.0,0.0,6824,0.5063614249229431
0.0,True,0.0,1.0,0.0,6825,0.9808853268623352
0.0,True,0.0,1.0,0.0,6826,0.9424939751625061
0.0,True,0.0,1.0,0.0,6827,0.6595365405082703
0.0,True,0.0,1.0,0.0,6828,0.20252211391925812
0.0,True,0.0,1.0,0.0,6829,0.9196873307228088
0.0,True,0.0,1.0,0.0,6830,0.7346503734588623
0.0,True,0.0,1.0,0.0,6831,0.12303879857063293
0.0,True,0.0,1.0,0.0,6832,0.7911376357078552
0.0,True,0.0,1.0,0.0,6833,0.5163606405258179
0.0,True,0.0,1.0,0.0,6834,0.9638726711273193
0.0,True,0.0,1.0,0.0,6835,0.948113739490509
0.0,False,0.0,1.0,0.0,6836,0.2727513611316681
0.0,True,0.0,1.0,0.0,6837,0.20124098658561707
0.0,False,0.0,1.0,0.0,6838,0.10539375990629196
0.0,True,0.0,1.0,0.0,6839,0.2635580897331238
0.0,True,0.0,1.0,0.0,6840,0.3266427516937256
0.0,True,0.0,1.0,0.0,6841,0.32297661900520325
0.0,False,0.0,1.0,0.0,6842,0.13239511847496033
0.0,False,0.0,1.0,0.0,6843,0.059034865349531174
0.0,True,0.0,1.0,0.0,6844,0.31659871339797974
0.0,True,0.0,1.0,0.0,6845,0.7536579370498657
0.0,True,0.0,1.0,0.0,6846,0.7351619601249695
0.0,True,0.0,1.0,0.0,6847,0.6358358263969421
0.0,False,0.0,1.0,0.0,6848,0.33387356996536255
0.0,True,0.0,1.0,0.0,6849,0.29113587737083435
0.0,True,0.0,1.0,0.0,6850,0.6913881301879883
0.0,False,0.0,1.0,0.0,6851,0.41434425115585327
0.0,False,0.0,1.0,0.0,6852,0.06548058241605759
0.0,False,0.0,1.0,0.0,6853,0.43479132652282715
0.0,True,0.0,1.0,0.0,6854,0.46512725949287415
0.0,True,0.0,1.0,0.0,6855,0.056738514453172684
0.0,True,0.0,1.0,0.0,6856,0.9864237904548645
0.0,True,0.0,1.0,0.0,6857,0.029544349759817123
0.0,False,0.0,1.0,0.0,6858,0.23213112354278564
0.0,True,0.0,1.0,0.0,6859,0.6581115126609802
0.0,False,0.0,1.0,0.0,6860,0.23745779693126678
0.0,True,0.0,1.0,0.0,6861,0.47348928451538086
0.0,True,0.0,1.0,0.0,6862,0.2585490942001343
0.0,True,0.0,1.0,0.0,6863,0.4847462773323059
0.0,True,0.0,1.0,0.0,6864,0.9689933061599731
0.0,True,0.0,1.0,0.0,6865,0.6439203023910522
0.0,False,0.0,1.0,0.0,6866,0.05839142948389053
0.0,True,0.0,1.0,0.0,6867,0.9866610169410706
0.0,False,0.0,1.0,0.0,6868,0.6042367815971375
0.0,True,0.0,1.0,0.0,6869,0.41057851910591125
0.0,True,0.0,1.0,0.0,6870,0.8986575603485107
0.0,True,0.0,1.0,0.0,6871,0.8377450108528137
0.0,False,0.0,1.0,0.0,6872,0.20747944712638855
0.0,True,0.0,1.0,0.0,6873,0.9618371725082397
0.0,True,0.0,1.0,0.0,6874,0.8042643070220947
0.0,True,0.0,1.0,0.0,6875,0.9872079491615295
0.0,True,0.0,1.0,0.0,6876,0.8739464282989502
0.0,True,0.0,1.0,0.0,6877,0.8764894604682922
0.0,True,0.0,1.0,0.0,6878,0.6909634470939636
0.0,True,0.0,1.0,0.0,6879,0.9679089188575745
0.0,False,0.0,1.0,0.0,6880,0.06630412489175797
0.0,True,0.0,1.0,0.0,6881,0.46787315607070923
0.0,True,0.0,1.0,0.0,6882,0.9866148829460144
0.0,False,0.0,1.0,0.0,6883,0.5732117295265198
0.0,True,0.0,1.0,0.0,6884,0.9900729656219482
0.0,False,0.0,1.0,0.0,6885,0.5353481769561768
0.0,True,0.0,1.0,0.0,6886,0.025516336783766747
0.0,False,0.0,1.0,0.0,6887,0.030633961781859398
0.0,True,0.0,1.0,0.0,6888,0.9206458330154419
0.0,True,0.0,1.0,0.0,6889,0.9620734453201294
0.0,False,0.0,1.0,0.0,6890,0.408733993768692
0.0,False,0.0,1.0,0.0,6891,0.0839664563536644
0.0,True,0.0,1.0,0.0,6892,0.8386012315750122
0.0,True,0.0,1.0,0.0,6893,0.3773418962955475
0.0,True,0.0,1.0,0.0,6894,0.7990442514419556
0.0,True,0.0,1.0,0.0,6895,0.5470765233039856
0.0,True,0.0,1.0,0.0,6896,0.5647775530815125
0.0,True,0.0,1.0,0.0,6897,0.18005144596099854
0.0,True,0.0,1.0,0.0,6898,0.9086137413978577
0.0,True,0.0,1.0,0.0,6899,0.8644326329231262
0.0,True,0.0,1.0,0.0,6900,0.5930641889572144
0.0,True,0.0,1.0,0.0,6901,0.9155440330505371
0.0,True,0.0,1.0,0.0,6902,0.852196991443634
0.0,True,0.0,1.0,0.0,6903,0.8989737629890442
0.0,True,0.0,1.0,0.0,6904,0.6128068566322327
0.0,True,0.0,1.0,0.0,6905,0.9760311245918274
0.0,True,0.0,1.0,0.0,6906,0.8269227743148804
0.0,True,0.0,1.0,0.0,6907,0.4315102696418762
0.0,True,0.0,1.0,0.0,6908,0.5186014175415039
0.0,True,0.0,1.0,0.0,6909,0.2675575315952301
0.0,True,0.0,1.0,0.0,6910,0.44470277428627014
0.0,True,0.0,1.0,0.0,6911,0.9739654660224915
0.0,True,0.0,1.0,0.0,6912,0.055994752794504166
0.0,True,0.0,1.0,0.0,6913,0.4961760342121124
0.0,True,0.0,1.0,0.0,6914,0.07938752323389053
0.0,True,0.0,1.0,0.0,6915,0.6467148661613464
0.0,True,0.0,1.0,0.0,6916,0.8782505393028259
0.0,True,0.0,1.0,0.0,6917,0.6630314588546753
0.0,False,0.0,1.0,0.0,6918,0.1310284584760666
0.0,True,0.0,1.0,0.0,6919,0.8573867678642273
0.0,True,0.0,1.0,0.0,6920,0.09036105871200562
0.0,True,0.0,1.0,0.0,6921,0.9392444491386414
0.0,True,0.0,1.0,0.0,6922,0.9666497707366943
0.0,True,0.0,1.0,0.0,6923,0.6326392292976379
0.0,True,0.0,1.0,0.0,6924,0.2266135960817337
0.0,True,0.0,1.0,0.0,6925,0.9141806960105896
0.0,True,0.0,1.0,0.0,6926,0.3305133879184723
0.0,True,0.0,1.0,0.0,6927,0.42298704385757446
0.0,True,0.0,1.0,0.0,6928,0.9118452668190002
0.0,True,0.0,1.0,0.0,6929,0.9173925518989563
0.0,True,0.0,1.0,0.0,6930,0.975853681564331
0.0,True,0.0,1.0,0.0,6931,0.9869776368141174
0.0,True,0.0,1.0,0.0,6932,0.9108033180236816
0.0,True,0.0,1.0,0.0,6933,0.47106659412384033
0.0,True,0.0,1.0,0.0,6934,0.9205605387687683
0.0,True,0.0,1.0,0.0,6935,0.8679841160774231
0.0,True,0.0,1.0,0.0,6936,0.07497920095920563
0.0,True,0.0,1.0,0.0,6937,0.9268320798873901
0.0,True,0.0,1.0,0.0,6938,0.973846971988678
0.0,True,0.0,1.0,0.0,6939,0.9903782606124878
0.0,True,0.0,1.0,0.0,6940,0.9303072094917297
0.0,True,0.0,1.0,0.0,6941,0.9723686575889587
0.0,True,0.0,1.0,0.0,6942,0.9347085356712341
0.0,True,0.0,1.0,0.0,6943,0.617952823638916
0.0,True,0.0,1.0,0.0,6944,0.9910058975219727
0.0,True,0.0,1.0,0.0,6945,0.8246703743934631
0.0,True,0.0,1.0,0.0,6946,0.8111210465431213
0.0,True,0.0,1.0,0.0,6947,0.3633785843849182
0.0,True,0.0,1.0,0.0,6948,0.8211652636528015
0.0,True,0.0,1.0,0.0,6949,0.8600037097930908
0.0,True,0.0,1.0,0.0,6950,0.8869155049324036
0.0,True,0.0,1.0,0.0,6951,0.9871434569358826
0.0,True,0.0,1.0,0.0,6952,0.6891745924949646
0.0,False,0.0,1.0,0.0,6953,0.3078770041465759
0.0,True,0.0,1.0,0.0,6954,0.9324914216995239
0.0,False,0.0,1.0,0.0,6955,0.42263278365135193
0.0,True,0.0,1.0,0.0,6956,0.8974384069442749
0.0,True,0.0,1.0,0.0,6957,0.9311192631721497
0.0,False,0.0,1.0,0.0,6958,0.05667543783783913
0.0,True,0.0,1.0,0.0,6959,0.9060971736907959
0.0,True,0.0,1.0,0.0,6960,0.3747251033782959
0.0,True,0.0,1.0,0.0,6961,0.06449174880981445
0.0,False,0.0,1.0,0.0,6962,0.690639317035675
0.0,True,0.0,1.0,0.0,6963,0.06066081300377846
0.0,True,0.0,1.0,0.0,6964,0.8462894558906555
0.0,True,0.0,1.0,0.0,6965,0.9760743975639343
0.0,True,0.0,1.0,0.0,6966,0.8753676414489746
0.0,True,0.0,1.0,0.0,6967,0.0674770325422287
0.0,True,0.0,1.0,0.0,6968,0.08626215904951096
0.0,True,0.0,1.0,0.0,6969,0.7665627598762512
0.0,True,0.0,1.0,0.0,6970,0.967920184135437
0.0,True,0.0,1.0,0.0,6971,0.9661412239074707
0.0,True,0.0,1.0,0.0,6972,0.9632922410964966
0.0,True,0.0,1.0,0.0,6973,0.9663545489311218
0.0,True,0.0,1.0,0.0,6974,0.9650468230247498
0.0,False,0.0,1.0,0.0,6975,0.07006274163722992
0.0,True,0.0,1.0,0.0,6976,0.7183193564414978
0.0,True,0.0,1.0,0.0,6977,0.389513224363327
0.0,True,0.0,1.0,0.0,6978,0.7794856429100037
0.0,True,0.0,1.0,0.0,6979,0.9910838603973389
0.0,True,0.0,1.0,0.0,6980,0.04971608147025108
0.0,True,0.0,1.0,0.0,6981,0.8586865067481995
0.0,True,0.0,1.0,0.0,6982,0.9909430146217346
0.0,False,0.0,1.0,0.0,6983,0.06114644929766655
0.0,True,0.0,1.0,0.0,6984,0.8006765246391296
0.0,False,0.0,1.0,0.0,6985,0.4588448107242584
0.0,True,0.0,1.0,0.0,6986,0.36136889457702637
0.0,False,0.0,1.0,0.0,6987,0.38747093081474304
0.0,False,0.0,1.0,0.0,6988,0.10433219373226166
0.0,True,0.0,1.0,0.0,6989,0.04493359848856926
0.0,True,0.0,1.0,0.0,6990,0.8286641836166382
0.0,True,0.0,1.0,0.0,6991,0.96941739320755
0.0,True,0.0,1.0,0.0,6992,0.04239371046423912
0.0,True,0.0,1.0,0.0,6993,0.8458144664764404
0.0,True,0.0,1.0,0.0,6994,0.8762865662574768
0.0,True,0.0,1.0,0.0,6995,0.1349838674068451
0.0,True,0.0,1.0,0.0,6996,0.695885181427002
0.0,False,0.0,1.0,0.0,6997,0.3400914669036865
0.0,True,0.0,1.0,0.0,6998,0.7059112787246704
0.0,True,0.0,1.0,0.0,6999,0.8040753602981567
0.0,False,0.0,1.0,0.0,7000,0.43179813027381897
0.0,True,0.0,1.0,0.0,7001,0.04102290794253349
0.0,False,0.0,1.0,0.0,7002,0.20692747831344604
0.0,True,0.0,1.0,0.0,7003,0.11248606443405151
0.0,True,0.0,1.0,0.0,7004,0.8560964465141296
0.0,False,0.0,1.0,0.0,7005,0.15214598178863525
0.0,True,0.0,1.0,0.0,7006,0.04002545028924942
0.0,True,0.0,1.0,0.0,7007,0.8642274141311646
0.0,True,0.0,1.0,0.0,7008,0.7197898030281067
0.0,False,0.0,1.0,0.0,7009,0.14356082677841187
0.0,False,0.0,1.0,0.0,7010,0.057277850806713104
0.0,True,0.0,1.0,0.0,7011,0.7319063544273376
0.0,True,0.0,1.0,0.0,7012,0.6164681911468506
0.0,False,0.0,1.0,0.0,7013,0.10716479271650314
0.0,True,0.0,1.0,0.0,7014,0.2207096964120865
0.0,True,0.0,1.0,0.0,7015,0.8302313089370728
0.0,True,0.0,1.0,0.0,7016,0.5116533041000366
0.0,True,0.0,1.0,0.0,7017,0.5836086273193359
0.0,True,0.0,1.0,0.0,7018,0.9730781316757202
0.0,False,0.0,1.0,0.0,7019,0.06836928427219391
0.0,False,0.0,1.0,0.0,7020,0.18392175436019897
0.0,True,0.0,1.0,0.0,7021,0.6980729103088379
0.0,False,0.0,1.0,0.0,7022,0.7992385625839233
0.0,True,0.0,1.0,0.0,7023,0.8625627160072327
0.0,False,0.0,1.0,0.0,7024,0.09988395124673843
0.0,True,0.0,1.0,0.0,7025,0.8789854049682617
0.0,False,0.0,1.0,0.0,7026,0.7256433367729187
0.0,True,0.0,1.0,0.0,7027,0.18898600339889526
0.0,True,0.0,1.0,0.0,7028,0.9839547872543335
0.0,True,0.0,1.0,0.0,7029,0.8858934044837952
0.0,False,0.0,1.0,0.0,7030,0.22919873893260956
0.0,True,0.0,1.0,0.0,7031,0.8783969879150391
0.0,True,0.0,1.0,0.0,7032,0.6805369853973389
0.0,False,0.0,1.0,0.0,7033,0.34290292859077454
0.0,True,0.0,1.0,0.0,7034,0.8555027842521667
0.0,True,0.0,1.0,0.0,7035,0.9008088111877441
0.0,True,0.0,1.0,0.0,7036,0.44780847430229187
0.0,False,0.0,1.0,0.0,7037,0.02330835349857807
0.0,True,0.0,1.0,0.0,7038,0.9121674299240112
0.0,True,0.0,1.0,0.0,7039,0.8326275944709778
0.0,False,0.0,1.0,0.0,7040,0.6412456035614014
0.0,True,0.0,1.0,0.0,7041,0.8598989844322205
0.0,False,0.0,1.0,0.0,7042,0.3727954030036926
0.0,False,0.0,1.0,0.0,7043,0.40608304738998413
0.0,True,0.0,1.0,0.0,7044,0.8356597423553467
0.0,True,0.0,1.0,0.0,7045,0.24994505941867828
0.0,True,0.0,1.0,0.0,7046,0.0332791730761528
0.0,True,0.0,1.0,0.0,7047,0.5967147946357727
0.0,False,0.0,1.0,0.0,7048,0.15709131956100464
0.0,True,0.0,1.0,0.0,7049,0.28231000900268555
0.0,False,0.0,1.0,0.0,7050,0.31879159808158875
0.0,True,0.0,1.0,0.0,7051,0.3697897493839264
0.0,True,0.0,1.0,0.0,7052,0.5870968103408813
0.0,False,0.0,1.0,0.0,7053,0.3708907663822174
0.0,True,0.0,1.0,0.0,7054,0.39748120307922363
0.0,False,0.0,1.0,0.0,7055,0.5779469609260559
0.0,True,0.0,1.0,0.0,7056,0.7124724388122559
0.0,False,0.0,1.0,0.0,7057,0.8630470037460327
0.0,False,0.0,1.0,0.0,7058,0.25318098068237305
0.0,False,0.0,1.0,0.0,7059,0.7114354968070984
0.0,True,0.0,1.0,0.0,7060,0.772181510925293
0.0,False,0.0,1.0,0.0,7061,0.5074576139450073
0.0,False,0.0,1.0,0.0,7062,0.5912664532661438
0.0,False,0.0,1.0,0.0,7063,0.0511770062148571
0.0,False,0.0,1.0,0.0,7064,0.31210869550704956
0.0,True,0.0,1.0,0.0,7065,0.8020240068435669
0.0,False,0.0,1.0,0.0,7066,0.3931150436401367
0.0,False,0.0,1.0,0.0,7067,0.5609219670295715
0.0,False,0.0,1.0,0.0,7068,0.3871993124485016
0.0,False,0.0,1.0,0.0,7069,0.18248458206653595
0.0,False,0.0,1.0,0.0,7070,0.11220139265060425
0.0,False,0.0,1.0,0.0,7071,0.7946689128875732
0.0,False,0.0,1.0,0.0,7072,0.20055542886257172
0.0,False,0.0,1.0,0.0,7073,0.23915188014507294
0.0,False,0.0,1.0,0.0,7074,0.5803046822547913
0.0,False,0.0,1.0,0.0,7075,0.5387693047523499
0.0,False,0.0,1.0,0.0,7076,0.26015394926071167
0.0,False,0.0,1.0,0.0,7077,0.39870309829711914
0.0,True,0.0,1.0,0.0,7078,0.6469913125038147
0.0,True,0.0,1.0,0.0,7079,0.4447900056838989
0.0,False,0.0,1.0,0.0,7080,0.14736928045749664
0.0,False,0.0,1.0,0.0,7081,0.9768674373626709
0.0,False,0.0,1.0,0.0,7082,0.06799682974815369
0.0,True,0.0,1.0,0.0,7083,0.5587673187255859
0.0,False,0.0,1.0,0.0,7084,0.1857716590166092
0.0,True,0.0,1.0,0.0,7085,0.14586207270622253
0.0,True,0.0,1.0,0.0,7086,0.7935839891433716
0.0,False,0.0,1.0,0.0,7087,0.016918236389756203
0.0,False,0.0,1.0,0.0,7088,0.7740362882614136
0.0,True,0.0,1.0,0.0,7089,0.12217498570680618
0.0,True,0.0,1.0,0.0,7090,0.8055862784385681
0.0,True,0.0,1.0,0.0,7091,0.6744396686553955
0.0,False,0.0,1.0,0.0,7092,0.39515420794487
0.0,True,0.0,1.0,0.0,7093,0.8278731107711792
0.0,True,0.0,1.0,0.0,7094,0.5040262937545776
0.0,False,0.0,1.0,0.0,7095,0.7445785403251648
0.0,True,0.0,1.0,0.0,7096,0.5570060014724731
0.0,False,0.0,1.0,0.0,7097,0.40737733244895935
0.0,True,0.0,1.0,0.0,7098,0.33467748761177063
0.0,False,0.0,1.0,0.0,7099,0.36612406373023987
0.0,False,0.0,1.0,0.0,7100,0.5248170495033264
0.0,False,0.0,1.0,0.0,7101,0.5745994448661804
0.0,False,0.0,1.0,0.0,7102,0.27110743522644043
0.0,False,0.0,1.0,0.0,7103,0.1917848438024521
0.0,True,0.0,1.0,0.0,7104,0.15346744656562805
0.0,True,0.0,1.0,0.0,7105,0.5118229389190674
0.0,True,0.0,1.0,0.0,7106,0.6101992726325989
0.0,False,0.0,1.0,0.0,7107,0.20905262231826782
0.0,True,0.0,1.0,0.0,7108,0.13745452463626862
0.0,True,0.0,1.0,0.0,7109,0.47339698672294617
0.0,True,0.0,1.0,0.0,7110,0.369235634803772
0.0,True,0.0,1.0,0.0,7111,0.23238742351531982
0.0,True,0.0,1.0,0.0,7112,0.4836404323577881
0.0,True,0.0,1.0,0.0,7113,0.21172480285167694
0.0,True,0.0,1.0,0.0,7114,0.7465081214904785
0.0,True,0.0,1.0,0.0,7115,0.4959529638290405
0.0,False,0.0,1.0,0.0,7116,0.08439675718545914
0.0,True,0.0,1.0,0.0,7117,0.26586616039276123
0.0,True,0.0,1.0,0.0,7118,0.9316997528076172
0.0,True,0.0,1.0,0.0,7119,0.36690711975097656
0.0,True,0.0,1.0,0.0,7120,0.7054998278617859
0.0,True,0.0,1.0,0.0,7121,0.9768500328063965
0.0,True,0.0,1.0,0.0,7122,0.7249990701675415
0.0,True,0.0,1.0,0.0,7123,0.7799177169799805
0.0,True,0.0,1.0,0.0,7124,0.33588171005249023
0.0,True,0.0,1.0,0.0,7125,0.7195063233375549
0.0,True,0.0,1.0,0.0,7126,0.6536405086517334
0.0,True,0.0,1.0,0.0,7127,0.8376355171203613
0.0,True,0.0,1.0,0.0,7128,0.538874089717865
0.0,True,0.0,1.0,0.0,7129,0.9430456757545471
0.0,True,0.0,1.0,0.0,7130,0.45881542563438416
0.0,True,0.0,1.0,0.0,7131,0.3845039904117584
0.0,True,0.0,1.0,0.0,7132,0.7989514470100403
0.0,True,0.0,1.0,0.0,7133,0.8021315336227417
0.0,False,0.0,1.0,0.0,7134,0.08600092679262161
0.0,True,0.0,1.0,0.0,7135,0.8379798531532288
0.0,True,0.0,1.0,0.0,7136,0.9630102515220642
0.0,False,0.0,1.0,0.0,7137,0.6625252962112427
0.0,True,0.0,1.0,0.0,7138,0.7968190312385559
0.0,True,0.0,1.0,0.0,7139,0.7380526661872864
0.0,True,0.0,1.0,0.0,7140,0.8654611110687256
0.0,True,0.0,1.0,0.0,7141,0.7169697880744934
0.0,True,0.0,1.0,0.0,7142,0.4111168682575226
0.0,True,0.0,1.0,0.0,7143,0.8342816233634949
0.0,True,0.0,1.0,0.0,7144,0.8326640129089355
0.0,True,0.0,1.0,0.0,7145,0.8631654977798462
0.0,True,0.0,1.0,0.0,7146,0.3236466944217682
0.0,True,0.0,1.0,0.0,7147,0.9854245781898499
0.0,False,0.0,1.0,0.0,7148,0.11373677104711533
0.0,True,0.0,1.0,0.0,7149,0.20497961342334747
0.0,True,0.0,1.0,0.0,7150,0.6595816612243652
0.0,True,0.0,1.0,0.0,7151,0.4895038604736328
0.0,True,0.0,1.0,0.0,7152,0.7218140363693237
0.0,True,0.0,1.0,0.0,7153,0.7949551343917847
0.0,True,0.0,1.0,0.0,7154,0.8264127969741821
0.0,True,0.0,1.0,0.0,7155,0.7837372422218323
0.0,True,0.0,1.0,0.0,7156,0.7780439853668213
0.0,True,0.0,1.0,0.0,7157,0.8792831301689148
0.0,False,0.0,1.0,0.0,7158,0.486490935087204
0.0,False,0.0,1.0,0.0,7159,0.30353057384490967
0.0,True,0.0,1.0,0.0,7160,0.850582480430603
0.0,True,0.0,1.0,0.0,7161,0.8479167819023132
0.0,True,0.0,1.0,0.0,7162,0.8777465224266052
0.0,True,0.0,1.0,0.0,7163,0.8431709408760071
0.0,True,0.0,1.0,0.0,7164,0.8052694797515869
0.0,True,0.0,1.0,0.0,7165,0.8872129321098328
0.0,False,0.0,1.0,0.0,7166,0.06610725075006485
0.0,True,0.0,1.0,0.0,7167,0.6739432215690613
0.0,True,0.0,1.0,0.0,7168,0.8664684891700745
0.0,True,0.0,1.0,0.0,7169,0.8600358963012695
0.0,True,0.0,1.0,0.0,7170,0.8561655282974243
0.0,True,0.0,1.0,0.0,7171,0.8865013122558594
0.0,True,0.0,1.0,0.0,7172,0.4619036316871643
0.0,True,0.0,1.0,0.0,7173,0.7919740080833435
0.0,True,0.0,1.0,0.0,7174,0.8523551225662231
0.0,True,0.0,1.0,0.0,7175,0.8206300139427185
0.0,True,0.0,1.0,0.0,7176,0.8924841284751892
0.0,True,0.0,1.0,0.0,7177,0.9809722900390625
0.0,True,0.0,1.0,0.0,7178,0.06032627448439598
0.0,False,0.0,1.0,0.0,7179,0.16560380160808563
0.0,False,0.0,1.0,0.0,7180,0.04667547345161438
0.0,True,0.0,1.0,0.0,7181,0.8654839396476746
0.0,True,0.0,1.0,0.0,7182,0.8613094687461853
0.0,True,0.0,1.0,0.0,7183,0.4633161723613739
0.0,True,0.0,1.0,0.0,7184,0.8924943804740906
0.0,True,0.0,1.0,0.0,7185,0.11358194053173065
0.0,True,0.0,1.0,0.0,7186,0.8451555371284485
0.0,True,0.0,1.0,0.0,7187,0.3340182304382324
0.0,True,0.0,1.0,0.0,7188,0.5022069215774536
0.0,True,0.0,1.0,0.0,7189,0.25275707244873047
0.0,True,0.0,1.0,0.0,7190,0.8582844734191895
0.0,True,0.0,1.0,0.0,7191,0.8307462930679321
0.0,True,0.0,1.0,0.0,7192,0.8518686890602112
0.0,True,0.0,1.0,0.0,7193,0.8964293003082275
0.0,True,0.0,1.0,0.0,7194,0.8690710067749023
0.0,True,0.0,1.0,0.0,7195,0.757007896900177
0.0,True,0.0,1.0,0.0,7196,0.8648409843444824
0.0,True,0.0,1.0,0.0,7197,0.8969610929489136
0.0,True,0.0,1.0,0.0,7198,0.5326224565505981
0.0,True,0.0,1.0,0.0,7199,0.6268242597579956
0.0,True,0.0,1.0,0.0,7200,0.8624757528305054
0.0,True,0.0,1.0,0.0,7201,0.8379261493682861
0.0,True,0.0,1.0,0.0,7202,0.7476814389228821
0.0,True,0.0,1.0,0.0,7203,0.9002993702888489
0.0,True,0.0,1.0,0.0,7204,0.3744652271270752
0.0,True,0.0,1.0,0.0,7205,0.9800501465797424
0.0,True,0.0,1.0,0.0,7206,0.5486970543861389
0.0,True,0.0,1.0,0.0,7207,0.8685429096221924
0.0,True,0.0,1.0,0.0,7208,0.6925691366195679
0.0,False,0.0,1.0,0.0,7209,0.34756311774253845
0.0,True,0.0,1.0,0.0,7210,0.8824928998947144
0.0,True,0.0,1.0,0.0,7211,0.9116318821907043
0.0,True,0.0,1.0,0.0,7212,0.7200890779495239
0.0,True,0.0,1.0,0.0,7213,0.4389404356479645
0.0,True,0.0,1.0,0.0,7214,0.8026961088180542
0.0,True,0.0,1.0,0.0,7215,0.4527084529399872
0.0,True,0.0,1.0,0.0,7216,0.8570902347564697
0.0,True,0.0,1.0,0.0,7217,0.88798987865448
0.0,True,0.0,1.0,0.0,7218,0.6562187075614929
0.0,False,0.0,1.0,0.0,7219,0.7082012295722961
0.0,True,0.0,1.0,0.0,7220,0.31178462505340576
0.0,True,0.0,1.0,0.0,7221,0.03380948305130005
0.0,True,0.0,1.0,0.0,7222,0.12572892010211945
0.0,True,0.0,1.0,0.0,7223,0.28191742300987244
0.0,True,0.0,1.0,0.0,7224,0.8759866952896118
0.0,True,0.0,1.0,0.0,7225,0.8583464026451111
0.0,False,0.0,1.0,0.0,7226,0.12492688000202179
0.0,False,0.0,1.0,0.0,7227,0.328389436006546
0.0,True,0.0,1.0,0.0,7228,0.875185489654541
0.0,True,0.0,1.0,0.0,7229,0.3871104419231415
0.0,True,0.0,1.0,0.0,7230,0.6011515855789185
0.0,True,0.0,1.0,0.0,7231,0.6465237140655518
0.0,False,0.0,1.0,0.0,7232,0.6593461632728577
0.0,True,0.0,1.0,0.0,7233,0.8822756409645081
0.0,True,0.0,1.0,0.0,7234,0.8532537221908569
0.0,True,0.0,1.0,0.0,7235,0.8042380213737488
0.0,False,0.0,1.0,0.0,7236,0.5034933090209961
0.0,True,0.0,1.0,0.0,7237,0.32381367683410645
0.0,True,0.0,1.0,0.0,7238,0.06653802841901779
0.0,True,0.0,1.0,0.0,7239,0.4346064329147339
0.0,True,0.0,1.0,0.0,7240,0.6658006906509399
0.0,True,0.0,1.0,0.0,7241,0.7429361939430237
0.0,True,0.0,1.0,0.0,7242,0.531121015548706
0.0,False,0.0,1.0,0.0,7243,0.40786832571029663
0.0,True,0.0,1.0,0.0,7244,0.2170831710100174
0.0,False,0.0,1.0,0.0,7245,0.45912477374076843
0.0,False,0.0,1.0,0.0,7246,0.3322102427482605
0.0,False,0.0,1.0,0.0,7247,0.4664041996002197
0.0,True,0.0,1.0,0.0,7248,0.07190680503845215
0.0,False,0.0,1.0,0.0,7249,0.40196794271469116
0.0,False,0.0,1.0,0.0,7250,0.14451029896736145
0.0,True,0.0,1.0,0.0,7251,0.5522903800010681
0.0,False,0.0,1.0,0.0,7252,0.5324752330780029
0.0,True,0.0,1.0,0.0,7253,0.7523335814476013
0.0,True,0.0,1.0,0.0,7254,0.6768794655799866
0.0,True,0.0,1.0,0.0,7255,0.49188581109046936
0.0,True,0.0,1.0,0.0,7256,0.6516376733779907
0.0,True,0.0,1.0,0.0,7257,0.08709830045700073
0.0,True,0.0,1.0,0.0,7258,0.7402202486991882
0.0,True,0.0,1.0,0.0,7259,0.42926204204559326
0.0,True,0.0,1.0,0.0,7260,0.33728519082069397
0.0,False,0.0,1.0,0.0,7261,0.45631685853004456
0.0,True,0.0,1.0,0.0,7262,0.2670804262161255
0.0,True,0.0,1.0,0.0,7263,0.7954838871955872
0.0,False,0.0,1.0,0.0,7264,0.1074138656258583
0.0,True,0.0,1.0,0.0,7265,0.6465218663215637
0.0,True,0.0,1.0,0.0,7266,0.8375615477561951
0.0,True,0.0,1.0,0.0,7267,0.08292292058467865
0.0,True,0.0,1.0,0.0,7268,0.4686477780342102
0.0,True,0.0,1.0,0.0,7269,0.3054220974445343
0.0,True,0.0,1.0,0.0,7270,0.5969871282577515
0.0,False,0.0,1.0,0.0,7271,0.2641758620738983
0.0,True,0.0,1.0,0.0,7272,0.8687739968299866
0.0,False,0.0,1.0,0.0,7273,0.2963661849498749
0.0,False,0.0,1.0,0.0,7274,0.5311996936798096
0.0,False,0.0,1.0,0.0,7275,0.2576916515827179
0.0,False,0.0,1.0,0.0,7276,0.28551045060157776
0.0,False,0.0,1.0,0.0,7277,0.5933933258056641
0.0,False,0.0,1.0,0.0,7278,0.3848009705543518
0.0,False,0.0,1.0,0.0,7279,0.3451826274394989
0.0,False,0.0,1.0,0.0,7280,0.5277906060218811
0.0,False,0.0,1.0,0.0,7281,0.371518075466156
0.0,False,0.0,1.0,0.0,7282,0.04569876939058304
0.0,True,0.0,1.0,0.0,7283,0.9623088836669922
0.0,False,0.0,1.0,0.0,7284,0.2037663608789444
0.0,True,0.0,1.0,0.0,7285,0.8053476214408875
0.0,True,0.0,1.0,0.0,7286,0.42310962080955505
0.0,False,0.0,1.0,0.0,7287,0.17883636057376862
0.0,False,0.0,1.0,0.0,7288,0.3020144999027252
0.0,True,0.0,1.0,0.0,7289,0.7425686120986938
0.0,False,0.0,1.0,0.0,7290,0.4540597200393677
0.0,True,0.0,1.0,0.0,7291,0.07588019222021103
0.0,True,0.0,1.0,0.0,7292,0.8609334230422974
0.0,True,0.0,1.0,0.0,7293,0.9840127229690552
0.0,True,0.0,1.0,0.0,7294,0.5658906698226929
0.0,True,0.0,1.0,0.0,7295,0.3932782709598541
0.0,True,0.0,1.0,0.0,7296,0.9776067733764648
0.0,True,0.0,1.0,0.0,7297,0.879459023475647
0.0,True,0.0,1.0,0.0,7298,0.9417651295661926
0.0,True,0.0,1.0,0.0,7299,0.18540875613689423
0.0,True,0.0,1.0,0.0,7300,0.8966546654701233
0.0,True,0.0,1.0,0.0,7301,0.8457725644111633
0.0,True,0.0,1.0,0.0,7302,0.8295376896858215
0.0,True,0.0,1.0,0.0,7303,0.7615417838096619
0.0,True,0.0,1.0,0.0,7304,0.902637779712677
0.0,False,0.0,1.0,0.0,7305,0.11160755902528763
0.0,False,0.0,1.0,0.0,7306,0.042094744741916656
0.0,False,0.0,1.0,0.0,7307,0.4011225998401642
0.0,False,0.0,1.0,0.0,7308,0.17918170988559723
0.0,True,0.0,1.0,0.0,7309,0.9670002460479736
0.0,True,0.0,1.0,0.0,7310,0.9316672682762146
0.0,True,0.0,1.0,0.0,7311,0.8478190898895264
0.0,True,0.0,1.0,0.0,7312,0.9425719976425171
0.0,True,0.0,1.0,0.0,7313,0.09703011065721512
0.0,True,0.0,1.0,0.0,7314,0.9418970942497253
0.0,False,0.0,1.0,0.0,7315,0.19223803281784058
0.0,False,0.0,1.0,0.0,7316,0.28987956047058105
0.0,True,0.0,1.0,0.0,7317,0.4809179902076721
0.0,True,0.0,1.0,0.0,7318,0.9445255398750305
0.0,True,0.0,1.0,0.0,7319,0.9364253878593445
0.0,True,0.0,1.0,0.0,7320,0.5137937664985657
0.0,True,0.0,1.0,0.0,7321,0.9388707280158997
0.0,False,0.0,1.0,0.0,7322,0.11817873269319534
0.0,True,0.0,1.0,0.0,7323,0.20907555520534515
0.0,True,0.0,1.0,0.0,7324,0.48659196496009827
0.0,True,0.0,1.0,0.0,7325,0.3637629449367523
0.0,True,0.0,1.0,0.0,7326,0.7041742205619812
0.0,True,0.0,1.0,0.0,7327,0.14148719608783722
0.0,False,0.0,1.0,0.0,7328,0.2014537751674652
0.0,True,0.0,1.0,0.0,7329,0.9675410389900208
0.0,False,0.0,1.0,0.0,7330,0.0587334930896759
0.0,False,0.0,1.0,0.0,7331,0.13240377604961395
0.0,False,0.0,1.0,0.0,7332,0.17203347384929657
0.0,False,0.0,1.0,0.0,7333,0.34585678577423096
0.0,False,0.0,1.0,0.0,7334,0.13306576013565063
0.0,False,0.0,1.0,0.0,7335,0.15408554673194885
0.0,False,0.0,1.0,0.0,7336,0.11789257824420929
0.0,False,0.0,1.0,0.0,7337,0.2902587056159973
0.0,True,0.0,1.0,0.0,7338,0.9413483142852783
0.0,False,0.0,1.0,0.0,7339,0.5537981986999512
0.0,True,0.0,1.0,0.0,7340,0.9801458716392517
0.0,True,0.0,1.0,0.0,7341,0.07527969777584076
0.0,False,0.0,1.0,0.0,7342,0.2903411388397217
0.0,True,0.0,1.0,0.0,7343,0.9923397302627563
0.0,True,0.0,1.0,0.0,7344,0.9703656435012817
0.0,True,0.0,1.0,0.0,7345,0.8099280595779419
0.0,True,0.0,1.0,0.0,7346,0.9394741654396057
0.0,True,0.0,1.0,0.0,7347,0.8547500967979431
0.0,True,0.0,1.0,0.0,7348,0.9489328265190125
0.0,True,0.0,1.0,0.0,7349,0.8541569709777832
0.0,True,0.0,1.0,0.0,7350,0.94468754529953
0.0,True,0.0,1.0,0.0,7351,0.32220783829689026
0.0,True,0.0,1.0,0.0,7352,0.986519455909729
0.0,True,0.0,1.0,0.0,7353,0.5436070561408997
0.0,True,0.0,1.0,0.0,7354,0.6019912958145142
0.0,False,0.0,1.0,0.0,7355,0.13180118799209595
0.0,False,0.0,1.0,0.0,7356,0.436883807182312
0.0,True,0.0,1.0,0.0,7357,0.990444004535675
0.0,False,0.0,1.0,0.0,7358,0.14727404713630676
0.0,True,0.0,1.0,0.0,7359,0.07757093757390976
0.0,True,0.0,1.0,0.0,7360,0.9397544264793396
0.0,True,0.0,1.0,0.0,7361,0.9803335070610046
0.0,False,0.0,1.0,0.0,7362,0.09166137874126434
0.0,True,0.0,1.0,0.0,7363,0.991465151309967
0.0,True,0.0,1.0,0.0,7364,0.8409057855606079
0.0,True,0.0,1.0,0.0,7365,0.8534290194511414
0.0,True,0.0,1.0,0.0,7366,0.5475674867630005
0.0,True,0.0,1.0,0.0,7367,0.08055437356233597
0.0,True,0.0,1.0,0.0,7368,0.925053060054779
0.0,True,0.0,1.0,0.0,7369,0.9314450621604919
0.0,True,0.0,1.0,0.0,7370,0.9324216842651367
0.0,True,0.0,1.0,0.0,7371,0.8486956357955933
0.0,False,0.0,1.0,0.0,7372,0.4172578752040863
0.0,True,0.0,1.0,0.0,7373,0.8574085831642151
0.0,True,0.0,1.0,0.0,7374,0.965420126914978
0.0,True,0.0,1.0,0.0,7375,0.9313015341758728
0.0,True,0.0,1.0,0.0,7376,0.9364675879478455
0.0,True,0.0,1.0,0.0,7377,0.8604792952537537
0.0,True,0.0,1.0,0.0,7378,0.9926089644432068
0.0,False,0.0,1.0,0.0,7379,0.5850189924240112
0.0,True,0.0,1.0,0.0,7380,0.4176115393638611
0.0,True,0.0,1.0,0.0,7381,0.19009537994861603
0.0,True,0.0,1.0,0.0,7382,0.4732910096645355
0.0,True,0.0,1.0,0.0,7383,0.4525369703769684
0.0,True,0.0,1.0,0.0,7384,0.13370294868946075
0.0,True,0.0,1.0,0.0,7385,0.2870975434780121
0.0,True,0.0,1.0,0.0,7386,0.5869957208633423
0.0,True,0.0,1.0,0.0,7387,0.7469441294670105
0.0,True,0.0,1.0,0.0,7388,0.8635836243629456
0.0,False,0.0,1.0,0.0,7389,0.1276959627866745
0.0,True,0.0,1.0,0.0,7390,0.9548564553260803
0.0,True,0.0,1.0,0.0,7391,0.9715657830238342
0.0,True,0.0,1.0,0.0,7392,0.9302214980125427
0.0,True,0.0,1.0,0.0,7393,0.7221642136573792
0.0,True,0.0,1.0,0.0,7394,0.8320523500442505
0.0,False,0.0,1.0,0.0,7395,0.03522290661931038
0.0,False,0.0,1.0,0.0,7396,0.519773542881012
0.0,False,0.0,1.0,0.0,7397,0.3021027743816376
0.0,True,0.0,1.0,0.0,7398,0.13205696642398834
0.0,False,0.0,1.0,0.0,7399,0.11975296586751938
0.0,True,0.0,1.0,0.0,7400,0.9302820563316345
0.0,True,0.0,1.0,0.0,7401,0.4270383417606354
0.0,True,0.0,1.0,0.0,7402,0.36179155111312866
0.0,True,0.0,1.0,0.0,7403,0.9489359259605408
0.0,True,0.0,1.0,0.0,7404,0.8788400292396545
0.0,False,0.0,1.0,0.0,7405,0.4607153832912445
0.0,True,0.0,1.0,0.0,7406,0.6469334959983826
0.0,False,0.0,1.0,0.0,7407,0.3145160675048828
0.0,True,0.0,1.0,0.0,7408,0.6861255168914795
0.0,True,0.0,1.0,0.0,7409,0.44107797741889954
0.0,False,0.0,1.0,0.0,7410,0.39380818605422974
0.0,True,0.0,1.0,0.0,7411,0.9716572165489197
0.0,True,0.0,1.0,0.0,7412,0.9400918483734131
0.0,True,0.0,1.0,0.0,7413,0.8471851348876953
0.0,True,0.0,1.0,0.0,7414,0.9478645324707031
0.0,False,0.0,1.0,0.0,7415,0.08226729929447174
0.0,True,0.0,1.0,0.0,7416,0.5996208786964417
0.0,True,0.0,1.0,0.0,7417,0.9496301412582397
0.0,True,0.0,1.0,0.0,7418,0.5923330783843994
0.0,True,0.0,1.0,0.0,7419,0.9093496799468994
0.0,True,0.0,1.0,0.0,7420,0.4829782545566559
0.0,True,0.0,1.0,0.0,7421,0.9096291065216064
0.0,True,0.0,1.0,0.0,7422,0.9135222434997559
0.0,True,0.0,1.0,0.0,7423,0.1387794315814972
0.0,False,0.0,1.0,0.0,7424,0.10041609406471252
0.0,True,0.0,1.0,0.0,7425,0.8640614748001099
0.0,True,0.0,1.0,0.0,7426,0.9397693872451782
0.0,True,0.0,1.0,0.0,7427,0.965580940246582
0.0,True,0.0,1.0,0.0,7428,0.8459056615829468
0.0,True,0.0,1.0,0.0,7429,0.9152399301528931
0.0,False,0.0,1.0,0.0,7430,0.7124810814857483
0.0,True,0.0,1.0,0.0,7431,0.9201440215110779
0.0,True,0.0,1.0,0.0,7432,0.8699485659599304
0.0,True,0.0,1.0,0.0,7433,0.40422967076301575
0.0,True,0.0,1.0,0.0,7434,0.9423164129257202
0.0,False,0.0,1.0,0.0,7435,0.4110479950904846
0.0,True,0.0,1.0,0.0,7436,0.49357491731643677
0.0,True,0.0,1.0,0.0,7437,0.9649301767349243
0.0,True,0.0,1.0,0.0,7438,0.7079184055328369
0.0,True,0.0,1.0,0.0,7439,0.6890171766281128
0.0,True,0.0,1.0,0.0,7440,0.3737771809101105
0.0,True,0.0,1.0,0.0,7441,0.911460816860199
0.0,False,0.0,1.0,0.0,7442,0.49660465121269226
0.0,True,0.0,1.0,0.0,7443,0.9128993153572083
0.0,True,0.0,1.0,0.0,7444,0.6290730237960815
0.0,True,0.0,1.0,0.0,7445,0.8753120303153992
0.0,True,0.0,1.0,0.0,7446,0.9471219778060913
0.0,True,0.0,1.0,0.0,7447,0.9631645083427429
0.0,True,0.0,1.0,0.0,7448,0.5071899890899658
0.0,False,0.0,1.0,0.0,7449,0.06594326347112656
0.0,True,0.0,1.0,0.0,7450,0.7034218311309814
0.0,True,0.0,1.0,0.0,7451,0.7359488010406494
0.0,True,0.0,1.0,0.0,7452,0.9487608075141907
0.0,True,0.0,1.0,0.0,7453,0.7348307371139526
0.0,True,0.0,1.0,0.0,7454,0.9619139432907104
0.0,True,0.0,1.0,0.0,7455,0.9167815446853638
0.0,False,0.0,1.0,0.0,7456,0.22571049630641937
0.0,False,0.0,1.0,0.0,7457,0.726410984992981
0.0,True,0.0,1.0,0.0,7458,0.9201594591140747
0.0,True,0.0,1.0,0.0,7459,0.1336984634399414
0.0,True,0.0,1.0,0.0,7460,0.8765096068382263
0.0,True,0.0,1.0,0.0,7461,0.9454469084739685
0.0,True,0.0,1.0,0.0,7462,0.9662747383117676
0.0,False,0.0,1.0,0.0,7463,0.7515954971313477
0.0,True,0.0,1.0,0.0,7464,0.32606953382492065
0.0,False,0.0,1.0,0.0,7465,0.3784754276275635
0.0,True,0.0,1.0,0.0,7466,0.7955759167671204
0.0,True,0.0,1.0,0.0,7467,0.4603116810321808
0.0,False,0.0,1.0,0.0,7468,0.17199638485908508
0.0,False,0.0,1.0,0.0,7469,0.011127941310405731
0.0,True,0.0,1.0,0.0,7470,0.22934484481811523
0.0,False,0.0,1.0,0.0,7471,0.2525554299354553
0.0,False,0.0,1.0,0.0,7472,0.18663381040096283
0.0,False,0.0,1.0,0.0,7473,0.0098612941801548
0.0,False,0.0,1.0,0.0,7474,0.16307607293128967
0.0,True,0.0,1.0,0.0,7475,0.6054794788360596
0.0,True,0.0,1.0,0.0,7476,0.2966250777244568
0.0,False,0.0,1.0,0.0,7477,0.22973625361919403
0.0,True,0.0,1.0,0.0,7478,0.8261423110961914
0.0,True,0.0,1.0,0.0,7479,0.7745375037193298
0.0,True,0.0,1.0,0.0,7480,0.8948355317115784
0.0,True,0.0,1.0,0.0,7481,0.2986206114292145
0.0,True,0.0,1.0,0.0,7482,0.7760878205299377
0.0,True,0.0,1.0,0.0,7483,0.7526753544807434
0.0,True,0.0,1.0,0.0,7484,0.2140517234802246
0.0,True,0.0,1.0,0.0,7485,0.4413429796695709
0.0,True,0.0,1.0,0.0,7486,0.35913756489753723
0.0,False,0.0,1.0,0.0,7487,0.4124336242675781
0.0,True,0.0,1.0,0.0,7488,0.3741678297519684
0.0,True,0.0,1.0,0.0,7489,0.3185745179653168
0.0,True,0.0,1.0,0.0,7490,0.48299989104270935
0.0,False,0.0,1.0,0.0,7491,0.36663618683815
0.0,True,0.0,1.0,0.0,7492,0.8994685411453247
0.0,True,0.0,1.0,0.0,7493,0.8862994313240051
0.0,False,0.0,1.0,0.0,7494,0.34678640961647034
0.0,True,0.0,1.0,0.0,7495,0.9089855551719666
0.0,True,0.0,1.0,0.0,7496,0.24493716657161713
0.0,True,0.0,1.0,0.0,7497,0.9638410210609436
0.0,True,0.0,1.0,0.0,7498,0.9881735444068909
0.0,True,0.0,1.0,0.0,7499,0.9321215152740479
0.0,True,0.0,1.0,0.0,7500,0.9883540868759155
0.0,True,0.0,1.0,0.0,7501,0.9795596599578857
0.0,True,0.0,1.0,0.0,7502,0.4503878057003021
0.0,True,0.0,1.0,0.0,7503,0.980068027973175
0.0,True,0.0,1.0,0.0,7504,0.9168761372566223
0.0,True,0.0,1.0,0.0,7505,0.6257173418998718
0.0,True,0.0,1.0,0.0,7506,0.6711204648017883
0.0,True,0.0,1.0,0.0,7507,0.834641695022583
0.0,True,0.0,1.0,0.0,7508,0.7736114263534546
0.0,True,0.0,1.0,0.0,7509,0.8792072534561157
0.0,False,0.0,1.0,0.0,7510,0.19948621094226837
0.0,True,0.0,1.0,0.0,7511,0.27782323956489563
0.0,False,0.0,1.0,0.0,7512,0.6750827431678772
0.0,True,0.0,1.0,0.0,7513,0.2620345652103424
0.0,True,0.0,1.0,0.0,7514,0.5696313977241516
0.0,False,0.0,1.0,0.0,7515,0.45219656825065613
0.0,True,0.0,1.0,0.0,7516,0.2811279594898224
0.0,True,0.0,1.0,0.0,7517,0.8179349303245544
0.0,False,0.0,1.0,0.0,7518,0.47710222005844116
0.0,True,0.0,1.0,0.0,7519,0.6102563142776489
0.0,True,0.0,1.0,0.0,7520,0.36589187383651733
0.0,True,0.0,1.0,0.0,7521,0.4869609773159027
0.0,True,0.0,1.0,0.0,7522,0.26664209365844727
0.0,True,0.0,1.0,0.0,7523,0.3168942332267761
0.0,True,0.0,1.0,0.0,7524,0.0912066251039505
0.0,True,0.0,1.0,0.0,7525,0.4388588070869446
0.0,True,0.0,1.0,0.0,7526,0.7974627017974854
0.0,True,0.0,1.0,0.0,7527,0.5441899299621582
0.0,False,0.0,1.0,0.0,7528,0.9045177698135376
0.0,True,0.0,1.0,0.0,7529,0.20984868705272675
0.0,True,0.0,1.0,0.0,7530,0.7512079477310181
0.0,True,0.0,1.0,0.0,7531,0.40173137187957764
0.0,False,0.0,1.0,0.0,7532,0.20594848692417145
0.0,True,0.0,1.0,0.0,7533,0.08237551152706146
0.0,False,0.0,1.0,0.0,7534,0.24298812448978424
0.0,True,0.0,1.0,0.0,7535,0.10612144321203232
0.0,True,0.0,1.0,0.0,7536,0.637030839920044
0.0,True,0.0,1.0,0.0,7537,0.4520864188671112
0.0,True,0.0,1.0,0.0,7538,0.9918462634086609
0.0,True,0.0,1.0,0.0,7539,0.034927818924188614
0.0,True,0.0,1.0,0.0,7540,0.9904571175575256
0.0,False,0.0,1.0,0.0,7541,0.08422335237264633
0.0,True,0.0,1.0,0.0,7542,0.11300201714038849
0.0,True,0.0,1.0,0.0,7543,0.3306668698787689
0.0,False,0.0,1.0,0.0,7544,0.08855322003364563
0.0,True,0.0,1.0,0.0,7545,0.7818295359611511
0.0,True,0.0,1.0,0.0,7546,0.7063896656036377
0.0,False,0.0,1.0,0.0,7547,0.120961494743824
0.0,True,0.0,1.0,0.0,7548,0.2513221204280853
0.0,True,0.0,1.0,0.0,7549,0.3330264687538147
0.0,True,0.0,1.0,0.0,7550,0.9407158493995667
0.0,False,0.0,1.0,0.0,7551,0.6152814030647278
0.0,True,0.0,1.0,0.0,7552,0.7727844715118408
0.0,True,0.0,1.0,0.0,7553,0.42176079750061035
0.0,True,0.0,1.0,0.0,7554,0.5390077233314514
0.0,True,0.0,1.0,0.0,7555,0.8123370409011841
0.0,False,0.0,1.0,0.0,7556,0.6407865881919861
0.0,False,0.0,1.0,0.0,7557,0.3914535641670227
0.0,False,0.0,1.0,0.0,7558,0.2016558200120926
0.0,True,0.0,1.0,0.0,7559,0.4894540309906006
0.0,True,0.0,1.0,0.0,7560,0.758579432964325
0.0,True,0.0,1.0,0.0,7561,0.7769982814788818
0.0,False,0.0,1.0,0.0,7562,0.05735484138131142
0.0,False,0.0,1.0,0.0,7563,0.9200924634933472
0.0,True,0.0,1.0,0.0,7564,0.11442437022924423
0.0,True,0.0,1.0,0.0,7565,0.18933157622814178
0.0,True,0.0,1.0,0.0,7566,0.666424036026001
0.0,True,0.0,1.0,0.0,7567,0.8801525235176086
0.0,True,0.0,1.0,0.0,7568,0.6172701120376587
0.0,True,0.0,1.0,0.0,7569,0.3470045030117035
0.0,True,0.0,1.0,0.0,7570,0.08175633102655411
0.0,True,0.0,1.0,0.0,7571,0.14799028635025024
0.0,False,0.0,1.0,0.0,7572,0.5977331399917603
0.0,True,0.0,1.0,0.0,7573,0.8735345005989075
0.0,False,0.0,1.0,0.0,7574,0.5472811460494995
0.0,False,0.0,1.0,0.0,7575,0.6057126522064209
0.0,False,0.0,1.0,0.0,7576,0.560722291469574
0.0,False,0.0,0.0,0.0,6553,0.37733960151672363
0.0,False,0.0,0.0,0.0,6554,0.2616233825683594
0.0,False,0.0,0.0,0.0,6555,0.42618292570114136
0.0,False,0.0,0.0,0.0,6556,0.6257712841033936
0.0,False,0.0,0.0,0.0,6557,0.007280411664396524
0.0,False,0.0,0.0,0.0,6558,0.47758981585502625
0.0,False,0.0,0.0,0.0,6559,0.28294697403907776
0.0,False,0.0,0.0,0.0,6560,0.0655389204621315
0.0,False,0.0,0.0,0.0,6561,0.40811777114868164
0.0,False,0.0,0.0,0.0,6562,0.06773751229047775
0.0,False,0.0,0.0,0.0,6563,0.11944825202226639
0.0,False,0.0,0.0,0.0,6564,0.11649270355701447
0.0,False,0.0,0.0,0.0,6565,0.09454772621393204
0.0,False,0.0,0.0,0.0,6566,0.31225651502609253
0.0,False,0.0,0.0,0.0,6567,0.05162160471081734
0.0,False,0.0,0.0,0.0,6568,0.1779368370771408
0.0,False,0.0,0.0,0.0,6569,0.08453818410634995
0.0,False,0.0,0.0,0.0,6570,0.2666757106781006
0.0,True,0.0,0.0,0.0,6571,0.9559851288795471
0.0,False,0.0,0.0,0.0,6572,0.2041899412870407
0.0,True,0.0,0.0,0.0,6573,0.6799171566963196
0.0,False,0.0,0.0,0.0,6574,0.5302721261978149
0.0,False,0.0,0.0,0.0,6575,0.2070293426513672
0.0,False,0.0,0.0,0.0,6576,0.016903793439269066
0.0,False,0.0,0.0,0.0,6577,0.28939303755760193
0.0,False,0.0,0.0,0.0,6578,0.4049270749092102
0.0,False,0.0,0.0,0.0,6579,0.32047492265701294
0.0,True,0.0,0.0,0.0,6580,0.5697431564331055
0.0,False,0.0,0.0,0.0,6581,0.15079236030578613
0.0,False,0.0,0.0,0.0,6582,0.056773778051137924
0.0,False,0.0,0.0,0.0,6583,0.061599526554346085
0.0,False,0.0,0.0,0.0,6584,0.0407453291118145
0.0,False,0.0,0.0,0.0,6585,0.47335055470466614
0.0,False,0.0,0.0,0.0,6586,0.13644924759864807
0.0,False,0.0,0.0,0.0,6587,0.2780515253543854
0.0,False,0.0,0.0,0.0,6588,0.3493862748146057
0.0,False,0.0,0.0,0.0,6589,0.27518200874328613
0.0,False,0.0,0.0,0.0,6590,0.22569596767425537
0.0,False,0.0,0.0,0.0,6591,0.5714258551597595
0.0,False,0.0,0.0,0.0,6592,0.15508155524730682
0.0,True,0.0,0.0,0.0,6593,0.8754867911338806
0.0,False,0.0,0.0,0.0,6594,0.0586010105907917
0.0,True,0.0,0.0,0.0,6595,0.03235958144068718
0.0,True,0.0,0.0,0.0,6596,0.8434797525405884
0.0,False,0.0,0.0,0.0,6597,0.03301962465047836
0.0,False,0.0,0.0,0.0,6598,0.026705149561166763
0.0,False,0.0,0.0,0.0,6599,0.047843609005212784
0.0,False,0.0,0.0,0.0,6600,0.2372061014175415
0.0,False,0.0,0.0,0.0,6601,0.048548225313425064
0.0,False,0.0,0.0,0.0,6602,0.4490733742713928
0.0,False,0.0,0.0,0.0,6603,0.41550105810165405
0.0,False,0.0,0.0,0.0,6604,0.39918482303619385
0.0,True,0.0,0.0,0.0,6605,0.28251928091049194
0.0,True,0.0,0.0,0.0,6606,0.253085196018219
0.0,False,0.0,0.0,0.0,6607,0.05754593387246132
0.0,False,0.0,0.0,0.0,6608,0.37065061926841736
0.0,False,0.0,0.0,0.0,6609,0.520467221736908
0.0,False,0.0,0.0,0.0,6610,0.045685429126024246
0.0,False,0.0,0.0,0.0,6611,0.05956021323800087
0.0,False,0.0,0.0,0.0,6612,0.3949931859970093
0.0,False,0.0,0.0,0.0,6613,0.40705180168151855
0.0,False,0.0,0.0,0.0,6614,0.39230427145957947
0.0,False,0.0,0.0,0.0,6615,0.2137516438961029
0.0,False,0.0,0.0,0.0,6616,0.011996488086879253
0.0,False,0.0,0.0,0.0,6617,0.20479744672775269
0.0,False,0.0,0.0,0.0,6618,0.7549094557762146
0.0,False,0.0,0.0,0.0,6619,0.2816326320171356
0.0,False,0.0,0.0,0.0,6620,0.33547765016555786
0.0,False,0.0,0.0,0.0,6621,0.2617855668067932
0.0,False,0.0,0.0,0.0,6622,0.14279234409332275
0.0,False,0.0,0.0,0.0,6623,0.5582373142242432
0.0,True,0.0,0.0,0.0,6624,0.6829814910888672
0.0,False,0.0,0.0,0.0,6625,0.09481304883956909
0.0,False,0.0,0.0,0.0,6626,0.21213974058628082
0.0,False,0.0,0.0,0.0,6627,0.14593079686164856
0.0,False,0.0,0.0,0.0,6628,0.9190536737442017
0.0,False,0.0,0.0,0.0,6629,0.006523454561829567
0.0,False,0.0,0.0,0.0,6630,0.03673218563199043
0.0,False,0.0,0.0,0.0,6631,0.05219490826129913
0.0,False,0.0,0.0,0.0,6632,0.0549573078751564
0.0,False,0.0,0.0,0.0,6633,0.01330344844609499
0.0,False,0.0,0.0,0.0,6634,0.20706088840961456
0.0,False,0.0,0.0,0.0,6635,0.027124034240841866
0.0,False,0.0,0.0,0.0,6636,0.180703803896904
0.0,False,0.0,0.0,0.0,6637,0.00999465212225914
0.0,False,0.0,0.0,0.0,6638,0.025204721838235855
0.0,False,0.0,0.0,0.0,6639,0.33625465631484985
0.0,False,0.0,0.0,0.0,6640,0.3689177930355072
0.0,False,0.0,0.0,0.0,6641,0.04970598965883255
0.0,False,0.0,0.0,0.0,6642,0.07302830368280411
0.0,False,0.0,0.0,0.0,6643,0.028165793046355247
0.0,False,0.0,0.0,0.0,6644,0.03452596440911293
0.0,False,0.0,0.0,0.0,6645,0.42858654260635376
0.0,False,0.0,0.0,0.0,6646,0.5392252206802368
0.0,False,0.0,0.0,0.0,6647,0.047858018428087234
0.0,True,0.0,0.0,0.0,6648,0.2881678640842438
0.0,False,0.0,0.0,0.0,6649,0.14161254465579987
0.0,False,0.0,0.0,0.0,6650,0.12860575318336487
0.0,False,0.0,0.0,0.0,6651,0.5445687174797058
0.0,False,0.0,0.0,0.0,6652,0.08213874697685242
0.0,True,0.0,0.0,0.0,6653,0.5895968079566956
0.0,False,0.0,0.0,0.0,6654,0.06314591318368912
0.0,False,0.0,0.0,0.0,6655,0.5752434730529785
0.0,False,0.0,0.0,0.0,6656,0.11683855205774307
0.0,False,0.0,0.0,0.0,6657,0.12587377429008484
0.0,False,0.0,0.0,0.0,6658,0.014367655850946903
0.0,False,0.0,0.0,0.0,6659,0.05989765375852585
0.0,False,0.0,0.0,0.0,6660,0.03844268247485161
0.0,False,0.0,0.0,0.0,6661,0.2587130665779114
0.0,False,0.0,0.0,0.0,6662,0.1615031212568283
0.0,False,0.0,0.0,0.0,6663,0.18420565128326416
0.0,False,0.0,0.0,0.0,6664,0.12850141525268555
0.0,False,0.0,0.0,0.0,6665,0.12121012061834335
0.0,False,0.0,0.0,0.0,6666,0.030166994780302048
0.0,False,0.0,0.0,0.0,6667,0.2257590889930725
0.0,False,0.0,0.0,0.0,6668,0.021778149530291557
0.0,False,0.0,0.0,0.0,6669,0.254111647605896
0.0,False,0.0,0.0,0.0,6670,0.013670824468135834
0.0,False,0.0,0.0,0.0,6671,0.0004425481893122196
0.0,False,0.0,0.0,0.0,6672,0.515522301197052
0.0,False,0.0,0.0,0.0,6673,0.12547671794891357
0.0,False,0.0,0.0,0.0,6674,0.0010740939760580659
0.0,False,0.0,0.0,0.0,6675,0.15342235565185547
0.0,False,0.0,0.0,0.0,6676,0.019233329221606255
0.0,False,0.0,0.0,0.0,6677,0.11664102971553802
0.0,False,0.0,0.0,0.0,6678,0.07147598266601562
0.0,False,0.0,0.0,0.0,6679,0.33605071902275085
0.0,False,0.0,0.0,0.0,6680,0.1515100598335266
0.0,False,0.0,0.0,0.0,6681,0.008434612303972244
0.0,False,0.0,0.0,0.0,6682,0.4494507312774658
0.0,False,0.0,0.0,0.0,6683,0.23945321142673492
0.0,False,0.0,0.0,0.0,6684,0.060868050903081894
0.0,False,0.0,0.0,0.0,6685,0.013572264462709427
0.0,False,0.0,0.0,0.0,6686,0.02338166907429695
0.0,False,0.0,0.0,0.0,6687,0.12921680510044098
0.0,False,0.0,0.0,0.0,6688,0.1082293763756752
0.0,False,0.0,0.0,0.0,6689,0.4406428635120392
0.0,False,0.0,0.0,0.0,6690,0.28700464963912964
0.0,False,0.0,0.0,0.0,6691,0.17546088993549347
0.0,False,0.0,0.0,0.0,6692,0.023516817018389702
0.0,False,0.0,0.0,0.0,6693,0.31295230984687805
0.0,False,0.0,0.0,0.0,6694,0.10719799250364304
0.0,False,0.0,0.0,0.0,6695,0.08687923848628998
0.0,False,0.0,0.0,0.0,6696,0.5858152508735657
0.0,False,0.0,0.0,0.0,6697,0.6366645693778992
0.0,False,0.0,0.0,0.0,6698,0.4819309115409851
0.0,False,0.0,0.0,0.0,6699,0.4228620231151581
0.0,False,0.0,0.0,0.0,6700,0.21712587773799896
0.0,True,0.0,0.0,0.0,6701,0.7196518182754517
0.0,False,0.0,0.0,0.0,6702,0.041237059980630875
0.0,False,0.0,0.0,0.0,6703,0.016500551253557205
0.0,False,0.0,0.0,0.0,6704,0.006030431482940912
0.0,False,0.0,0.0,0.0,6705,0.7996652126312256
0.0,False,0.0,0.0,0.0,6706,0.002787509933114052
0.0,False,0.0,0.0,0.0,6707,0.007826297543942928
0.0,False,0.0,0.0,0.0,6708,0.007910912856459618
0.0,True,0.0,0.0,0.0,6709,0.065290167927742
0.0,False,0.0,0.0,0.0,6710,0.08104509860277176
0.0,False,0.0,0.0,0.0,6711,0.020376555621623993
0.0,False,0.0,0.0,0.0,6712,0.0077922954224050045
0.0,False,0.0,0.0,0.0,6713,0.15561386942863464
0.0,False,0.0,0.0,0.0,6714,0.1429632306098938
0.0,False,0.0,0.0,0.0,6715,0.277397096157074
0.0,False,0.0,0.0,0.0,6716,0.10352244973182678
0.0,True,0.0,0.0,0.0,6717,0.34089067578315735
0.0,False,0.0,0.0,0.0,6718,0.04889754578471184
0.0,False,0.0,0.0,0.0,6719,0.1721457690000534
0.0,False,0.0,0.0,0.0,6720,0.18088233470916748
0.0,False,0.0,0.0,0.0,6721,0.1370454579591751
0.0,False,0.0,0.0,0.0,6722,0.06109802424907684
0.0,False,0.0,0.0,0.0,6723,0.5263134241104126
0.0,False,0.0,0.0,0.0,6724,0.3056637644767761
0.0,False,0.0,0.0,0.0,6725,0.4672030210494995
0.0,False,0.0,0.0,0.0,6726,0.4413755536079407
0.0,True,0.0,0.0,0.0,6727,0.5719365477561951
0.0,False,0.0,0.0,0.0,6728,0.030886705964803696
0.0,False,0.0,0.0,0.0,6729,0.1276637464761734
0.0,False,0.0,0.0,0.0,6730,0.3724474012851715
0.0,False,0.0,0.0,0.0,6731,0.6902043223381042
0.0,False,0.0,0.0,0.0,6732,0.5499421954154968
0.0,False,0.0,0.0,0.0,6733,0.039397310465574265
0.0,False,0.0,0.0,0.0,6734,0.34504327178001404
0.0,False,0.0,0.0,0.0,6735,0.16917654871940613
0.0,False,0.0,0.0,0.0,6736,0.3163307309150696
0.0,False,0.0,0.0,0.0,6737,0.1542443335056305
0.0,False,0.0,0.0,0.0,6738,0.06202186271548271
0.0,False,0.0,0.0,0.0,6739,0.0750841423869133
0.0,False,0.0,0.0,0.0,6740,0.3207327127456665
0.0,False,0.0,0.0,0.0,6741,0.14660732448101044
0.0,False,0.0,0.0,0.0,6742,0.5002633929252625
0.0,False,0.0,0.0,0.0,6743,0.5762665271759033
0.0,False,0.0,0.0,0.0,6744,0.11198991537094116
0.0,False,0.0,0.0,0.0,6745,0.36092936992645264
0.0,False,0.0,0.0,0.0,6746,0.6962562203407288
0.0,False,0.0,0.0,0.0,6747,0.05148206651210785
0.0,False,0.0,0.0,0.0,6748,0.2710748612880707
0.0,False,0.0,0.0,0.0,6749,0.20096956193447113
0.0,False,0.0,0.0,0.0,6750,0.3411366939544678
0.0,True,0.0,0.0,0.0,6751,0.722607433795929
0.0,False,0.0,0.0,0.0,6752,0.35222506523132324
0.0,False,0.0,0.0,0.0,6753,0.6484248638153076
0.0,False,0.0,0.0,0.0,6754,0.45706015825271606
0.0,False,0.0,0.0,0.0,6755,0.19099336862564087
0.0,False,0.0,0.0,0.0,6756,0.18696169555187225
0.0,False,0.0,0.0,0.0,6757,0.10992401838302612
0.0,False,0.0,0.0,0.0,6758,0.3313596844673157
0.0,False,0.0,0.0,0.0,6759,0.17965392768383026
0.0,True,0.0,0.0,0.0,6760,0.8478953838348389
0.0,False,0.0,0.0,0.0,6761,0.4419083893299103
0.0,False,0.0,0.0,0.0,6762,0.07400063425302505
0.0,False,0.0,0.0,0.0,6763,0.15654592216014862
0.0,False,0.0,0.0,0.0,6764,0.2680295407772064
0.0,False,0.0,0.0,0.0,6765,0.014727278612554073
0.0,False,0.0,0.0,0.0,6766,0.8038541674613953
0.0,False,0.0,0.0,0.0,6767,0.08506503701210022
0.0,False,0.0,0.0,0.0,6768,0.002994401613250375
0.0,False,0.0,0.0,0.0,6769,0.06846226751804352
0.0,False,0.0,0.0,0.0,6770,0.010282306000590324
0.0,False,0.0,0.0,0.0,6771,0.014732655137777328
0.0,False,0.0,0.0,0.0,6772,0.2965591847896576
0.0,False,0.0,0.0,0.0,6773,0.7644392251968384
0.0,False,0.0,0.0,0.0,6774,0.0484323687851429
0.0,False,0.0,0.0,0.0,6775,0.23688437044620514
0.0,False,0.0,0.0,0.0,6776,0.42660409212112427
0.0,False,0.0,0.0,0.0,6777,0.31374791264533997
0.0,False,0.0,0.0,0.0,6778,0.0009184718364849687
0.0,True,0.0,0.0,0.0,6779,0.4774887263774872
0.0,False,0.0,0.0,0.0,6780,0.1431882232427597
0.0,False,0.0,0.0,0.0,6781,0.09250564128160477
0.0,False,0.0,0.0,0.0,6782,0.32848095893859863
0.0,False,0.0,0.0,0.0,6783,0.3778696656227112
0.0,False,0.0,0.0,0.0,6784,0.5407436490058899
0.0,False,0.0,0.0,0.0,6785,0.13208068907260895
0.0,True,0.0,0.0,0.0,6786,0.10021886229515076
0.0,False,0.0,0.0,0.0,6787,0.3786548972129822
0.0,False,0.0,0.0,0.0,6788,0.5421984195709229
0.0,False,0.0,0.0,0.0,6789,0.19339513778686523
0.0,False,0.0,0.0,0.0,6790,0.12846603989601135
0.0,False,0.0,0.0,0.0,6791,0.7532431483268738
0.0,False,0.0,0.0,0.0,6792,0.4496816396713257
0.0,True,0.0,0.0,0.0,6793,0.14342336356639862
0.0,True,0.0,0.0,0.0,6794,0.4422741234302521
0.0,False,0.0,0.0,0.0,6795,0.0650419369339943
0.0,False,0.0,0.0,0.0,6796,0.09916085749864578
0.0,False,0.0,0.0,0.0,6797,0.1782989203929901
0.0,True,0.0,0.0,0.0,6798,0.4292212724685669
0.0,False,0.0,0.0,0.0,6799,0.4686453342437744
0.0,False,0.0,0.0,0.0,6800,0.20718185603618622
0.0,False,0.0,0.0,0.0,6801,0.010413127951323986
0.0,False,0.0,0.0,0.0,6802,0.0570710264146328
0.0,False,0.0,0.0,0.0,6803,0.06781908869743347
0.0,False,0.0,0.0,0.0,6804,0.08519163727760315
0.0,False,0.0,0.0,0.0,6805,0.22983847558498383
0.0,False,0.0,0.0,0.0,6806,0.7249267101287842
0.0,False,0.0,0.0,0.0,6807,0.11734157055616379
0.0,False,0.0,0.0,0.0,6808,0.16660206019878387
0.0,False,0.0,0.0,0.0,6809,0.07620295882225037
0.0,False,0.0,0.0,0.0,6810,0.5607916712760925
0.0,False,0.0,0.0,0.0,6811,0.08767858892679214
0.0,True,0.0,0.0,0.0,6812,0.6852497458457947
0.0,False,0.0,0.0,0.0,6813,0.006232670973986387
0.0,False,0.0,0.0,0.0,6814,0.2907262146472931
0.0,False,0.0,0.0,0.0,6815,0.2991676926612854
0.0,True,0.0,0.0,0.0,6816,0.07588556408882141
0.0,False,0.0,0.0,0.0,6817,0.12847517430782318
0.0,False,0.0,0.0,0.0,6818,0.255202978849411
0.0,False,0.0,0.0,0.0,6819,0.24554085731506348
0.0,False,0.0,0.0,0.0,6820,0.20339715480804443
0.0,False,0.0,0.0,0.0,6821,0.9022025465965271
0.0,False,0.0,0.0,0.0,6822,0.4379895031452179
0.0,False,0.0,0.0,0.0,6823,0.03214263170957565
0.0,False,0.0,0.0,0.0,6824,0.8252115249633789
0.0,False,0.0,0.0,0.0,6825,0.09113041311502457
0.0,False,0.0,0.0,0.0,6826,0.016213219612836838
0.0,False,0.0,0.0,0.0,6827,0.2602921426296234
0.0,False,0.0,0.0,0.0,6828,0.13416682183742523
0.0,False,0.0,0.0,0.0,6829,0.015769537538290024
0.0,False,0.0,0.0,0.0,6830,0.1559365838766098
0.0,False,0.0,0.0,0.0,6831,0.13072437047958374
0.0,False,0.0,0.0,0.0,6832,0.17414866387844086
0.0,True,0.0,0.0,0.0,6833,0.7820907235145569
0.0,True,0.0,0.0,0.0,6834,0.42514124512672424
0.0,False,0.0,0.0,0.0,6835,0.1119166910648346
0.0,False,0.0,0.0,0.0,6836,0.12713265419006348
0.0,False,0.0,0.0,0.0,6837,0.5636860132217407
0.0,False,0.0,0.0,0.0,6838,0.29709064960479736
0.0,False,0.0,0.0,0.0,6839,0.40223193168640137
0.0,False,0.0,0.0,0.0,6840,0.3644052743911743
0.0,False,0.0,0.0,0.0,6841,0.08310896158218384
0.0,False,0.0,0.0,0.0,6842,0.07886230200529099
0.0,False,0.0,0.0,0.0,6843,0.2249251753091812
0.0,False,0.0,0.0,0.0,6844,0.1286400407552719
0.0,False,0.0,0.0,0.0,6845,0.1322653442621231
0.0,False,0.0,0.0,0.0,6846,0.5530498623847961
0.0,False,0.0,0.0,0.0,6847,0.41683080792427063
0.0,False,0.0,0.0,0.0,6848,0.18412747979164124
0.0,False,0.0,0.0,0.0,6849,0.40477654337882996
0.0,False,0.0,0.0,0.0,6850,0.4541485607624054
0.0,False,0.0,0.0,0.0,6851,0.4440527856349945
0.0,False,0.0,0.0,0.0,6852,0.17581361532211304
0.0,False,0.0,0.0,0.0,6853,0.563534677028656
0.0,False,0.0,0.0,0.0,6854,0.07454373687505722
0.0,False,0.0,0.0,0.0,6855,0.20550298690795898
0.0,False,0.0,0.0,0.0,6856,0.03681198135018349
0.0,False,0.0,0.0,0.0,6857,0.008661303669214249
0.0,False,0.0,0.0,0.0,6858,0.08734646439552307
0.0,False,0.0,0.0,0.0,6859,0.4689415395259857
0.0,True,0.0,0.0,0.0,6860,0.6937822103500366
0.0,False,0.0,0.0,0.0,6861,0.1410994976758957
0.0,False,0.0,0.0,0.0,6862,0.10542626678943634
0.0,True,0.0,0.0,0.0,6863,0.37283799052238464
0.0,False,0.0,0.0,0.0,6864,0.17766538262367249
0.0,False,0.0,0.0,0.0,6865,0.1545417159795761
0.0,False,0.0,0.0,0.0,6866,0.21015514433383942
0.0,False,0.0,0.0,0.0,6867,0.007342989556491375
0.0,False,0.0,0.0,0.0,6868,0.019179586321115494
0.0,False,0.0,0.0,0.0,6869,0.06901246309280396
0.0,False,0.0,0.0,0.0,6870,0.016757717356085777
0.0,False,0.0,0.0,0.0,6871,0.7118834257125854
0.0,False,0.0,0.0,0.0,6872,0.2540968656539917
0.0,False,0.0,0.0,0.0,6873,0.05057626590132713
0.0,False,0.0,0.0,0.0,6874,0.033351361751556396
0.0,False,0.0,0.0,0.0,6875,0.29822099208831787
0.0,False,0.0,0.0,0.0,6876,0.028794191777706146
0.0,False,0.0,0.0,0.0,6877,0.08112326264381409
0.0,True,0.0,0.0,0.0,6878,0.9011545777320862
0.0,False,0.0,0.0,0.0,6879,0.027578260749578476
0.0,False,0.0,0.0,0.0,6880,0.1307104527950287
0.0,False,0.0,0.0,0.0,6881,0.7905079126358032
0.0,True,0.0,0.0,0.0,6882,0.1543658971786499
0.0,False,0.0,0.0,0.0,6883,0.02240918204188347
0.0,False,0.0,0.0,0.0,6884,0.06581692397594452
0.0,False,0.0,0.0,0.0,6885,0.45003098249435425
0.0,False,0.0,0.0,0.0,6886,0.05335836857557297
0.0,False,0.0,0.0,0.0,6887,0.4321921765804291
0.0,False,0.0,0.0,0.0,6888,0.012547857128083706
0.0,False,0.0,0.0,0.0,6889,0.02572065405547619
0.0,False,0.0,0.0,0.0,6890,0.2877165973186493
0.0,False,0.0,0.0,0.0,6891,0.3514835834503174
0.0,False,0.0,0.0,0.0,6892,0.061845771968364716
0.0,False,0.0,0.0,0.0,6893,0.4326094090938568
0.0,False,0.0,0.0,0.0,6894,0.23245908319950104
0.0,False,0.0,0.0,0.0,6895,0.6080195307731628
0.0,False,0.0,0.0,0.0,6896,0.20749233663082123
0.0,False,0.0,0.0,0.0,6897,0.14707839488983154
0.0,False,0.0,0.0,0.0,6898,0.2182646095752716
0.0,False,0.0,0.0,0.0,6899,0.1998976618051529
0.0,False,0.0,0.0,0.0,6900,0.48588716983795166
0.0,False,0.0,0.0,0.0,6901,0.12808680534362793
0.0,False,0.0,0.0,0.0,6902,0.014210089109838009
0.0,False,0.0,0.0,0.0,6903,0.08779475837945938
0.0,False,0.0,0.0,0.0,6904,0.9454707503318787
0.0,False,0.0,0.0,0.0,6905,0.14552606642246246
0.0,False,0.0,0.0,0.0,6906,0.5082424879074097
0.0,False,0.0,0.0,0.0,6907,0.36557525396347046
0.0,False,0.0,0.0,0.0,6908,0.0663641169667244
0.0,False,0.0,0.0,0.0,6909,0.30482178926467896
0.0,False,0.0,0.0,0.0,6910,0.314546138048172
0.0,False,0.0,0.0,0.0,6911,0.10958000272512436
0.0,False,0.0,0.0,0.0,6912,0.24379239976406097
0.0,False,0.0,0.0,0.0,6913,0.5015573501586914
0.0,False,0.0,0.0,0.0,6914,0.23282022774219513
0.0,False,0.0,0.0,0.0,6915,0.4865669012069702
0.0,False,0.0,0.0,0.0,6916,0.05348971486091614
0.0,False,0.0,0.0,0.0,6917,0.19185513257980347
0.0,False,0.0,0.0,0.0,6918,0.11084526032209396
0.0,True,0.0,0.0,0.0,6919,0.6043459177017212
0.0,True,0.0,0.0,0.0,6920,0.6415842771530151
0.0,False,0.0,0.0,0.0,6921,0.20938605070114136
0.0,False,0.0,0.0,0.0,6922,0.1217067539691925
0.0,False,0.0,0.0,0.0,6923,0.1226595789194107
0.0,True,0.0,0.0,0.0,6924,0.6736489534378052
0.0,False,0.0,0.0,0.0,6925,0.03463350236415863
0.0,False,0.0,0.0,0.0,6926,0.056306540966033936
0.0,False,0.0,0.0,0.0,6927,0.26753389835357666
0.0,False,0.0,0.0,0.0,6928,0.2946227192878723
0.0,False,0.0,0.0,0.0,6929,0.2929389774799347
0.0,False,0.0,0.0,0.0,6930,0.020187832415103912
0.0,True,0.0,0.0,0.0,6931,0.2413569539785385
0.0,False,0.0,0.0,0.0,6932,0.1157512292265892
0.0,False,0.0,0.0,0.0,6933,0.12693536281585693
0.0,False,0.0,0.0,0.0,6934,0.14583154022693634
0.0,False,0.0,0.0,0.0,6935,0.16069534420967102
0.0,False,0.0,0.0,0.0,6936,0.04449747875332832
0.0,False,0.0,0.0,0.0,6937,0.009008740074932575
0.0,False,0.0,0.0,0.0,6938,0.2854647636413574
0.0,False,0.0,0.0,0.0,6939,0.07049678266048431
0.0,False,0.0,0.0,0.0,6940,0.1776445358991623
0.0,False,0.0,0.0,0.0,6941,0.16628320515155792
0.0,False,0.0,0.0,0.0,6942,0.35836371779441833
0.0,False,0.0,0.0,0.0,6943,0.1418636292219162
0.0,False,0.0,0.0,0.0,6944,0.022332264110445976
0.0,False,0.0,0.0,0.0,6945,0.5283777713775635
0.0,False,0.0,0.0,0.0,6946,0.2230719029903412
0.0,False,0.0,0.0,0.0,6947,0.6298843026161194
0.0,False,0.0,0.0,0.0,6948,0.17684833705425262
0.0,False,0.0,0.0,0.0,6949,0.020084651187062263
0.0,False,0.0,0.0,0.0,6950,0.012356032617390156
0.0,False,0.0,0.0,0.0,6951,0.01925957016646862
0.0,False,0.0,0.0,0.0,6952,0.33339735865592957
0.0,False,0.0,0.0,0.0,6953,0.6478001475334167
0.0,False,0.0,0.0,0.0,6954,0.03721633926033974
0.0,False,0.0,0.0,0.0,6955,0.11996618658304214
0.0,False,0.0,0.0,0.0,6956,0.318200945854187
0.0,False,0.0,0.0,0.0,6957,0.1770700067281723
0.0,False,0.0,0.0,0.0,6958,0.006499652750790119
0.0,False,0.0,0.0,0.0,6959,0.2695753276348114
0.0,False,0.0,0.0,0.0,6960,0.04131758585572243
0.0,False,0.0,0.0,0.0,6961,0.023522023111581802
0.0,True,0.0,0.0,0.0,6962,0.36430665850639343
0.0,True,0.0,0.0,0.0,6963,0.1684959977865219
0.0,False,0.0,0.0,0.0,6964,0.044953275471925735
0.0,False,0.0,0.0,0.0,6965,0.18372158706188202
0.0,False,0.0,0.0,0.0,6966,0.7715675234794617
0.0,False,0.0,0.0,0.0,6967,0.004079875536262989
0.0,False,0.0,0.0,0.0,6968,0.26183831691741943
0.0,False,0.0,0.0,0.0,6969,0.09766170382499695
0.0,False,0.0,0.0,0.0,6970,0.06056758016347885
0.0,False,0.0,0.0,0.0,6971,0.06016429141163826
0.0,False,0.0,0.0,0.0,6972,0.9211075901985168
0.0,False,0.0,0.0,0.0,6973,0.9199637770652771
0.0,False,0.0,0.0,0.0,6974,0.005407779477536678
0.0,False,0.0,0.0,0.0,6975,0.033496033400297165
0.0,False,0.0,0.0,0.0,6976,0.18512271344661713
0.0,False,0.0,0.0,0.0,6977,0.0732739195227623
0.0,False,0.0,0.0,0.0,6978,0.23969806730747223
0.0,True,0.0,0.0,0.0,6979,0.12254168838262558
0.0,False,0.0,0.0,0.0,6980,0.11013586074113846
0.0,False,0.0,0.0,0.0,6981,0.007385703735053539
0.0,False,0.0,0.0,0.0,6982,0.029693061485886574
0.0,False,0.0,0.0,0.0,6983,0.05500524118542671
0.0,False,0.0,0.0,0.0,6984,0.013758817687630653
0.0,False,0.0,0.0,0.0,6985,0.722270131111145
0.0,False,0.0,0.0,0.0,6986,0.8102107048034668
0.0,False,0.0,0.0,0.0,6987,0.02725677192211151
0.0,False,0.0,0.0,0.0,6988,0.08773493766784668
0.0,False,0.0,0.0,0.0,6989,0.08698629587888718
0.0,False,0.0,0.0,0.0,6990,0.004006402101367712
0.0,False,0.0,0.0,0.0,6991,0.14070920646190643
0.0,False,0.0,0.0,0.0,6992,0.010956103913486004
0.0,False,0.0,0.0,0.0,6993,0.022640395909547806
0.0,False,0.0,0.0,0.0,6994,0.04062027111649513
0.0,False,0.0,0.0,0.0,6995,0.2833690345287323
0.0,False,0.0,0.0,0.0,6996,0.10431720316410065
0.0,False,0.0,0.0,0.0,6997,0.08187509328126907
0.0,False,0.0,0.0,0.0,6998,0.4498503506183624
0.0,False,0.0,0.0,0.0,6999,0.5702759623527527
0.0,False,0.0,0.0,0.0,7000,0.3170371651649475
0.0,False,0.0,0.0,0.0,7001,0.010192425921559334
0.0,False,0.0,0.0,0.0,7002,0.2276184856891632
0.0,False,0.0,0.0,0.0,7003,0.16521906852722168
0.0,False,0.0,0.0,0.0,7004,0.08364120125770569
0.0,False,0.0,0.0,0.0,7005,0.3923684060573578
0.0,False,0.0,0.0,0.0,7006,0.028026288375258446
0.0,False,0.0,0.0,0.0,7007,0.009035415016114712
0.0,True,0.0,0.0,0.0,7008,0.2704465985298157
0.0,False,0.0,0.0,0.0,7009,0.41723066568374634
0.0,False,0.0,0.0,0.0,7010,0.12293020635843277
0.0,False,0.0,0.0,0.0,7011,0.20847946405410767
0.0,False,0.0,0.0,0.0,7012,0.20432789623737335
0.0,False,0.0,0.0,0.0,7013,0.16015128791332245
0.0,False,0.0,0.0,0.0,7014,0.3409219980239868
0.0,False,0.0,0.0,0.0,7015,0.05032398924231529
0.0,False,0.0,0.0,0.0,7016,0.021269770339131355
0.0,False,0.0,0.0,0.0,7017,0.6681263446807861
0.0,False,0.0,0.0,0.0,7018,0.07705236226320267
0.0,False,0.0,0.0,0.0,7019,0.23125508427619934
0.0,False,0.0,0.0,0.0,7020,0.6682909727096558
0.0,False,0.0,0.0,0.0,7021,0.6461696624755859
0.0,False,0.0,0.0,0.0,7022,0.1637742668390274
0.0,False,0.0,0.0,0.0,7023,0.056211207062006
0.0,False,0.0,0.0,0.0,7024,0.38780659437179565
0.0,False,0.0,0.0,0.0,7025,0.050412483513355255
0.0,False,0.0,0.0,0.0,7026,0.37239035964012146
0.0,False,0.0,0.0,0.0,7027,0.7873919606208801
0.0,False,0.0,0.0,0.0,7028,0.29180076718330383
0.0,False,0.0,0.0,0.0,7029,0.022305920720100403
0.0,False,0.0,0.0,0.0,7030,0.07465992122888565
0.0,False,0.0,0.0,0.0,7031,0.03533289581537247
0.0,False,0.0,0.0,0.0,7032,0.2438357174396515
0.0,False,0.0,0.0,0.0,7033,0.15475036203861237
0.0,True,0.0,0.0,0.0,7034,0.9914419054985046
0.0,False,0.0,0.0,0.0,7035,0.03666359558701515
0.0,False,0.0,0.0,0.0,7036,0.3000372350215912
0.0,False,0.0,0.0,0.0,7037,0.17063820362091064
0.0,False,0.0,0.0,0.0,7038,0.0327853262424469
0.0,False,0.0,0.0,0.0,7039,0.19663207232952118
0.0,False,0.0,0.0,0.0,7040,0.22569656372070312
0.0,False,0.0,0.0,0.0,7041,0.0414845272898674
0.0,False,0.0,0.0,0.0,7042,0.6249305009841919
0.0,False,0.0,0.0,0.0,7043,0.3638980984687805
0.0,True,0.0,0.0,0.0,7044,0.33964961767196655
0.0,False,0.0,0.0,0.0,7045,0.0012769056484103203
0.0,False,0.0,0.0,0.0,7046,0.2664397060871124
0.0,False,0.0,0.0,0.0,7047,0.31993189454078674
0.0,False,0.0,0.0,0.0,7048,0.008496366441249847
0.0,False,0.0,0.0,0.0,7049,0.14627540111541748
0.0,False,0.0,0.0,0.0,7050,0.1728314310312271
0.0,False,0.0,0.0,0.0,7051,0.03888041526079178
0.0,False,0.0,0.0,0.0,7052,0.7733393907546997
0.0,False,0.0,0.0,0.0,7053,0.2963733971118927
0.0,False,0.0,0.0,0.0,7054,0.04821590334177017
0.0,False,0.0,0.0,0.0,7055,0.14107397198677063
0.0,False,0.0,0.0,0.0,7056,0.3659180998802185
0.0,False,0.0,0.0,0.0,7057,0.1843002736568451
0.0,True,0.0,0.0,0.0,7058,0.7033492922782898
0.0,False,0.0,0.0,0.0,7059,0.372649610042572
0.0,False,0.0,0.0,0.0,7060,0.0771799311041832
0.0,False,0.0,0.0,0.0,7061,0.572033703327179
0.0,False,0.0,0.0,0.0,7062,0.1626773327589035
0.0,False,0.0,0.0,0.0,7063,0.6379193663597107
0.0,False,0.0,0.0,0.0,7064,0.08714320510625839
0.0,False,0.0,0.0,0.0,7065,0.07662521302700043
0.0,False,0.0,0.0,0.0,7066,0.19541658461093903
0.0,False,0.0,0.0,0.0,7067,0.4809270203113556
0.0,False,0.0,0.0,0.0,7068,0.1805277317762375
0.0,True,0.0,0.0,0.0,7069,0.07883822917938232
0.0,False,0.0,0.0,0.0,7070,0.10085967183113098
0.0,True,0.0,0.0,0.0,7071,0.6089297533035278
0.0,False,0.0,0.0,0.0,7072,0.4716920256614685
0.0,False,0.0,0.0,0.0,7073,0.1380113810300827
0.0,False,0.0,0.0,0.0,7074,0.29161569476127625
0.0,True,0.0,0.0,0.0,7075,0.5863745212554932
0.0,False,0.0,0.0,0.0,7076,0.7927712798118591
0.0,False,0.0,0.0,0.0,7077,0.3706921637058258
0.0,True,0.0,0.0,0.0,7078,0.6985674500465393
0.0,False,0.0,0.0,0.0,7079,0.39540576934814453
0.0,False,0.0,0.0,0.0,7080,0.08458290994167328
0.0,False,0.0,0.0,0.0,7081,0.09420998394489288
0.0,False,0.0,0.0,0.0,7082,0.4470446705818176
0.0,False,0.0,0.0,0.0,7083,0.26428094506263733
0.0,False,0.0,0.0,0.0,7084,0.2805154621601105
0.0,False,0.0,0.0,0.0,7085,0.6066065430641174
0.0,False,0.0,0.0,0.0,7086,0.04036787524819374
0.0,False,0.0,0.0,0.0,7087,0.1607947051525116
0.0,False,0.0,0.0,0.0,7088,0.1498582512140274
0.0,False,0.0,0.0,0.0,7089,0.5628587603569031
0.0,False,0.0,0.0,0.0,7090,0.11153006553649902
0.0,False,0.0,0.0,0.0,7091,0.10832428932189941
0.0,False,0.0,0.0,0.0,7092,0.18777690827846527
0.0,False,0.0,0.0,0.0,7093,0.0465986505150795
0.0,False,0.0,0.0,0.0,7094,0.14804482460021973
0.0,False,0.0,0.0,0.0,7095,0.4508112967014313
0.0,False,0.0,0.0,0.0,7096,0.15227799117565155
0.0,False,0.0,0.0,0.0,7097,0.5194766521453857
0.0,False,0.0,0.0,0.0,7098,0.7724889516830444
0.0,False,0.0,0.0,0.0,7099,0.43079736828804016
0.0,False,0.0,0.0,0.0,7100,0.2516191601753235
0.0,False,0.0,0.0,0.0,7101,0.3248474895954132
0.0,True,0.0,0.0,0.0,7102,0.6604167222976685
0.0,False,0.0,0.0,0.0,7103,0.5352843999862671
0.0,True,0.0,0.0,0.0,7104,0.18314160406589508
0.0,False,0.0,0.0,0.0,7105,0.15550313889980316
0.0,False,0.0,0.0,0.0,7106,0.9051045775413513
0.0,False,0.0,0.0,0.0,7107,0.009382825344800949
0.0,False,0.0,0.0,0.0,7108,0.0222783125936985
0.0,False,0.0,0.0,0.0,7109,0.34320101141929626
0.0,False,0.0,0.0,0.0,7110,0.029605459421873093
0.0,False,0.0,0.0,0.0,7111,0.01961207389831543
0.0,False,0.0,0.0,0.0,7112,0.9100473523139954
0.0,False,0.0,0.0,0.0,7113,0.02914283610880375
0.0,False,0.0,0.0,0.0,7114,0.16662923991680145
0.0,False,0.0,0.0,0.0,7115,0.07607816159725189
0.0,False,0.0,0.0,0.0,7116,0.12028416246175766
0.0,False,0.0,0.0,0.0,7117,0.03354695066809654
0.0,False,0.0,0.0,0.0,7118,0.03433623164892197
0.0,False,0.0,0.0,0.0,7119,0.03779947757720947
0.0,False,0.0,0.0,0.0,7120,0.6054128408432007
0.0,False,0.0,0.0,0.0,7121,0.08919551223516464
0.0,False,0.0,0.0,0.0,7122,0.11877672374248505
0.0,False,0.0,0.0,0.0,7123,0.18911100924015045
0.0,False,0.0,0.0,0.0,7124,0.6285117268562317
0.0,False,0.0,0.0,0.0,7125,0.21122686564922333
0.0,False,0.0,0.0,0.0,7126,0.3383689522743225
0.0,False,0.0,0.0,0.0,7127,0.7586593627929688
0.0,False,0.0,0.0,0.0,7128,0.07151424884796143
0.0,False,0.0,0.0,0.0,7129,0.003346961922943592
0.0,False,0.0,0.0,0.0,7130,0.262466162443161
0.0,False,0.0,0.0,0.0,7131,0.4120042622089386
0.0,False,0.0,0.0,0.0,7132,0.10987471789121628
0.0,False,0.0,0.0,0.0,7133,0.4899293780326843
0.0,False,0.0,0.0,0.0,7134,0.31467968225479126
0.0,False,0.0,0.0,0.0,7135,0.7688266634941101
0.0,False,0.0,0.0,0.0,7136,0.20575745403766632
0.0,False,0.0,0.0,0.0,7137,0.1436568945646286
0.0,False,0.0,0.0,0.0,7138,0.20426858961582184
0.0,False,0.0,0.0,0.0,7139,0.40049299597740173
0.0,False,0.0,0.0,0.0,7140,0.22785109281539917
0.0,False,0.0,0.0,0.0,7141,0.05170564353466034
0.0,False,0.0,0.0,0.0,7142,0.07789920270442963
0.0,False,0.0,0.0,0.0,7143,0.2667245864868164
0.0,False,0.0,0.0,0.0,7144,0.47667208313941956
0.0,False,0.0,0.0,0.0,7145,0.039068516343832016
0.0,False,0.0,0.0,0.0,7146,0.07283332943916321
0.0,False,0.0,0.0,0.0,7147,0.024189287796616554
0.0,False,0.0,0.0,0.0,7148,0.12222906202077866
0.0,False,0.0,0.0,0.0,7149,0.3166173994541168
0.0,False,0.0,0.0,0.0,7150,0.2715749442577362
0.0,False,0.0,0.0,0.0,7151,0.2816932201385498
0.0,False,0.0,0.0,0.0,7152,0.294392853975296
0.0,False,0.0,0.0,0.0,7153,0.14589674770832062
0.0,False,0.0,0.0,0.0,7154,0.20570534467697144
0.0,False,0.0,0.0,0.0,7155,0.12793853878974915
0.0,False,0.0,0.0,0.0,7156,0.5416199564933777
0.0,False,0.0,0.0,0.0,7157,0.11532393842935562
0.0,False,0.0,0.0,0.0,7158,0.04511405900120735
0.0,False,0.0,0.0,0.0,7159,0.0786469429731369
0.0,False,0.0,0.0,0.0,7160,0.5387724041938782
0.0,False,0.0,0.0,0.0,7161,0.46187999844551086
0.0,False,0.0,0.0,0.0,7162,0.2533314526081085
0.0,False,0.0,0.0,0.0,7163,0.16503901779651642
0.0,False,0.0,0.0,0.0,7164,0.37344929575920105
0.0,False,0.0,0.0,0.0,7165,0.8851467967033386
0.0,False,0.0,0.0,0.0,7166,0.15428437292575836
0.0,True,0.0,0.0,0.0,7167,0.7299990653991699
0.0,False,0.0,0.0,0.0,7168,0.24704599380493164
0.0,False,0.0,0.0,0.0,7169,0.5602193474769592
0.0,False,0.0,0.0,0.0,7170,0.3560446798801422
0.0,False,0.0,0.0,0.0,7171,0.3368147909641266
0.0,True,0.0,0.0,0.0,7172,0.8449534177780151
0.0,False,0.0,0.0,0.0,7173,0.17695041000843048
0.0,False,0.0,0.0,0.0,7174,0.1759726107120514
0.0,False,0.0,0.0,0.0,7175,0.10389449447393417
0.0,False,0.0,0.0,0.0,7176,0.866076648235321
0.0,False,0.0,0.0,0.0,7177,0.058673035353422165
0.0,False,0.0,0.0,0.0,7178,0.17558641731739044
0.0,False,0.0,0.0,0.0,7179,0.22470799088478088
0.0,False,0.0,0.0,0.0,7180,0.5073550939559937
0.0,False,0.0,0.0,0.0,7181,0.6729169487953186
0.0,False,0.0,0.0,0.0,7182,0.14208921790122986
0.0,False,0.0,0.0,0.0,7183,0.35566315054893494
0.0,False,0.0,0.0,0.0,7184,0.6885384917259216
0.0,False,0.0,0.0,0.0,7185,0.5936093926429749
0.0,False,0.0,0.0,0.0,7186,0.30865365266799927
0.0,False,0.0,0.0,0.0,7187,0.1524524688720703
0.0,True,0.0,0.0,0.0,7188,0.06437724083662033
0.0,False,0.0,0.0,0.0,7189,0.22353683412075043
0.0,False,0.0,0.0,0.0,7190,0.4620743691921234
0.0,False,0.0,0.0,0.0,7191,0.20929217338562012
0.0,False,0.0,0.0,0.0,7192,0.19396163523197174
0.0,False,0.0,0.0,0.0,7193,0.09102614223957062
0.0,False,0.0,0.0,0.0,7194,0.15352290868759155
0.0,False,0.0,0.0,0.0,7195,0.19285979866981506
0.0,False,0.0,0.0,0.0,7196,0.20619915425777435
0.0,False,0.0,0.0,0.0,7197,0.6590854525566101
0.0,True,0.0,0.0,0.0,7198,0.768182635307312
0.0,False,0.0,0.0,0.0,7199,0.06789352744817734
0.0,False,0.0,0.0,0.0,7200,0.3250333368778229
0.0,False,0.0,0.0,0.0,7201,0.202967569231987
0.0,True,0.0,0.0,0.0,7202,0.5742465853691101
0.0,False,0.0,0.0,0.0,7203,0.35560864210128784
0.0,False,0.0,0.0,0.0,7204,0.7486398816108704
0.0,False,0.0,0.0,0.0,7205,0.23746421933174133
0.0,True,0.0,0.0,0.0,7206,0.096028633415699
0.0,False,0.0,0.0,0.0,7207,0.36245253682136536
0.0,False,0.0,0.0,0.0,7208,0.7737446427345276
0.0,False,0.0,0.0,0.0,7209,0.4709708094596863
0.0,False,0.0,0.0,0.0,7210,0.44824665784835815
0.0,False,0.0,0.0,0.0,7211,0.07859869301319122
0.0,False,0.0,0.0,0.0,7212,0.13929033279418945
0.0,False,0.0,0.0,0.0,7213,0.4787742793560028
0.0,False,0.0,0.0,0.0,7214,0.07576748728752136
0.0,True,0.0,0.0,0.0,7215,0.8419287800788879
0.0,False,0.0,0.0,0.0,7216,0.41469836235046387
0.0,False,0.0,0.0,0.0,7217,0.2941228151321411
0.0,False,0.0,0.0,0.0,7218,0.22758524119853973
0.0,False,0.0,0.0,0.0,7219,0.19907842576503754
0.0,True,0.0,0.0,0.0,7220,0.3905715346336365
0.0,False,0.0,0.0,0.0,7221,0.5047799944877625
0.0,True,0.0,0.0,0.0,7222,0.5686069130897522
0.0,False,0.0,0.0,0.0,7223,0.3969436287879944
0.0,False,0.0,0.0,0.0,7224,0.26766127347946167
0.0,False,0.0,0.0,0.0,7225,0.17712366580963135
0.0,False,0.0,0.0,0.0,7226,0.23509228229522705
0.0,False,0.0,0.0,0.0,7227,0.08104556053876877
0.0,False,0.0,0.0,0.0,7228,0.08772081136703491
0.0,False,0.0,0.0,0.0,7229,0.6571148633956909
0.0,False,0.0,0.0,0.0,7230,0.00463462108746171
0.0,False,0.0,0.0,0.0,7231,0.9473876357078552
0.0,False,0.0,0.0,0.0,7232,0.1661357283592224
0.0,False,0.0,0.0,0.0,7233,0.05866615101695061
0.0,False,0.0,0.0,0.0,7234,0.007330293767154217
0.0,False,0.0,0.0,0.0,7235,0.03618159890174866
0.0,False,0.0,0.0,0.0,7236,0.2058587670326233
0.0,False,0.0,0.0,0.0,7237,0.1118849366903305
0.0,False,0.0,0.0,0.0,7238,0.1018052026629448
0.0,False,0.0,0.0,0.0,7239,0.1940508633852005
0.0,False,0.0,0.0,0.0,7240,0.21043379604816437
0.0,False,0.0,0.0,0.0,7241,0.19470234215259552
0.0,False,0.0,0.0,0.0,7242,0.03373221307992935
0.0,False,0.0,0.0,0.0,7243,0.563764214515686
0.0,False,0.0,0.0,0.0,7244,0.190092533826828
0.0,False,0.0,0.0,0.0,7245,0.07342086732387543
0.0,False,0.0,0.0,0.0,7246,0.31896671652793884
0.0,False,0.0,0.0,0.0,7247,0.30452755093574524
0.0,False,0.0,0.0,0.0,7248,0.08998579531908035
0.0,False,0.0,0.0,0.0,7249,0.05755110830068588
0.0,False,0.0,0.0,0.0,7250,0.12278591841459274
0.0,False,0.0,0.0,0.0,7251,0.004199012648314238
0.0,False,0.0,0.0,0.0,7252,0.21585671603679657
0.0,False,0.0,0.0,0.0,7253,0.00889193918555975
0.0,False,0.0,0.0,0.0,7254,0.20563693344593048
0.0,True,0.0,0.0,0.0,7255,0.7005676627159119
0.0,False,0.0,0.0,0.0,7256,0.06166045367717743
0.0,False,0.0,0.0,0.0,7257,0.12286261469125748
0.0,False,0.0,0.0,0.0,7258,0.919894814491272
0.0,False,0.0,0.0,0.0,7259,0.27515774965286255
0.0,False,0.0,0.0,0.0,7260,0.08956599980592728
0.0,False,0.0,0.0,0.0,7261,0.10658100247383118
0.0,False,0.0,0.0,0.0,7262,0.2829644978046417
0.0,False,0.0,0.0,0.0,7263,0.11383818089962006
0.0,False,0.0,0.0,0.0,7264,0.5213940143585205
0.0,False,0.0,0.0,0.0,7265,0.39135342836380005
0.0,False,0.0,0.0,0.0,7266,0.09807955473661423
0.0,False,0.0,0.0,0.0,7267,0.024258749559521675
0.0,False,0.0,0.0,0.0,7268,0.33552128076553345
0.0,False,0.0,0.0,0.0,7269,0.64420485496521
0.0,False,0.0,0.0,0.0,7270,0.4530043601989746
0.0,False,0.0,0.0,0.0,7271,0.09621311724185944
0.0,False,0.0,0.0,0.0,7272,0.2722177505493164
0.0,False,0.0,0.0,0.0,7273,0.07593953609466553
0.0,True,0.0,0.0,0.0,7274,0.06504702568054199
0.0,True,0.0,0.0,0.0,7275,0.2806960940361023
0.0,False,0.0,0.0,0.0,7276,0.181231290102005
0.0,False,0.0,0.0,0.0,7277,0.2124069631099701
0.0,False,0.0,0.0,0.0,7278,0.17442511022090912
0.0,False,0.0,0.0,0.0,7279,0.3722074627876282
0.0,False,0.0,0.0,0.0,7280,0.6482687592506409
0.0,False,0.0,0.0,0.0,7281,0.6131561994552612
0.0,False,0.0,0.0,0.0,7282,0.5199585556983948
0.0,False,0.0,0.0,0.0,7283,0.020067619159817696
0.0,False,0.0,0.0,0.0,7284,0.10736915469169617
0.0,False,0.0,0.0,0.0,7285,0.21264438331127167
0.0,False,0.0,0.0,0.0,7286,0.26795151829719543
0.0,False,0.0,0.0,0.0,7287,0.3406350016593933
0.0,False,0.0,0.0,0.0,7288,0.2140098214149475
0.0,False,0.0,0.0,0.0,7289,0.7187876105308533
0.0,False,0.0,0.0,0.0,7290,0.46620336174964905
0.0,False,0.0,0.0,0.0,7291,0.1694197803735733
0.0,False,0.0,0.0,0.0,7292,0.38604485988616943
0.0,False,0.0,0.0,0.0,7293,0.27432018518447876
0.0,False,0.0,0.0,0.0,7294,0.17280088365077972
0.0,False,0.0,0.0,0.0,7295,0.17424994707107544
0.0,True,0.0,0.0,0.0,7296,0.9635927677154541
0.0,False,0.0,0.0,0.0,7297,0.02566203661262989
0.0,False,0.0,0.0,0.0,7298,0.019786829128861427
0.0,False,0.0,0.0,0.0,7299,0.533169150352478
0.0,False,0.0,0.0,0.0,7300,0.16793064773082733
0.0,False,0.0,0.0,0.0,7301,0.10990757495164871
0.0,False,0.0,0.0,0.0,7302,0.4583665132522583
0.0,False,0.0,0.0,0.0,7303,0.04255980625748634
0.0,False,0.0,0.0,0.0,7304,0.016416631639003754
0.0,False,0.0,0.0,0.0,7305,0.5261175632476807
0.0,False,0.0,0.0,0.0,7306,0.27752652764320374
0.0,False,0.0,0.0,0.0,7307,0.23708082735538483
0.0,False,0.0,0.0,0.0,7308,0.20817476511001587
0.0,True,0.0,0.0,0.0,7309,0.39553841948509216
0.0,False,0.0,0.0,0.0,7310,0.019541345536708832
0.0,False,0.0,0.0,0.0,7311,0.004922318737953901
0.0,False,0.0,0.0,0.0,7312,0.04570803418755531
0.0,False,0.0,0.0,0.0,7313,0.04470442607998848
0.0,False,0.0,0.0,0.0,7314,0.010356181301176548
0.0,False,0.0,0.0,0.0,7315,0.4118277430534363
0.0,True,0.0,0.0,0.0,7316,0.39602038264274597
0.0,True,0.0,0.0,0.0,7317,0.5533540844917297
0.0,False,0.0,0.0,0.0,7318,0.1818699985742569
0.0,False,0.0,0.0,0.0,7319,0.12254054099321365
0.0,False,0.0,0.0,0.0,7320,0.010156787931919098
0.0,False,0.0,0.0,0.0,7321,0.02347862534224987
0.0,False,0.0,0.0,0.0,7322,0.5625254511833191
0.0,False,0.0,0.0,0.0,7323,0.17277121543884277
0.0,False,0.0,0.0,0.0,7324,0.18239277601242065
0.0,False,0.0,0.0,0.0,7325,0.13758304715156555
0.0,False,0.0,0.0,0.0,7326,0.21824291348457336
0.0,False,0.0,0.0,0.0,7327,0.4000239968299866
0.0,False,0.0,0.0,0.0,7328,0.3633555769920349
0.0,False,0.0,0.0,0.0,7329,0.03464829921722412
0.0,False,0.0,0.0,0.0,7330,0.1655663400888443
0.0,True,0.0,0.0,0.0,7331,0.4256359040737152
0.0,False,0.0,0.0,0.0,7332,0.7033931016921997
0.0,False,0.0,0.0,0.0,7333,0.5892688035964966
0.0,False,0.0,0.0,0.0,7334,0.33196938037872314
0.0,False,0.0,0.0,0.0,7335,0.47928115725517273
0.0,False,0.0,0.0,0.0,7336,0.5057414174079895
0.0,False,0.0,0.0,0.0,7337,0.10197949409484863
0.0,False,0.0,0.0,0.0,7338,0.037206318229436874
0.0,False,0.0,0.0,0.0,7339,0.7774479985237122
0.0,True,0.0,0.0,0.0,7340,0.9063585996627808
0.0,False,0.0,0.0,0.0,7341,0.07023551315069199
0.0,False,0.0,0.0,0.0,7342,0.12973913550376892
0.0,False,0.0,0.0,0.0,7343,0.11755303293466568
0.0,False,0.0,0.0,0.0,7344,0.007772316224873066
0.0,False,0.0,0.0,0.0,7345,0.07165740430355072
0.0,False,0.0,0.0,0.0,7346,0.12845948338508606
0.0,False,0.0,0.0,0.0,7347,0.1598316729068756
0.0,False,0.0,0.0,0.0,7348,0.07865454256534576
0.0,False,0.0,0.0,0.0,7349,0.1448594480752945
0.0,False,0.0,0.0,0.0,7350,0.015728848055005074
0.0,False,0.0,0.0,0.0,7351,0.6358960866928101
0.0,False,0.0,0.0,0.0,7352,0.004050579387694597
0.0,False,0.0,0.0,0.0,7353,0.015302443876862526
0.0,False,0.0,0.0,0.0,7354,0.18075154721736908
0.0,False,0.0,0.0,0.0,7355,0.14847952127456665
0.0,False,0.0,0.0,0.0,7356,0.17596012353897095
0.0,False,0.0,0.0,0.0,7357,0.10778187215328217
0.0,False,0.0,0.0,0.0,7358,0.12759234011173248
0.0,False,0.0,0.0,0.0,7359,0.46024835109710693
0.0,False,0.0,0.0,0.0,7360,0.035640303045511246
0.0,False,0.0,0.0,0.0,7361,0.003994503058493137
0.0,False,0.0,0.0,0.0,7362,0.07563090324401855
0.0,False,0.0,0.0,0.0,7363,0.03488520532846451
0.0,False,0.0,0.0,0.0,7364,0.05436744913458824
0.0,False,0.0,0.0,0.0,7365,0.011091244406998158
0.0,False,0.0,0.0,0.0,7366,0.2298348993062973
0.0,False,0.0,0.0,0.0,7367,0.4818447232246399
0.0,False,0.0,0.0,0.0,7368,0.015658847987651825
0.0,False,0.0,0.0,0.0,7369,0.16284151375293732
0.0,False,0.0,0.0,0.0,7370,0.019901616498827934
0.0,False,0.0,0.0,0.0,7371,0.020894812420010567
0.0,False,0.0,0.0,0.0,7372,0.2486102133989334
0.0,False,0.0,0.0,0.0,7373,0.13767020404338837
0.0,False,0.0,0.0,0.0,7374,0.2960573136806488
0.0,False,0.0,0.0,0.0,7375,0.09690888226032257
0.0,False,0.0,0.0,0.0,7376,0.003649776801466942
0.0,False,0.0,0.0,0.0,7377,0.009412419982254505
0.0,False,0.0,0.0,0.0,7378,0.043618764728307724
0.0,False,0.0,0.0,0.0,7379,0.45614445209503174
0.0,False,0.0,0.0,0.0,7380,0.27140387892723083
0.0,False,0.0,0.0,0.0,7381,0.5465176701545715
0.0,False,0.0,0.0,0.0,7382,0.4733400344848633
0.0,False,0.0,0.0,0.0,7383,0.22928744554519653
0.0,False,0.0,0.0,0.0,7384,0.08969305455684662
0.0,True,0.0,0.0,0.0,7385,0.5932754278182983
0.0,False,0.0,0.0,0.0,7386,0.2562602162361145
0.0,False,0.0,0.0,0.0,7387,0.5505744218826294
0.0,False,0.0,0.0,0.0,7388,0.2973589301109314
0.0,False,0.0,0.0,0.0,7389,0.04037059098482132
0.0,False,0.0,0.0,0.0,7390,0.08528865873813629
0.0,False,0.0,0.0,0.0,7391,0.017730550840497017
0.0,False,0.0,0.0,0.0,7392,0.1672326773405075
0.0,False,0.0,0.0,0.0,7393,0.45600858330726624
0.0,False,0.0,0.0,0.0,7394,0.16712185740470886
0.0,False,0.0,0.0,0.0,7395,0.021317483857274055
0.0,False,0.0,0.0,0.0,7396,0.14420652389526367
0.0,False,0.0,0.0,0.0,7397,0.2749250531196594
0.0,False,0.0,0.0,0.0,7398,0.04757150635123253
0.0,False,0.0,0.0,0.0,7399,0.3226128816604614
0.0,True,0.0,0.0,0.0,7400,0.9898872971534729
0.0,False,0.0,0.0,0.0,7401,0.32335108518600464
0.0,False,0.0,0.0,0.0,7402,0.47375696897506714
0.0,False,0.0,0.0,0.0,7403,0.06415772438049316
0.0,False,0.0,0.0,0.0,7404,0.2803493142127991
0.0,False,0.0,0.0,0.0,7405,0.07875699549913406
0.0,False,0.0,0.0,0.0,7406,0.4318704307079315
0.0,False,0.0,0.0,0.0,7407,0.6027169227600098
0.0,False,0.0,0.0,0.0,7408,0.08607476949691772
0.0,False,0.0,0.0,0.0,7409,0.15820544958114624
0.0,False,0.0,0.0,0.0,7410,0.08196493238210678
0.0,False,0.0,0.0,0.0,7411,0.02855651080608368
0.0,False,0.0,0.0,0.0,7412,0.06653682142496109
0.0,False,0.0,0.0,0.0,7413,0.02947547845542431
0.0,False,0.0,0.0,0.0,7414,0.11918529123067856
0.0,False,0.0,0.0,0.0,7415,0.4040030539035797
0.0,False,0.0,0.0,0.0,7416,0.23829548060894012
0.0,True,0.0,0.0,0.0,7417,0.10740364342927933
0.0,False,0.0,0.0,0.0,7418,0.04778509959578514
0.0,False,0.0,0.0,0.0,7419,0.29007992148399353
0.0,False,0.0,0.0,0.0,7420,0.283158540725708
0.0,False,0.0,0.0,0.0,7421,0.12622232735157013
0.0,False,0.0,0.0,0.0,7422,0.4142523407936096
0.0,False,0.0,0.0,0.0,7423,0.19877274334430695
0.0,False,0.0,0.0,0.0,7424,0.7160220742225647
0.0,False,0.0,0.0,0.0,7425,0.09875035285949707
0.0,False,0.0,0.0,0.0,7426,0.07256218045949936
0.0,False,0.0,0.0,0.0,7427,0.008122834376990795
0.0,False,0.0,0.0,0.0,7428,0.35509759187698364
0.0,False,0.0,0.0,0.0,7429,0.18482249975204468
0.0,False,0.0,0.0,0.0,7430,0.3102881908416748
0.0,False,0.0,0.0,0.0,7431,0.1744265854358673
0.0,False,0.0,0.0,0.0,7432,0.13216929137706757
0.0,False,0.0,0.0,0.0,7433,0.16618742048740387
0.0,False,0.0,0.0,0.0,7434,0.14473114907741547
0.0,False,0.0,0.0,0.0,7435,0.37819400429725647
0.0,False,0.0,0.0,0.0,7436,0.7610039114952087
0.0,False,0.0,0.0,0.0,7437,0.07708444446325302
0.0,False,0.0,0.0,0.0,7438,0.7324537038803101
0.0,False,0.0,0.0,0.0,7439,0.0650264099240303
0.0,False,0.0,0.0,0.0,7440,0.07949388027191162
0.0,False,0.0,0.0,0.0,7441,0.12767361104488373
0.0,False,0.0,0.0,0.0,7442,0.3294760286808014
0.0,False,0.0,0.0,0.0,7443,0.12360283732414246
0.0,False,0.0,0.0,0.0,7444,0.2512243688106537
0.0,False,0.0,0.0,0.0,7445,0.4271852970123291
0.0,False,0.0,0.0,0.0,7446,0.2980635464191437
0.0,False,0.0,0.0,0.0,7447,0.08069297671318054
0.0,False,0.0,0.0,0.0,7448,0.030864540487527847
0.0,False,0.0,0.0,0.0,7449,0.18210990726947784
0.0,False,0.0,0.0,0.0,7450,0.4032686948776245
0.0,False,0.0,0.0,0.0,7451,0.2809605300426483
0.0,False,0.0,0.0,0.0,7452,0.008613169193267822
0.0,False,0.0,0.0,0.0,7453,0.10616360604763031
0.0,False,0.0,0.0,0.0,7454,0.6431136727333069
0.0,False,0.0,0.0,0.0,7455,0.25038352608680725
0.0,False,0.0,0.0,0.0,7456,0.24137833714485168
0.0,False,0.0,0.0,0.0,7457,0.26239365339279175
0.0,False,0.0,0.0,0.0,7458,0.0774434432387352
0.0,False,0.0,0.0,0.0,7459,0.26874643564224243
0.0,False,0.0,0.0,0.0,7460,0.010988838970661163
0.0,False,0.0,0.0,0.0,7461,0.12175986915826797
0.0,False,0.0,0.0,0.0,7462,0.2164228856563568
0.0,False,0.0,0.0,0.0,7463,0.15677663683891296
0.0,False,0.0,0.0,0.0,7464,0.01929006353020668
0.0,False,0.0,0.0,0.0,7465,0.2830362021923065
0.0,False,0.0,0.0,0.0,7466,0.07207545638084412
0.0,False,0.0,0.0,0.0,7467,0.1675284057855606
0.0,False,0.0,0.0,0.0,7468,0.07470933347940445
0.0,False,0.0,0.0,0.0,7469,0.009161091409623623
0.0,False,0.0,0.0,0.0,7470,0.4027520418167114
0.0,False,0.0,0.0,0.0,7471,0.07182672619819641
0.0,False,0.0,0.0,0.0,7472,0.8100906610488892
0.0,True,0.0,0.0,0.0,7473,0.9715248346328735
0.0,False,0.0,0.0,0.0,7474,0.034784235060214996
0.0,False,0.0,0.0,0.0,7475,0.006842413451522589
0.0,False,0.0,0.0,0.0,7476,0.007497664541006088
0.0,False,0.0,0.0,0.0,7477,0.5589562654495239
0.0,False,0.0,0.0,0.0,7478,0.3537733256816864
0.0,False,0.0,0.0,0.0,7479,0.21429651975631714
0.0,False,0.0,0.0,0.0,7480,0.3386895954608917
0.0,False,0.0,0.0,0.0,7481,0.012031817808747292
0.0,True,0.0,0.0,0.0,7482,0.039980486035346985
0.0,False,0.0,0.0,0.0,7483,0.09415183961391449
0.0,False,0.0,0.0,0.0,7484,0.004145847633481026
0.0,False,0.0,0.0,0.0,7485,0.3433077335357666
0.0,False,0.0,0.0,0.0,7486,0.012640835717320442
0.0,False,0.0,0.0,0.0,7487,0.08488503843545914
0.0,False,0.0,0.0,0.0,7488,0.1640845686197281
0.0,False,0.0,0.0,0.0,7489,0.0975506529211998
0.0,False,0.0,0.0,0.0,7490,0.6446208357810974
0.0,False,0.0,0.0,0.0,7491,0.10552042722702026
0.0,False,0.0,0.0,0.0,7492,0.20891053974628448
0.0,False,0.0,0.0,0.0,7493,0.16368567943572998
0.0,False,0.0,0.0,0.0,7494,0.48687392473220825
0.0,False,0.0,0.0,0.0,7495,0.2639729380607605
0.0,False,0.0,0.0,0.0,7496,0.12954682111740112
0.0,False,0.0,0.0,0.0,7497,0.09572887420654297
0.0,False,0.0,0.0,0.0,7498,0.06834477931261063
0.0,False,0.0,0.0,0.0,7499,0.19354771077632904
0.0,False,0.0,0.0,0.0,7500,0.02006293274462223
0.0,True,0.0,0.0,0.0,7501,0.8220903277397156
0.0,False,0.0,0.0,0.0,7502,0.4628887474536896
0.0,False,0.0,0.0,0.0,7503,0.12700533866882324
0.0,False,0.0,0.0,0.0,7504,0.3207508623600006
0.0,False,0.0,0.0,0.0,7505,0.029263867065310478
0.0,False,0.0,0.0,0.0,7506,0.025513965636491776
0.0,False,0.0,0.0,0.0,7507,0.3363646864891052
0.0,False,0.0,0.0,0.0,7508,0.038865815848112106
0.0,False,0.0,0.0,0.0,7509,0.11636201292276382
0.0,False,0.0,0.0,0.0,7510,0.18533213436603546
0.0,False,0.0,0.0,0.0,7511,0.5247822999954224
0.0,False,0.0,0.0,0.0,7512,0.4280051290988922
0.0,False,0.0,0.0,0.0,7513,0.18482862412929535
0.0,True,0.0,0.0,0.0,7514,0.6308839321136475
0.0,False,0.0,0.0,0.0,7515,0.5951535105705261
0.0,False,0.0,0.0,0.0,7516,0.29129770398139954
0.0,False,0.0,0.0,0.0,7517,0.1356859654188156
0.0,False,0.0,0.0,0.0,7518,0.4828360378742218
0.0,False,0.0,0.0,0.0,7519,0.563624918460846
0.0,True,0.0,0.0,0.0,7520,0.01564418524503708
0.0,False,0.0,0.0,0.0,7521,0.2732504606246948
0.0,False,0.0,0.0,0.0,7522,0.049838531762361526
0.0,False,0.0,0.0,0.0,7523,0.07245826721191406
0.0,False,0.0,0.0,0.0,7524,0.07231595367193222
0.0,False,0.0,0.0,0.0,7525,0.17531262338161469
0.0,False,0.0,0.0,0.0,7526,0.09622272104024887
0.0,False,0.0,0.0,0.0,7527,0.2905021607875824
0.0,False,0.0,0.0,0.0,7528,0.7536981701850891
0.0,False,0.0,0.0,0.0,7529,0.008681264705955982
0.0,False,0.0,0.0,0.0,7530,0.12460411339998245
0.0,True,0.0,0.0,0.0,7531,0.6195394992828369
0.0,False,0.0,0.0,0.0,7532,0.1327357441186905
0.0,False,0.0,0.0,0.0,7533,0.07945987582206726
0.0,False,0.0,0.0,0.0,7534,0.045184288173913956
0.0,False,0.0,0.0,0.0,7535,0.04964875802397728
0.0,False,0.0,0.0,0.0,7536,0.4078463315963745
0.0,False,0.0,0.0,0.0,7537,0.21472422778606415
0.0,False,0.0,0.0,0.0,7538,0.1483762562274933
0.0,True,0.0,0.0,0.0,7539,0.9589380621910095
0.0,False,0.0,0.0,0.0,7540,0.014589034952223301
0.0,False,0.0,0.0,0.0,7541,0.01081102155148983
0.0,False,0.0,0.0,0.0,7542,0.11544885486364365
0.0,False,0.0,0.0,0.0,7543,0.14115403592586517
0.0,False,0.0,0.0,0.0,7544,0.05555689334869385
0.0,False,0.0,0.0,0.0,7545,0.13011513650417328
0.0,False,0.0,0.0,0.0,7546,0.35627156496047974
0.0,False,0.0,0.0,0.0,7547,0.06804126501083374
0.0,False,0.0,0.0,0.0,7548,0.22784356772899628
0.0,False,0.0,0.0,0.0,7549,0.09165718406438828
0.0,False,0.0,0.0,0.0,7550,0.1619519740343094
0.0,False,0.0,0.0,0.0,7551,0.26849088072776794
0.0,False,0.0,0.0,0.0,7552,0.2426176518201828
0.0,False,0.0,0.0,0.0,7553,0.31345221400260925
0.0,False,0.0,0.0,0.0,7554,0.22398635745048523
0.0,False,0.0,0.0,0.0,7555,0.2358662635087967
0.0,False,0.0,0.0,0.0,7556,0.24247799813747406
0.0,False,0.0,0.0,0.0,7557,0.23588652908802032
0.0,False,0.0,0.0,0.0,7558,0.6779854893684387
0.0,False,0.0,0.0,0.0,7559,0.08440709114074707
0.0,False,0.0,0.0,0.0,7560,0.11285236477851868
0.0,False,0.0,0.0,0.0,7561,0.4161171019077301
0.0,False,0.0,0.0,0.0,7562,0.22023800015449524
0.0,False,0.0,0.0,0.0,7563,0.10163898766040802
0.0,False,0.0,0.0,0.0,7564,0.2063893973827362
0.0,False,0.0,0.0,0.0,7565,0.20281220972537994
0.0,False,0.0,0.0,0.0,7566,0.8227552771568298
0.0,False,0.0,0.0,0.0,7567,0.2184615284204483
0.0,False,0.0,0.0,0.0,7568,0.3493991494178772
0.0,False,0.0,0.0,0.0,7569,0.13242748379707336
0.0,False,0.0,0.0,0.0,7570,0.26181015372276306
0.0,False,0.0,0.0,0.0,7571,0.34433749318122864
0.0,False,0.0,0.0,0.0,7572,0.19205273687839508
0.0,True,0.0,0.0,0.0,7573,0.5140671730041504
0.0,False,0.0,0.0,0.0,7574,0.21545091271400452
0.0,False,0.0,0.0,0.0,7575,0.44323962926864624
0.0,False,0.0,0.0,0.0,7576,0.23244667053222656
0.0,False,0.0,1.0,0.0,7577,0.4867125153541565
0.0,False,0.0,1.0,0.0,7578,0.42295926809310913
0.0,False,0.0,1.0,0.0,7579,0.11883033812046051
0.0,False,0.0,1.0,0.0,7580,0.5272528529167175
0.0,False,0.0,1.0,0.0,7581,0.3816124498844147
0.0,True,0.0,1.0,0.0,7582,0.7286908626556396
0.0,True,0.0,1.0,0.0,7583,0.7055765390396118
0.0,True,0.0,1.0,0.0,7584,0.7502468228340149
0.0,True,0.0,1.0,0.0,7585,0.9883671402931213
0.0,False,0.0,1.0,0.0,7586,0.1251363754272461
0.0,True,0.0,1.0,0.0,7587,0.9902348518371582
0.0,True,0.0,1.0,0.0,7588,0.9192264676094055
0.0,True,0.0,1.0,0.0,7589,0.4638540744781494
0.0,False,0.0,1.0,0.0,7590,0.04471806064248085
0.0,True,0.0,1.0,0.0,7591,0.33041781187057495
0.0,True,0.0,1.0,0.0,7592,0.4671749770641327
0.0,True,0.0,1.0,0.0,7593,0.291694313287735
0.0,False,0.0,1.0,0.0,7594,0.04946554824709892
0.0,True,0.0,1.0,0.0,7595,0.18225513398647308
0.0,True,0.0,1.0,0.0,7596,0.11066841334104538
0.0,True,0.0,1.0,0.0,7597,0.12250037491321564
0.0,True,0.0,1.0,0.0,7598,0.8053967356681824
0.0,True,0.0,1.0,0.0,7599,0.4068024456501007
0.0,True,0.0,1.0,0.0,7600,0.07361564040184021
0.0,True,0.0,1.0,0.0,7601,0.5740175843238831
0.0,True,0.0,1.0,0.0,7602,0.7211272120475769
0.0,True,0.0,1.0,0.0,7603,0.1664852499961853
0.0,True,0.0,1.0,0.0,7604,0.8971036672592163
0.0,True,0.0,1.0,0.0,7605,0.3476603627204895
0.0,True,0.0,1.0,0.0,7606,0.8437957167625427
0.0,True,0.0,1.0,0.0,7607,0.49272316694259644
0.0,True,0.0,1.0,0.0,7608,0.9176004528999329
0.0,False,0.0,1.0,0.0,7609,0.5912290811538696
0.0,False,0.0,1.0,0.0,7610,0.4484826624393463
0.0,False,0.0,1.0,0.0,7611,0.7472836375236511
0.0,False,0.0,1.0,0.0,7612,0.7177213430404663
0.0,True,0.0,1.0,0.0,7613,0.6953825354576111
0.0,True,0.0,1.0,0.0,7614,0.8756483793258667
0.0,False,0.0,1.0,0.0,7615,0.30049222707748413
0.0,True,0.0,1.0,0.0,7616,0.7198998332023621
0.0,True,0.0,1.0,0.0,7617,0.8784953355789185
0.0,True,0.0,1.0,0.0,7618,0.7474461793899536
0.0,True,0.0,1.0,0.0,7619,0.5045194625854492
0.0,True,0.0,1.0,0.0,7620,0.19771212339401245
0.0,True,0.0,1.0,0.0,7621,0.5409967303276062
0.0,True,0.0,1.0,0.0,7622,0.6987618803977966
0.0,True,0.0,1.0,0.0,7623,0.5291609168052673
0.0,True,0.0,1.0,0.0,7624,0.7444281578063965
0.0,True,0.0,1.0,0.0,7625,0.8087098598480225
0.0,True,0.0,1.0,0.0,7626,0.7063822150230408
0.0,True,0.0,1.0,0.0,7627,0.07250053435564041
0.0,True,0.0,1.0,0.0,7628,0.3359660804271698
0.0,False,0.0,1.0,0.0,7629,0.23208175599575043
0.0,True,0.0,1.0,0.0,7630,0.8368825912475586
0.0,True,0.0,1.0,0.0,7631,0.08761980384588242
0.0,True,0.0,1.0,0.0,7632,0.8243878483772278
0.0,True,0.0,1.0,0.0,7633,0.3032402992248535
0.0,True,0.0,1.0,0.0,7634,0.02409597858786583
0.0,True,0.0,1.0,0.0,7635,0.7970982193946838
0.0,True,0.0,1.0,0.0,7636,0.396196573972702
0.0,True,0.0,1.0,0.0,7637,0.8241210579872131
0.0,True,0.0,1.0,0.0,7638,0.6194149851799011
0.0,True,0.0,1.0,0.0,7639,0.2243039757013321
0.0,False,0.0,1.0,0.0,7640,0.25289687514305115
0.0,True,0.0,1.0,0.0,7641,0.5014678835868835
0.0,True,0.0,1.0,0.0,7642,0.048821281641721725
0.0,True,0.0,1.0,0.0,7643,0.8479301929473877
0.0,False,0.0,1.0,0.0,7644,0.5953792333602905
0.0,True,0.0,1.0,0.0,7645,0.29488271474838257
0.0,True,0.0,1.0,0.0,7646,0.08028005063533783
0.0,True,0.0,1.0,0.0,7647,0.9149428009986877
0.0,True,0.0,1.0,0.0,7648,0.4836663603782654
0.0,True,0.0,1.0,0.0,7649,0.8102489709854126
0.0,True,0.0,1.0,0.0,7650,0.4059129059314728
0.0,True,0.0,1.0,0.0,7651,0.3232901692390442
0.0,True,0.0,1.0,0.0,7652,0.9825688600540161
0.0,True,0.0,1.0,0.0,7653,0.8241783976554871
0.0,True,0.0,1.0,0.0,7654,0.5692972540855408
0.0,True,0.0,1.0,0.0,7655,0.9236235022544861
0.0,True,0.0,1.0,0.0,7656,0.4074900448322296
0.0,True,0.0,1.0,0.0,7657,0.5919800996780396
0.0,True,0.0,1.0,0.0,7658,0.9370010495185852
0.0,True,0.0,1.0,0.0,7659,0.9903854131698608
0.0,True,0.0,1.0,0.0,7660,0.9823125004768372
0.0,True,0.0,1.0,0.0,7661,0.9927932024002075
0.0,True,0.0,1.0,0.0,7662,0.9374245405197144
0.0,True,0.0,1.0,0.0,7663,0.3504702150821686
0.0,True,0.0,1.0,0.0,7664,0.8882117867469788
0.0,True,0.0,1.0,0.0,7665,0.984720766544342
0.0,True,0.0,1.0,0.0,7666,0.23608462512493134
0.0,True,0.0,1.0,0.0,7667,0.39891326427459717
0.0,True,0.0,1.0,0.0,7668,0.2915166914463043
0.0,True,0.0,1.0,0.0,7669,0.4448462128639221
0.0,True,0.0,1.0,0.0,7670,0.9901949763298035
0.0,True,0.0,1.0,0.0,7671,0.569611668586731
0.0,True,0.0,1.0,0.0,7672,0.593998908996582
0.0,True,0.0,1.0,0.0,7673,0.9820619225502014
0.0,True,0.0,1.0,0.0,7674,0.9915178418159485
0.0,True,0.0,1.0,0.0,7675,0.5571275949478149
0.0,True,0.0,1.0,0.0,7676,0.9860236644744873
0.0,True,0.0,1.0,0.0,7677,0.32190924882888794
0.0,True,0.0,1.0,0.0,7678,0.7264580130577087
0.0,True,0.0,1.0,0.0,7679,0.9915470480918884
0.0,True,0.0,1.0,0.0,7680,0.3253612816333771
0.0,True,0.0,1.0,0.0,7681,0.97457355260849
0.0,True,0.0,1.0,0.0,7682,0.9825528860092163
0.0,True,0.0,1.0,0.0,7683,0.4697052538394928
0.0,True,0.0,1.0,0.0,7684,0.915008544921875
0.0,False,0.0,1.0,0.0,7685,0.3366662859916687
0.0,True,0.0,1.0,0.0,7686,0.7051492929458618
0.0,True,0.0,1.0,0.0,7687,0.8387631773948669
0.0,True,0.0,1.0,0.0,7688,0.9194639325141907
0.0,True,0.0,1.0,0.0,7689,0.09609409421682358
0.0,True,0.0,1.0,0.0,7690,0.5862588286399841
0.0,False,0.0,1.0,0.0,7691,0.7803466320037842
0.0,True,0.0,1.0,0.0,7692,0.6118001937866211
0.0,True,0.0,1.0,0.0,7693,0.5662293434143066
0.0,False,0.0,1.0,0.0,7694,0.09053513407707214
0.0,True,0.0,1.0,0.0,7695,0.4082758128643036
0.0,False,0.0,1.0,0.0,7696,0.06709298491477966
0.0,True,0.0,1.0,0.0,7697,0.6785834431648254
0.0,True,0.0,1.0,0.0,7698,0.429190456867218
0.0,False,0.0,1.0,0.0,7699,0.19722166657447815
0.0,True,0.0,1.0,0.0,7700,0.6999133229255676
0.0,True,0.0,1.0,0.0,7701,0.5450097918510437
0.0,True,0.0,1.0,0.0,7702,0.5412366986274719
0.0,False,0.0,1.0,0.0,7703,0.15012690424919128
0.0,True,0.0,1.0,0.0,7704,0.7149692177772522
0.0,False,0.0,1.0,0.0,7705,0.21855758130550385
0.0,False,0.0,1.0,0.0,7706,0.45423176884651184
0.0,False,0.0,1.0,0.0,7707,0.5009152889251709
0.0,False,0.0,1.0,0.0,7708,0.23379282653331757
0.0,False,0.0,1.0,0.0,7709,0.2420867532491684
0.0,False,0.0,1.0,0.0,7710,0.14181454479694366
0.0,False,0.0,1.0,0.0,7711,0.5323184132575989
0.0,True,0.0,1.0,0.0,7712,0.7999594807624817
0.0,False,0.0,1.0,0.0,7713,0.5249416828155518
0.0,False,0.0,1.0,0.0,7714,0.2589329183101654
0.0,False,0.0,1.0,0.0,7715,0.06282229721546173
0.0,False,0.0,1.0,0.0,7716,0.023540934547781944
0.0,False,0.0,1.0,0.0,7717,0.2573133409023285
0.0,True,0.0,1.0,0.0,7718,0.011320999823510647
0.0,True,0.0,1.0,0.0,7719,0.3864438533782959
0.0,True,0.0,1.0,0.0,7720,0.677855372428894
0.0,True,0.0,1.0,0.0,7721,0.9480929374694824
0.0,False,0.0,1.0,0.0,7722,0.4160632789134979
0.0,False,0.0,1.0,0.0,7723,0.7006775140762329
0.0,True,0.0,1.0,0.0,7724,0.5311300158500671
0.0,True,0.0,1.0,0.0,7725,0.4444507658481598
0.0,True,0.0,1.0,0.0,7726,0.5010470151901245
0.0,False,0.0,1.0,0.0,7727,0.4302048683166504
0.0,False,0.0,1.0,0.0,7728,0.8380386829376221
0.0,True,0.0,1.0,0.0,7729,0.3553827404975891
0.0,True,0.0,1.0,0.0,7730,0.46703365445137024
0.0,False,0.0,1.0,0.0,7731,0.37458011507987976
0.0,False,0.0,1.0,0.0,7732,0.033933475613594055
0.0,False,0.0,1.0,0.0,7733,0.207027405500412
0.0,True,0.0,1.0,0.0,7734,0.9649038910865784
0.0,True,0.0,1.0,0.0,7735,0.9249854683876038
0.0,True,0.0,1.0,0.0,7736,0.24142713844776154
0.0,True,0.0,1.0,0.0,7737,0.6090778112411499
0.0,True,0.0,1.0,0.0,7738,0.8993517160415649
0.0,False,0.0,1.0,0.0,7739,0.6602171063423157
0.0,True,0.0,1.0,0.0,7740,0.2637453079223633
0.0,True,0.0,1.0,0.0,7741,0.975013792514801
0.0,True,0.0,1.0,0.0,7742,0.9159427881240845
0.0,True,0.0,1.0,0.0,7743,0.9339620471000671
0.0,False,0.0,1.0,0.0,7744,0.15076413750648499
0.0,True,0.0,1.0,0.0,7745,0.8314577341079712
0.0,True,0.0,1.0,0.0,7746,0.9592291116714478
0.0,False,0.0,1.0,0.0,7747,0.36661869287490845
0.0,True,0.0,1.0,0.0,7748,0.9520341157913208
0.0,True,0.0,1.0,0.0,7749,0.7446476221084595
0.0,True,0.0,1.0,0.0,7750,0.6962060332298279
0.0,True,0.0,1.0,0.0,7751,0.2920709252357483
0.0,True,0.0,1.0,0.0,7752,0.4519364833831787
0.0,True,0.0,1.0,0.0,7753,0.3519495129585266
0.0,True,0.0,1.0,0.0,7754,0.9488770961761475
0.0,True,0.0,1.0,0.0,7755,0.7184596061706543
0.0,True,0.0,1.0,0.0,7756,0.022856958210468292
0.0,False,0.0,1.0,0.0,7757,0.4457559585571289
0.0,False,0.0,1.0,0.0,7758,0.27102726697921753
0.0,True,0.0,1.0,0.0,7759,0.9491817355155945
0.0,False,0.0,1.0,0.0,7760,0.20323899388313293
0.0,False,0.0,1.0,0.0,7761,0.12645888328552246
0.0,True,0.0,1.0,0.0,7762,0.7748958468437195
0.0,False,0.0,1.0,0.0,7763,0.13119862973690033
0.0,True,0.0,1.0,0.0,7764,0.9151818156242371
0.0,True,0.0,1.0,0.0,7765,0.5360416173934937
0.0,True,0.0,1.0,0.0,7766,0.713950514793396
0.0,True,0.0,1.0,0.0,7767,0.8968007564544678
0.0,True,0.0,1.0,0.0,7768,0.7506542205810547
0.0,True,0.0,1.0,0.0,7769,0.6002254486083984
0.0,True,0.0,1.0,0.0,7770,0.8611510992050171
0.0,False,0.0,1.0,0.0,7771,0.8036218881607056
0.0,True,0.0,1.0,0.0,7772,0.4375608563423157
0.0,True,0.0,1.0,0.0,7773,0.3295249342918396
0.0,True,0.0,1.0,0.0,7774,0.8476690053939819
0.0,True,0.0,1.0,0.0,7775,0.9852254986763
0.0,True,0.0,1.0,0.0,7776,0.024148469790816307
0.0,False,0.0,1.0,0.0,7777,0.17694209516048431
0.0,True,0.0,1.0,0.0,7778,0.5038044452667236
0.0,True,0.0,1.0,0.0,7779,0.2074345350265503
0.0,True,0.0,1.0,0.0,7780,0.5903343558311462
0.0,True,0.0,1.0,0.0,7781,0.8874073028564453
0.0,True,0.0,1.0,0.0,7782,0.4674895405769348
0.0,True,0.0,1.0,0.0,7783,0.47857537865638733
0.0,False,0.0,1.0,0.0,7784,0.0792241320014
0.0,True,0.0,1.0,0.0,7785,0.6098124384880066
0.0,False,0.0,1.0,0.0,7786,0.367872416973114
0.0,True,0.0,1.0,0.0,7787,0.5205867290496826
0.0,True,0.0,1.0,0.0,7788,0.2807856500148773
0.0,True,0.0,1.0,0.0,7789,0.9917955994606018
0.0,True,0.0,1.0,0.0,7790,0.2189839631319046
0.0,True,0.0,1.0,0.0,7791,0.29839542508125305
0.0,True,0.0,1.0,0.0,7792,0.30962425470352173
0.0,False,0.0,1.0,0.0,7793,0.44920456409454346
0.0,False,0.0,1.0,0.0,7794,0.6395235657691956
0.0,True,0.0,1.0,0.0,7795,0.6332188248634338
0.0,True,0.0,1.0,0.0,7796,0.9333271384239197
0.0,True,0.0,1.0,0.0,7797,0.5348425507545471
0.0,True,0.0,1.0,0.0,7798,0.9864104390144348
0.0,True,0.0,1.0,0.0,7799,0.7186533212661743
0.0,True,0.0,1.0,0.0,7800,0.8231453895568848
0.0,True,0.0,1.0,0.0,7801,0.5134581327438354
0.0,True,0.0,1.0,0.0,7802,0.8270907402038574
0.0,True,0.0,1.0,0.0,7803,0.44164174795150757
0.0,True,0.0,1.0,0.0,7804,0.7757379412651062
0.0,True,0.0,1.0,0.0,7805,0.5577112436294556
0.0,True,0.0,1.0,0.0,7806,0.7333123683929443
0.0,True,0.0,1.0,0.0,7807,0.8047659397125244
0.0,True,0.0,1.0,0.0,7808,0.9766695499420166
0.0,True,0.0,1.0,0.0,7809,0.9309992790222168
0.0,True,0.0,1.0,0.0,7810,0.9852677583694458
0.0,True,0.0,1.0,0.0,7811,0.9756767153739929
0.0,True,0.0,1.0,0.0,7812,0.8437860012054443
0.0,True,0.0,1.0,0.0,7813,0.8490192890167236
0.0,True,0.0,1.0,0.0,7814,0.7435518503189087
0.0,True,0.0,1.0,0.0,7815,0.21738159656524658
0.0,True,0.0,1.0,0.0,7816,0.9580158591270447
0.0,True,0.0,1.0,0.0,7817,0.8920000195503235
0.0,True,0.0,1.0,0.0,7818,0.3273712396621704
0.0,True,0.0,1.0,0.0,7819,0.5491439700126648
0.0,True,0.0,1.0,0.0,7820,0.49089315533638
0.0,True,0.0,1.0,0.0,7821,0.9527823328971863
0.0,True,0.0,1.0,0.0,7822,0.6663182377815247
0.0,True,0.0,1.0,0.0,7823,0.25927820801734924
0.0,True,0.0,1.0,0.0,7824,0.48139864206314087
0.0,False,0.0,1.0,0.0,7825,0.6452682018280029
0.0,True,0.0,1.0,0.0,7826,0.6588724851608276
0.0,True,0.0,1.0,0.0,7827,0.5969515442848206
0.0,True,0.0,1.0,0.0,7828,0.6412950158119202
0.0,True,0.0,1.0,0.0,7829,0.6219497323036194
0.0,False,0.0,1.0,0.0,7830,0.44715213775634766
0.0,True,0.0,1.0,0.0,7831,0.5516907572746277
0.0,False,0.0,1.0,0.0,7832,0.09717971831560135
0.0,True,0.0,1.0,0.0,7833,0.47032323479652405
0.0,True,0.0,1.0,0.0,7834,0.6023515462875366
0.0,False,0.0,1.0,0.0,7835,0.6177164316177368
0.0,True,0.0,1.0,0.0,7836,0.4114612936973572
0.0,True,0.0,1.0,0.0,7837,0.4369945228099823
0.0,True,0.0,1.0,0.0,7838,0.6870532035827637
0.0,True,0.0,1.0,0.0,7839,0.7252025008201599
0.0,False,0.0,1.0,0.0,7840,0.5427951812744141
0.0,True,0.0,1.0,0.0,7841,0.09859210252761841
0.0,True,0.0,1.0,0.0,7842,0.3729989528656006
0.0,True,0.0,1.0,0.0,7843,0.8977317214012146
0.0,True,0.0,1.0,0.0,7844,0.8971609473228455
0.0,True,0.0,1.0,0.0,7845,0.8948196172714233
0.0,True,0.0,1.0,0.0,7846,0.8646543622016907
0.0,True,0.0,1.0,0.0,7847,0.8982707858085632
0.0,False,0.0,1.0,0.0,7848,0.24175713956356049
0.0,True,0.0,1.0,0.0,7849,0.3934188783168793
0.0,False,0.0,1.0,0.0,7850,0.5818409323692322
0.0,True,0.0,1.0,0.0,7851,0.8402032852172852
0.0,True,0.0,1.0,0.0,7852,0.46454739570617676
0.0,True,0.0,1.0,0.0,7853,0.5178660750389099
0.0,True,0.0,1.0,0.0,7854,0.790416419506073
0.0,True,0.0,1.0,0.0,7855,0.9023310542106628
0.0,True,0.0,1.0,0.0,7856,0.7437989711761475
0.0,True,0.0,1.0,0.0,7857,0.026156632229685783
0.0,True,0.0,1.0,0.0,7858,0.7659040093421936
0.0,True,0.0,1.0,0.0,7859,0.9120171666145325
0.0,True,0.0,1.0,0.0,7860,0.04912947490811348
0.0,True,0.0,1.0,0.0,7861,0.8694995045661926
0.0,True,0.0,1.0,0.0,7862,0.37127143144607544
0.0,True,0.0,1.0,0.0,7863,0.5699831247329712
0.0,True,0.0,1.0,0.0,7864,0.2589368224143982
0.0,True,0.0,1.0,0.0,7865,0.6561177372932434
0.0,True,0.0,1.0,0.0,7866,0.9134505987167358
0.0,True,0.0,1.0,0.0,7867,0.546545147895813
0.0,True,0.0,1.0,0.0,7868,0.7757152318954468
0.0,True,0.0,1.0,0.0,7869,0.6844826340675354
0.0,True,0.0,1.0,0.0,7870,0.7693770527839661
0.0,True,0.0,1.0,0.0,7871,0.8540940880775452
0.0,True,0.0,1.0,0.0,7872,0.8367395997047424
0.0,True,0.0,1.0,0.0,7873,0.05677667260169983
0.0,True,0.0,1.0,0.0,7874,0.448960542678833
0.0,True,0.0,1.0,0.0,7875,0.49350425601005554
0.0,True,0.0,1.0,0.0,7876,0.8904521465301514
0.0,True,0.0,1.0,0.0,7877,0.6574029326438904
0.0,True,0.0,1.0,0.0,7878,0.6121158003807068
0.0,True,0.0,1.0,0.0,7879,0.3114356994628906
0.0,True,0.0,1.0,0.0,7880,0.8199777603149414
0.0,True,0.0,1.0,0.0,7881,0.36065173149108887
0.0,True,0.0,1.0,0.0,7882,0.638192892074585
0.0,True,0.0,1.0,0.0,7883,0.18817247450351715
0.0,True,0.0,1.0,0.0,7884,0.6067551374435425
0.0,True,0.0,1.0,0.0,7885,0.5048558712005615
0.0,True,0.0,1.0,0.0,7886,0.300830602645874
0.0,False,0.0,1.0,0.0,7887,0.22824424505233765
0.0,False,0.0,1.0,0.0,7888,0.09948012232780457
0.0,True,0.0,1.0,0.0,7889,0.6530971527099609
0.0,True,0.0,1.0,0.0,7890,0.5527046918869019
0.0,True,0.0,1.0,0.0,7891,0.7084639668464661
0.0,False,0.0,1.0,0.0,7892,0.6046134829521179
0.0,True,0.0,1.0,0.0,7893,0.6538085341453552
0.0,True,0.0,1.0,0.0,7894,0.2850378751754761
0.0,True,0.0,1.0,0.0,7895,0.6812669038772583
0.0,False,0.0,1.0,0.0,7896,0.9303290843963623
0.0,False,0.0,1.0,0.0,7897,0.337005615234375
0.0,False,0.0,1.0,0.0,7898,0.46257483959198
0.0,True,0.0,1.0,0.0,7899,0.4429306089878082
0.0,True,0.0,1.0,0.0,7900,0.5630147457122803
0.0,True,0.0,1.0,0.0,7901,0.767019510269165
0.0,True,0.0,1.0,0.0,7902,0.15485575795173645
0.0,False,0.0,1.0,0.0,7903,0.23954398930072784
0.0,True,0.0,1.0,0.0,7904,0.3922085762023926
0.0,True,0.0,1.0,0.0,7905,0.1395133137702942
0.0,True,0.0,1.0,0.0,7906,0.9480460286140442
0.0,True,0.0,1.0,0.0,7907,0.960839569568634
0.0,False,0.0,1.0,0.0,7908,0.15896137058734894
0.0,False,0.0,1.0,0.0,7909,0.09086163341999054
0.0,True,0.0,1.0,0.0,7910,0.6324911713600159
0.0,True,0.0,1.0,0.0,7911,0.2485547661781311
0.0,True,0.0,1.0,0.0,7912,0.4913715720176697
0.0,True,0.0,1.0,0.0,7913,0.8580947518348694
0.0,True,0.0,1.0,0.0,7914,0.940269410610199
0.0,True,0.0,1.0,0.0,7915,0.49280768632888794
0.0,True,0.0,1.0,0.0,7916,0.09723582118749619
0.0,True,0.0,1.0,0.0,7917,0.4068793058395386
0.0,True,0.0,1.0,0.0,7918,0.6878228783607483
0.0,False,0.0,1.0,0.0,7919,0.16397352516651154
0.0,False,0.0,1.0,0.0,7920,0.39839649200439453
0.0,False,0.0,1.0,0.0,7921,0.820377767086029
0.0,False,0.0,1.0,0.0,7922,0.30815449357032776
0.0,False,0.0,1.0,0.0,7923,0.03636755794286728
0.0,True,0.0,1.0,0.0,7924,0.14460782706737518
0.0,True,0.0,1.0,0.0,7925,0.4897681474685669
0.0,True,0.0,1.0,0.0,7926,0.3466051518917084
0.0,True,0.0,1.0,0.0,7927,0.7434911131858826
0.0,True,0.0,1.0,0.0,7928,0.7070563435554504
0.0,True,0.0,1.0,0.0,7929,0.27368882298469543
0.0,False,0.0,1.0,0.0,7930,0.842803955078125
0.0,True,0.0,1.0,0.0,7931,0.9826940894126892
0.0,True,0.0,1.0,0.0,7932,0.017994992434978485
0.0,False,0.0,1.0,0.0,7933,0.1360248476266861
0.0,True,0.0,1.0,0.0,7934,0.572115957736969
0.0,True,0.0,1.0,0.0,7935,0.4604257345199585
0.0,False,0.0,1.0,0.0,7936,0.43985095620155334
0.0,False,0.0,1.0,0.0,7937,0.49957597255706787
0.0,True,0.0,1.0,0.0,7938,0.6316007375717163
0.0,False,0.0,1.0,0.0,7939,0.3462640047073364
0.0,False,0.0,1.0,0.0,7940,0.3482535481452942
0.0,True,0.0,1.0,0.0,7941,0.3582864999771118
0.0,False,0.0,1.0,0.0,7942,0.4868892431259155
0.0,True,0.0,1.0,0.0,7943,0.7117631435394287
0.0,True,0.0,1.0,0.0,7944,0.412174791097641
0.0,True,0.0,1.0,0.0,7945,0.1560705453157425
0.0,True,0.0,1.0,0.0,7946,0.9470911622047424
0.0,True,0.0,1.0,0.0,7947,0.45669248700141907
0.0,False,0.0,1.0,0.0,7948,0.5215281844139099
0.0,False,0.0,1.0,0.0,7949,0.7947873473167419
0.0,True,0.0,1.0,0.0,7950,0.7715112566947937
0.0,True,0.0,1.0,0.0,7951,0.9362842440605164
0.0,True,0.0,1.0,0.0,7952,0.9909391403198242
0.0,False,0.0,1.0,0.0,7953,0.26816460490226746
0.0,True,0.0,1.0,0.0,7954,0.9903269410133362
0.0,True,0.0,1.0,0.0,7955,0.46511152386665344
0.0,True,0.0,1.0,0.0,7956,0.9916903972625732
0.0,False,0.0,1.0,0.0,7957,0.16150642931461334
0.0,False,0.0,1.0,0.0,7958,0.8601099252700806
0.0,False,0.0,1.0,0.0,7959,0.9447017908096313
0.0,True,0.0,1.0,0.0,7960,0.47338005900382996
0.0,True,0.0,1.0,0.0,7961,0.8739548325538635
0.0,False,0.0,1.0,0.0,7962,0.34988734126091003
0.0,False,0.0,1.0,0.0,7963,0.36249586939811707
0.0,False,0.0,1.0,0.0,7964,0.9129011034965515
0.0,True,0.0,1.0,0.0,7965,0.929462194442749
0.0,True,0.0,1.0,0.0,7966,0.34046292304992676
0.0,True,0.0,1.0,0.0,7967,0.5101691484451294
0.0,True,0.0,1.0,0.0,7968,0.8456100225448608
0.0,True,0.0,1.0,0.0,7969,0.9878870248794556
0.0,False,0.0,1.0,0.0,7970,0.024677349254488945
0.0,True,0.0,1.0,0.0,7971,0.9268556237220764
0.0,False,0.0,1.0,0.0,7972,0.5815688967704773
0.0,True,0.0,1.0,0.0,7973,0.7282305359840393
0.0,True,0.0,1.0,0.0,7974,0.07552911341190338
0.0,True,0.0,1.0,0.0,7975,0.3349080979824066
0.0,True,0.0,1.0,0.0,7976,0.6254867315292358
0.0,True,0.0,1.0,0.0,7977,0.5548012256622314
0.0,True,0.0,1.0,0.0,7978,0.9462133646011353
0.0,True,0.0,1.0,0.0,7979,0.627712607383728
0.0,True,0.0,1.0,0.0,7980,0.5008091926574707
0.0,True,0.0,1.0,0.0,7981,0.9913933277130127
0.0,True,0.0,1.0,0.0,7982,0.9923054575920105
0.0,False,0.0,1.0,0.0,7983,0.20715376734733582
0.0,True,0.0,1.0,0.0,7984,0.5993642807006836
0.0,True,0.0,1.0,0.0,7985,0.9783194661140442
0.0,True,0.0,1.0,0.0,7986,0.9521902799606323
0.0,True,0.0,1.0,0.0,7987,0.6884045004844666
0.0,True,0.0,1.0,0.0,7988,0.051293205469846725
0.0,False,0.0,1.0,0.0,7989,0.0888596624135971
0.0,True,0.0,1.0,0.0,7990,0.989522397518158
0.0,True,0.0,1.0,0.0,7991,0.979762852191925
0.0,False,0.0,1.0,0.0,7992,0.4300360679626465
0.0,True,0.0,1.0,0.0,7993,0.9856690168380737
0.0,True,0.0,1.0,0.0,7994,0.9915692210197449
0.0,True,0.0,1.0,0.0,7995,0.9342265725135803
0.0,True,0.0,1.0,0.0,7996,0.9491481184959412
0.0,True,0.0,1.0,0.0,7997,0.9544893503189087
0.0,True,0.0,1.0,0.0,7998,0.7344529032707214
0.0,True,0.0,1.0,0.0,7999,0.48199012875556946
0.0,True,0.0,1.0,0.0,8000,0.5103101134300232
0.0,True,0.0,1.0,0.0,8001,0.28839269280433655
0.0,True,0.0,1.0,0.0,8002,0.329957515001297
0.0,True,0.0,1.0,0.0,8003,0.7799699306488037
0.0,True,0.0,1.0,0.0,8004,0.3159125745296478
0.0,True,0.0,1.0,0.0,8005,0.7289400100708008
0.0,True,0.0,1.0,0.0,8006,0.43217867612838745
0.0,True,0.0,1.0,0.0,8007,0.47728556394577026
0.0,True,0.0,1.0,0.0,8008,0.25483548641204834
0.0,True,0.0,1.0,0.0,8009,0.3622088134288788
0.0,False,0.0,1.0,0.0,8010,0.14459289610385895
0.0,False,0.0,1.0,0.0,8011,0.47367212176322937
0.0,False,0.0,1.0,0.0,8012,0.09739211201667786
0.0,False,0.0,1.0,0.0,8013,0.8033391237258911
0.0,True,0.0,1.0,0.0,8014,0.8624434471130371
0.0,True,0.0,1.0,0.0,8015,0.23298856616020203
0.0,False,0.0,1.0,0.0,8016,0.5738080143928528
0.0,False,0.0,1.0,0.0,8017,0.14649717509746552
0.0,False,0.0,1.0,0.0,8018,0.7327229380607605
0.0,True,0.0,1.0,0.0,8019,0.4006752371788025
0.0,False,0.0,1.0,0.0,8020,0.048967938870191574
0.0,True,0.0,1.0,0.0,8021,0.9920530319213867
0.0,True,0.0,1.0,0.0,8022,0.3260059058666229
0.0,True,0.0,1.0,0.0,8023,0.9925926327705383
0.0,True,0.0,1.0,0.0,8024,0.9923230409622192
0.0,True,0.0,1.0,0.0,8025,0.6722063422203064
0.0,False,0.0,1.0,0.0,8026,0.4626598656177521
0.0,False,0.0,1.0,0.0,8027,0.31848081946372986
0.0,True,0.0,1.0,0.0,8028,0.7172076106071472
0.0,True,0.0,1.0,0.0,8029,0.9596986770629883
0.0,False,0.0,1.0,0.0,8030,0.3719632625579834
0.0,True,0.0,1.0,0.0,8031,0.9347490668296814
0.0,True,0.0,1.0,0.0,8032,0.949314296245575
0.0,True,0.0,1.0,0.0,8033,0.6794504523277283
0.0,True,0.0,1.0,0.0,8034,0.9376814365386963
0.0,True,0.0,1.0,0.0,8035,0.8601861000061035
0.0,True,0.0,1.0,0.0,8036,0.3818090856075287
0.0,True,0.0,1.0,0.0,8037,0.9850804209709167
0.0,True,0.0,1.0,0.0,8038,0.1861424446105957
0.0,True,0.0,1.0,0.0,8039,0.5047778487205505
0.0,True,0.0,1.0,0.0,8040,0.05531993508338928
0.0,True,0.0,1.0,0.0,8041,0.8920826315879822
0.0,True,0.0,1.0,0.0,8042,0.9591681957244873
0.0,True,0.0,1.0,0.0,8043,0.9074589610099792
0.0,True,0.0,1.0,0.0,8044,0.899076521396637
0.0,False,0.0,1.0,0.0,8045,0.4360193610191345
0.0,True,0.0,1.0,0.0,8046,0.440245658159256
0.0,True,0.0,1.0,0.0,8047,0.5778308510780334
0.0,True,0.0,1.0,0.0,8048,0.9080314636230469
0.0,True,0.0,1.0,0.0,8049,0.24637165665626526
0.0,True,0.0,1.0,0.0,8050,0.6044578552246094
0.0,True,0.0,1.0,0.0,8051,0.6369506120681763
0.0,True,0.0,1.0,0.0,8052,0.901104211807251
0.0,True,0.0,1.0,0.0,8053,0.5976139903068542
0.0,True,0.0,1.0,0.0,8054,0.9074053168296814
0.0,True,0.0,1.0,0.0,8055,0.36225345730781555
0.0,True,0.0,1.0,0.0,8056,0.9007437229156494
0.0,True,0.0,1.0,0.0,8057,0.8501671552658081
0.0,True,0.0,1.0,0.0,8058,0.22650450468063354
0.0,True,0.0,1.0,0.0,8059,0.9861831665039062
0.0,True,0.0,1.0,0.0,8060,0.9878743290901184
0.0,True,0.0,1.0,0.0,8061,0.562879204750061
0.0,True,0.0,1.0,0.0,8062,0.6328445672988892
0.0,True,0.0,1.0,0.0,8063,0.43179959058761597
0.0,True,0.0,1.0,0.0,8064,0.0471169538795948
0.0,True,0.0,1.0,0.0,8065,0.9680174589157104
0.0,True,0.0,1.0,0.0,8066,0.9925163388252258
0.0,True,0.0,1.0,0.0,8067,0.3290932774543762
0.0,False,0.0,1.0,0.0,8068,0.2301025092601776
0.0,True,0.0,1.0,0.0,8069,0.5408017039299011
0.0,False,0.0,1.0,0.0,8070,0.46666502952575684
0.0,False,0.0,1.0,0.0,8071,0.19548846781253815
0.0,False,0.0,1.0,0.0,8072,0.2793278694152832
0.0,False,0.0,1.0,0.0,8073,0.37609702348709106
0.0,False,0.0,1.0,0.0,8074,0.03738701343536377
0.0,False,0.0,1.0,0.0,8075,0.11792437732219696
0.0,False,0.0,1.0,0.0,8076,0.09923078864812851
0.0,True,0.0,1.0,0.0,8077,0.821786642074585
0.0,True,0.0,1.0,0.0,8078,0.14388245344161987
0.0,True,0.0,1.0,0.0,8079,0.43642956018447876
0.0,True,0.0,1.0,0.0,8080,0.8269412517547607
0.0,True,0.0,1.0,0.0,8081,0.39732399582862854
0.0,True,0.0,1.0,0.0,8082,0.7357149124145508
0.0,False,0.0,1.0,0.0,8083,0.08753911405801773
0.0,False,0.0,1.0,0.0,8084,0.12372341752052307
0.0,True,0.0,1.0,0.0,8085,0.48151636123657227
0.0,True,0.0,1.0,0.0,8086,0.9364407062530518
0.0,True,0.0,1.0,0.0,8087,0.49935704469680786
0.0,False,0.0,1.0,0.0,8088,0.5350577235221863
0.0,False,0.0,1.0,0.0,8089,0.35708948969841003
0.0,False,0.0,1.0,0.0,8090,0.3522540032863617
0.0,False,0.0,1.0,0.0,8091,0.5262842178344727
0.0,False,0.0,1.0,0.0,8092,0.20914773643016815
0.0,False,0.0,1.0,0.0,8093,0.10099149495363235
0.0,False,0.0,1.0,0.0,8094,0.3237888813018799
0.0,True,0.0,1.0,0.0,8095,0.42162024974823
0.0,True,0.0,1.0,0.0,8096,0.7505576014518738
0.0,True,0.0,1.0,0.0,8097,0.9419288039207458
0.0,True,0.0,1.0,0.0,8098,0.35161101818084717
0.0,True,0.0,1.0,0.0,8099,0.1880585104227066
0.0,True,0.0,1.0,0.0,8100,0.49992042779922485
0.0,False,0.0,1.0,0.0,8101,0.16056330502033234
0.0,False,0.0,1.0,0.0,8102,0.04210568591952324
0.0,True,0.0,1.0,0.0,8103,0.605765163898468
0.0,True,0.0,1.0,0.0,8104,0.33593490719795227
0.0,True,0.0,1.0,0.0,8105,0.6050886511802673
0.0,True,0.0,1.0,0.0,8106,0.42293956875801086
0.0,True,0.0,1.0,0.0,8107,0.6110512614250183
0.0,True,0.0,1.0,0.0,8108,0.20050588250160217
0.0,True,0.0,1.0,0.0,8109,0.7250398397445679
0.0,True,0.0,1.0,0.0,8110,0.9555712342262268
0.0,True,0.0,1.0,0.0,8111,0.7916479706764221
0.0,True,0.0,1.0,0.0,8112,0.6070544719696045
0.0,True,0.0,1.0,0.0,8113,0.5042542219161987
0.0,True,0.0,1.0,0.0,8114,0.46236589550971985
0.0,True,0.0,1.0,0.0,8115,0.8176289200782776
0.0,False,0.0,1.0,0.0,8116,0.7711822986602783
0.0,True,0.0,1.0,0.0,8117,0.7165505290031433
0.0,False,0.0,1.0,0.0,8118,0.3390997052192688
0.0,False,0.0,1.0,0.0,8119,0.09009121358394623
0.0,True,0.0,1.0,0.0,8120,0.9245142936706543
0.0,True,0.0,1.0,0.0,8121,0.9548070430755615
0.0,True,0.0,1.0,0.0,8122,0.9742020964622498
0.0,False,0.0,1.0,0.0,8123,0.39255380630493164
0.0,False,0.0,1.0,0.0,8124,0.5752991437911987
0.0,True,0.0,1.0,0.0,8125,0.6879152655601501
0.0,True,0.0,1.0,0.0,8126,0.5311084985733032
0.0,True,0.0,1.0,0.0,8127,0.38535740971565247
0.0,True,0.0,1.0,0.0,8128,0.9468962550163269
0.0,False,0.0,1.0,0.0,8129,0.9098991751670837
0.0,True,0.0,1.0,0.0,8130,0.8866803646087646
0.0,True,0.0,1.0,0.0,8131,0.9393789768218994
0.0,True,0.0,1.0,0.0,8132,0.9475303888320923
0.0,True,0.0,1.0,0.0,8133,0.9420586228370667
0.0,True,0.0,1.0,0.0,8134,0.9481045603752136
0.0,True,0.0,1.0,0.0,8135,0.9450960159301758
0.0,False,0.0,1.0,0.0,8136,0.012551265768706799
0.0,True,0.0,1.0,0.0,8137,0.9491621851921082
0.0,True,0.0,1.0,0.0,8138,0.9464969038963318
0.0,True,0.0,1.0,0.0,8139,0.9499939680099487
0.0,True,0.0,1.0,0.0,8140,0.9528231024742126
0.0,True,0.0,1.0,0.0,8141,0.9491338133811951
0.0,True,0.0,1.0,0.0,8142,0.9529150128364563
0.0,True,0.0,1.0,0.0,8143,0.9499865174293518
0.0,True,0.0,1.0,0.0,8144,0.9557739496231079
0.0,True,0.0,1.0,0.0,8145,0.9511968493461609
0.0,True,0.0,1.0,0.0,8146,0.7667146325111389
0.0,True,0.0,1.0,0.0,8147,0.7169007658958435
0.0,False,0.0,1.0,0.0,8148,0.20999889075756073
0.0,True,0.0,1.0,0.0,8149,0.9579688906669617
0.0,True,0.0,1.0,0.0,8150,0.5207226872444153
0.0,False,0.0,1.0,0.0,8151,0.11553359776735306
0.0,True,0.0,1.0,0.0,8152,0.6855482459068298
0.0,True,0.0,1.0,0.0,8153,0.8589072823524475
0.0,True,0.0,1.0,0.0,8154,0.7420843243598938
0.0,True,0.0,1.0,0.0,8155,0.9152509570121765
0.0,False,0.0,1.0,0.0,8156,0.9135192632675171
0.0,True,0.0,1.0,0.0,8157,0.6246565580368042
0.0,True,0.0,1.0,0.0,8158,0.5956774950027466
0.0,True,0.0,1.0,0.0,8159,0.7084943056106567
0.0,True,0.0,1.0,0.0,8160,0.8985086679458618
0.0,True,0.0,1.0,0.0,8161,0.8177028298377991
0.0,True,0.0,1.0,0.0,8162,0.8941698670387268
0.0,True,0.0,1.0,0.0,8163,0.43523332476615906
0.0,True,0.0,1.0,0.0,8164,0.8051956295967102
0.0,True,0.0,1.0,0.0,8165,0.6040092706680298
0.0,True,0.0,1.0,0.0,8166,0.5877617001533508
0.0,True,0.0,1.0,0.0,8167,0.19026127457618713
0.0,True,0.0,1.0,0.0,8168,0.809666097164154
0.0,False,0.0,1.0,0.0,8169,0.059898119419813156
0.0,True,0.0,1.0,0.0,8170,0.892551064491272
0.0,True,0.0,1.0,0.0,8171,0.7702577114105225
0.0,True,0.0,1.0,0.0,8172,0.4433612823486328
0.0,True,0.0,1.0,0.0,8173,0.3715074360370636
0.0,True,0.0,1.0,0.0,8174,0.379617840051651
0.0,True,0.0,1.0,0.0,8175,0.7089945077896118
0.0,False,0.0,1.0,0.0,8176,0.5035558938980103
0.0,True,0.0,1.0,0.0,8177,0.5503494739532471
0.0,True,0.0,1.0,0.0,8178,0.2729983329772949
0.0,True,0.0,1.0,0.0,8179,0.7805815935134888
0.0,True,0.0,1.0,0.0,8180,0.5964686870574951
0.0,True,0.0,1.0,0.0,8181,0.3374800682067871
0.0,True,0.0,1.0,0.0,8182,0.36039552092552185
0.0,True,0.0,1.0,0.0,8183,0.8589016199111938
0.0,True,0.0,1.0,0.0,8184,0.3995235860347748
0.0,True,0.0,1.0,0.0,8185,0.5957667827606201
0.0,False,0.0,1.0,0.0,8186,0.15662549436092377
0.0,True,0.0,1.0,0.0,8187,0.20552609860897064
0.0,True,0.0,1.0,0.0,8188,0.7421349287033081
0.0,True,0.0,1.0,0.0,8189,0.5142663717269897
0.0,True,0.0,1.0,0.0,8190,0.21122467517852783
0.0,True,0.0,1.0,0.0,8191,0.7460734248161316
0.0,False,0.0,0.0,0.0,7577,0.2107146829366684
0.0,False,0.0,0.0,0.0,7578,0.25762662291526794
0.0,False,0.0,0.0,0.0,7579,0.06362932920455933
0.0,False,0.0,0.0,0.0,7580,0.3684900403022766
0.0,False,0.0,0.0,0.0,7581,0.14749397337436676
0.0,False,0.0,0.0,0.0,7582,0.5808597207069397
0.0,False,0.0,0.0,0.0,7583,0.07830090820789337
0.0,False,0.0,0.0,0.0,7584,0.22447246313095093
0.0,False,0.0,0.0,0.0,7585,0.24284450709819794
0.0,False,0.0,0.0,0.0,7586,0.06017501652240753
0.0,False,0.0,0.0,0.0,7587,0.07619031518697739
0.0,False,0.0,0.0,0.0,7588,0.201919823884964
0.0,False,0.0,0.0,0.0,7589,0.3152243196964264
0.0,False,0.0,0.0,0.0,7590,0.44473639130592346
0.0,False,0.0,0.0,0.0,7591,0.1944972425699234
0.0,False,0.0,0.0,0.0,7592,0.02964690700173378
0.0,True,0.0,0.0,0.0,7593,0.30248722434043884
0.0,False,0.0,0.0,0.0,7594,0.030391160398721695
0.0,False,0.0,0.0,0.0,7595,0.06596609205007553
0.0,False,0.0,0.0,0.0,7596,0.3659079372882843
0.0,False,0.0,0.0,0.0,7597,0.20870228111743927
0.0,False,0.0,0.0,0.0,7598,0.03599681705236435
0.0,False,0.0,0.0,0.0,7599,0.5357375144958496
0.0,False,0.0,0.0,0.0,7600,0.5397626757621765
0.0,True,0.0,0.0,0.0,7601,0.5551797151565552
0.0,False,0.0,0.0,0.0,7602,0.12092965841293335
0.0,False,0.0,0.0,0.0,7603,0.5703505277633667
0.0,False,0.0,0.0,0.0,7604,0.0313909687101841
0.0,False,0.0,0.0,0.0,7605,0.4725840091705322
0.0,False,0.0,0.0,0.0,7606,0.08134200423955917
0.0,False,0.0,0.0,0.0,7607,0.2328108698129654
0.0,False,0.0,0.0,0.0,7608,0.20733483135700226
0.0,False,0.0,0.0,0.0,7609,0.15743641555309296
0.0,False,0.0,0.0,0.0,7610,0.09087656438350677
0.0,True,0.0,0.0,0.0,7611,0.2936444580554962
0.0,False,0.0,0.0,0.0,7612,0.5889701247215271
0.0,False,0.0,0.0,0.0,7613,0.00898021087050438
0.0,False,0.0,0.0,0.0,7614,0.4328189194202423
0.0,False,0.0,0.0,0.0,7615,0.0540795736014843
0.0,False,0.0,0.0,0.0,7616,0.20376184582710266
0.0,False,0.0,0.0,0.0,7617,0.019226474687457085
0.0,False,0.0,0.0,0.0,7618,0.08149074763059616
0.0,True,0.0,0.0,0.0,7619,0.48070862889289856
0.0,False,0.0,0.0,0.0,7620,0.43565651774406433
0.0,False,0.0,0.0,0.0,7621,0.4359549283981323
0.0,False,0.0,0.0,0.0,7622,0.298397034406662
0.0,False,0.0,0.0,0.0,7623,0.16324618458747864
0.0,False,0.0,0.0,0.0,7624,0.23991239070892334
0.0,False,0.0,0.0,0.0,7625,0.059418920427560806
0.0,False,0.0,0.0,0.0,7626,0.2893955111503601
0.0,False,0.0,0.0,0.0,7627,0.5319827198982239
0.0,False,0.0,0.0,0.0,7628,0.446325421333313
0.0,False,0.0,0.0,0.0,7629,0.8869690895080566
0.0,False,0.0,0.0,0.0,7630,0.08122330904006958
0.0,False,0.0,0.0,0.0,7631,0.009551366791129112
0.0,False,0.0,0.0,0.0,7632,0.123259037733078
0.0,False,0.0,0.0,0.0,7633,0.8279605507850647
0.0,False,0.0,0.0,0.0,7634,0.040923360735177994
0.0,False,0.0,0.0,0.0,7635,0.7881415486335754
0.0,False,0.0,0.0,0.0,7636,0.6128057241439819
0.0,False,0.0,0.0,0.0,7637,0.29503583908081055
0.0,False,0.0,0.0,0.0,7638,0.17446209490299225
0.0,False,0.0,0.0,0.0,7639,0.6383707523345947
0.0,False,0.0,0.0,0.0,7640,0.34514501690864563
0.0,False,0.0,0.0,0.0,7641,0.5822999477386475
0.0,True,0.0,0.0,0.0,7642,0.2048720270395279
0.0,False,0.0,0.0,0.0,7643,0.3024078607559204
0.0,False,0.0,0.0,0.0,7644,0.28725287318229675
0.0,False,0.0,0.0,0.0,7645,0.10392206907272339
0.0,False,0.0,0.0,0.0,7646,0.07942088693380356
0.0,False,0.0,0.0,0.0,7647,0.061564888805150986
0.0,True,0.0,0.0,0.0,7648,0.3511190116405487
0.0,False,0.0,0.0,0.0,7649,0.43119290471076965
0.0,False,0.0,0.0,0.0,7650,0.15271642804145813
0.0,False,0.0,0.0,0.0,7651,0.2630299925804138
0.0,False,0.0,0.0,0.0,7652,0.08964984863996506
0.0,False,0.0,0.0,0.0,7653,0.0994529202580452
0.0,False,0.0,0.0,0.0,7654,0.5113187432289124
0.0,True,0.0,0.0,0.0,7655,0.5879701972007751
0.0,False,0.0,0.0,0.0,7656,0.5670645833015442
0.0,False,0.0,0.0,0.0,7657,0.23916324973106384
0.0,False,0.0,0.0,0.0,7658,0.4909430146217346
0.0,False,0.0,0.0,0.0,7659,0.36489030718803406
0.0,False,0.0,0.0,0.0,7660,0.06728003174066544
0.0,False,0.0,0.0,0.0,7661,0.03621113672852516
0.0,False,0.0,0.0,0.0,7662,0.0681823194026947
0.0,False,0.0,0.0,0.0,7663,0.3055534362792969
0.0,False,0.0,0.0,0.0,7664,0.07627342641353607
0.0,False,0.0,0.0,0.0,7665,0.04944312572479248
0.0,False,0.0,0.0,0.0,7666,0.5030757188796997
0.0,False,0.0,0.0,0.0,7667,0.12442053854465485
0.0,False,0.0,0.0,0.0,7668,0.34128308296203613
0.0,False,0.0,0.0,0.0,7669,0.6365958452224731
0.0,False,0.0,0.0,0.0,7670,0.004650110378861427
0.0,False,0.0,0.0,0.0,7671,0.32084932923316956
0.0,False,0.0,0.0,0.0,7672,0.13644513487815857
0.0,False,0.0,0.0,0.0,7673,0.2402048110961914
0.0,False,0.0,0.0,0.0,7674,0.13136999309062958
0.0,False,0.0,0.0,0.0,7675,0.3148821294307709
0.0,True,0.0,0.0,0.0,7676,0.30791375041007996
0.0,False,0.0,0.0,0.0,7677,0.7782321572303772
0.0,True,0.0,0.0,0.0,7678,0.2797512710094452
0.0,False,0.0,0.0,0.0,7679,0.0401366651058197
0.0,False,0.0,0.0,0.0,7680,0.2969624400138855
0.0,False,0.0,0.0,0.0,7681,0.02451956272125244
0.0,False,0.0,0.0,0.0,7682,0.0029793833382427692
0.0,False,0.0,0.0,0.0,7683,0.09786592423915863
0.0,False,0.0,0.0,0.0,7684,0.08557800203561783
0.0,False,0.0,0.0,0.0,7685,0.2220446765422821
0.0,False,0.0,0.0,0.0,7686,0.20963455736637115
0.0,False,0.0,0.0,0.0,7687,0.029582103714346886
0.0,True,0.0,0.0,0.0,7688,0.32164883613586426
0.0,False,0.0,0.0,0.0,7689,0.5013947486877441
0.0,False,0.0,0.0,0.0,7690,0.40920135378837585
0.0,False,0.0,0.0,0.0,7691,0.36292627453804016
0.0,False,0.0,0.0,0.0,7692,0.5298691391944885
0.0,False,0.0,0.0,0.0,7693,0.19679130613803864
0.0,False,0.0,0.0,0.0,7694,0.03723881393671036
0.0,False,0.0,0.0,0.0,7695,0.28851696848869324
0.0,False,0.0,0.0,0.0,7696,0.08401769399642944
0.0,False,0.0,0.0,0.0,7697,0.19545172154903412
0.0,False,0.0,0.0,0.0,7698,0.2972431480884552
0.0,False,0.0,0.0,0.0,7699,0.3449598550796509
0.0,True,0.0,0.0,0.0,7700,0.46632954478263855
0.0,False,0.0,0.0,0.0,7701,0.25290679931640625
0.0,False,0.0,0.0,0.0,7702,0.15674318373203278
0.0,False,0.0,0.0,0.0,7703,0.008548577316105366
0.0,False,0.0,0.0,0.0,7704,0.01964651420712471
0.0,False,0.0,0.0,0.0,7705,0.514665961265564
0.0,False,0.0,0.0,0.0,7706,0.04761960729956627
0.0,False,0.0,0.0,0.0,7707,0.025706276297569275
0.0,False,0.0,0.0,0.0,7708,0.27085742354393005
0.0,False,0.0,0.0,0.0,7709,0.7246106863021851
0.0,False,0.0,0.0,0.0,7710,0.07091747224330902
0.0,False,0.0,0.0,0.0,7711,0.32027536630630493
0.0,False,0.0,0.0,0.0,7712,0.5088164806365967
0.0,False,0.0,0.0,0.0,7713,0.3536204397678375
0.0,False,0.0,0.0,0.0,7714,0.5149109363555908
0.0,False,0.0,0.0,0.0,7715,0.09752650558948517
0.0,False,0.0,0.0,0.0,7716,0.1724071204662323
0.0,False,0.0,0.0,0.0,7717,0.08616865426301956
0.0,False,0.0,0.0,0.0,7718,0.016301721334457397
0.0,False,0.0,0.0,0.0,7719,0.15781338512897491
0.0,False,0.0,0.0,0.0,7720,0.18441832065582275
0.0,False,0.0,0.0,0.0,7721,0.4213767349720001
0.0,False,0.0,0.0,0.0,7722,0.25468185544013977
0.0,False,0.0,0.0,0.0,7723,0.3010598123073578
0.0,False,0.0,0.0,0.0,7724,0.2573736310005188
0.0,False,0.0,0.0,0.0,7725,0.04488754644989967
0.0,True,0.0,0.0,0.0,7726,0.4273712933063507
0.0,False,0.0,0.0,0.0,7727,0.10956041514873505
0.0,False,0.0,0.0,0.0,7728,0.1363343894481659
0.0,False,0.0,0.0,0.0,7729,0.08191868662834167
0.0,True,0.0,0.0,0.0,7730,0.8862184286117554
0.0,False,0.0,0.0,0.0,7731,0.14749383926391602
0.0,False,0.0,0.0,0.0,7732,0.151064932346344
0.0,False,0.0,0.0,0.0,7733,0.14660008251667023
0.0,False,0.0,0.0,0.0,7734,0.7557560801506042
0.0,False,0.0,0.0,0.0,7735,0.5719684362411499
0.0,False,0.0,0.0,0.0,7736,0.21819008886814117
0.0,False,0.0,0.0,0.0,7737,0.06290899217128754
0.0,False,0.0,0.0,0.0,7738,0.04619041085243225
0.0,False,0.0,0.0,0.0,7739,0.3773152232170105
0.0,False,0.0,0.0,0.0,7740,0.283139169216156
0.0,True,0.0,0.0,0.0,7741,0.7728783488273621
0.0,False,0.0,0.0,0.0,7742,0.1969500333070755
0.0,False,0.0,0.0,0.0,7743,0.002426490420475602
0.0,False,0.0,0.0,0.0,7744,0.25241580605506897
0.0,False,0.0,0.0,0.0,7745,0.06495414674282074
0.0,False,0.0,0.0,0.0,7746,0.0093622962012887
0.0,False,0.0,0.0,0.0,7747,0.466113418340683
0.0,False,0.0,0.0,0.0,7748,0.049409642815589905
0.0,False,0.0,0.0,0.0,7749,0.0655965656042099
0.0,True,0.0,0.0,0.0,7750,0.2627771496772766
0.0,False,0.0,0.0,0.0,7751,0.5406654477119446
0.0,False,0.0,0.0,0.0,7752,0.31438732147216797
0.0,False,0.0,0.0,0.0,7753,0.3003615736961365
0.0,False,0.0,0.0,0.0,7754,0.0206312146037817
0.0,False,0.0,0.0,0.0,7755,0.03550887852907181
0.0,False,0.0,0.0,0.0,7756,0.06982575356960297
0.0,False,0.0,0.0,0.0,7757,0.45239800214767456
0.0,False,0.0,0.0,0.0,7758,0.47599688172340393
0.0,False,0.0,0.0,0.0,7759,0.11348534375429153
0.0,False,0.0,0.0,0.0,7760,0.083770252764225
0.0,False,0.0,0.0,0.0,7761,0.2285589724779129
0.0,False,0.0,0.0,0.0,7762,0.31677356362342834
0.0,False,0.0,0.0,0.0,7763,0.34278401732444763
0.0,False,0.0,0.0,0.0,7764,0.08480565994977951
0.0,True,0.0,0.0,0.0,7765,0.6532864570617676
0.0,True,0.0,0.0,0.0,7766,0.17152684926986694
0.0,False,0.0,0.0,0.0,7767,0.05041276663541794
0.0,False,0.0,0.0,0.0,7768,0.533233106136322
0.0,False,0.0,0.0,0.0,7769,0.5421363711357117
0.0,False,0.0,0.0,0.0,7770,0.01692790724337101
0.0,False,0.0,0.0,0.0,7771,0.30562302470207214
0.0,False,0.0,0.0,0.0,7772,0.6812525987625122
0.0,False,0.0,0.0,0.0,7773,0.36337900161743164
0.0,False,0.0,0.0,0.0,7774,0.01611187495291233
0.0,False,0.0,0.0,0.0,7775,0.0009535167482681572
0.0,False,0.0,0.0,0.0,7776,0.010242982767522335
0.0,False,0.0,0.0,0.0,7777,0.04036681354045868
0.0,False,0.0,0.0,0.0,7778,0.2460968792438507
0.0,False,0.0,0.0,0.0,7779,0.11518342792987823
0.0,False,0.0,0.0,0.0,7780,0.00862461794167757
0.0,False,0.0,0.0,0.0,7781,0.6934409737586975
0.0,True,0.0,0.0,0.0,7782,0.3208729922771454
0.0,False,0.0,0.0,0.0,7783,0.24943853914737701
0.0,False,0.0,0.0,0.0,7784,0.2886348068714142
0.0,False,0.0,0.0,0.0,7785,0.507780134677887
0.0,False,0.0,0.0,0.0,7786,0.3717333674430847
0.0,False,0.0,0.0,0.0,7787,0.7204650044441223
0.0,False,0.0,0.0,0.0,7788,0.05960635840892792
0.0,False,0.0,0.0,0.0,7789,0.2732033133506775
0.0,False,0.0,0.0,0.0,7790,0.10659565031528473
0.0,False,0.0,0.0,0.0,7791,0.09028802812099457
0.0,False,0.0,0.0,0.0,7792,0.5794276595115662
0.0,False,0.0,0.0,0.0,7793,0.2069624364376068
0.0,False,0.0,0.0,0.0,7794,0.1736505925655365
0.0,False,0.0,0.0,0.0,7795,0.12064070999622345
0.0,False,0.0,0.0,0.0,7796,0.06485728174448013
0.0,False,0.0,0.0,0.0,7797,0.1526813507080078
0.0,False,0.0,0.0,0.0,7798,0.005955313332378864
0.0,False,0.0,0.0,0.0,7799,0.6236382722854614
0.0,False,0.0,0.0,0.0,7800,0.192565456032753
0.0,False,0.0,0.0,0.0,7801,0.21232397854328156
0.0,False,0.0,0.0,0.0,7802,0.26131248474121094
0.0,False,0.0,0.0,0.0,7803,0.118342824280262
0.0,False,0.0,0.0,0.0,7804,0.56789231300354
0.0,True,0.0,0.0,0.0,7805,0.4091387987136841
0.0,False,0.0,0.0,0.0,7806,0.4565284550189972
0.0,False,0.0,0.0,0.0,7807,0.26448097825050354
0.0,False,0.0,0.0,0.0,7808,0.023969503119587898
0.0,False,0.0,0.0,0.0,7809,0.073249451816082
0.0,False,0.0,0.0,0.0,7810,0.1247071772813797
0.0,False,0.0,0.0,0.0,7811,0.3592022657394409
0.0,False,0.0,0.0,0.0,7812,0.16046641767024994
0.0,False,0.0,0.0,0.0,7813,0.0028466605581343174
0.0,False,0.0,0.0,0.0,7814,0.18852460384368896
0.0,False,0.0,0.0,0.0,7815,0.4620177149772644
0.0,False,0.0,0.0,0.0,7816,0.012044202536344528
0.0,False,0.0,0.0,0.0,7817,0.18948626518249512
0.0,False,0.0,0.0,0.0,7818,0.06277727335691452
0.0,False,0.0,0.0,0.0,7819,0.124976746737957
0.0,False,0.0,0.0,0.0,7820,0.2037116289138794
0.0,False,0.0,0.0,0.0,7821,0.0078049879521131516
0.0,False,0.0,0.0,0.0,7822,0.14288480579853058
0.0,False,0.0,0.0,0.0,7823,0.07701440900564194
0.0,False,0.0,0.0,0.0,7824,0.2202593982219696
0.0,False,0.0,0.0,0.0,7825,0.8054128289222717
0.0,False,0.0,0.0,0.0,7826,0.23460333049297333
0.0,False,0.0,0.0,0.0,7827,0.6864844560623169
0.0,False,0.0,0.0,0.0,7828,0.444214791059494
0.0,False,0.0,0.0,0.0,7829,0.363397479057312
0.0,False,0.0,0.0,0.0,7830,0.3686699867248535
0.0,False,0.0,0.0,0.0,7831,0.05222503840923309
0.0,False,0.0,0.0,0.0,7832,0.18640577793121338
0.0,False,0.0,0.0,0.0,7833,0.12326014041900635
0.0,False,0.0,0.0,0.0,7834,0.15135055780410767
0.0,False,0.0,0.0,0.0,7835,0.6576917171478271
0.0,False,0.0,0.0,0.0,7836,0.3656005561351776
0.0,False,0.0,0.0,0.0,7837,0.25856608152389526
0.0,False,0.0,0.0,0.0,7838,0.12506446242332458
0.0,False,0.0,0.0,0.0,7839,0.47125443816185
0.0,False,0.0,0.0,0.0,7840,0.15844014286994934
0.0,False,0.0,0.0,0.0,7841,0.18981657922267914
0.0,False,0.0,0.0,0.0,7842,0.17478743195533752
0.0,False,0.0,0.0,0.0,7843,0.21227377653121948
0.0,False,0.0,0.0,0.0,7844,0.032572709023952484
0.0,False,0.0,0.0,0.0,7845,0.09683547914028168
0.0,False,0.0,0.0,0.0,7846,0.034244537353515625
0.0,False,0.0,0.0,0.0,7847,0.01445537805557251
0.0,False,0.0,0.0,0.0,7848,0.26540887355804443
0.0,False,0.0,0.0,0.0,7849,0.1372983604669571
0.0,False,0.0,0.0,0.0,7850,0.24174581468105316
0.0,False,0.0,0.0,0.0,7851,0.4230450987815857
0.0,False,0.0,0.0,0.0,7852,0.10664521157741547
0.0,False,0.0,0.0,0.0,7853,0.05677739903330803
0.0,False,0.0,0.0,0.0,7854,0.21517030894756317
0.0,False,0.0,0.0,0.0,7855,0.017551761120557785
0.0,False,0.0,0.0,0.0,7856,0.010342438705265522
0.0,False,0.0,0.0,0.0,7857,0.12672486901283264
0.0,False,0.0,0.0,0.0,7858,0.12967239320278168
0.0,False,0.0,0.0,0.0,7859,0.43222084641456604
0.0,False,0.0,0.0,0.0,7860,0.25501272082328796
0.0,False,0.0,0.0,0.0,7861,0.6417925953865051
0.0,False,0.0,0.0,0.0,7862,0.5769338011741638
0.0,False,0.0,0.0,0.0,7863,0.1774275004863739
0.0,False,0.0,0.0,0.0,7864,0.11693611741065979
0.0,False,0.0,0.0,0.0,7865,0.0851723924279213
0.0,False,0.0,0.0,0.0,7866,0.6810389757156372
0.0,False,0.0,0.0,0.0,7867,0.07468957453966141
0.0,False,0.0,0.0,0.0,7868,0.08212145417928696
0.0,False,0.0,0.0,0.0,7869,0.4440673589706421
0.0,False,0.0,0.0,0.0,7870,0.11446454375982285
0.0,False,0.0,0.0,0.0,7871,0.07433508336544037
0.0,False,0.0,0.0,0.0,7872,0.41583359241485596
0.0,False,0.0,0.0,0.0,7873,0.506066083908081
0.0,False,0.0,0.0,0.0,7874,0.014714475721120834
0.0,False,0.0,0.0,0.0,7875,0.5821753740310669
0.0,False,0.0,0.0,0.0,7876,0.11215800791978836
0.0,False,0.0,0.0,0.0,7877,0.19813065230846405
0.0,False,0.0,0.0,0.0,7878,0.04222244769334793
0.0,True,0.0,0.0,0.0,7879,0.4264461100101471
0.0,False,0.0,0.0,0.0,7880,0.2655404210090637
0.0,False,0.0,0.0,0.0,7881,0.6057437062263489
0.0,False,0.0,0.0,0.0,7882,0.182513028383255
0.0,False,0.0,0.0,0.0,7883,0.15073813498020172
0.0,False,0.0,0.0,0.0,7884,0.2856675088405609
0.0,False,0.0,0.0,0.0,7885,0.3421128988265991
0.0,False,0.0,0.0,0.0,7886,0.3171323835849762
0.0,False,0.0,0.0,0.0,7887,0.25571802258491516
0.0,False,0.0,0.0,0.0,7888,0.149567112326622
0.0,False,0.0,0.0,0.0,7889,0.1327309012413025
0.0,False,0.0,0.0,0.0,7890,0.8618984818458557
0.0,False,0.0,0.0,0.0,7891,0.5825415849685669
0.0,False,0.0,0.0,0.0,7892,0.7524067163467407
0.0,False,0.0,0.0,0.0,7893,0.9469102621078491
0.0,False,0.0,0.0,0.0,7894,0.42261430621147156
0.0,False,0.0,0.0,0.0,7895,0.18107764422893524
0.0,False,0.0,0.0,0.0,7896,0.38234326243400574
0.0,False,0.0,0.0,0.0,7897,0.025216538459062576
0.0,False,0.0,0.0,0.0,7898,0.3172222077846527
0.0,False,0.0,0.0,0.0,7899,0.09331010282039642
0.0,False,0.0,0.0,0.0,7900,0.04302335903048515
0.0,False,0.0,0.0,0.0,7901,0.09546390920877457
0.0,False,0.0,0.0,0.0,7902,0.004204916302114725
0.0,False,0.0,0.0,0.0,7903,0.20046702027320862
0.0,True,0.0,0.0,0.0,7904,0.8665482997894287
0.0,False,0.0,0.0,0.0,7905,0.04416177049279213
0.0,False,0.0,0.0,0.0,7906,0.39589476585388184
0.0,False,0.0,0.0,0.0,7907,0.03244935721158981
0.0,False,0.0,0.0,0.0,7908,0.04025321826338768
0.0,False,0.0,0.0,0.0,7909,0.021227523684501648
0.0,False,0.0,0.0,0.0,7910,0.16424690186977386
0.0,False,0.0,0.0,0.0,7911,0.05343024805188179
0.0,True,0.0,0.0,0.0,7912,0.6858206987380981
0.0,False,0.0,0.0,0.0,7913,0.07681874930858612
0.0,False,0.0,0.0,0.0,7914,0.011663856916129589
0.0,False,0.0,0.0,0.0,7915,0.11465580016374588
0.0,False,0.0,0.0,0.0,7916,0.05912132188677788
0.0,False,0.0,0.0,0.0,7917,0.06732496619224548
0.0,False,0.0,0.0,0.0,7918,0.07880973070859909
0.0,False,0.0,0.0,0.0,7919,0.20220081508159637
0.0,False,0.0,0.0,0.0,7920,0.17747223377227783
0.0,False,0.0,0.0,0.0,7921,0.27306121587753296
0.0,False,0.0,0.0,0.0,7922,0.1324673593044281
0.0,False,0.0,0.0,0.0,7923,0.45316070318222046
0.0,False,0.0,0.0,0.0,7924,0.14809121191501617
0.0,False,0.0,0.0,0.0,7925,0.03011740744113922
0.0,False,0.0,0.0,0.0,7926,0.04506947472691536
0.0,False,0.0,0.0,0.0,7927,0.21247802674770355
0.0,False,0.0,0.0,0.0,7928,0.1899052858352661
0.0,False,0.0,0.0,0.0,7929,0.26988866925239563
0.0,False,0.0,0.0,0.0,7930,0.2299288660287857
0.0,False,0.0,0.0,0.0,7931,0.08609973639249802
0.0,False,0.0,0.0,0.0,7932,0.10359220951795578
0.0,False,0.0,0.0,0.0,7933,0.18421535193920135
0.0,False,0.0,0.0,0.0,7934,0.04775060713291168
0.0,False,0.0,0.0,0.0,7935,0.10261539369821548
0.0,False,0.0,0.0,0.0,7936,0.16439703106880188
0.0,False,0.0,0.0,0.0,7937,0.6783421635627747
0.0,False,0.0,0.0,0.0,7938,0.28294092416763306
0.0,False,0.0,0.0,0.0,7939,0.07792787998914719
0.0,False,0.0,0.0,0.0,7940,0.2979286313056946
0.0,True,0.0,0.0,0.0,7941,0.13521306216716766
0.0,False,0.0,0.0,0.0,7942,0.5775624513626099
0.0,False,0.0,0.0,0.0,7943,0.36628222465515137
0.0,False,0.0,0.0,0.0,7944,0.09841728210449219
0.0,True,0.0,0.0,0.0,7945,0.13822486996650696
0.0,False,0.0,0.0,0.0,7946,0.08616930991411209
0.0,False,0.0,0.0,0.0,7947,0.5829800367355347
0.0,False,0.0,0.0,0.0,7948,0.38016965985298157
0.0,False,0.0,0.0,0.0,7949,0.3837471306324005
0.0,False,0.0,0.0,0.0,7950,0.04935077577829361
0.0,False,0.0,0.0,0.0,7951,0.039961736649274826
0.0,False,0.0,0.0,0.0,7952,0.021614650264382362
0.0,False,0.0,0.0,0.0,7953,0.030372561886906624
0.0,False,0.0,0.0,0.0,7954,0.0382656566798687
0.0,False,0.0,0.0,0.0,7955,0.31939172744750977
0.0,False,0.0,0.0,0.0,7956,0.21485291421413422
0.0,False,0.0,0.0,0.0,7957,0.09448598325252533
0.0,False,0.0,0.0,0.0,7958,0.732366144657135
0.0,False,0.0,0.0,0.0,7959,0.4597086012363434
0.0,False,0.0,0.0,0.0,7960,0.5551286935806274
0.0,False,0.0,0.0,0.0,7961,0.10692095011472702
0.0,False,0.0,0.0,0.0,7962,0.7343508005142212
0.0,True,0.0,0.0,0.0,7963,0.9352386593818665
0.0,False,0.0,0.0,0.0,7964,0.0333910770714283
0.0,False,0.0,0.0,0.0,7965,0.2825241684913635
0.0,False,0.0,0.0,0.0,7966,0.05232861638069153
0.0,False,0.0,0.0,0.0,7967,0.4303168058395386
0.0,False,0.0,0.0,0.0,7968,0.056690994650125504
0.0,False,0.0,0.0,0.0,7969,0.01509804092347622
0.0,False,0.0,0.0,0.0,7970,0.5269178748130798
0.0,False,0.0,0.0,0.0,7971,0.24323886632919312
0.0,True,0.0,0.0,0.0,7972,0.23367491364479065
0.0,False,0.0,0.0,0.0,7973,0.07486112415790558
0.0,False,0.0,0.0,0.0,7974,0.06484914571046829
0.0,False,0.0,0.0,0.0,7975,0.38882604241371155
0.0,False,0.0,0.0,0.0,7976,0.14850100874900818
0.0,False,0.0,0.0,0.0,7977,0.5565847754478455
0.0,False,0.0,0.0,0.0,7978,0.022001782432198524
0.0,False,0.0,0.0,0.0,7979,0.09357661753892899
0.0,False,0.0,0.0,0.0,7980,0.2617579400539398
0.0,False,0.0,0.0,0.0,7981,0.012006502598524094
0.0,False,0.0,0.0,0.0,7982,0.041547637432813644
0.0,False,0.0,0.0,0.0,7983,0.2609028220176697
0.0,False,0.0,0.0,0.0,7984,0.06927133351564407
0.0,False,0.0,0.0,0.0,7985,0.33655571937561035
0.0,False,0.0,0.0,0.0,7986,0.133529931306839
0.0,True,0.0,0.0,0.0,7987,0.3787485659122467
0.0,False,0.0,0.0,0.0,7988,0.33048930764198303
0.0,False,0.0,0.0,0.0,7989,0.40770211815834045
0.0,False,0.0,0.0,0.0,7990,0.13848616182804108
0.0,False,0.0,0.0,0.0,7991,0.05798014998435974
0.0,False,0.0,0.0,0.0,7992,0.42801421880722046
0.0,False,0.0,0.0,0.0,7993,0.2477850764989853
0.0,False,0.0,0.0,0.0,7994,0.06286074221134186
0.0,False,0.0,0.0,0.0,7995,0.17757368087768555
0.0,False,0.0,0.0,0.0,7996,0.4471037983894348
0.0,True,0.0,0.0,0.0,7997,0.5213463306427002
0.0,False,0.0,0.0,0.0,7998,0.5222172737121582
0.0,True,0.0,0.0,0.0,7999,0.1948864609003067
0.0,False,0.0,0.0,0.0,8000,0.17955216765403748
0.0,False,0.0,0.0,0.0,8001,0.3270009458065033
0.0,False,0.0,0.0,0.0,8002,0.2746486961841583
0.0,False,0.0,0.0,0.0,8003,0.5292797684669495
0.0,False,0.0,0.0,0.0,8004,0.1091766357421875
0.0,False,0.0,0.0,0.0,8005,0.48365336656570435
0.0,False,0.0,0.0,0.0,8006,0.2264339029788971
0.0,False,0.0,0.0,0.0,8007,0.48137563467025757
0.0,False,0.0,0.0,0.0,8008,0.048075731843709946
0.0,False,0.0,0.0,0.0,8009,0.24156351387500763
0.0,False,0.0,0.0,0.0,8010,0.20586790144443512
0.0,False,0.0,0.0,0.0,8011,0.49947312474250793
0.0,False,0.0,0.0,0.0,8012,0.08965443819761276
0.0,False,0.0,0.0,0.0,8013,0.49709343910217285
0.0,False,0.0,0.0,0.0,8014,0.4410543739795685
0.0,True,0.0,0.0,0.0,8015,0.23666805028915405
0.0,False,0.0,0.0,0.0,8016,0.45314884185791016
0.0,False,0.0,0.0,0.0,8017,0.274686723947525
0.0,False,0.0,0.0,0.0,8018,0.4882221221923828
0.0,False,0.0,0.0,0.0,8019,0.08994239568710327
0.0,False,0.0,0.0,0.0,8020,0.40314623713493347
0.0,False,0.0,0.0,0.0,8021,0.24451951682567596
0.0,False,0.0,0.0,0.0,8022,0.5447854995727539
0.0,False,0.0,0.0,0.0,8023,0.03359770029783249
0.0,False,0.0,0.0,0.0,8024,0.008058685809373856
0.0,False,0.0,0.0,0.0,8025,0.21889492869377136
0.0,False,0.0,0.0,0.0,8026,0.09407123923301697
0.0,True,0.0,0.0,0.0,8027,0.4638825058937073
0.0,False,0.0,0.0,0.0,8028,0.17399325966835022
0.0,False,0.0,0.0,0.0,8029,0.19581633806228638
0.0,False,0.0,0.0,0.0,8030,0.481766939163208
0.0,True,0.0,0.0,0.0,8031,0.7520203590393066
0.0,False,0.0,0.0,0.0,8032,0.10462763905525208
0.0,False,0.0,0.0,0.0,8033,0.18548423051834106
0.0,False,0.0,0.0,0.0,8034,0.358140230178833
0.0,False,0.0,0.0,0.0,8035,0.21484118700027466
0.0,True,0.0,0.0,0.0,8036,0.7730610966682434
0.0,False,0.0,0.0,0.0,8037,0.0022424464114010334
0.0,False,0.0,0.0,0.0,8038,0.4291853606700897
0.0,False,0.0,0.0,0.0,8039,0.02990707755088806
0.0,False,0.0,0.0,0.0,8040,0.07032961398363113
0.0,True,0.0,0.0,0.0,8041,0.051735278218984604
0.0,False,0.0,0.0,0.0,8042,0.030834339559078217
0.0,True,0.0,0.0,0.0,8043,0.6060517430305481
0.0,False,0.0,0.0,0.0,8044,0.1344756782054901
0.0,False,0.0,0.0,0.0,8045,0.19504524767398834
0.0,False,0.0,0.0,0.0,8046,0.48763638734817505
0.0,False,0.0,0.0,0.0,8047,0.2143051028251648
0.0,False,0.0,0.0,0.0,8048,0.40804678201675415
0.0,False,0.0,0.0,0.0,8049,0.3617749512195587
0.0,True,0.0,0.0,0.0,8050,0.5345064997673035
0.0,False,0.0,0.0,0.0,8051,0.4626147449016571
0.0,False,0.0,0.0,0.0,8052,0.5642520785331726
0.0,False,0.0,0.0,0.0,8053,0.8626900315284729
0.0,False,0.0,0.0,0.0,8054,0.07794792205095291
0.0,True,0.0,0.0,0.0,8055,0.5478954315185547
0.0,False,0.0,0.0,0.0,8056,0.3650693893432617
0.0,False,0.0,0.0,0.0,8057,0.03429359197616577
0.0,False,0.0,0.0,0.0,8058,0.05284157767891884
0.0,False,0.0,0.0,0.0,8059,0.061090100556612015
0.0,False,0.0,0.0,0.0,8060,0.33967849612236023
0.0,False,0.0,0.0,0.0,8061,0.6004318594932556
0.0,False,0.0,0.0,0.0,8062,0.7053400278091431
0.0,False,0.0,0.0,0.0,8063,0.08373266458511353
0.0,False,0.0,0.0,0.0,8064,0.5616206526756287
0.0,False,0.0,0.0,0.0,8065,0.01995566487312317
0.0,False,0.0,0.0,0.0,8066,0.2540803849697113
0.0,False,0.0,0.0,0.0,8067,0.1947179138660431
0.0,False,0.0,0.0,0.0,8068,0.1641887128353119
0.0,False,0.0,0.0,0.0,8069,0.3891005516052246
0.0,False,0.0,0.0,0.0,8070,0.4103491008281708
0.0,False,0.0,0.0,0.0,8071,0.38381969928741455
0.0,False,0.0,0.0,0.0,8072,0.8212702870368958
0.0,False,0.0,0.0,0.0,8073,0.1807832419872284
0.0,False,0.0,0.0,0.0,8074,0.2878749966621399
0.0,False,0.0,0.0,0.0,8075,0.0980900377035141
0.0,True,0.0,0.0,0.0,8076,0.8738367557525635
0.0,False,0.0,0.0,0.0,8077,0.21178242564201355
0.0,False,0.0,0.0,0.0,8078,0.5942705869674683
0.0,False,0.0,0.0,0.0,8079,0.4094042181968689
0.0,False,0.0,0.0,0.0,8080,0.22516222298145294
0.0,False,0.0,0.0,0.0,8081,0.45143622159957886
0.0,False,0.0,0.0,0.0,8082,0.20413808524608612
0.0,False,0.0,0.0,0.0,8083,0.23474876582622528
0.0,False,0.0,0.0,0.0,8084,0.06064192205667496
0.0,False,0.0,0.0,0.0,8085,0.40900367498397827
0.0,False,0.0,0.0,0.0,8086,0.4226212799549103
0.0,False,0.0,0.0,0.0,8087,0.33361178636550903
0.0,False,0.0,0.0,0.0,8088,0.07543038576841354
0.0,False,0.0,0.0,0.0,8089,0.022696159780025482
0.0,False,0.0,0.0,0.0,8090,0.6423033475875854
0.0,True,0.0,0.0,0.0,8091,0.6061236262321472
0.0,False,0.0,0.0,0.0,8092,0.2874833345413208
0.0,False,0.0,0.0,0.0,8093,0.21601562201976776
0.0,False,0.0,0.0,0.0,8094,0.17620718479156494
0.0,False,0.0,0.0,0.0,8095,0.30417683720588684
0.0,False,0.0,0.0,0.0,8096,0.17960382997989655
0.0,False,0.0,0.0,0.0,8097,0.24283432960510254
0.0,False,0.0,0.0,0.0,8098,0.26580610871315
0.0,True,0.0,0.0,0.0,8099,0.05799579992890358
0.0,False,0.0,0.0,0.0,8100,0.24710401892662048
0.0,False,0.0,0.0,0.0,8101,0.05394010618329048
0.0,False,0.0,0.0,0.0,8102,0.3216041028499603
0.0,False,0.0,0.0,0.0,8103,0.103108711540699
0.0,False,0.0,0.0,0.0,8104,0.1374344825744629
0.0,True,0.0,0.0,0.0,8105,0.4200822412967682
0.0,False,0.0,0.0,0.0,8106,0.14977242052555084
0.0,False,0.0,0.0,0.0,8107,0.22804658114910126
0.0,False,0.0,0.0,0.0,8108,0.5126200914382935
0.0,False,0.0,0.0,0.0,8109,0.3208024203777313
0.0,False,0.0,0.0,0.0,8110,0.5195932984352112
0.0,False,0.0,0.0,0.0,8111,0.19543671607971191
0.0,False,0.0,0.0,0.0,8112,0.44824185967445374
0.0,False,0.0,0.0,0.0,8113,0.10475975275039673
0.0,False,0.0,0.0,0.0,8114,0.45132577419281006
0.0,False,0.0,0.0,0.0,8115,0.5212571024894714
0.0,False,0.0,0.0,0.0,8116,0.8878045678138733
0.0,False,0.0,0.0,0.0,8117,0.8224851489067078
0.0,False,0.0,0.0,0.0,8118,0.0269722081720829
0.0,False,0.0,0.0,0.0,8119,0.19414162635803223
0.0,False,0.0,0.0,0.0,8120,0.07613305747509003
0.0,False,0.0,0.0,0.0,8121,0.12366242706775665
0.0,False,0.0,0.0,0.0,8122,0.14993816614151
0.0,False,0.0,0.0,0.0,8123,0.5712611675262451
0.0,False,0.0,0.0,0.0,8124,0.09086200594902039
0.0,False,0.0,0.0,0.0,8125,0.15752865374088287
0.0,False,0.0,0.0,0.0,8126,0.7850792407989502
0.0,False,0.0,0.0,0.0,8127,0.8952726721763611
0.0,False,0.0,0.0,0.0,8128,0.29501691460609436
0.0,False,0.0,0.0,0.0,8129,0.1597491353750229
0.0,False,0.0,0.0,0.0,8130,0.20177793502807617
0.0,False,0.0,0.0,0.0,8131,0.16598215699195862
0.0,False,0.0,0.0,0.0,8132,0.02461027354001999
0.0,False,0.0,0.0,0.0,8133,0.2034992277622223
0.0,False,0.0,0.0,0.0,8134,0.8092836737632751
0.0,False,0.0,0.0,0.0,8135,0.05752336233854294
0.0,True,0.0,0.0,0.0,8136,0.4120042622089386
0.0,False,0.0,0.0,0.0,8137,0.2194308489561081
0.0,False,0.0,0.0,0.0,8138,0.08280744403600693
0.0,False,0.0,0.0,0.0,8139,0.10647633671760559
0.0,False,0.0,0.0,0.0,8140,0.2135668843984604
0.0,False,0.0,0.0,0.0,8141,0.2467060536146164
0.0,False,0.0,0.0,0.0,8142,0.00695938803255558
0.0,False,0.0,0.0,0.0,8143,0.33958619832992554
0.0,False,0.0,0.0,0.0,8144,0.15085086226463318
0.0,False,0.0,0.0,0.0,8145,0.31492453813552856
0.0,False,0.0,0.0,0.0,8146,0.09565632790327072
0.0,False,0.0,0.0,0.0,8147,0.0428130105137825
0.0,True,0.0,0.0,0.0,8148,0.6406424641609192
0.0,False,0.0,0.0,0.0,8149,0.32573193311691284
0.0,False,0.0,0.0,0.0,8150,0.07759016007184982
0.0,False,0.0,0.0,0.0,8151,0.8916326761245728
0.0,False,0.0,0.0,0.0,8152,0.215199276804924
0.0,False,0.0,0.0,0.0,8153,0.14803196489810944
0.0,False,0.0,0.0,0.0,8154,0.07077761739492416
0.0,False,0.0,0.0,0.0,8155,0.022655827924609184
0.0,False,0.0,0.0,0.0,8156,0.3021533191204071
0.0,False,0.0,0.0,0.0,8157,0.13240079581737518
0.0,False,0.0,0.0,0.0,8158,0.09461972117424011
0.0,False,0.0,0.0,0.0,8159,0.16764608025550842
0.0,False,0.0,0.0,0.0,8160,0.08046787977218628
0.0,True,0.0,0.0,0.0,8161,0.15981422364711761
0.0,False,0.0,0.0,0.0,8162,0.08412837982177734
0.0,False,0.0,0.0,0.0,8163,0.6177361011505127
0.0,False,0.0,0.0,0.0,8164,0.1302809715270996
0.0,False,0.0,0.0,0.0,8165,0.27267175912857056
0.0,False,0.0,0.0,0.0,8166,0.37058138847351074
0.0,True,0.0,0.0,0.0,8167,0.4515879452228546
0.0,False,0.0,0.0,0.0,8168,0.09529021382331848
0.0,False,0.0,0.0,0.0,8169,0.2580942213535309
0.0,True,0.0,0.0,0.0,8170,0.051477525383234024
0.0,False,0.0,0.0,0.0,8171,0.6467234492301941
0.0,False,0.0,0.0,0.0,8172,0.2436208873987198
0.0,False,0.0,0.0,0.0,8173,0.3115956783294678
0.0,False,0.0,0.0,0.0,8174,0.2637981176376343
0.0,False,0.0,0.0,0.0,8175,0.5715619325637817
0.0,True,0.0,0.0,0.0,8176,0.79701828956604
0.0,True,0.0,0.0,0.0,8177,0.5524858832359314
0.0,False,0.0,0.0,0.0,8178,0.19841624796390533
0.0,False,0.0,0.0,0.0,8179,0.12382365763187408
0.0,False,0.0,0.0,0.0,8180,0.08614958822727203
0.0,False,0.0,0.0,0.0,8181,0.6977959871292114
0.0,True,0.0,0.0,0.0,8182,0.8314355611801147
0.0,True,0.0,0.0,0.0,8183,0.506539523601532
0.0,False,0.0,0.0,0.0,8184,0.38010984659194946
0.0,False,0.0,0.0,0.0,8185,0.4722155034542084
0.0,True,0.0,0.0,0.0,8186,0.1419912576675415
0.0,False,0.0,0.0,0.0,8187,0.18853767216205597
0.0,False,0.0,0.0,0.0,8188,0.5795445442199707
0.0,False,0.0,0.0,0.0,8189,0.28720030188560486
0.0,False,0.0,0.0,0.0,8190,0.10876036435365677
0.0,False,0.0,0.0,0.0,8191,0.3888307511806488
