counterpart_attention_mass,counterpart_evidence_present,counterpart_warrant_mass,label,non_counterpart_warrant_mass,sample_id,score
0.0,False,0.0,1.0,1.999995231628418,6553,0.22446492314338684
1.3578985929489136,True,1.357896089553833,1.0,0.6420997977256775,6554,0.9334447979927063
1.377625584602356,True,1.3776233196258545,1.0,0.6223731637001038,6555,0.9855669736862183
1.6766984462738037,True,1.6766955852508545,1.0,0.323300838470459,6556,0.9536054730415344
1.9942398071289062,True,1.9942365884780884,1.0,0.0057601770386099815,6557,0.9960378408432007
1.9144139289855957,True,1.9144103527069092,1.0,0.08558586239814758,6558,0.8894266486167908
0.0,False,0.0,1.0,1.9999959468841553,6559,0.2674468457698822
1.9838778972625732,True,1.9838745594024658,1.0,0.01612222008407116,6560,0.9919497966766357
0.0,False,0.0,1.0,1.9999951124191284,6561,0.34861069917678833
0.0,False,0.0,1.0,0.9999984502792358,6562,0.19381286203861237
0.0,False,0.0,1.0,1.9999948740005493,6563,0.4621526598930359
1.9563219547271729,True,1.9563181400299072,1.0,0.043677885085344315,6564,0.9449853897094727
0.0,False,0.0,1.0,1.9999935626983643,6565,0.534766674041748
0.0,False,0.0,1.0,1.9999961853027344,6566,0.0632663145661354
0.0,False,0.0,1.0,1.9999945163726807,6567,0.11478925496339798
0.0,False,0.0,1.0,1.9999959468841553,6568,0.186948761343956
1.1287513971328735,True,1.1287494897842407,1.0,0.8712468147277832,6569,0.8267733454704285
0.0,False,0.0,1.0,1.9999961853027344,6570,0.3122573792934418
0.0,False,0.0,1.0,1.9999959468841553,6571,0.1936468482017517
0.0,False,0.0,1.0,1.9999964237213135,6572,0.043206024914979935
0.0,False,0.0,1.0,1.9999961853027344,6573,0.18348538875579834
1.4228503704071045,True,1.4228479862213135,1.0,0.5771483182907104,6574,0.715771496295929
0.0,False,0.0,1.0,1.9999955892562866,6575,0.13618330657482147
1.9809770584106445,True,1.9809740781784058,1.0,0.019022824242711067,6576,0.9860013723373413
0.0,False,0.0,1.0,1.9999955892562866,6577,0.28354397416114807
0.9988369941711426,True,0.9988353252410889,1.0,1.0011610984802246,6578,0.566402018070221
0.9985708594322205,True,0.9985692501068115,1.0,1.0014272928237915,6579,0.739544689655304
0.9993742108345032,True,0.9993725419044495,1.0,1.0006238222122192,6580,0.8555132746696472
0.9997063875198364,True,0.9997047781944275,1.0,1.0002917051315308,6581,0.7743465304374695
0.0,False,0.0,1.0,1.9999959468841553,6582,0.20078200101852417
1.9996265172958374,True,1.999623417854309,1.0,0.00037356012035161257,6583,0.9812968373298645
0.9195713996887207,True,0.9195699095726013,1.0,1.0804262161254883,6584,0.10656541585922241
1.3812097311019897,True,1.38120698928833,1.0,0.6187887787818909,6585,0.9326086640357971
1.594268798828125,True,1.5942661762237549,1.0,0.40573030710220337,6586,0.960211992263794
0.9993921518325806,True,0.9993905425071716,1.0,1.000605821609497,6587,0.4566959738731384
1.996394157409668,True,1.9963908195495605,1.0,0.00360571569763124,6588,0.5941992998123169
1.6921098232269287,True,1.69210684299469,1.0,0.30788934230804443,6589,0.6396591663360596
0.9453513026237488,True,0.9453497529029846,1.0,1.054646611213684,6590,0.8338466882705688
0.0,False,0.0,1.0,1.999995470046997,6591,0.21927137672901154
0.0,False,0.0,1.0,1.9999959468841553,6592,0.15019983053207397
1.995331048965454,True,1.9953278303146362,1.0,0.004668958950787783,6593,0.9958582520484924
1.9843394756317139,True,1.9843361377716064,1.0,0.01566050760447979,6594,0.9913729429244995
1.9436366558074951,True,1.9436334371566772,1.0,0.05636340752243996,6595,0.9913991689682007
0.0,False,0.0,1.0,1.9999958276748657,6596,0.38458430767059326
1.942865014076233,True,1.942861795425415,1.0,0.05713479965925217,6597,0.9859822988510132
0.0,False,0.0,1.0,1.999996542930603,6598,0.22848576307296753
1.1317445039749146,True,1.1317428350448608,1.0,0.8682536482810974,6599,0.9398584365844727
0.0,False,0.0,1.0,1.9999955892562866,6600,0.19664537906646729
1.9372920989990234,True,1.937288761138916,1.0,0.06270774453878403,6601,0.9903770089149475
0.0,False,0.0,1.0,1.9999946355819702,6602,0.3870125412940979
1.697967529296875,True,1.6979643106460571,1.0,0.3020317554473877,6603,0.9188288450241089
0.0,False,0.0,1.0,1.999995470046997,6604,0.4099208414554596
0.0,False,0.0,1.0,1.9999947547912598,6605,0.31658869981765747
1.664977788925171,True,1.6649749279022217,1.0,0.3350214958190918,6606,0.9663139581680298
0.9885604977607727,True,0.9885588884353638,1.0,1.0114372968673706,6607,0.5600301623344421
1.987077236175537,True,1.987073540687561,1.0,0.012922821566462517,6608,0.760985791683197
0.9863839149475098,True,0.9863823652267456,1.0,1.013614296913147,6609,0.743005096912384
0.9989395141601562,True,0.9989378452301025,1.0,1.0010586977005005,6610,0.8308236598968506
1.7099573612213135,True,1.7099545001983643,1.0,0.29004189372062683,6611,0.972969114780426
0.9872031807899475,True,0.9872015714645386,1.0,1.012794852256775,6612,0.6177637577056885
1.9790492057800293,True,1.9790456295013428,1.0,0.020950492471456528,6613,0.7253878116607666
1.2502503395080566,True,1.2502483129501343,1.0,0.7497481107711792,6614,0.8830223083496094
1.9719634056091309,True,1.971960186958313,1.0,0.028036557137966156,6615,0.9200851917266846
1.9732468128204346,True,1.9732437133789062,1.0,0.026752948760986328,6616,0.9873736500740051
0.0,False,0.0,1.0,1.999995231628418,6617,0.30990874767303467
1.8033342361450195,True,1.8033311367034912,1.0,0.19666531682014465,6618,0.817024290561676
1.9728870391845703,True,1.972883939743042,1.0,0.027112644165754318,6619,0.9829864501953125
0.0,False,0.0,1.0,1.9999957084655762,6620,0.4735031723976135
0.0,False,0.0,1.0,1.9999949932098389,6621,0.3507109582424164
0.0,False,0.0,1.0,1.9999945163726807,6622,0.631460964679718
0.0,False,0.0,1.0,1.999995470046997,6623,0.5767315626144409
0.0,False,0.0,1.0,1.999996304512024,6624,0.008555235341191292
0.0,False,0.0,1.0,1.9999957084655762,6625,0.35849329829216003
0.0,False,0.0,1.0,1.9999957084655762,6626,0.1810348480939865
0.0,False,0.0,1.0,1.9999960660934448,6627,0.2587139904499054
0.0,False,0.0,1.0,1.9999960660934448,6628,0.07695327699184418
1.995093584060669,True,1.995090365409851,1.0,0.004906415939331055,6629,0.9954022169113159
1.9830684661865234,True,1.9830653667449951,1.0,0.01693146489560604,6630,0.9888231754302979
1.955742597579956,True,1.9557394981384277,1.0,0.04425732046365738,6631,0.9881680607795715
1.9755107164382935,True,1.975507378578186,1.0,0.02448928728699684,6632,0.9299726486206055
1.9537392854690552,True,1.9537363052368164,1.0,0.046260591596364975,6633,0.9893219470977783
0.0,False,0.0,1.0,1.9999966621398926,6634,0.32564786076545715
1.544184923171997,True,1.544182300567627,1.0,0.4558141231536865,6635,0.9866369962692261
0.0,False,0.0,1.0,1.9999959468841553,6636,0.4199932813644409
0.999975323677063,True,0.9999736547470093,1.0,1.0000228881835938,6637,0.758790910243988
0.0,False,0.0,1.0,1.999995470046997,6638,0.5491421818733215
0.0,False,0.0,1.0,1.9999966621398926,6639,0.23365958034992218
0.0,False,0.0,1.0,1.9999957084655762,6640,0.2550996243953705
0.0,False,0.0,1.0,1.9999964237213135,6641,0.18303810060024261
0.0,False,0.0,1.0,1.9999955892562866,6642,0.3764946460723877
0.0,False,0.0,1.0,1.9999959468841553,6643,0.38153305649757385
1.6898404359817505,True,1.6898375749588013,1.0,0.31015878915786743,6644,0.965000331401825
0.0,False,0.0,1.0,1.999995470046997,6645,0.3377736508846283
1.8493359088897705,True,1.8493329286575317,1.0,0.15066377818584442,6646,0.9867395162582397
1.9366660118103027,True,1.9366626739501953,1.0,0.06333377957344055,6647,0.988194465637207
1.9558969736099243,True,1.9558932781219482,1.0,0.04410308226943016,6648,0.9962906837463379
0.0,False,0.0,1.0,1.999995470046997,6649,0.145211324095726
1.928686261177063,True,1.9286830425262451,1.0,0.07131369411945343,6650,0.9254741668701172
1.6750857830047607,True,1.6750824451446533,1.0,0.3249134421348572,6651,0.9692867398262024
0.9885843992233276,True,0.9885828495025635,1.0,1.01141357421875,6652,0.9489660263061523
1.9238425493240356,True,1.9238396883010864,1.0,0.07615729421377182,6653,0.9500906467437744
0.993527889251709,True,0.9935263991355896,1.0,1.0064703226089478,6654,0.9630534648895264
1.7513765096664429,True,1.7513728141784668,1.0,0.24862289428710938,6655,0.9143058657646179
1.9905614852905273,True,1.9905582666397095,1.0,0.009438510984182358,6656,0.9443623423576355
1.7620234489440918,True,1.7620203495025635,1.0,0.2379760891199112,6657,0.9654787182807922
0.992444634437561,True,0.9924430847167969,1.0,1.0075534582138062,6658,0.9400272965431213
1.9810177087783813,True,1.9810144901275635,1.0,0.018982253968715668,6659,0.9965923428535461
1.980409026145935,True,1.980405569076538,1.0,0.01959080621600151,6660,0.9409500360488892
1.8099231719970703,True,1.809919834136963,1.0,0.19007636606693268,6661,0.8459877371788025
1.9970409870147705,True,1.9970378875732422,1.0,0.0029590087942779064,6662,0.9829794764518738
1.2925069332122803,True,1.2925045490264893,1.0,0.707491397857666,6663,0.9795366525650024
0.0,False,0.0,1.0,1.9999940395355225,6664,0.11771073937416077
0.0,False,0.0,1.0,1.9999947547912598,6665,0.11538340151309967
0.9969183206558228,True,0.9969164133071899,1.0,1.0030790567398071,6666,0.9551799297332764
0.0,False,0.0,1.0,1.9999957084655762,6667,0.2825078070163727
1.6769826412200928,True,1.6769797801971436,1.0,0.32301658391952515,6668,0.9680325388908386
0.9999842643737793,True,0.9999819993972778,1.0,1.0000131130218506,6669,0.6548343896865845
1.996527910232544,True,1.9965245723724365,1.0,0.00347219523973763,6670,0.9953579306602478
1.9856061935424805,True,1.9856030941009521,1.0,0.014393722638487816,6671,0.9890817403793335
1.9558955430984497,True,1.9558924436569214,1.0,0.04410441219806671,6672,0.9768311977386475
0.980049729347229,True,0.9800479412078857,1.0,1.01994788646698,6673,0.934943675994873
1.9724855422973633,True,1.972482442855835,1.0,0.02751437947154045,6674,0.9888160228729248
1.9914486408233643,True,1.991445541381836,1.0,0.008551258593797684,6675,0.9839662909507751
1.9657260179519653,True,1.9657227993011475,1.0,0.03427394852042198,6676,0.9893746376037598
1.6788537502288818,True,1.6788506507873535,1.0,0.32114529609680176,6677,0.8885362148284912
1.7897757291793823,True,1.7897727489471436,1.0,0.21022377908229828,6678,0.9890967011451721
1.9395031929016113,True,1.9394994974136353,1.0,0.060496751219034195,6679,0.9236990213394165
1.3002084493637085,True,1.300206184387207,1.0,0.6997901201248169,6680,0.8653011322021484
1.7338244915008545,True,1.733821153640747,1.0,0.26617491245269775,6681,0.9161449670791626
1.9168016910552979,True,1.9167983531951904,1.0,0.08319807052612305,6682,0.9053337574005127
1.76731538772583,True,1.7673125267028809,1.0,0.2326841652393341,6683,0.822145938873291
1.5950798988342285,True,1.5950771570205688,1.0,0.404919296503067,6684,0.8885349035263062
1.457007646560669,True,1.457005262374878,1.0,0.5429911613464355,6685,0.8262150883674622
1.6435678005218506,True,1.6435648202896118,1.0,0.356431245803833,6686,0.8468308448791504
0.0,False,0.0,1.0,1.999995470046997,6687,0.005917494650930166
1.1625722646713257,True,1.1625696420669556,1.0,0.8374255895614624,6688,0.8998016715049744
0.0,False,0.0,1.0,1.9999960660934448,6689,0.15503771603107452
1.9549130201339722,True,1.954909324645996,1.0,0.045086801052093506,6690,0.9655548334121704
1.5604665279388428,True,1.5604634284973145,1.0,0.4395325183868408,6691,0.9389127492904663
1.9828722476959229,True,1.9828689098358154,1.0,0.017127662897109985,6692,0.9483590722084045
0.9406403303146362,True,0.9406387805938721,1.0,1.0593572854995728,6693,0.7047658562660217
1.9279425144195557,True,1.9279389381408691,1.0,0.07205729186534882,6694,0.9908987283706665
1.6689419746398926,True,1.6689391136169434,1.0,0.33105725049972534,6695,0.9714807271957397
0.0,False,0.0,1.0,1.999995231628418,6696,0.11365383863449097
1.2129324674606323,True,1.2129294872283936,1.0,0.7870652675628662,6697,0.8862268924713135
1.19642972946167,True,1.1964277029037476,1.0,0.8035685420036316,6698,0.9844181537628174
1.097126841545105,True,1.0971248149871826,1.0,0.9028711318969727,6699,0.7259748578071594
1.7875678539276123,True,1.787564992904663,1.0,0.21243152022361755,6700,0.4995330274105072
0.0,False,0.0,1.0,1.9999961853027344,6701,0.2457706332206726
1.997717261314392,True,1.9977141618728638,1.0,0.002282683737576008,6702,0.9954173564910889
1.9876528978347778,True,1.987649917602539,1.0,0.012347075156867504,6703,0.9897831082344055
1.9789732694625854,True,1.9789701700210571,1.0,0.02102670446038246,6704,0.9915241003036499
0.0,False,0.0,1.0,1.9999961853027344,6705,0.27825379371643066
1.9755874872207642,True,1.9755842685699463,1.0,0.0244123637676239,6706,0.9875746369361877
1.740705132484436,True,1.7407019138336182,1.0,0.25929445028305054,6707,0.9740123152732849
1.9585689306259155,True,1.9585654735565186,1.0,0.04143102467060089,6708,0.9944339394569397
1.8524749279022217,True,1.8524715900421143,1.0,0.14752471446990967,6709,0.9905802607536316
0.0,False,0.0,1.0,1.9999961853027344,6710,0.5604472160339355
1.9990456104278564,True,1.9990426301956177,1.0,0.0009542438201606274,6711,0.9851919412612915
1.8143352270126343,True,1.8143322467803955,1.0,0.1856643557548523,6712,0.806719183921814
1.9997795820236206,True,1.9997763633728027,1.0,0.00022045943478588015,6713,0.987251877784729
0.0,False,0.0,1.0,1.999995231628418,6714,0.3567078411579132
1.3558344841003418,True,1.3558318614959717,1.0,0.6441639065742493,6715,0.8484662771224976
0.0,False,0.0,1.0,1.9999959468841553,6716,0.41655439138412476
0.993646502494812,True,0.9936448931694031,1.0,1.0063515901565552,6717,0.9907169938087463
0.0,False,0.0,1.0,1.9999966621398926,6718,0.5938401818275452
1.9996668100357056,True,1.9996635913848877,1.0,0.00033320364309474826,6719,0.9867842793464661
1.9172062873840332,True,1.9172029495239258,1.0,0.08279332518577576,6720,0.8332549929618835
1.9998778104782104,True,1.9998745918273926,1.0,0.0001221738348249346,6721,0.9878863096237183
0.0,False,0.0,1.0,1.9999960660934448,6722,0.01934235356748104
0.9950891733169556,True,0.9950869083404541,1.0,1.0049079656600952,6723,0.7162862420082092
1.9457006454467773,True,1.9456969499588013,1.0,0.05429912358522415,6724,0.9925347566604614
1.9577662944793701,True,1.9577629566192627,1.0,0.04223356395959854,6725,0.9840139746665955
1.3994603157043457,True,1.3994579315185547,1.0,0.6005385518074036,6726,0.9763857126235962
1.7622277736663818,True,1.762224793434143,1.0,0.2377718985080719,6727,0.9282004833221436
1.7134172916412354,True,1.7134144306182861,1.0,0.28658196330070496,6728,0.9751587510108948
0.0,False,0.0,1.0,1.9999959468841553,6729,0.30596792697906494
0.0,False,0.0,1.0,1.999995231628418,6730,0.18257617950439453
1.918381690979004,True,1.9183779954910278,1.0,0.08161817491054535,6731,0.9449177980422974
1.9472379684448242,True,1.9472346305847168,1.0,0.052761975675821304,6732,0.9713011980056763
0.999997615814209,True,0.9999959468841553,1.0,1.0000004768371582,6733,0.9807611703872681
0.0,False,0.0,1.0,1.999995470046997,6734,0.202495276927948
0.9967085123062134,True,0.9967066049575806,1.0,1.0032893419265747,6735,0.8575253486633301
1.8153413534164429,True,1.815338373184204,1.0,0.18465827405452728,6736,0.6330837607383728
0.9995214939117432,True,0.9995192885398865,1.0,1.0004757642745972,6737,0.8735045194625854
0.999824583530426,True,0.9998229146003723,1.0,1.0001736879348755,6738,0.9072429537773132
1.9392714500427246,True,1.9392681121826172,1.0,0.06072845682501793,6739,0.9190715551376343
0.9994068145751953,True,0.9994045495986938,1.0,1.0005905628204346,6740,0.9375694394111633
0.994376540184021,True,0.9943743944168091,1.0,1.0056205987930298,6741,0.6304943561553955
1.0,True,0.9999979734420776,1.0,0.9999972581863403,6742,0.7925812602043152
0.999923586845398,True,0.9999213814735413,1.0,1.0000736713409424,6743,0.7476203441619873
0.9822530746459961,True,0.982250988483429,1.0,1.0177439451217651,6744,0.4656110107898712
0.9962926506996155,True,0.9962903261184692,1.0,1.0037047863006592,6745,0.882456362247467
0.9982982873916626,True,0.9982961416244507,1.0,1.0016988515853882,6746,0.9546681642532349
1.7040961980819702,True,1.7040929794311523,1.0,0.2959030866622925,6747,0.9711953997612
1.9520920515060425,True,1.952088713645935,1.0,0.04790771007537842,6748,0.9175406694412231
1.820871114730835,True,1.8208682537078857,1.0,0.17912839353084564,6749,0.8331802487373352
1.0670297145843506,True,1.0670275688171387,1.0,0.9329674243927002,6750,0.885745644569397
1.0762382745742798,True,1.0762362480163574,1.0,0.9237590432167053,6751,0.8506870269775391
1.2647240161895752,True,1.264721155166626,1.0,0.7352738976478577,6752,0.827241837978363
0.4027916193008423,True,0.40279072523117065,1.0,1.5972027778625488,6753,0.5567607879638672
1.2263386249542236,True,1.2263363599777222,1.0,0.7736591696739197,6754,0.8085252642631531
1.594111442565918,True,1.5941083431243896,1.0,0.4058873951435089,6755,0.8788101077079773
1.023207187652588,True,1.0232051610946655,1.0,0.9767898917198181,6756,0.8400648832321167
0.9974468946456909,True,0.9974448680877686,1.0,1.0025508403778076,6757,0.8924990892410278
0.9983149766921997,True,0.9983130693435669,1.0,1.0016827583312988,6758,0.9006123542785645
0.0,False,0.0,1.0,0.9999979734420776,6759,0.15241941809654236
0.9807541370391846,True,0.9807518124580383,1.0,1.0192426443099976,6760,0.5981017351150513
0.9995160698890686,True,0.9995139241218567,1.0,1.0004810094833374,6761,0.6986548900604248
1.996758222579956,True,1.9967550039291382,1.0,0.003241772996261716,6762,0.9949527978897095
1.9845261573791504,True,1.984523057937622,1.0,0.015473821200430393,6763,0.9892014265060425
1.2112942934036255,True,1.211292028427124,1.0,0.7887038588523865,6764,0.8731669187545776
1.976473331451416,True,1.9764702320098877,1.0,0.023526566103100777,6765,0.9909324645996094
1.8955540657043457,True,1.8955507278442383,1.0,0.10444557666778564,6766,0.6970033645629883
0.0,False,0.0,1.0,0.9999977350234985,6767,0.20095770061016083
1.975774884223938,True,1.9757716655731201,1.0,0.024225005879998207,6768,0.9877167344093323
1.9619512557983398,True,1.9619481563568115,1.0,0.0380486361682415,6769,0.7666139602661133
1.8389317989349365,True,1.8389288187026978,1.0,0.16106775403022766,6770,0.9904606938362122
1.9696249961853027,True,1.969622015953064,1.0,0.030374854803085327,6771,0.9849093556404114
1.9634172916412354,True,1.963414192199707,1.0,0.03658245876431465,6772,0.9904787540435791
0.0,False,0.0,1.0,1.9999955892562866,6773,0.05953020602464676
0.9282993674278259,True,0.9282976984977722,1.0,1.0716980695724487,6774,0.6167705059051514
0.0,False,0.0,1.0,1.999995231628418,6775,0.2501792311668396
0.0,False,0.0,1.0,1.999995231628418,6776,0.5095005631446838
0.831571638584137,True,0.8315701484680176,1.0,1.1684255599975586,6777,0.6416941285133362
0.9999896883964539,True,0.9999879598617554,1.0,1.000008463859558,6778,0.9310557246208191
1.9818089008331299,True,1.9818055629730225,1.0,0.018191158771514893,6779,0.9404457807540894
1.9978244304656982,True,1.9978212118148804,1.0,0.002175331814214587,6780,0.8349111080169678
0.9999940991401672,True,0.9999923706054688,1.0,1.0000038146972656,6781,0.9051896333694458
0.9965863227844238,True,0.9965842366218567,1.0,1.003410816192627,6782,0.9075081944465637
1.7817140817642212,True,1.7817111015319824,1.0,0.21828529238700867,6783,0.9098993539810181
0.9999868869781494,True,0.9999847412109375,1.0,1.0000102519989014,6784,0.8025293946266174
1.7802667617797852,True,1.780263900756836,1.0,0.21973298490047455,6785,0.9847168922424316
1.9663164615631104,True,1.9663128852844238,1.0,0.03368348628282547,6786,0.9787934422492981
1.9327449798583984,True,1.932741641998291,1.0,0.06725487112998962,6787,0.8885788321495056
0.9956763982772827,True,0.9956747889518738,1.0,1.004321813583374,6788,0.9739913940429688
1.999772548675537,True,1.9997692108154297,1.0,0.0002273597929161042,6789,0.9853874444961548
0.0,False,0.0,1.0,1.9999961853027344,6790,0.2331606149673462
0.0,False,0.0,1.0,1.9999961853027344,6791,0.22911511361598969
0.0,False,0.0,1.0,1.9999943971633911,6792,0.07576480507850647
0.0,False,0.0,1.0,1.9999959468841553,6793,0.31164026260375977
0.999851405620575,True,0.9998495578765869,1.0,1.0001462697982788,6794,0.7972978353500366
1.018289566040039,True,1.018288016319275,1.0,0.9817083477973938,6795,0.9569674134254456
0.9999515414237976,True,0.9999498128890991,1.0,1.0000462532043457,6796,0.7884598970413208
0.0,False,0.0,1.0,1.9999947547912598,6797,0.17218001186847687
0.0,False,0.0,1.0,1.9999961853027344,6798,0.19637012481689453
0.0,False,0.0,1.0,1.9999942779541016,6799,0.08632874488830566
0.0,False,0.0,1.0,1.9999959468841553,6800,0.017763551324605942
0.9999966621398926,True,0.9999951124191284,1.0,1.0000014305114746,6801,0.9063255190849304
1.6997501850128174,True,1.6997475624084473,1.0,0.3002491593360901,6802,0.922232449054718
0.0,False,0.0,1.0,0.9999978542327881,6803,0.3590167164802551
1.249993920326233,True,1.2499918937683105,1.0,0.7500047087669373,6804,0.7985146641731262
0.0,False,0.0,1.0,1.9999958276748657,6805,0.11806784570217133
1.604883074760437,True,1.6048803329467773,1.0,0.3951161503791809,6806,0.7190970778465271
0.88693767786026,True,0.8869360685348511,1.0,1.113059639930725,6807,0.9268966317176819
0.0,False,0.0,1.0,1.9999946355819702,6808,0.2215322107076645
0.0,False,0.0,1.0,1.9999961853027344,6809,0.16308654844760895
0.0,False,0.0,1.0,1.9999957084655762,6810,0.2626597285270691
0.0,False,0.0,1.0,1.9999945163726807,6811,0.21177896857261658
1.557565689086914,True,1.5575628280639648,1.0,0.4424334168434143,6812,0.6424964070320129
1.4514143466949463,True,1.4514119625091553,1.0,0.5485847592353821,6813,0.9843053221702576
0.9983662366867065,True,0.9983642101287842,1.0,1.0016310214996338,6814,0.9243637323379517
0.9635391235351562,True,0.9635375738143921,1.0,1.036458969116211,6815,0.9220719933509827
1.9846967458724976,True,1.9846937656402588,1.0,0.01530300173908472,6816,0.9867488741874695
1.0,True,0.9999979734420776,1.0,0.9999974966049194,6817,0.7275151610374451
0.0,False,0.0,1.0,1.9999959468841553,6818,0.042589221149683
1.835619330406189,True,1.835616111755371,1.0,0.1643802374601364,6819,0.9522385001182556
1.2558180093765259,True,1.2558152675628662,1.0,0.7441801428794861,6820,0.8612692952156067
1.985518217086792,True,1.9855142831802368,1.0,0.014481684193015099,6821,0.9457583427429199
1.5691112279891968,True,1.569108486175537,1.0,0.4308878183364868,6822,0.8999820947647095
1.9987657070159912,True,1.998762607574463,1.0,0.0012341379188001156,6823,0.9940841794013977
0.0,False,0.0,1.0,1.9999964237213135,6824,0.21196435391902924
1.9616317749023438,True,1.9616286754608154,1.0,0.03836808353662491,6825,0.9950485825538635
1.9104914665222168,True,1.9104883670806885,1.0,0.08950845152139664,6826,0.9885880947113037
1.5322558879852295,True,1.5322531461715698,1.0,0.46774283051490784,6827,0.9687955379486084
1.8835082054138184,True,1.883504867553711,1.0,0.11649154126644135,6828,0.9520743489265442
1.9348262548446655,True,1.9348232746124268,1.0,0.06517363339662552,6829,0.9908024072647095
0.9993153810501099,True,0.999313473701477,1.0,1.00068199634552,6830,0.9553934931755066
1.9934039115905762,True,1.993399977684021,1.0,0.006596120074391365,6831,0.9420225620269775
1.9560201168060303,True,1.9560165405273438,1.0,0.043979763984680176,6832,0.9733567237854004
1.823225975036621,True,1.8232228755950928,1.0,0.17677348852157593,6833,0.8327054381370544
1.9477369785308838,True,1.9477338790893555,1.0,0.05226289853453636,6834,0.9906076192855835
1.8164998292922974,True,1.816496729850769,1.0,0.18349967896938324,6835,0.9906750321388245
0.0,False,0.0,1.0,1.999995231628418,6836,0.2822166681289673
1.9008374214172363,True,1.900834083557129,1.0,0.0991622656583786,6837,0.9516226649284363
0.0,False,0.0,1.0,1.9999961853027344,6838,0.07076019793748856
0.9977163076400757,True,0.9977142810821533,1.0,1.002280592918396,6839,0.791767418384552
1.965018391609192,True,1.965015172958374,1.0,0.034981369972229004,6840,0.9496827125549316
1.9590814113616943,True,1.9590777158737183,1.0,0.04091856628656387,6841,0.8533385992050171
0.0,False,0.0,1.0,1.999995231628418,6842,0.09811028838157654
0.0,False,0.0,1.0,1.9999964237213135,6843,0.011063887737691402
1.6012516021728516,True,1.6012485027313232,1.0,0.3987472653388977,6844,0.8444221019744873
0.9986857175827026,True,0.9986834526062012,1.0,1.0013114213943481,6845,0.8366553783416748
0.9987068772315979,True,0.9987046718597412,1.0,1.0012904405593872,6846,0.8884899616241455
0.9972872734069824,True,0.9972853660583496,1.0,1.0027103424072266,6847,0.9024184942245483
0.0,False,0.0,1.0,1.9999960660934448,6848,0.10519679635763168
1.641284465789795,True,1.6412813663482666,1.0,0.3587146997451782,6849,0.8428555727005005
1.6882272958755493,True,1.688223958015442,1.0,0.31177186965942383,6850,0.9434962272644043
0.0,False,0.0,1.0,1.9999964237213135,6851,0.08589648455381393
0.0,False,0.0,1.0,1.9999957084655762,6852,0.06994376331567764
0.0,False,0.0,1.0,1.9999961853027344,6853,0.04139956831932068
1.9927667379379272,True,1.9927635192871094,1.0,0.007233280688524246,6854,0.8896662592887878
1.9991365671157837,True,1.9991328716278076,1.0,0.0008634448167867959,6855,0.8157551884651184
1.9331419467926025,True,1.9331386089324951,1.0,0.06685793399810791,6856,0.9887993931770325
0.9999772310256958,True,0.9999756217002869,1.0,1.0000208616256714,6857,0.09541089087724686
0.0,False,0.0,1.0,1.9999964237213135,6858,0.25762632489204407
0.7192878127098083,True,0.7192866206169128,1.0,1.2807097434997559,6859,0.825218915939331
0.0,False,0.0,1.0,1.9999961853027344,6860,0.5225328803062439
1.989890694618225,True,1.9898874759674072,1.0,0.010109181515872478,6861,0.7527886033058167
1.9793890714645386,True,1.9793858528137207,1.0,0.020610878244042397,6862,0.97930508852005
0.9947496652603149,True,0.9947476983070374,1.0,1.0052478313446045,6863,0.858884334564209
1.6745866537094116,True,1.674583911895752,1.0,0.3254126012325287,6864,0.9710099101066589
1.3263773918151855,True,1.3263752460479736,1.0,0.6736212372779846,6865,0.9612798094749451
0.0,False,0.0,1.0,1.9999946355819702,6866,0.3227851390838623
1.9439951181411743,True,1.9439915418624878,1.0,0.056004758924245834,6867,0.9911295175552368
0.0,False,0.0,1.0,1.999996304512024,6868,0.204593688249588
0.9993615746498108,True,0.9993594288825989,1.0,1.0006359815597534,6869,0.630603015422821
1.9981248378753662,True,1.998121738433838,1.0,0.0018751565366983414,6870,0.9910141825675964
0.9991075396537781,True,0.9991053342819214,1.0,1.000889539718628,6871,0.8742056488990784
0.0,False,0.0,1.0,1.9999957084655762,6872,0.36183395981788635
1.9967820644378662,True,1.996778964996338,1.0,0.003217870369553566,6873,0.9946790933609009
1.1478650569915771,True,1.147862434387207,1.0,0.8521324992179871,6874,0.8923732042312622
1.892410397529602,True,1.8924074172973633,1.0,0.10758955776691437,6875,0.9962798953056335
1.8524549007415771,True,1.8524521589279175,1.0,0.14754486083984375,6876,0.9862192273139954
1.6940038204193115,True,1.694001317024231,1.0,0.3059956729412079,6877,0.9567403197288513
1.5369269847869873,True,1.5369244813919067,1.0,0.4630718529224396,6878,0.9497735500335693
1.7286369800567627,True,1.7286341190338135,1.0,0.27136239409446716,6879,0.9773856997489929
0.0,False,0.0,1.0,1.9999949932098389,6880,0.4461680054664612
1.8826006650924683,True,1.8825974464416504,1.0,0.11739899963140488,6881,0.98341965675354
1.9488327503204346,True,1.9488292932510376,1.0,0.05116705223917961,6882,0.9916598200798035
0.0,False,0.0,1.0,1.9999964237213135,6883,0.06120764836668968
1.9813143014907837,True,1.9813112020492554,1.0,0.018685629591345787,6884,0.9859724044799805
0.0,False,0.0,1.0,1.9999957084655762,6885,0.42951688170433044
1.9786198139190674,True,1.97861647605896,1.0,0.02138020098209381,6886,0.200669065117836
0.0,False,0.0,1.0,0.9999979138374329,6887,0.03843879699707031
1.9579856395721436,True,1.9579823017120361,1.0,0.04201419651508331,6888,0.9576793909072876
1.8303775787353516,True,1.8303745985031128,1.0,0.16962197422981262,6889,0.9622352123260498
0.0,False,0.0,1.0,1.9999958276748657,6890,0.5365528464317322
0.0,False,0.0,1.0,1.9999961853027344,6891,0.23747685551643372
1.9918034076690674,True,1.991800308227539,1.0,0.008196319453418255,6892,0.9503286480903625
1.540168046951294,True,1.5401655435562134,1.0,0.45983099937438965,6893,0.8392724394798279
1.904747486114502,True,1.9047439098358154,1.0,0.09525226801633835,6894,0.9571303129196167
1.685089111328125,True,1.6850862503051758,1.0,0.3149101436138153,6895,0.7415377497673035
1.8755438327789307,True,1.8755407333374023,1.0,0.12445604056119919,6896,0.947442889213562
1.363213300704956,True,1.363210916519165,1.0,0.6367852687835693,6897,0.660650372505188
1.9880791902542114,True,1.988075852394104,1.0,0.01192084327340126,6898,0.9795140027999878
1.9815231561660767,True,1.9815194606781006,1.0,0.018476665019989014,6899,0.9801795482635498
1.9343304634094238,True,1.9343271255493164,1.0,0.06566908955574036,6900,0.8778125047683716
1.7617385387420654,True,1.7617356777191162,1.0,0.2382608950138092,6901,0.89695805311203
1.9953789710998535,True,1.995375633239746,1.0,0.004620992578566074,6902,0.8637932538986206
1.8594608306884766,True,1.8594578504562378,1.0,0.14053870737552643,6903,0.9410912394523621
1.8836555480957031,True,1.8836524486541748,1.0,0.11634407192468643,6904,0.9546703100204468
1.9876739978790283,True,1.9876708984375,1.0,0.012325957417488098,6905,0.9417821168899536
1.9849356412887573,True,1.9849319458007812,1.0,0.015064316801726818,6906,0.9843561053276062
1.9628942012786865,True,1.962890863418579,1.0,0.037105828523635864,6907,0.8719006776809692
0.9998898506164551,True,0.9998881816864014,1.0,1.0001083612442017,6908,0.9198448657989502
1.9713070392608643,True,1.971303939819336,1.0,0.02869277447462082,6909,0.931430995464325
1.2291163206100464,True,1.229114294052124,1.0,0.7708820104598999,6910,0.884067952632904
1.9969676733016968,True,1.9969642162322998,1.0,0.0030322852544486523,6911,0.9725827574729919
1.620887041091919,True,1.6208844184875488,1.0,0.37911221385002136,6912,0.9010879397392273
1.4742035865783691,True,1.4742010831832886,1.0,0.5257952213287354,6913,0.9680009484291077
1.795572280883789,True,1.7955694198608398,1.0,0.20442722737789154,6914,0.9207401275634766
1.3987417221069336,True,1.3987395763397217,1.0,0.6012571454048157,6915,0.9628192782402039
1.874546766281128,True,1.8745436668395996,1.0,0.12545286118984222,6916,0.9754075407981873
1.9875541925430298,True,1.9875508546829224,1.0,0.012445751577615738,6917,0.9908605813980103
0.0,False,0.0,1.0,1.9999959468841553,6918,0.1639709770679474
1.9986311197280884,True,1.9986279010772705,1.0,0.0013688645558431745,6919,0.9504991173744202
1.995978832244873,True,1.9959757328033447,1.0,0.0040210457518696785,6920,0.9582770466804504
1.9764450788497925,True,1.9764419794082642,1.0,0.023554978892207146,6921,0.991442859172821
1.5806804895401,True,1.5806779861450195,1.0,0.41931864619255066,6922,0.9892320036888123
1.9917607307434082,True,1.9917576313018799,1.0,0.008239224553108215,6923,0.9903516173362732
1.8369132280349731,True,1.8369102478027344,1.0,0.1630861908197403,6924,0.6678764224052429
1.95682692527771,True,1.9568235874176025,1.0,0.04317300394177437,6925,0.9694854021072388
1.9820642471313477,True,1.9820609092712402,1.0,0.017935648560523987,6926,0.956185519695282
1.8192787170410156,True,1.8192758560180664,1.0,0.18072086572647095,6927,0.9282860159873962
1.9826397895812988,True,1.9826364517211914,1.0,0.01736011914908886,6928,0.9871881008148193
1.9896405935287476,True,1.9896373748779297,1.0,0.01035923883318901,6929,0.9794408082962036
1.993410348892212,True,1.993406891822815,1.0,0.006589626893401146,6930,0.9712635278701782
1.9495761394500732,True,1.9495724439620972,1.0,0.05042381212115288,6931,0.9905959367752075
1.9959454536437988,True,1.9959423542022705,1.0,0.004054545424878597,6932,0.9920847415924072
1.8433036804199219,True,1.8433008193969727,1.0,0.15669594705104828,6933,0.8504015207290649
1.73541259765625,True,1.7354097366333008,1.0,0.26458677649497986,6934,0.9261648058891296
1.9975980520248413,True,1.9975945949554443,1.0,0.002401908626779914,6935,0.9543010592460632
0.9795964956283569,True,0.979594886302948,1.0,1.0204012393951416,6936,0.7461898326873779
1.97306227684021,True,1.9730589389801025,1.0,0.026937583461403847,6937,0.978615939617157
1.986890196800232,True,1.9868866205215454,1.0,0.013109810650348663,6938,0.9794954657554626
1.9858661890029907,True,1.9858630895614624,1.0,0.014133857563138008,6939,0.9872121214866638
1.9868717193603516,True,1.9868683815002441,1.0,0.013128155842423439,6940,0.9778763651847839
1.9934666156768799,True,1.9934632778167725,1.0,0.006533392705023289,6941,0.9796313643455505
1.990445613861084,True,1.990442156791687,1.0,0.009554481133818626,6942,0.9788848757743835
1.776071310043335,True,1.7760684490203857,1.0,0.2239280343055725,6943,0.8811743259429932
1.9856438636779785,True,1.985640525817871,1.0,0.014356262981891632,6944,0.9935967922210693
1.878375768661499,True,1.878372311592102,1.0,0.1216239482164383,6945,0.9600537419319153
1.6646435260772705,True,1.6646405458450317,1.0,0.3353557288646698,6946,0.9576781988143921
1.881200909614563,True,1.8811976909637451,1.0,0.11879880726337433,6947,0.9414771795272827
1.954750657081604,True,1.9547470808029175,1.0,0.04524930566549301,6948,0.9738943576812744
1.9757790565490723,True,1.9757757186889648,1.0,0.024220962077379227,6949,0.9232493042945862
1.99896240234375,True,1.9989593029022217,1.0,0.0010374424746260047,6950,0.9929730892181396
1.937422275543213,True,1.9374186992645264,1.0,0.06257757544517517,6951,0.9910745024681091
1.5156505107879639,True,1.5156474113464355,1.0,0.48434826731681824,6952,0.8933218121528625
0.0,False,0.0,1.0,1.9999958276748657,6953,0.06327154487371445
1.2675093412399292,True,1.2675070762634277,1.0,0.732488751411438,6954,0.9451435208320618
0.0,False,0.0,1.0,1.9999961853027344,6955,0.44716671109199524
1.9900484085083008,True,1.990044355392456,1.0,0.009951387532055378,6956,0.9916186928749084
1.996024250984192,True,1.996020793914795,1.0,0.003975721076130867,6957,0.9808489680290222
0.0,False,0.0,1.0,1.9999959468841553,6958,0.026363883167505264
1.839381217956543,True,1.8393781185150146,1.0,0.16061852872371674,6959,0.9723700284957886
1.0,True,0.9999983310699463,1.0,0.9999980330467224,6960,0.3527590036392212
1.9988555908203125,True,1.9988523721694946,1.0,0.0011443061521276832,6961,0.9209132790565491
0.0,False,0.0,1.0,1.9999964237213135,6962,0.3155105710029602
1.9992587566375732,True,1.999255657196045,1.0,0.0007410779362544417,6963,0.9145383834838867
1.986162543296814,True,1.9861592054367065,1.0,0.013837487436830997,6964,0.9383403658866882
1.616823434829712,True,1.6168208122253418,1.0,0.3831755816936493,6965,0.9575532674789429
1.900726318359375,True,1.9007233381271362,1.0,0.09927332401275635,6966,0.9595167636871338
1.9993312358856201,True,1.9993280172348022,1.0,0.0006687983404844999,6967,0.9196701049804688
1.838871717453003,True,1.8388679027557373,1.0,0.16112792491912842,6968,0.7477425336837769
1.9925739765167236,True,1.9925706386566162,1.0,0.007426050491631031,6969,0.9520918726921082
1.7812564373016357,True,1.7812533378601074,1.0,0.21874314546585083,6970,0.9811540246009827
1.9990272521972656,True,1.9990241527557373,1.0,0.0009727704455144703,6971,0.980292022228241
1.9998329877853394,True,1.9998297691345215,1.0,0.00016692061035428196,6972,0.9841315150260925
1.9998950958251953,True,1.999891757965088,1.0,0.000104953367554117,6973,0.9852181077003479
1.9999339580535889,True,1.9999306201934814,1.0,6.60078803775832e-05,6974,0.9850895404815674
0.0,False,0.0,1.0,1.9999959468841553,6975,0.05749993026256561
1.5450496673583984,True,1.5450472831726074,1.0,0.4549497067928314,6976,0.8831573128700256
0.991574227809906,True,0.9915726184844971,1.0,1.0084236860275269,6977,0.9731672406196594
1.9311325550079346,True,1.9311294555664062,1.0,0.06886729598045349,6978,0.8875811696052551
1.972368836402893,True,1.9723656177520752,1.0,0.02763119339942932,6979,0.9880328178405762
1.9961460828781128,True,1.996142864227295,1.0,0.003853969741612673,6980,0.9179092049598694
1.9854533672332764,True,1.9854497909545898,1.0,0.014546598307788372,6981,0.9483590126037598
1.987043023109436,True,1.9870398044586182,1.0,0.012956843711435795,6982,0.9960225820541382
0.0,False,0.0,1.0,1.9999960660934448,6983,0.03337850049138069
1.998917579650879,True,1.9989142417907715,1.0,0.001082560745999217,6984,0.9639774560928345
0.0,False,0.0,1.0,1.9999960660934448,6985,0.18012946844100952
0.9989191293716431,True,0.9989175200462341,1.0,1.0010789632797241,6986,0.9559404850006104
0.0,False,0.0,1.0,1.9999959468841553,6987,0.7581753134727478
0.0,False,0.0,1.0,1.9999959468841553,6988,0.16984891891479492
1.9948487281799316,True,1.9948453903198242,1.0,0.00515134958550334,6989,0.9190698862075806
1.9991973638534546,True,1.9991941452026367,1.0,0.0008025585557334125,6990,0.9709119200706482
1.7309291362762451,True,1.7309260368347168,1.0,0.26907023787498474,6991,0.9773516058921814
1.9942423105239868,True,1.9942389726638794,1.0,0.005757672246545553,6992,0.9208287596702576
1.999328851699829,True,1.9993255138397217,1.0,0.0006712538306601346,6993,0.9738094806671143
1.9408689737319946,True,1.9408661127090454,1.0,0.059130821377038956,6994,0.9641724824905396
1.9599010944366455,True,1.9598978757858276,1.0,0.0400986522436142,6995,0.8915154933929443
1.0226024389266968,True,1.022600769996643,1.0,0.9773954153060913,6996,0.864120602607727
0.0,False,0.0,1.0,1.9999953508377075,6997,0.16975291073322296
1.8928533792495728,True,1.8928499221801758,1.0,0.10714633762836456,6998,0.9796504974365234
1.9936244487762451,True,1.9936211109161377,1.0,0.006375523284077644,6999,0.8095946311950684
0.0,False,0.0,1.0,1.9999957084655762,7000,0.47219380736351013
1.9939188957214355,True,1.9939157962799072,1.0,0.006080832798033953,7001,0.9214653968811035
0.0,False,0.0,1.0,1.9999958276748657,7002,0.21320879459381104
1.9918886423110962,True,1.9918853044509888,1.0,0.008111265487968922,7003,0.9083015322685242
1.999406337738037,True,1.9994029998779297,1.0,0.0005936070228926837,7004,0.9751454591751099
0.0,False,0.0,1.0,1.999995470046997,7005,0.5305601358413696
1.9936398267745972,True,1.9936364889144897,1.0,0.006360093597322702,7006,0.925312340259552
1.9994447231292725,True,1.999441385269165,1.0,0.0005553866503760219,7007,0.9772942066192627
1.6937072277069092,True,1.6937042474746704,1.0,0.3062922954559326,7008,0.9446281790733337
0.0,False,0.0,1.0,1.9999958276748657,7009,0.4994449317455292
0.0,False,0.0,1.0,1.9999945163726807,7010,0.09040286391973495
0.549426257610321,True,0.5494251251220703,1.0,1.4505705833435059,7011,0.5938003659248352
0.9999089241027832,True,0.9999072551727295,1.0,1.000089168548584,7012,0.7957558035850525
0.0,False,0.0,1.0,1.9999964237213135,7013,0.21017496287822723
1.821582317352295,True,1.8215793371200562,1.0,0.17841726541519165,7014,0.8755231499671936
1.7002460956573486,True,1.7002432346343994,1.0,0.2997533082962036,7015,0.8057785034179688
0.9999914169311523,True,0.9999896883964539,1.0,1.0000065565109253,7016,0.7714818120002747
1.8627190589904785,True,1.8627160787582397,1.0,0.1372804343700409,7017,0.9571894407272339
1.9993374347686768,True,1.999334454536438,1.0,0.0006624632515013218,7018,0.9806955456733704
0.0,False,0.0,1.0,1.999996304512024,7019,0.07591500878334045
0.0,False,0.0,1.0,1.999995470046997,7020,0.43082407116889954
1.901601791381836,True,1.9015984535217285,1.0,0.09839797019958496,7021,0.9069036245346069
0.0,False,0.0,1.0,1.9999961853027344,7022,0.485350638628006
1.9517886638641357,True,1.9517855644226074,1.0,0.04821127653121948,7023,0.9913461804389954
0.0,False,0.0,1.0,1.9999957084655762,7024,0.14190998673439026
1.9468270540237427,True,1.9468241930007935,1.0,0.053172871470451355,7025,0.9861618280410767
0.0,False,0.0,1.0,1.999996304512024,7026,0.5604442358016968
1.917422890663147,True,1.9174199104309082,1.0,0.08257680386304855,7027,0.9253793358802795
1.9952597618103027,True,1.9952566623687744,1.0,0.004740113392472267,7028,0.9760170578956604
1.9769630432128906,True,1.9769597053527832,1.0,0.023036828264594078,7029,0.9555466175079346
0.0,False,0.0,1.0,0.9999979734420776,7030,0.2524643838405609
1.7607123851776123,True,1.7607096433639526,1.0,0.23928722739219666,7031,0.976524829864502
1.9687788486480713,True,1.9687755107879639,1.0,0.031221099197864532,7032,0.9593542814254761
0.0,False,0.0,1.0,1.999995470046997,7033,0.5171612501144409
1.9930853843688965,True,1.99308180809021,1.0,0.0069145322777330875,7034,0.9647119045257568
1.6461118459701538,True,1.6461091041564941,1.0,0.35388755798339844,7035,0.9769330024719238
1.9861663579940796,True,1.9861631393432617,1.0,0.013833598233759403,7036,0.9821804761886597
0.0,False,0.0,1.0,1.9999960660934448,7037,0.18732237815856934
1.9678888320922852,True,1.9678854942321777,1.0,0.03211124241352081,7038,0.9324448108673096
1.9603493213653564,True,1.9603462219238281,1.0,0.03965073078870773,7039,0.9930292963981628
0.0,False,0.0,1.0,1.999995470046997,7040,0.45009326934814453
1.9860410690307617,True,1.9860377311706543,1.0,0.013958953320980072,7041,0.9574305415153503
0.0,False,0.0,1.0,1.999995470046997,7042,0.4966014623641968
0.0,False,0.0,1.0,0.9999979138374329,7043,0.16913865506649017
0.9696805477142334,True,0.9696788787841797,1.0,1.0303171873092651,7044,0.9033586978912354
0.9997113347053528,True,0.9997097253799438,1.0,1.0002868175506592,7045,0.9448010325431824
1.8039271831512451,True,1.8039240837097168,1.0,0.1960723102092743,7046,0.9637755751609802
0.7675219178199768,True,0.7675206661224365,1.0,1.2324753999710083,7047,0.7750736474990845
0.0,False,0.0,1.0,1.999995231628418,7048,0.13800252974033356
0.9920171499252319,True,0.992015540599823,1.0,1.0079807043075562,7049,0.6868659853935242
0.0,False,0.0,1.0,1.9999958276748657,7050,0.7081881165504456
1.9851267337799072,True,1.9851235151290894,1.0,0.014873180538415909,7051,0.7187297344207764
1.6322886943817139,True,1.6322858333587646,1.0,0.36771050095558167,7052,0.9375789761543274
0.0,False,0.0,1.0,1.9999959468841553,7053,0.2274942696094513
1.9895710945129395,True,1.9895679950714111,1.0,0.01042870618402958,7054,0.9468955993652344
0.0,False,0.0,1.0,1.9999957084655762,7055,0.3816671371459961
0.9999176263809204,True,0.9999160170555115,1.0,1.0000803470611572,7056,0.6771529912948608
0.0,False,0.0,1.0,1.9999955892562866,7057,0.541450023651123
0.0,False,0.0,1.0,1.9999957084655762,7058,0.08388331532478333
0.0,False,0.0,1.0,1.9999957084655762,7059,0.11859127879142761
1.7070412635803223,True,1.7070386409759521,1.0,0.29295814037323,7060,0.9582282304763794
0.0,False,0.0,1.0,1.999995231628418,7061,0.3039383292198181
0.0,False,0.0,1.0,1.9999960660934448,7062,0.33027297258377075
0.0,False,0.0,1.0,1.9999949932098389,7063,0.42576104402542114
0.0,False,0.0,1.0,1.9999953508377075,7064,0.2711124122142792
1.7288182973861694,True,1.7288154363632202,1.0,0.2711811065673828,7065,0.9523077011108398
0.0,False,0.0,1.0,1.9999957084655762,7066,0.1628894805908203
0.0,False,0.0,1.0,1.9999961853027344,7067,0.3152328431606293
0.0,False,0.0,1.0,1.9999959468841553,7068,0.34610432386398315
0.0,False,0.0,1.0,1.9999955892562866,7069,0.18600177764892578
0.0,False,0.0,1.0,0.9999979734420776,7070,0.33141207695007324
0.0,False,0.0,1.0,1.9999959468841553,7071,0.3682192862033844
0.0,False,0.0,1.0,1.9999955892562866,7072,0.24947021901607513
0.0,False,0.0,1.0,1.9999961853027344,7073,0.038182731717824936
0.0,False,0.0,1.0,1.9999960660934448,7074,0.046736977994441986
0.0,False,0.0,1.0,1.9999959468841553,7075,0.2336367815732956
0.0,False,0.0,1.0,1.9999955892562866,7076,0.10330188274383545
0.0,False,0.0,1.0,1.9999964237213135,7077,0.3677161931991577
0.7857183814048767,True,0.7857170701026917,1.0,1.2142783403396606,7078,0.5408840775489807
1.99692964553833,True,1.9969263076782227,1.0,0.0030704352539032698,7079,0.9843909740447998
0.0,False,0.0,1.0,1.9999959468841553,7080,0.1313210278749466
0.0,False,0.0,1.0,1.9999961853027344,7081,0.7071092128753662
0.0,False,0.0,1.0,0.9999978542327881,7082,0.09903921186923981
0.9237160086631775,True,0.9237144589424133,1.0,1.0762815475463867,7083,0.7953490018844604
0.0,False,0.0,1.0,0.9999980330467224,7084,0.1281457543373108
1.9936678409576416,True,1.993664026260376,1.0,0.006332117132842541,7085,0.9115536212921143
1.946558952331543,True,1.946555733680725,1.0,0.05344094708561897,7086,0.9884395599365234
0.0,False,0.0,1.0,1.9999961853027344,7087,0.2100915163755417
0.0,False,0.0,1.0,1.999995231628418,7088,0.22744213044643402
1.9990712404251099,True,1.9990675449371338,1.0,0.0009287201100960374,7089,0.8695288300514221
1.9564704895019531,True,1.9564670324325562,1.0,0.04352949559688568,7090,0.9843252897262573
1.9768801927566528,True,1.9768764972686768,1.0,0.023119643330574036,7091,0.894841730594635
0.0,False,0.0,1.0,0.9999980926513672,7092,0.2262616902589798
1.9849228858947754,True,1.984919786453247,1.0,0.015077073127031326,7093,0.9673832654953003
0.8323040008544922,True,0.8323026299476624,1.0,1.1676931381225586,7094,0.8582984209060669
0.0,False,0.0,1.0,1.9999951124191284,7095,0.7149633169174194
1.9920094013214111,True,1.9920059442520142,1.0,0.007990702986717224,7096,0.9695855379104614
0.0,False,0.0,1.0,1.9999960660934448,7097,0.29883864521980286
1.2211098670959473,True,1.2211077213287354,1.0,0.7788883447647095,7098,0.904593825340271
0.0,False,0.0,1.0,1.9999959468841553,7099,0.18383069336414337
0.0,False,0.0,1.0,1.9999959468841553,7100,0.6086258292198181
0.0,False,0.0,1.0,1.9999959468841553,7101,0.29491716623306274
0.0,False,0.0,1.0,1.9999957084655762,7102,0.3053070604801178
0.0,False,0.0,1.0,1.9999943971633911,7103,0.2512117922306061
1.0,True,0.9999982118606567,1.0,0.9999979734420776,7104,0.24603495001792908
0.7362887263298035,True,0.7362871170043945,1.0,1.2637078762054443,7105,0.18637710809707642
0.9086762070655823,True,0.9086745977401733,1.0,1.0913214683532715,7106,0.8365683555603027
0.0,False,0.0,1.0,1.9999957084655762,7107,0.3479219377040863
1.9971691370010376,True,1.9971656799316406,1.0,0.0028308252803981304,7108,0.8631011843681335
1.9132393598556519,True,1.9132364988327026,1.0,0.08676045387983322,7109,0.9221630096435547
1.6545730829238892,True,1.6545698642730713,1.0,0.3454258143901825,7110,0.8255107402801514
1.9711546897888184,True,1.97115159034729,1.0,0.02884519472718239,7111,0.9806737899780273
1.9848690032958984,True,1.9848657846450806,1.0,0.015130926854908466,7112,0.9644333124160767
1.994596004486084,True,1.994592547416687,1.0,0.005403860472142696,7113,0.9081423282623291
1.9373363256454468,True,1.9373332262039185,1.0,0.06266345083713531,7114,0.9113460779190063
1.9355928897857666,True,1.9355894327163696,1.0,0.06440714746713638,7115,0.8665602207183838
0.0,False,0.0,1.0,1.9999960660934448,7116,0.573710560798645
1.941101312637329,True,1.9410979747772217,1.0,0.05889855697751045,7117,0.9752658605575562
1.9570016860961914,True,1.9569984674453735,1.0,0.04299813508987427,7118,0.9708731174468994
1.974257230758667,True,1.9742536544799805,1.0,0.02574271336197853,7119,0.9520524144172668
1.9494158029556274,True,1.9494125843048096,1.0,0.050584178417921066,7120,0.9344249963760376
1.8851673603057861,True,1.8851642608642578,1.0,0.11483245342969894,7121,0.9771250486373901
1.9956737756729126,True,1.9956707954406738,1.0,0.004326288588345051,7122,0.9698090553283691
1.9563899040222168,True,1.956386685371399,1.0,0.04360988736152649,7123,0.9169034957885742
1.9608638286590576,True,1.9608596563339233,1.0,0.03913594037294388,7124,0.7679844498634338
1.9696118831634521,True,1.9696089029312134,1.0,0.03038811683654785,7125,0.9282454252243042
1.9951567649841309,True,1.9951536655426025,1.0,0.004843306727707386,7126,0.968021810054779
1.9703283309936523,True,1.970325231552124,1.0,0.02967151626944542,7127,0.9081045985221863
1.9963769912719727,True,1.996373176574707,1.0,0.003623008029535413,7128,0.8927766680717468
1.998805046081543,True,1.9988019466400146,1.0,0.001194839715026319,7129,0.9738004207611084
1.9954662322998047,True,1.995462417602539,1.0,0.00453376118093729,7130,0.8338742852210999
1.9893243312835693,True,1.989320993423462,1.0,0.0106755830347538,7131,0.967706561088562
1.9696147441864014,True,1.9696115255355835,1.0,0.030385326594114304,7132,0.9355112910270691
1.9969873428344727,True,1.9969842433929443,1.0,0.0030127554200589657,7133,0.9684165120124817
0.0,False,0.0,1.0,1.9999961853027344,7134,0.43746188282966614
1.9694583415985107,True,1.9694551229476929,1.0,0.03054152987897396,7135,0.9131321310997009
1.5943448543548584,True,1.5943423509597778,1.0,0.40565431118011475,7136,0.9893534183502197
0.0,False,0.0,1.0,1.999995470046997,7137,0.2845528721809387
1.975956678390503,True,1.9759536981582642,1.0,0.024043137207627296,7138,0.9311505556106567
1.996422529220581,True,1.9964193105697632,1.0,0.0035774013958871365,7139,0.9674738645553589
1.9742411375045776,True,1.9742379188537598,1.0,0.0257587730884552,7140,0.9070731401443481
1.783206820487976,True,1.7832038402557373,1.0,0.2167927622795105,7141,0.960733950138092
1.995163083076477,True,1.99515962600708,1.0,0.00483693229034543,7142,0.967829704284668
1.974259853363037,True,1.9742567539215088,1.0,0.025739986449480057,7143,0.9365128874778748
1.9972865581512451,True,1.9972833395004272,1.0,0.002713516354560852,7144,0.9667723178863525
1.972190022468567,True,1.972186803817749,1.0,0.027809875085949898,7145,0.9107716083526611
1.6852085590362549,True,1.6852059364318848,1.0,0.3147909641265869,7146,0.9205561280250549
1.9991214275360107,True,1.9991183280944824,1.0,0.0008785788668319583,7147,0.9793518781661987
0.0,False,0.0,1.0,1.9999953508377075,7148,0.012911736965179443
1.925520658493042,True,1.9255175590515137,1.0,0.07447918504476547,7149,0.6233646273612976
1.9442287683486938,True,1.944225549697876,1.0,0.055771008133888245,7150,0.9688119292259216
1.1835993528366089,True,1.1835975646972656,1.0,0.8163988590240479,7151,0.950051486492157
1.4526846408843994,True,1.4526822566986084,1.0,0.5473141670227051,7152,0.9058066010475159
1.8794797658920288,True,1.87947678565979,1.0,0.12052006274461746,7153,0.8850756287574768
1.975773811340332,True,1.9757705926895142,1.0,0.024226129055023193,7154,0.9295260310173035
1.9850618839263916,True,1.9850586652755737,1.0,0.014938067644834518,7155,0.8967052698135376
1.9956951141357422,True,1.9956917762756348,1.0,0.004304877948015928,7156,0.9626611471176147
1.9688934087753296,True,1.9688904285430908,1.0,0.031106457114219666,7157,0.89936763048172
0.0,False,0.0,1.0,1.999996542930603,7158,0.07975180447101593
0.0,False,0.0,1.0,0.9999983310699463,7159,0.052505847066640854
1.9749059677124023,True,1.974902868270874,1.0,0.02509404718875885,7160,0.9376826882362366
1.9971892833709717,True,1.9971861839294434,1.0,0.0028106197714805603,7161,0.964592456817627
1.9712339639663696,True,1.9712307453155518,1.0,0.028765959665179253,7162,0.9094573259353638
1.9776802062988281,True,1.9776771068572998,1.0,0.02231966145336628,7163,0.9348846673965454
1.9969351291656494,True,1.996932029724121,1.0,0.00306466082111001,7164,0.9645646214485168
1.9737361669540405,True,1.9737329483032227,1.0,0.02626373991370201,7165,0.9061039686203003
0.0,False,0.0,1.0,1.9999959468841553,7166,0.10127071291208267
1.9426770210266113,True,1.9426734447479248,1.0,0.057322777807712555,7167,0.6219104528427124
1.207733154296875,True,1.2077312469482422,1.0,0.7922653555870056,7168,0.7210259437561035
1.9760396480560303,True,1.976036548614502,1.0,0.02396034076809883,7169,0.9378883838653564
1.9974067211151123,True,1.9974035024642944,1.0,0.0025933210272341967,7170,0.9634978175163269
1.9720237255096436,True,1.9720206260681152,1.0,0.02797601744532585,7171,0.9079878330230713
1.9995081424713135,True,1.9995046854019165,1.0,0.0004918058984912932,7172,0.5721765160560608
1.977823257446289,True,1.9778202772140503,1.0,0.022176668047904968,7173,0.9636707901954651
1.9778881072998047,True,1.9778852462768555,1.0,0.02211170271039009,7174,0.9351109266281128
1.9970824718475342,True,1.9970792531967163,1.0,0.002917568664997816,7175,0.963124692440033
1.9731268882751465,True,1.973123550415039,1.0,0.026872999966144562,7176,0.9043916463851929
1.534533977508545,True,1.5345313549041748,1.0,0.4654650390148163,7177,0.9612589478492737
1.891807198524475,True,1.8918038606643677,1.0,0.10819260776042938,7178,0.9147205948829651
0.0,False,0.0,1.0,1.999995231628418,7179,0.1477060168981552
0.0,False,0.0,1.0,1.9999964237213135,7180,0.06304535269737244
1.9761364459991455,True,1.9761332273483276,1.0,0.023863568902015686,7181,0.9375631213188171
1.9974329471588135,True,1.997429609298706,1.0,0.0025670835748314857,7182,0.9620705842971802
1.3328924179077148,True,1.332890272140503,1.0,0.6671062707901001,7183,0.7461583614349365
1.9712835550308228,True,1.9712803363800049,1.0,0.0287163183093071,7184,0.9060468673706055
1.933253288269043,True,1.933250069618225,1.0,0.0667465329170227,7185,0.9864702820777893
1.5385136604309082,True,1.5385111570358276,1.0,0.46148526668548584,7186,0.9469283223152161
0.9959316253662109,True,0.9959298968315125,1.0,1.0040661096572876,7187,0.829175591468811
0.9587054252624512,True,0.9587039947509766,1.0,1.0412925481796265,7188,0.7103492617607117
1.871903896331787,True,1.871901035308838,1.0,0.12809567153453827,7189,0.8663232326507568
1.9776339530944824,True,1.977630853652954,1.0,0.02236596681177616,7190,0.9351483583450317
1.9971327781677246,True,1.9971294403076172,1.0,0.0028672395274043083,7191,0.9616707563400269
1.3659725189208984,True,1.3659700155258179,1.0,0.6340259909629822,7192,0.9269202351570129
1.971949577331543,True,1.9719464778900146,1.0,0.02805030159652233,7193,0.90279221534729
1.9759550094604492,True,1.9759520292282104,1.0,0.02404494769871235,7194,0.9372957944869995
1.3432493209838867,True,1.3432470560073853,1.0,0.6567489504814148,7195,0.924249529838562
1.9974164962768555,True,1.9974132776260376,1.0,0.0025833379477262497,7196,0.9606512188911438
1.970072865486145,True,1.9700696468353271,1.0,0.02992711216211319,7197,0.9041558504104614
1.4999953508377075,True,1.4999926090240479,1.0,0.5000036358833313,7198,0.92972332239151
1.6900885105133057,True,1.690085530281067,1.0,0.30991077423095703,7199,0.7288582921028137
1.977138876914978,True,1.9771355390548706,1.0,0.022861238569021225,7200,0.9349660277366638
1.9971997737884521,True,1.9971964359283447,1.0,0.002800151240080595,7201,0.9602566361427307
0.9566324949264526,True,0.9566309452056885,1.0,1.0433653593063354,7202,0.8160127401351929
1.9706804752349854,True,1.970677137374878,1.0,0.029319513589143753,7203,0.8993721008300781
1.8626010417938232,True,1.862597942352295,1.0,0.13739879429340363,7204,0.9037342071533203
0.8882147073745728,True,0.8882132768630981,1.0,1.1117831468582153,7205,0.8994203209877014
1.9903957843780518,True,1.9903925657272339,1.0,0.009604179300367832,7206,0.7402181029319763
1.9773476123809814,True,1.977344274520874,1.0,0.02265225350856781,7207,0.9350405931472778
1.9470559358596802,True,1.9470525979995728,1.0,0.052943844348192215,7208,0.8220254778862
0.0,False,0.0,1.0,1.999995470046997,7209,0.2349414825439453
1.9978406429290771,True,1.9978375434875488,1.0,0.0021592509001493454,7210,0.9587815403938293
1.972962737083435,True,1.9729593992233276,1.0,0.027037229388952255,7211,0.8952662348747253
0.9997481107711792,True,0.9997466802597046,1.0,1.0002501010894775,7212,0.705849289894104
1.1405751705169678,True,1.1405733823776245,1.0,0.8594232201576233,7213,0.8537113070487976
1.5801360607147217,True,1.5801334381103516,1.0,0.41986313462257385,7214,0.9655815958976746
1.1634752750396729,True,1.1634732484817505,1.0,0.8365228176116943,7215,0.9289799332618713
1.622387409210205,True,1.622384786605835,1.0,0.3776119351387024,7216,0.9722374677658081
1.9799094200134277,True,1.9799063205718994,1.0,0.020090574398636818,7217,0.9335867166519165
1.448594093322754,True,1.448591709136963,1.0,0.5514046549797058,7218,0.8884146213531494
0.0,False,0.0,1.0,1.9999955892562866,7219,0.555884838104248
1.432999849319458,True,1.432997465133667,1.0,0.5669987797737122,7220,0.8165737986564636
1.898112416267395,True,1.8981094360351562,1.0,0.1018873006105423,7221,0.7569153308868408
1.0752193927764893,True,1.075217604637146,1.0,0.9247786998748779,7222,0.781079888343811
1.5210695266723633,True,1.5210671424865723,1.0,0.47892940044403076,7223,0.9114935398101807
1.9724886417388916,True,1.9724856615066528,1.0,0.027511214837431908,7224,0.9885247349739075
1.9599837064743042,True,1.9599804878234863,1.0,0.04001636058092117,7225,0.9910255074501038
0.0,False,0.0,1.0,1.999995470046997,7226,0.14677724242210388
0.0,False,0.0,1.0,1.999996542930603,7227,0.7764405012130737
1.9893367290496826,True,1.9893336296081543,1.0,0.010663321241736412,7228,0.9924311637878418
1.9847455024719238,True,1.9847419261932373,1.0,0.01525446679443121,7229,0.9648968577384949
0.9996892213821411,True,0.9996875524520874,1.0,1.0003091096878052,7230,0.8744389414787292
1.9717185497283936,True,1.971714973449707,1.0,0.02828138694167137,7231,0.9102606177330017
0.0,False,0.0,1.0,1.9999959468841553,7232,0.616905689239502
1.9889802932739258,True,1.988977074623108,1.0,0.011019707657396793,7233,0.9949215054512024
0.9999538660049438,True,0.9999520778656006,1.0,1.0000441074371338,7234,0.8307608962059021
0.9999501705169678,True,0.999948263168335,1.0,1.0000479221343994,7235,0.9027843475341797
0.0,False,0.0,1.0,1.9999955892562866,7236,0.08397119492292404
1.5293097496032715,True,1.529307246208191,1.0,0.470689058303833,7237,0.8569630980491638
1.5024522542953491,True,1.5024495124816895,1.0,0.4975464940071106,7238,0.8609451651573181
0.6052370071411133,True,0.6052360534667969,1.0,1.3947603702545166,7239,0.3492906093597412
1.4281046390533447,True,1.4281020164489746,1.0,0.5718941688537598,7240,0.8760051727294922
0.9587443470954895,True,0.9587426781654358,1.0,1.0412535667419434,7241,0.7387301921844482
1.611987829208374,True,1.611985206604004,1.0,0.38801124691963196,7242,0.5129537582397461
0.0,False,0.0,1.0,1.9999959468841553,7243,0.2786017060279846
0.9602221846580505,True,0.960220456123352,1.0,1.0397753715515137,7244,0.8657862544059753
0.0,False,0.0,1.0,1.999995470046997,7245,0.3345456123352051
0.0,False,0.0,1.0,1.9999953508377075,7246,0.4386344254016876
0.0,False,0.0,1.0,1.9999955892562866,7247,0.21823105216026306
1.9739538431167603,True,1.9739506244659424,1.0,0.02604590356349945,7248,0.9323751330375671
0.0,False,0.0,1.0,1.9999957084655762,7249,0.0809631422162056
0.0,False,0.0,1.0,1.9999957084655762,7250,0.04915224388241768
0.9997758865356445,True,0.9997742176055908,1.0,1.000222086906433,7251,0.9622419476509094
0.0,False,0.0,1.0,1.9999959468841553,7252,0.07245149463415146
0.9999868273735046,True,0.9999852180480957,1.0,1.0000113248825073,7253,0.9209455847740173
0.999965250492096,True,0.9999634027481079,1.0,1.0000327825546265,7254,0.8530784845352173
0.5318152904510498,True,0.5318142771720886,1.0,1.4681812524795532,7255,0.35581421852111816
1.8917664289474487,True,1.8917630910873413,1.0,0.10823331028223038,7256,0.9720426797866821
1.9456489086151123,True,1.9456453323364258,1.0,0.054350998252630234,7257,0.948070764541626
1.6930294036865234,True,1.6930265426635742,1.0,0.30696988105773926,7258,0.9879986047744751
0.6855258345603943,True,0.6855246424674988,1.0,1.3144712448120117,7259,0.4807780683040619
1.1021766662597656,True,1.1021745204925537,1.0,0.8978208303451538,7260,0.9570096731185913
0.0,False,0.0,1.0,1.999996304512024,7261,0.3321378827095032
1.127888798713684,True,1.1278868913650513,1.0,0.8721091747283936,7262,0.8802350163459778
0.999996542930603,True,0.9999948740005493,1.0,1.0000016689300537,7263,0.9395342469215393
0.0,False,0.0,1.0,1.9999955892562866,7264,0.22408980131149292
1.853310465812683,True,1.8533074855804443,1.0,0.14668914675712585,7265,0.9398025274276733
0.4377571642398834,True,0.4377562999725342,1.0,1.562239170074463,7266,0.7861614227294922
1.9854350090026855,True,1.9854316711425781,1.0,0.014564920216798782,7267,0.941471517086029
1.0018885135650635,True,1.0018866062164307,1.0,0.9981091618537903,7268,0.8183934092521667
0.4123080372810364,True,0.4123073220252991,1.0,1.5876891613006592,7269,0.20852525532245636
1.5062968730926514,True,1.5062941312789917,1.0,0.4937019348144531,7270,0.9402897357940674
0.0,False,0.0,1.0,1.9999960660934448,7271,0.052207306027412415
1.9819107055664062,True,1.9819072484970093,1.0,0.01808929070830345,7272,0.9791411757469177
0.0,False,0.0,1.0,1.999995231628418,7273,0.0829474925994873
0.0,False,0.0,1.0,1.9999957084655762,7274,0.14832307398319244
0.0,False,0.0,1.0,1.9999953508377075,7275,0.11821100115776062
0.0,False,0.0,1.0,1.9999942779541016,7276,0.1913699060678482
0.0,False,0.0,1.0,1.9999961853027344,7277,0.433147668838501
0.0,False,0.0,1.0,1.9999946355819702,7278,0.10880503803491592
0.0,False,0.0,1.0,1.9999957084655762,7279,0.3842654228210449
0.0,False,0.0,1.0,1.9999955892562866,7280,0.26838764548301697
0.0,False,0.0,1.0,1.9999940395355225,7281,0.09389129281044006
0.0,False,0.0,1.0,1.9999942779541016,7282,0.09989305585622787
1.5767613649368286,True,1.576758623123169,1.0,0.4232376515865326,7283,0.96165931224823
0.0,False,0.0,1.0,1.9999947547912598,7284,0.07563112676143646
1.0704880952835083,True,1.070486307144165,1.0,0.9295099973678589,7285,0.8460838198661804
1.3426411151885986,True,1.342638373374939,1.0,0.6573570370674133,7286,0.7219036221504211
0.0,False,0.0,1.0,1.9999948740005493,7287,0.08992587774991989
0.0,False,0.0,1.0,1.9999961853027344,7288,0.19718676805496216
1.5194778442382812,True,1.5194753408432007,1.0,0.48052114248275757,7289,0.8201062083244324
0.0,False,0.0,1.0,1.9999946355819702,7290,0.08554079383611679
1.9599006175994873,True,1.9598972797393799,1.0,0.040099162608385086,7291,0.9196323752403259
1.9671579599380493,True,1.967154622077942,1.0,0.0328420028090477,7292,0.9376950860023499
1.8289978504180908,True,1.8289947509765625,1.0,0.17100167274475098,7293,0.9883905649185181
1.8325085639953613,True,1.832505226135254,1.0,0.1674908846616745,7294,0.9499724507331848
1.990989327430725,True,1.9909858703613281,1.0,0.009010675363242626,7295,0.9718008041381836
1.874098777770996,True,1.8740959167480469,1.0,0.12590090930461884,7296,0.992263913154602
1.6776937246322632,True,1.6776909828186035,1.0,0.32230573892593384,7297,0.9857810139656067
1.6154570579528809,True,1.6154544353485107,1.0,0.3845421075820923,7298,0.9913854598999023
1.3835780620574951,True,1.3835747241973877,1.0,0.6164202094078064,7299,0.8998287916183472
1.776911973953247,True,1.776909351348877,1.0,0.22308745980262756,7300,0.9751145243644714
1.6461315155029297,True,1.6461290121078491,1.0,0.3538677394390106,7301,0.9429190754890442
1.9605238437652588,True,1.9605202674865723,1.0,0.039476100355386734,7302,0.9486086368560791
1.9709694385528564,True,1.9709662199020386,1.0,0.029030373319983482,7303,0.9583520889282227
1.6700751781463623,True,1.670072317123413,1.0,0.32992419600486755,7304,0.9753055572509766
0.0,False,0.0,1.0,1.9999949932098389,7305,0.2004327028989792
0.0,False,0.0,1.0,1.9999959468841553,7306,0.18215908110141754
0.0,False,0.0,1.0,1.9999953508377075,7307,0.13490551710128784
0.0,False,0.0,1.0,1.9999957084655762,7308,0.2122092992067337
1.9426398277282715,True,1.9426367282867432,1.0,0.05736007168889046,7309,0.9933468103408813
1.9150269031524658,True,1.9150240421295166,1.0,0.0849727988243103,7310,0.989762008190155
1.8072643280029297,True,1.8072614669799805,1.0,0.19273532927036285,7311,0.9896476864814758
1.8804017305374146,True,1.8803987503051758,1.0,0.11959797143936157,7312,0.9929420948028564
1.903398036956787,True,1.9033946990966797,1.0,0.09660167992115021,7313,0.914274275302887
1.827033281326294,True,1.8270301818847656,1.0,0.17296625673770905,7314,0.9925135970115662
0.0,False,0.0,1.0,0.9999983310699463,7315,0.18519435822963715
0.0,False,0.0,1.0,1.9999959468841553,7316,0.1293056160211563
0.9994528889656067,True,0.999451220035553,1.0,1.0005453824996948,7317,0.7306816577911377
1.100379467010498,True,1.1003777980804443,1.0,0.8996185064315796,7318,0.7139266729354858
1.998716115951538,True,1.9987126588821411,1.0,0.001283876015804708,7319,0.9813398718833923
1.80411696434021,True,1.8041138648986816,1.0,0.19588269293308258,7320,0.9198643565177917
1.5844974517822266,True,1.5844948291778564,1.0,0.41550159454345703,7321,0.9632596969604492
0.0,False,0.0,1.0,1.9999964237213135,7322,0.08374016731977463
1.284848928451538,True,1.2848467826843262,1.0,0.7151495814323425,7323,0.5625472068786621
1.993494987487793,True,1.9934918880462646,1.0,0.006504877936094999,7324,0.9708791971206665
1.4721503257751465,True,1.4721477031707764,1.0,0.527848482131958,7325,0.9400606751441956
1.904224157333374,True,1.9042210578918457,1.0,0.09577556699514389,7326,0.8622966408729553
1.8875682353973389,True,1.8875641822814941,1.0,0.11243164539337158,7327,0.7648690342903137
0.0,False,0.0,1.0,0.9999982714653015,7328,0.11772789806127548
1.7864080667495728,True,1.786405086517334,1.0,0.2135913372039795,7329,0.9810224175453186
0.0,False,0.0,1.0,1.9999957084655762,7330,0.2829170525074005
0.0,False,0.0,1.0,1.999996542930603,7331,0.033225107938051224
0.0,False,0.0,1.0,1.9999957084655762,7332,0.27543970942497253
0.0,False,0.0,1.0,1.9999958276748657,7333,0.5357720851898193
0.0,False,0.0,1.0,1.999995231628418,7334,0.18359147012233734
0.0,False,0.0,1.0,1.9999958276748657,7335,0.12346780300140381
0.0,False,0.0,1.0,1.9999940395355225,7336,0.4521232545375824
0.0,False,0.0,1.0,1.9999949932098389,7337,0.21572357416152954
1.9529106616973877,True,1.9529074430465698,1.0,0.04708923399448395,7338,0.9758589863777161
0.0,False,0.0,1.0,1.999995231628418,7339,0.13040336966514587
1.8851432800292969,True,1.8851401805877686,1.0,0.11485642194747925,7340,0.9810431003570557
1.9096258878707886,True,1.9096224308013916,1.0,0.09037388861179352,7341,0.9045945405960083
0.0,False,0.0,1.0,1.9999946355819702,7342,0.3744433522224426
1.9439661502838135,True,1.9439632892608643,1.0,0.056033551692962646,7343,0.984387993812561
1.9023540019989014,True,1.902350902557373,1.0,0.09764579683542252,7344,0.9929004907608032
1.964268684387207,True,1.9642653465270996,1.0,0.03573121130466461,7345,0.941973865032196
1.8232553005218506,True,1.8232524394989014,1.0,0.17674431204795837,7346,0.9903261065483093
1.863792896270752,True,1.8637899160385132,1.0,0.13620688021183014,7347,0.9910186529159546
1.8983218669891357,True,1.8983187675476074,1.0,0.10167796909809113,7348,0.9935542345046997
1.99464750289917,True,1.9946441650390625,1.0,0.005352431908249855,7349,0.9756366610527039
1.7686247825622559,True,1.7686216831207275,1.0,0.23137475550174713,7350,0.992209792137146
1.8204562664031982,True,1.820453405380249,1.0,0.17954328656196594,7351,0.9761483669281006
1.7320427894592285,True,1.7320396900177002,1.0,0.26795661449432373,7352,0.9883246421813965
1.9422451257705688,True,1.9422417879104614,1.0,0.0577547512948513,7353,0.9410109519958496
0.9982397556304932,True,0.9982380867004395,1.0,1.001758098602295,7354,0.8812524080276489
0.0,False,0.0,1.0,1.9999964237213135,7355,0.41275832056999207
0.0,False,0.0,1.0,1.9999957084655762,7356,0.14038601517677307
1.9007532596588135,True,1.900749921798706,1.0,0.09924647957086563,7357,0.9952265024185181
0.0,False,0.0,1.0,1.9999964237213135,7358,0.6837605834007263
1.8725471496582031,True,1.8725436925888062,1.0,0.1274525672197342,7359,0.897629976272583
1.9817538261413574,True,1.98175048828125,1.0,0.018246185034513474,7360,0.9819781184196472
1.937846064567566,True,1.937842845916748,1.0,0.06215376406908035,7361,0.9840084314346313
0.0,False,0.0,1.0,1.9999964237213135,7362,0.008180184289813042
1.9430257081985474,True,1.9430224895477295,1.0,0.05697425827383995,7363,0.9873077273368835
1.982970118522644,True,1.9829671382904053,1.0,0.017029743641614914,7364,0.9547120332717896
1.7797410488128662,True,1.7797383069992065,1.0,0.2202584594488144,7365,0.9533841609954834
1.4146918058395386,True,1.414689540863037,1.0,0.5853070020675659,7366,0.9529789686203003
1.9177287817001343,True,1.9177253246307373,1.0,0.08227109163999557,7367,0.9136471152305603
1.7503552436828613,True,1.750352382659912,1.0,0.24964433908462524,7368,0.9651714563369751
1.9980828762054443,True,1.998079538345337,1.0,0.0019171270541846752,7369,0.9870004653930664
1.998626947402954,True,1.9986236095428467,1.0,0.0013732104562222958,7370,0.9810175895690918
1.9788272380828857,True,1.9788241386413574,1.0,0.02117246389389038,7371,0.9807950854301453
0.0,False,0.0,1.0,1.9999961853027344,7372,0.062072157859802246
1.9938461780548096,True,1.9938428401947021,1.0,0.006153809372335672,7373,0.982730507850647
1.393226146697998,True,1.393223762512207,1.0,0.6067728400230408,7374,0.9892789721488953
1.9972885847091675,True,1.9972853660583496,1.0,0.0027112856041640043,7375,0.9870326519012451
1.9988713264465332,True,1.9988679885864258,1.0,0.0011287153465673327,7376,0.9874312877655029
1.9883215427398682,True,1.9883182048797607,1.0,0.011678365990519524,7377,0.981867790222168
1.9969096183776855,True,1.9969065189361572,1.0,0.0030902675352990627,7378,0.9841002225875854
0.0,False,0.0,1.0,1.9999964237213135,7379,0.219021737575531
0.9857151508331299,True,0.985713005065918,1.0,1.0142823457717896,7380,0.8766955733299255
0.9998941421508789,True,0.9998921751976013,1.0,1.0001035928726196,7381,0.8160049915313721
0.9997959733009338,True,0.9997935891151428,1.0,1.0002012252807617,7382,0.805103063583374
1.4172959327697754,True,1.417293667793274,1.0,0.5827029943466187,7383,0.6518288850784302
0.999584972858429,True,0.9995830059051514,1.0,1.000412106513977,7384,0.856326162815094
1.93455970287323,True,1.934556484222412,1.0,0.06544002890586853,7385,0.49219924211502075
0.9994150400161743,True,0.9994124174118042,1.0,1.0005820989608765,7386,0.895869255065918
1.2977927923202515,True,1.2977901697158813,1.0,0.70220547914505,7387,0.8982099294662476
0.9996079206466675,True,0.9996057748794556,1.0,1.0003892183303833,7388,0.7506553530693054
0.0,False,0.0,1.0,1.999996542930603,7389,0.09038198739290237
1.8520872592926025,True,1.8520841598510742,1.0,0.14791239798069,7390,0.904140293598175
1.8690330982208252,True,1.8690301179885864,1.0,0.1309666782617569,7391,0.9918867945671082
1.741065263748169,True,1.7410625219345093,1.0,0.2589341402053833,7392,0.987764298915863
1.7004001140594482,True,1.7003966569900513,1.0,0.2995990216732025,7393,0.93471360206604
1.8349957466125488,True,1.83499276638031,1.0,0.16500401496887207,7394,0.990153968334198
0.0,False,0.0,1.0,1.9999960660934448,7395,0.06238970160484314
0.0,False,0.0,1.0,1.9999953508377075,7396,0.10550378262996674
0.0,False,0.0,1.0,1.9999961853027344,7397,0.09081197530031204
0.9999067187309265,True,0.999904990196228,1.0,1.000091314315796,7398,0.9150025248527527
0.0,False,0.0,1.0,1.999995470046997,7399,0.3077608644962311
0.9954549074172974,True,0.9954532980918884,1.0,1.0045433044433594,7400,0.907482922077179
1.9918828010559082,True,1.9918794631958008,1.0,0.008117125369608402,7401,0.9730619192123413
0.9986448287963867,True,0.9986426830291748,1.0,1.0013526678085327,7402,0.6418658494949341
1.9359937906265259,True,1.935990571975708,1.0,0.06400591135025024,7403,0.9074062705039978
1.9758979082107544,True,1.9758949279785156,1.0,0.024102043360471725,7404,0.9881117343902588
0.0,False,0.0,1.0,1.9999948740005493,7405,0.2189178317785263
1.144496202468872,True,1.144493818283081,1.0,0.8555013537406921,7406,0.8917702436447144
0.0,False,0.0,1.0,1.9999961853027344,7407,0.2870958745479584
1.3668919801712036,True,1.3668895959854126,1.0,0.633106529712677,7408,0.8780241012573242
0.9986759424209595,True,0.9986735582351685,1.0,1.0013214349746704,7409,0.720220685005188
0.0,False,0.0,1.0,1.999996304512024,7410,0.24442125856876373
1.9308140277862549,True,1.930810809135437,1.0,0.06918587535619736,7411,0.9935445785522461
1.879922866821289,True,1.8799197673797607,1.0,0.12007678300142288,7412,0.9899195432662964
1.9307607412338257,True,1.9307576417922974,1.0,0.06923923641443253,7413,0.9922146201133728
1.8459166288375854,True,1.8459134101867676,1.0,0.1540829986333847,7414,0.9909974336624146
0.0,False,0.0,1.0,1.9999959468841553,7415,0.6604161262512207
1.5314569473266602,True,1.5314545631408691,1.0,0.46854203939437866,7416,0.768593966960907
1.6954100131988525,True,1.6954071521759033,1.0,0.30458933115005493,7417,0.9904319643974304
1.8457013368606567,True,1.8456974029541016,1.0,0.15429818630218506,7418,0.949715793132782
1.7362767457962036,True,1.736274003982544,1.0,0.26372289657592773,7419,0.9501997828483582
0.9996589422225952,True,0.9996570348739624,1.0,1.0003387928009033,7420,0.7758433222770691
1.9906446933746338,True,1.9906415939331055,1.0,0.009355241432785988,7421,0.9785149693489075
1.803459644317627,True,1.8034565448760986,1.0,0.1965400129556656,7422,0.9102306962013245
1.7702479362487793,True,1.7702449560165405,1.0,0.22975152730941772,7423,0.8597896099090576
0.0,False,0.0,1.0,0.9999976754188538,7424,0.24258893728256226
1.995926022529602,True,1.995922565460205,1.0,0.00407407246530056,7425,0.939763605594635
1.9344656467437744,True,1.9344621896743774,1.0,0.065534308552742,7426,0.9556035399436951
1.957533836364746,True,1.9575303792953491,1.0,0.0424659363925457,7427,0.9677464365959167
1.9366862773895264,True,1.936683177947998,1.0,0.0633135735988617,7428,0.8012957572937012
1.9816771745681763,True,1.9816739559173584,1.0,0.018322713673114777,7429,0.9854164719581604
0.0,False,0.0,1.0,1.9999961853027344,7430,0.4425114393234253
1.8682321310043335,True,1.8682290315628052,1.0,0.13176751136779785,7431,0.9537279605865479
1.9970530271530151,True,1.9970495700836182,1.0,0.00294684711843729,7432,0.9667911529541016
0.9961405992507935,True,0.9961385130882263,1.0,1.0038566589355469,7433,0.7035300731658936
1.9604735374450684,True,1.960470199584961,1.0,0.03952619060873985,7434,0.9736065864562988
0.0,False,0.0,1.0,1.9999966621398926,7435,0.3925764560699463
1.105636715888977,True,1.1056342124938965,1.0,0.8943604230880737,7436,0.8651455044746399
1.9625952243804932,True,1.9625918865203857,1.0,0.03740452602505684,7437,0.9799386262893677
0.976840615272522,True,0.976839005947113,1.0,1.0231572389602661,7438,0.9049226641654968
1.9524352550506592,True,1.9524319171905518,1.0,0.04756471514701843,7439,0.9743209481239319
1.5670710802078247,True,1.5670685768127441,1.0,0.43292808532714844,7440,0.9527745246887207
1.9891419410705566,True,1.9891388416290283,1.0,0.010857881046831608,7441,0.9857093095779419
0.0,False,0.0,1.0,1.9999953508377075,7442,0.46703121066093445
1.8881652355194092,True,1.8881620168685913,1.0,0.11183453351259232,7443,0.9486358761787415
1.5857524871826172,True,1.585749626159668,1.0,0.4142465889453888,7444,0.8963139653205872
1.9983456134796143,True,1.9983422756195068,1.0,0.0016543183010071516,7445,0.9710105657577515
1.9576067924499512,True,1.9576034545898438,1.0,0.04239299148321152,7446,0.9730518460273743
1.9728989601135254,True,1.9728953838348389,1.0,0.02710106037557125,7447,0.9816001057624817
1.582573413848877,True,1.5825705528259277,1.0,0.41742539405822754,7448,0.843222439289093
0.0,False,0.0,1.0,0.9999982714653015,7449,0.34985771775245667
1.8573392629623413,True,1.8573360443115234,1.0,0.14266030490398407,7450,0.8160164952278137
0.46231481432914734,True,0.46231403946876526,1.0,1.537682056427002,7451,0.6404419541358948
1.9772764444351196,True,1.9772729873657227,1.0,0.02272341400384903,7452,0.971777617931366
0.9939795732498169,True,0.9939780831336975,1.0,1.0060182809829712,7453,0.9450699090957642
1.9853110313415527,True,1.9853074550628662,1.0,0.014688861556351185,7454,0.9803944826126099
1.9828338623046875,True,1.98283052444458,1.0,0.017166215926408768,7455,0.983371376991272
0.0,False,0.0,1.0,1.9999953508377075,7456,0.0697459951043129
0.0,False,0.0,1.0,1.999995231628418,7457,0.18141211569309235
1.8715771436691284,True,1.8715739250183105,1.0,0.12842267751693726,7458,0.9502342343330383
1.8613722324371338,True,1.8613691329956055,1.0,0.13862760365009308,7459,0.9083496332168579
1.9960131645202637,True,1.9960097074508667,1.0,0.00398678844794631,7460,0.9599547982215881
1.9763081073760986,True,1.976304531097412,1.0,0.023691972717642784,7461,0.972413957118988
1.976496696472168,True,1.9764931201934814,1.0,0.023503180593252182,7462,0.9801973104476929
0.0,False,0.0,1.0,1.9999957084655762,7463,0.4380089044570923
0.9979208707809448,True,0.9979192018508911,1.0,1.0020772218704224,7464,0.9779611229896545
0.0,False,0.0,1.0,1.9999959468841553,7465,0.34983837604522705
1.9439876079559326,True,1.9439845085144043,1.0,0.05601218342781067,7466,0.9828774929046631
1.5632390975952148,True,1.5632359981536865,1.0,0.4367598593235016,7467,0.9394738674163818
0.0,False,0.0,1.0,1.9999964237213135,7468,0.033579662442207336
0.0,False,0.0,1.0,1.9999961853027344,7469,0.02168416976928711
1.9917912483215332,True,1.9917880296707153,1.0,0.008208775892853737,7470,0.9832133054733276
0.0,False,0.0,1.0,1.9999961853027344,7471,0.2787035405635834
0.0,False,0.0,1.0,1.9999957084655762,7472,0.11012227088212967
0.0,False,0.0,1.0,1.9999966621398926,7473,0.009493977762758732
0.0,False,0.0,1.0,1.9999966621398926,7474,0.006498716305941343
0.9992170333862305,True,0.9992153644561768,1.0,1.0007809400558472,7475,0.8599145412445068
0.9981988072395325,True,0.9981970191001892,1.0,1.0017989873886108,7476,0.8965067267417908
0.0,False,0.0,1.0,1.9999959468841553,7477,0.30248942971229553
0.9983699917793274,True,0.9983683824539185,1.0,1.001627802848816,7478,0.8816912174224854
0.999060869216919,True,0.9990593194961548,1.0,1.0009373426437378,7479,0.9121295213699341
1.799577236175537,True,1.7995741367340088,1.0,0.20042243599891663,7480,0.9685274362564087
0.994400143623352,True,0.9943984746932983,1.0,1.005597710609436,7481,0.7419285774230957
0.9997240900993347,True,0.9997224807739258,1.0,1.0002740621566772,7482,0.9465674161911011
1.9954032897949219,True,1.9953999519348145,1.0,0.004596744664013386,7483,0.9890767335891724
0.9962862730026245,True,0.9962847232818604,1.0,1.0037118196487427,7484,0.8376003503799438
1.8459101915359497,True,1.8459067344665527,1.0,0.15408945083618164,7485,0.9063031673431396
0.9999278783798218,True,0.9999263286590576,1.0,1.0000702142715454,7486,0.8963621854782104
0.0,False,0.0,1.0,1.999996304512024,7487,0.17662841081619263
0.9999076128005981,True,0.999906063079834,1.0,1.0000905990600586,7488,0.8649178147315979
1.0730371475219727,True,1.0730353593826294,1.0,0.9269609451293945,7489,0.7487356662750244
1.9526852369308472,True,1.9526818990707397,1.0,0.04731450602412224,7490,0.9672256708145142
0.0,False,0.0,1.0,1.9999948740005493,7491,0.39363235235214233
1.978025197982788,True,1.9780220985412598,1.0,0.021974671632051468,7492,0.9804328680038452
1.9160716533660889,True,1.9160687923431396,1.0,0.08392807096242905,7493,0.9783274531364441
0.0,False,0.0,1.0,1.9999960660934448,7494,0.24951539933681488
1.9767189025878906,True,1.9767155647277832,1.0,0.023281008005142212,7495,0.9376431107521057
1.95553457736969,True,1.955531358718872,1.0,0.0444653294980526,7496,0.938150942325592
1.6045023202896118,True,1.6044994592666626,1.0,0.39549678564071655,7497,0.9655377268791199
1.7389813661575317,True,1.7389782667160034,1.0,0.26101794838905334,7498,0.988814651966095
1.860774040222168,True,1.8607707023620605,1.0,0.13922560214996338,7499,0.9727705717086792
1.8915058374404907,True,1.8915026187896729,1.0,0.10849383473396301,7500,0.9938586354255676
1.1144649982452393,True,1.1144630908966064,1.0,0.8855331540107727,7501,0.9534096121788025
1.9925520420074463,True,1.9925487041473389,1.0,0.007447957061231136,7502,0.9726412892341614
1.8842272758483887,True,1.8842241764068604,1.0,0.1157723143696785,7503,0.996163010597229
1.8996059894561768,True,1.8996028900146484,1.0,0.10039380192756653,7504,0.9747619032859802
0.9995294809341431,True,0.9995278716087341,1.0,1.0004684925079346,7505,0.9048973321914673
0.9951741099357605,True,0.9951724410057068,1.0,1.0048235654830933,7506,0.34608301520347595
1.119022011756897,True,1.1190201044082642,1.0,0.8809757232666016,7507,0.9484972357749939
0.8445832133293152,True,0.8445818424224854,1.0,1.1554144620895386,7508,0.9535337090492249
0.9694827795028687,True,0.9694812297821045,1.0,1.0305150747299194,7509,0.9285071492195129
0.0,False,0.0,1.0,1.9999953508377075,7510,0.24086150527000427
1.6332976818084717,True,1.6332950592041016,1.0,0.36670175194740295,7511,0.643639087677002
0.0,False,0.0,1.0,1.9999957084655762,7512,0.46777692437171936
1.9702138900756836,True,1.9702106714248657,1.0,0.029785940423607826,7513,0.49422910809516907
1.9626545906066895,True,1.9626511335372925,1.0,0.037345387041568756,7514,0.5469029545783997
0.0,False,0.0,1.0,1.9999957084655762,7515,0.25570377707481384
1.9844970703125,True,1.984493613243103,1.0,0.015503022819757462,7516,0.9792746901512146
1.9538272619247437,True,1.9538239240646362,1.0,0.04617265239357948,7517,0.9339049458503723
0.0,False,0.0,1.0,1.999996542930603,7518,0.1668359339237213
1.565871000289917,True,1.5658683776855469,1.0,0.43412816524505615,7519,0.8130224347114563
0.9945322275161743,True,0.994530200958252,1.0,1.0054653882980347,7520,0.8424187302589417
1.999855637550354,True,1.9998524188995361,1.0,0.00014426145935431123,7521,0.5799791216850281
0.9995579123497009,True,0.9995560646057129,1.0,1.0004398822784424,7522,0.8046804666519165
1.7854290008544922,True,1.785426139831543,1.0,0.2145705670118332,7523,0.9222381114959717
1.9153273105621338,True,1.9153242111206055,1.0,0.08467239141464233,7524,0.8005506992340088
1.9705564975738525,True,1.9705536365509033,1.0,0.029443316161632538,7525,0.9739823341369629
1.074422836303711,True,1.0744212865829468,1.0,0.9255755543708801,7526,0.7417817711830139
1.9921376705169678,True,1.9921345710754395,1.0,0.00786229595541954,7527,0.7564092874526978
0.0,False,0.0,1.0,1.9999960660934448,7528,0.422647088766098
0.9999680519104004,True,0.9999663829803467,1.0,1.0000299215316772,7529,0.9554692506790161
1.9638476371765137,True,1.9638444185256958,1.0,0.036152299493551254,7530,0.8615886569023132
0.9992842674255371,True,0.9992825388908386,1.0,1.0007133483886719,7531,0.7628213763237
0.0,False,0.0,1.0,1.999996304512024,7532,0.6116942167282104
0.8904150724411011,True,0.8904135823249817,1.0,1.109582543373108,7533,0.46405741572380066
0.0,False,0.0,1.0,1.9999960660934448,7534,0.576866626739502
1.8350536823272705,True,1.8350508213043213,1.0,0.16494587063789368,7535,0.30809876322746277
1.9996249675750732,True,1.9996219873428345,1.0,0.0003749832685571164,7536,0.9911621809005737
0.9992079734802246,True,0.9992063045501709,1.0,1.000789999961853,7537,0.869672954082489
1.9302046298980713,True,1.9302016496658325,1.0,0.06979521363973618,7538,0.9837080836296082
0.9996488094329834,True,0.9996470808982849,1.0,1.0003490447998047,7539,0.5897937417030334
1.8383538722991943,True,1.838350534439087,1.0,0.16164590418338776,7540,0.9933273792266846
0.0,False,0.0,1.0,1.999996304512024,7541,0.31717678904533386
1.900666356086731,True,1.900662899017334,1.0,0.09933348745107651,7542,0.874240517616272
1.5555332899093628,True,1.5555307865142822,1.0,0.4444658160209656,7543,0.8620854616165161
0.0,False,0.0,1.0,1.9999959468841553,7544,0.08411987125873566
1.595876932144165,True,1.595874309539795,1.0,0.40412214398384094,7545,0.7734364867210388
1.453263759613037,True,1.453261137008667,1.0,0.5467351675033569,7546,0.9609723091125488
0.0,False,0.0,1.0,1.9999957084655762,7547,0.06390929967164993
0.9990521669387817,True,0.9990504384040833,1.0,1.000945806503296,7548,0.8241552114486694
1.3797731399536133,True,1.3797706365585327,1.0,0.6202253699302673,7549,0.9201348423957825
1.9370087385177612,True,1.9370054006576538,1.0,0.06299110502004623,7550,0.9848671555519104
0.0,False,0.0,1.0,1.999995231628418,7551,0.3519682288169861
1.0578964948654175,True,1.0578947067260742,1.0,0.9421017169952393,7552,0.8623033165931702
0.9384433627128601,True,0.9384414553642273,1.0,1.0615543127059937,7553,0.9040822982788086
0.9748941659927368,True,0.974892258644104,1.0,1.0251034498214722,7554,0.951831579208374
1.3082444667816162,True,1.3082420825958252,1.0,0.6917541027069092,7555,0.9087377190589905
0.0,False,0.0,1.0,1.9999961853027344,7556,0.2535753548145294
0.0,False,0.0,1.0,1.999996304512024,7557,0.28039485216140747
0.0,False,0.0,1.0,1.9999947547912598,7558,0.52446448802948
1.6102298498153687,True,1.6102268695831299,1.0,0.3897692859172821,7559,0.8345352411270142
1.9970088005065918,True,1.9970054626464844,1.0,0.0029911035671830177,7560,0.9844932556152344
1.6769309043884277,True,1.6769276857376099,1.0,0.3230683505535126,7561,0.9190778136253357
0.0,False,0.0,1.0,1.9999942779541016,7562,0.30228495597839355
0.0,False,0.0,1.0,1.9999957084655762,7563,0.4167645275592804
1.963371753692627,True,1.9633679389953613,1.0,0.03662827983498573,7564,0.8845232725143433
0.9999992847442627,True,0.999997615814209,1.0,0.9999986290931702,7565,0.6144924759864807
0.9979115128517151,True,0.9979099631309509,1.0,1.0020864009857178,7566,0.6309786438941956
1.9695061445236206,True,1.9695031642913818,1.0,0.030493780970573425,7567,0.9914414882659912
1.993445634841919,True,1.9934425354003906,1.0,0.006554321851581335,7568,0.823631763458252
1.9922261238098145,True,1.9922230243682861,1.0,0.00777370436117053,7569,0.9471771121025085
1.8814291954040527,True,1.8814257383346558,1.0,0.11857059597969055,7570,0.8632113933563232
1.9925742149353027,True,1.9925708770751953,1.0,0.007425596937537193,7571,0.9679312109947205
0.0,False,0.0,1.0,1.9999955892562866,7572,0.5284886360168457
1.4074878692626953,True,1.4074854850769043,1.0,0.5925108194351196,7573,0.952090859413147
0.0,False,0.0,1.0,1.999995231628418,7574,0.2428712546825409
0.0,False,0.0,1.0,1.9999947547912598,7575,0.17077518999576569
0.0,False,0.0,1.0,1.9999949932098389,7576,0.3772428333759308
0.0,False,0.0,0.0,1.999996304512024,6553,0.24324509501457214
0.0,False,0.0,0.0,1.999995470046997,6554,0.4762130379676819
0.0,False,0.0,0.0,1.9999966621398926,6555,0.02064363658428192
0.0,False,0.0,0.0,1.9999960660934448,6556,0.23564442992210388
0.0,False,0.0,0.0,1.999995231628418,6557,0.043168794363737106
0.0,False,0.0,0.0,0.999997615814209,6558,0.22401420772075653
0.0,False,0.0,0.0,1.9999945163726807,6559,0.08395632356405258
0.0,False,0.0,0.0,1.999996542930603,6560,0.012280305847525597
0.0,False,0.0,0.0,1.999995231628418,6561,0.20774973928928375
0.0,False,0.0,0.0,0.9999980926513672,6562,0.3991987407207489
0.0,False,0.0,0.0,1.9999948740005493,6563,0.3534104526042938
0.0,False,0.0,0.0,1.9999955892562866,6564,0.24092628061771393
0.0,False,0.0,0.0,1.9999951124191284,6565,0.15958839654922485
0.0,False,0.0,0.0,1.9999957084655762,6566,0.1288534253835678
0.0,False,0.0,0.0,1.9999959468841553,6567,0.32629144191741943
0.0,False,0.0,0.0,1.9999961853027344,6568,0.07557348161935806
0.0,False,0.0,0.0,1.9999949932098389,6569,0.13042747974395752
0.0,False,0.0,0.0,1.9999961853027344,6570,0.04259476065635681
0.0,False,0.0,0.0,1.999996304512024,6571,0.1671348512172699
1.1446431875228882,True,1.1446412801742554,0.0,0.8553551435470581,6572,0.8783027529716492
0.0,False,0.0,0.0,1.9999961853027344,6573,0.06051908805966377
0.0,False,0.0,0.0,1.9999957084655762,6574,0.37255874276161194
0.0,False,0.0,0.0,1.9999961853027344,6575,0.10730759054422379
0.0,False,0.0,0.0,1.9999964237213135,6576,0.015494910068809986
0.0,False,0.0,0.0,1.9999953508377075,6577,0.5158731341362
0.0,False,0.0,0.0,1.9999964237213135,6578,0.13573817908763885
0.0,False,0.0,0.0,1.999996304512024,6579,0.06770119071006775
0.0,False,0.0,0.0,1.9999955892562866,6580,0.0448639839887619
1.9048709869384766,True,1.9048680067062378,0.0,0.0951288715004921,6581,0.9656489491462708
0.0,False,0.0,0.0,1.9999960660934448,6582,0.021989861503243446
0.0,False,0.0,0.0,1.9999959468841553,6583,0.009078077971935272
0.0,False,0.0,0.0,1.9999959468841553,6584,0.057259880006313324
0.0,False,0.0,0.0,1.9999955892562866,6585,0.14464327692985535
0.0,False,0.0,0.0,1.9999957084655762,6586,0.01225962396711111
0.0,False,0.0,0.0,1.9999951124191284,6587,0.08445235341787338
0.0,False,0.0,0.0,1.999995470046997,6588,0.001705158269032836
0.0,False,0.0,0.0,1.9999949932098389,6589,0.0901823490858078
0.0,False,0.0,0.0,1.999996304512024,6590,0.05239207670092583
0.0,False,0.0,0.0,1.9999947547912598,6591,0.5141803622245789
0.0,False,0.0,0.0,1.9999955892562866,6592,0.03727283328771591
0.0,False,0.0,0.0,1.999995470046997,6593,0.003924575634300709
0.0,False,0.0,0.0,1.9999958276748657,6594,0.003321878146380186
0.0,False,0.0,0.0,1.9999958276748657,6595,0.16783715784549713
0.0,False,0.0,0.0,1.9999959468841553,6596,0.0635489746928215
0.0,False,0.0,0.0,1.9999959468841553,6597,0.032858557999134064
0.0,False,0.0,0.0,1.9999964237213135,6598,0.06783487647771835
0.0,False,0.0,0.0,1.9999957084655762,6599,0.25125986337661743
0.0,False,0.0,0.0,1.999996542930603,6600,0.03124988079071045
0.0,False,0.0,0.0,1.9999949932098389,6601,0.1248401626944542
0.0,False,0.0,0.0,1.9999958276748657,6602,0.09046956151723862
0.0,False,0.0,0.0,1.999995470046997,6603,0.5198264122009277
0.0,False,0.0,0.0,1.999995470046997,6604,0.5999965667724609
0.0,False,0.0,0.0,1.999995470046997,6605,0.5314528942108154
0.0,False,0.0,0.0,1.999995231628418,6606,0.0337238647043705
1.7444095611572266,True,1.7444064617156982,0.0,0.25558987259864807,6607,0.5878397226333618
0.0,False,0.0,0.0,1.9999959468841553,6608,0.05638757348060608
0.0,False,0.0,0.0,1.999995470046997,6609,0.15536080300807953
0.0,False,0.0,0.0,1.9999959468841553,6610,0.0444861464202404
0.0,False,0.0,0.0,1.9999958276748657,6611,0.12750595808029175
0.0,False,0.0,0.0,1.9999961853027344,6612,0.16574952006340027
0.0,False,0.0,0.0,1.9999957084655762,6613,0.03755905479192734
1.0,True,0.9999983906745911,0.0,0.9999978542327881,6614,0.2914584279060364
0.0,False,0.0,0.0,1.9999960660934448,6615,0.012017899192869663
0.0,False,0.0,0.0,1.9999957084655762,6616,0.0897291898727417
0.0,False,0.0,0.0,1.9999959468841553,6617,0.22404702007770538
0.0,False,0.0,0.0,0.9999979734420776,6618,0.13447925448417664
0.0,False,0.0,0.0,1.9999961853027344,6619,0.41184407472610474
0.0,False,0.0,0.0,1.9999961853027344,6620,0.33473244309425354
0.0,False,0.0,0.0,1.9999957084655762,6621,0.14688026905059814
0.0,False,0.0,0.0,1.9999921321868896,6622,0.25592461228370667
0.0,False,0.0,0.0,1.999995470046997,6623,0.36282607913017273
0.0,False,0.0,0.0,1.999996304512024,6624,0.014718582853674889
0.0,False,0.0,0.0,0.9999982714653015,6625,0.4932684302330017
0.0,False,0.0,0.0,1.9999953508377075,6626,0.802517294883728
0.0,False,0.0,0.0,1.9999964237213135,6627,0.06887482106685638
0.0,False,0.0,0.0,1.9999959468841553,6628,0.02261938713490963
0.0,False,0.0,0.0,1.9999959468841553,6629,0.011777915060520172
0.0,False,0.0,0.0,1.9999957084655762,6630,0.0020102779380977154
0.0,False,0.0,0.0,1.9999964237213135,6631,0.016689039766788483
0.0,False,0.0,0.0,1.9999958276748657,6632,0.013338137418031693
0.0,False,0.0,0.0,1.9999957084655762,6633,0.0028351342771202326
0.0,False,0.0,0.0,1.9999964237213135,6634,0.08079306036233902
0.0,False,0.0,0.0,1.9999964237213135,6635,0.014731471426784992
0.0,False,0.0,0.0,1.999996304512024,6636,0.5100295543670654
0.0,False,0.0,0.0,1.9999960660934448,6637,0.0012024935567751527
0.0,False,0.0,0.0,1.9999957084655762,6638,0.42869213223457336
0.0,False,0.0,0.0,1.9999966621398926,6639,0.04646213725209236
0.0,False,0.0,0.0,1.9999949932098389,6640,0.10972054302692413
0.0,False,0.0,0.0,1.9999957084655762,6641,0.1944601982831955
0.0,False,0.0,0.0,1.999995470046997,6642,0.37741419672966003
0.0,False,0.0,0.0,1.9999959468841553,6643,0.423046737909317
0.0,False,0.0,0.0,1.9999957084655762,6644,0.06658977270126343
0.0,False,0.0,0.0,1.9999957084655762,6645,0.2320692241191864
0.0,False,0.0,0.0,1.9999960660934448,6646,0.4213455021381378
0.0,False,0.0,0.0,1.9999949932098389,6647,0.05470101535320282
0.0,False,0.0,0.0,1.9999942779541016,6648,0.047685958445072174
0.0,False,0.0,0.0,1.9999955892562866,6649,0.0850682184100151
0.0,False,0.0,0.0,1.9999957084655762,6650,0.0972856804728508
0.0,False,0.0,0.0,1.9999949932098389,6651,0.14865732192993164
0.0,False,0.0,0.0,1.999995470046997,6652,0.3855034112930298
0.0,False,0.0,0.0,1.9999960660934448,6653,0.08965300768613815
1.6579334735870361,True,1.657930850982666,0.0,0.3420657515525818,6654,0.9745698571205139
0.0,False,0.0,0.0,1.9999947547912598,6655,0.41756072640419006
0.0,False,0.0,0.0,1.9999961853027344,6656,0.013235706835985184
0.0,False,0.0,0.0,1.999995470046997,6657,0.14820615947246552
0.0,False,0.0,0.0,1.9999959468841553,6658,0.04092079773545265
0.0,False,0.0,0.0,1.9999964237213135,6659,0.022930288687348366
0.0,False,0.0,0.0,1.9999960660934448,6660,0.033766813576221466
1.3481005430221558,True,1.3480979204177856,0.0,0.6518977880477905,6661,0.8480826020240784
0.0,False,0.0,0.0,1.9999960660934448,6662,0.04399275407195091
1.9727308750152588,True,1.9727272987365723,0.0,0.027268968522548676,6663,0.9496091604232788
0.0,False,0.0,0.0,1.9999948740005493,6664,0.032943278551101685
0.0,False,0.0,0.0,1.9999945163726807,6665,0.20726895332336426
0.0,False,0.0,0.0,1.999995231628418,6666,0.11652027815580368
0.0,False,0.0,0.0,1.9999961853027344,6667,0.05690127611160278
0.0,False,0.0,0.0,1.9999958276748657,6668,0.006747673265635967
0.9947559833526611,True,0.9947539567947388,0.0,1.0052412748336792,6669,0.6737828850746155
0.0,False,0.0,0.0,1.9999964237213135,6670,0.05649743974208832
0.0,False,0.0,0.0,1.9999964237213135,6671,0.003284865291789174
0.0,False,0.0,0.0,1.9999959468841553,6672,0.140471950173378
0.9995405673980713,True,0.999538242816925,0.0,1.0004569292068481,6673,0.9329182505607605
0.0,False,0.0,0.0,1.9999958276748657,6674,0.0123754246160388
0.0,False,0.0,0.0,1.999996304512024,6675,0.20563632249832153
0.0,False,0.0,0.0,1.9999961853027344,6676,0.02343461662530899
0.0,False,0.0,0.0,1.999992847442627,6677,0.30249881744384766
0.0,False,0.0,0.0,1.9999959468841553,6678,0.0048777200281620026
0.0,False,0.0,0.0,1.9999949932098389,6679,0.11454671621322632
0.0,False,0.0,0.0,1.9999943971633911,6680,0.051495909690856934
0.0,False,0.0,0.0,1.9999943971633911,6681,0.5292543768882751
0.0,False,0.0,0.0,1.9999957084655762,6682,0.26131969690322876
1.6998393535614014,True,1.6998361349105835,0.0,0.30015987157821655,6683,0.8533326983451843
0.0,False,0.0,0.0,1.9999955892562866,6684,0.2857571840286255
0.0,False,0.0,0.0,1.9999947547912598,6685,0.1878897249698639
0.0,False,0.0,0.0,1.9999959468841553,6686,0.4044032096862793
0.0,False,0.0,0.0,1.9999949932098389,6687,0.014265946112573147
0.0,False,0.0,0.0,1.9999959468841553,6688,0.12219755351543427
0.0,False,0.0,0.0,1.999995231628418,6689,0.36692073941230774
0.0,False,0.0,0.0,1.999995231628418,6690,0.17035548388957977
0.0,False,0.0,0.0,1.9999951124191284,6691,0.21034987270832062
0.0,False,0.0,0.0,1.9999949932098389,6692,0.07642065733671188
0.0,False,0.0,0.0,1.999995231628418,6693,0.005570968147367239
0.0,False,0.0,0.0,1.999995231628418,6694,0.030745379626750946
0.0,False,0.0,0.0,1.9999957084655762,6695,0.03219614923000336
0.0,False,0.0,0.0,1.9999958276748657,6696,0.19622698426246643
0.0,False,0.0,0.0,1.9999955892562866,6697,0.06536564230918884
0.0,False,0.0,0.0,1.999995231628418,6698,0.231807678937912
0.0,False,0.0,0.0,1.9999949932098389,6699,0.13132040202617645
0.0,False,0.0,0.0,1.9999964237213135,6700,0.12191153317689896
0.0,False,0.0,0.0,1.999996542930603,6701,0.18191049993038177
0.0,False,0.0,0.0,1.999996304512024,6702,0.006464902311563492
0.0,False,0.0,0.0,1.9999960660934448,6703,0.006498279515653849
0.0,False,0.0,0.0,1.9999961853027344,6704,0.010162671096622944
0.0,False,0.0,0.0,1.9999964237213135,6705,0.17648857831954956
0.0,False,0.0,0.0,1.9999960660934448,6706,0.011372624896466732
0.0,False,0.0,0.0,1.9999945163726807,6707,0.054985832422971725
0.0,False,0.0,0.0,1.999995470046997,6708,0.027559297159314156
0.0,False,0.0,0.0,1.9999958276748657,6709,0.03069111704826355
0.0,False,0.0,0.0,1.9999959468841553,6710,0.21682707965373993
0.0,False,0.0,0.0,1.9999964237213135,6711,0.025586333125829697
0.0,False,0.0,0.0,1.9999953508377075,6712,0.003828897140920162
0.0,False,0.0,0.0,1.999996542930603,6713,0.14869217574596405
0.0,False,0.0,0.0,1.9999957084655762,6714,0.7208753228187561
0.9954428672790527,True,0.9954409003257751,0.0,1.0045547485351562,6715,0.8418754935264587
0.0,False,0.0,0.0,1.9999964237213135,6716,0.4431687891483307
0.0,False,0.0,0.0,1.999996304512024,6717,0.06796051561832428
0.0,False,0.0,0.0,1.9999959468841553,6718,0.11235176771879196
0.0,False,0.0,0.0,1.9999959468841553,6719,0.08924035727977753
0.9992328882217407,True,0.9992309212684631,0.0,1.00076425075531,6720,0.8843189477920532
0.0,False,0.0,0.0,1.999996542930603,6721,0.017390472814440727
0.0,False,0.0,0.0,1.9999966621398926,6722,0.15728770196437836
0.0,False,0.0,0.0,1.9999940395355225,6723,0.10565204173326492
0.0,False,0.0,0.0,1.9999949932098389,6724,0.020108385011553764
0.0,False,0.0,0.0,1.9999964237213135,6725,0.07851869612932205
0.0,False,0.0,0.0,1.9999961853027344,6726,0.3434827923774719
0.0,False,0.0,0.0,1.9999961853027344,6727,0.025987030938267708
0.9234724044799805,True,0.9234707355499268,0.0,1.076525330543518,6728,0.20218704640865326
0.0,False,0.0,0.0,1.9999949932098389,6729,0.09186850488185883
0.0,False,0.0,0.0,1.999995231628418,6730,0.10899880528450012
0.0,False,0.0,0.0,1.9999942779541016,6731,0.10099922865629196
0.0,False,0.0,0.0,1.9999961853027344,6732,0.28050148487091064
0.0,False,0.0,0.0,1.9999955892562866,6733,0.006953360512852669
0.0,False,0.0,0.0,1.9999957084655762,6734,0.1134353056550026
0.9997666478157043,True,0.9997645020484924,0.0,1.0002306699752808,6735,0.3824101984500885
0.0,False,0.0,0.0,1.9999959468841553,6736,0.44827520847320557
0.9991268515586853,True,0.9991248250007629,0.0,1.0008705854415894,6737,0.8036429286003113
0.9997990727424622,True,0.9997974634170532,0.0,1.0001990795135498,6738,0.11338641494512558
0.0,False,0.0,0.0,1.9999938011169434,6739,0.04016759991645813
0.0,False,0.0,0.0,1.9999945163726807,6740,0.06415954977273941
0.0,False,0.0,0.0,1.999994158744812,6741,0.11097082495689392
0.0,False,0.0,0.0,1.9999933242797852,6742,0.08166217803955078
0.0,False,0.0,0.0,1.9999942779541016,6743,0.24991890788078308
0.0,False,0.0,0.0,1.9999949932098389,6744,0.19680887460708618
0.9997811317443848,True,0.9997788667678833,0.0,1.0002158880233765,6745,0.7131390571594238
0.0,False,0.0,0.0,1.9999946355819702,6746,0.1845063418149948
0.0,False,0.0,0.0,1.9999959468841553,6747,0.008290194906294346
0.0,False,0.0,0.0,1.999995470046997,6748,0.1515740603208542
0.0,False,0.0,0.0,1.9999959468841553,6749,0.2722119390964508
1.0010366439819336,True,1.0010344982147217,0.0,0.9989597797393799,6750,0.7417923212051392
0.0,False,0.0,0.0,1.9999923706054688,6751,0.622495174407959
0.0,False,0.0,0.0,1.9999935626983643,6752,0.05053645372390747
0.0,False,0.0,0.0,1.9999932050704956,6753,0.1334886997938156
0.0,False,0.0,0.0,1.9999923706054688,6754,0.265896737575531
0.0,False,0.0,0.0,1.9999940395355225,6755,0.14202144742012024
0.0,False,0.0,0.0,1.9999947547912598,6756,0.20371098816394806
0.0,False,0.0,0.0,1.9999949932098389,6757,0.11747188121080399
0.9976078271865845,True,0.997605562210083,0.0,1.0023891925811768,6758,0.7633647322654724
0.0,False,0.0,0.0,1.9999964237213135,6759,0.04032136872410774
0.0,False,0.0,0.0,1.9999949932098389,6760,0.10323835909366608
0.0,False,0.0,0.0,1.9999940395355225,6761,0.2279617041349411
0.0,False,0.0,0.0,1.9999961853027344,6762,0.030119767412543297
0.0,False,0.0,0.0,1.999995470046997,6763,0.01240371074527502
0.0,False,0.0,0.0,1.9999947547912598,6764,0.04014626517891884
0.0,False,0.0,0.0,1.9999961853027344,6765,0.04510904476046562
0.0,False,0.0,0.0,1.9999957084655762,6766,0.3630147874355316
0.0,False,0.0,0.0,1.9999947547912598,6767,0.15213914215564728
1.9971611499786377,True,1.9971580505371094,0.0,0.002838632557541132,6768,0.9916489124298096
0.0,False,0.0,0.0,1.9999964237213135,6769,0.2149641364812851
0.0,False,0.0,0.0,1.9999958276748657,6770,0.027297107502818108
0.0,False,0.0,0.0,1.9999945163726807,6771,0.06696636974811554
0.0,False,0.0,0.0,1.9999964237213135,6772,0.03501851484179497
0.0,False,0.0,0.0,1.999995231628418,6773,0.2424338310956955
0.0,False,0.0,0.0,1.9999957084655762,6774,0.08541517704725266
0.0,False,0.0,0.0,1.9999951124191284,6775,0.2701619565486908
0.0,False,0.0,0.0,1.999995231628418,6776,0.5998266339302063
0.0,False,0.0,0.0,1.9999958276748657,6777,0.2684192359447479
0.0,False,0.0,0.0,1.9999959468841553,6778,0.03348689153790474
0.0,False,0.0,0.0,1.9999955892562866,6779,0.024376699700951576
0.0,False,0.0,0.0,1.999996304512024,6780,0.04075336083769798
0.0,False,0.0,0.0,1.9999955892562866,6781,0.011016490869224072
0.0,False,0.0,0.0,1.9999933242797852,6782,0.05486667901277542
0.0,False,0.0,0.0,1.9999961853027344,6783,0.13222678005695343
0.0,False,0.0,0.0,1.9999947547912598,6784,0.297699511051178
0.0,False,0.0,0.0,1.9999964237213135,6785,0.01539350114762783
0.0,False,0.0,0.0,1.9999959468841553,6786,0.31814315915107727
0.0,False,0.0,0.0,1.9999940395355225,6787,0.07827186584472656
0.0,False,0.0,0.0,1.999996542930603,6788,0.12581343948841095
0.0,False,0.0,0.0,1.9999958276748657,6789,0.06458979099988937
0.0,False,0.0,0.0,1.9999964237213135,6790,0.08292373269796371
0.0,False,0.0,0.0,1.9999953508377075,6791,0.17049098014831543
0.0,False,0.0,0.0,1.9999942779541016,6792,0.06249269098043442
0.0,False,0.0,0.0,1.9999961853027344,6793,0.02489388920366764
1.0,True,0.9999977350234985,0.0,0.9999973773956299,6794,0.7777354717254639
0.0,False,0.0,0.0,1.9999951124191284,6795,0.3775885999202728
0.0,False,0.0,0.0,1.9999936819076538,6796,0.06958971172571182
0.0,False,0.0,0.0,1.9999949932098389,6797,0.13894425332546234
0.0,False,0.0,0.0,1.999995470046997,6798,0.2894168198108673
0.0,False,0.0,0.0,1.9999949932098389,6799,0.1688961386680603
0.0,False,0.0,0.0,1.9999960660934448,6800,0.16073107719421387
0.0,False,0.0,0.0,1.9999959468841553,6801,0.0421394519507885
0.0,False,0.0,0.0,1.999996304512024,6802,0.26671427488327026
0.0,False,0.0,0.0,1.9999959468841553,6803,0.01800270937383175
0.0,False,0.0,0.0,1.9999961853027344,6804,0.1704767346382141
0.0,False,0.0,0.0,1.9999958276748657,6805,0.2281908541917801
0.0,False,0.0,0.0,1.999995231628418,6806,0.1839701533317566
0.0,False,0.0,0.0,1.9999959468841553,6807,0.07090610265731812
0.0,False,0.0,0.0,1.9999933242797852,6808,0.17588083446025848
0.0,False,0.0,0.0,1.9999961853027344,6809,0.07828982174396515
0.0,False,0.0,0.0,0.9999979734420776,6810,0.11863238364458084
0.0,False,0.0,0.0,1.9999945163726807,6811,0.21675235033035278
0.0,False,0.0,0.0,1.9999961853027344,6812,0.4181768000125885
0.0,False,0.0,0.0,1.9999957084655762,6813,0.005070338491350412
0.0,False,0.0,0.0,1.9999947547912598,6814,0.07838281244039536
0.0,False,0.0,0.0,1.999995470046997,6815,0.23606033623218536
0.0,False,0.0,0.0,1.9999961853027344,6816,0.1050821915268898
0.0,False,0.0,0.0,1.9999947547912598,6817,0.08132876455783844
0.0,False,0.0,0.0,1.9999959468841553,6818,0.3549281656742096
0.0,False,0.0,0.0,1.999995231628418,6819,0.11800004541873932
0.0,False,0.0,0.0,1.9999933242797852,6820,0.09208856523036957
0.0,False,0.0,0.0,1.9999960660934448,6821,0.2023610770702362
0.0,False,0.0,0.0,1.9999942779541016,6822,0.338546484708786
0.0,False,0.0,0.0,1.999996542930603,6823,0.01611962541937828
0.0,False,0.0,0.0,1.9999949932098389,6824,0.6448179483413696
0.0,False,0.0,0.0,1.9999957084655762,6825,0.045542437583208084
0.0,False,0.0,0.0,1.9999959468841553,6826,0.01149849221110344
0.0,False,0.0,0.0,1.9999948740005493,6827,0.05019345507025719
0.0,False,0.0,0.0,1.9999948740005493,6828,0.13730689883232117
0.0,False,0.0,0.0,1.9999961853027344,6829,0.0030107481870800257
0.0,False,0.0,0.0,1.9999961853027344,6830,0.1675741821527481
0.0,False,0.0,0.0,1.999995470046997,6831,0.12221350520849228
0.0,False,0.0,0.0,1.9999959468841553,6832,0.26973000168800354
0.0,False,0.0,0.0,0.9999977350234985,6833,0.08600017428398132
0.0,False,0.0,0.0,1.9999958276748657,6834,0.03227301314473152
0.0,False,0.0,0.0,1.9999955892562866,6835,0.027271699160337448
0.0,False,0.0,0.0,0.9999977350234985,6836,0.3189123272895813
0.0,False,0.0,0.0,1.9999947547912598,6837,0.6773465275764465
0.0,False,0.0,0.0,1.9999951124191284,6838,0.3012109696865082
0.0,False,0.0,0.0,1.9999940395355225,6839,0.14088621735572815
0.0,False,0.0,0.0,1.9999959468841553,6840,0.1182272881269455
0.0,False,0.0,0.0,1.999995231628418,6841,0.3011741638183594
0.0,False,0.0,0.0,1.9999942779541016,6842,0.44495463371276855
0.0,False,0.0,0.0,1.9999959468841553,6843,0.011904529295861721
0.9995079040527344,True,0.9995059967041016,0.0,1.000489592552185,6844,0.8057851195335388
0.0,False,0.0,0.0,1.9999934434890747,6845,0.09534317255020142
0.0,False,0.0,0.0,1.9999933242797852,6846,0.14453305304050446
0.0,False,0.0,0.0,1.999995231628418,6847,0.6164374351501465
0.0,False,0.0,0.0,1.9999960660934448,6848,0.025648174807429314
0.0,False,0.0,0.0,1.999995231628418,6849,0.2264353632926941
0.0,False,0.0,0.0,1.999994158744812,6850,0.48982930183410645
0.0,False,0.0,0.0,1.9999964237213135,6851,0.6107476353645325
0.0,False,0.0,0.0,1.999996304512024,6852,0.04980895668268204
0.0,False,0.0,0.0,1.9999964237213135,6853,0.027963675558567047
0.0,False,0.0,0.0,1.9999955892562866,6854,0.24212844669818878
0.0,False,0.0,0.0,1.9999961853027344,6855,0.2110201120376587
0.0,False,0.0,0.0,1.9999958276748657,6856,0.005950172431766987
0.0,False,0.0,0.0,1.9999957084655762,6857,0.0017682953039184213
1.774237036705017,True,1.7742341756820679,0.0,0.22576257586479187,6858,0.9474462866783142
0.0,False,0.0,0.0,1.9999958276748657,6859,0.07107411324977875
0.0,False,0.0,0.0,1.9999959468841553,6860,0.09581156075000763
0.0,False,0.0,0.0,1.999996542930603,6861,0.48831817507743835
0.0,False,0.0,0.0,1.9999959468841553,6862,0.08160070329904556
0.0,False,0.0,0.0,1.9999947547912598,6863,0.07229117304086685
0.0,False,0.0,0.0,1.9999964237213135,6864,0.0018892869120463729
0.0,False,0.0,0.0,1.9999958276748657,6865,0.1500253975391388
0.0,False,0.0,0.0,1.999995231628418,6866,0.2119760513305664
0.0,False,0.0,0.0,1.9999957084655762,6867,0.00788133218884468
0.0,False,0.0,0.0,1.999996304512024,6868,0.4040875732898712
0.0,False,0.0,0.0,1.9999945163726807,6869,0.08205384761095047
0.0,False,0.0,0.0,1.999996542930603,6870,0.05253012478351593
0.0,False,0.0,0.0,0.9999973773956299,6871,0.10092302411794662
0.0,False,0.0,0.0,1.9999958276748657,6872,0.31327366828918457
0.0,False,0.0,0.0,0.9999979138374329,6873,0.01737057790160179
0.0,False,0.0,0.0,1.9999934434890747,6874,0.16058780252933502
0.0,False,0.0,0.0,1.9999964237213135,6875,0.02011219598352909
0.0,False,0.0,0.0,1.9999964237213135,6876,0.0345764085650444
0.0,False,0.0,0.0,1.999996304512024,6877,0.03955875709652901
0.0,False,0.0,0.0,1.9999948740005493,6878,0.17007507383823395
0.0,False,0.0,0.0,1.9999964237213135,6879,0.015567400492727757
0.0,False,0.0,0.0,1.9999957084655762,6880,0.08107602596282959
0.0,False,0.0,0.0,1.999996304512024,6881,0.07512649148702621
0.0,False,0.0,0.0,1.9999957084655762,6882,0.08101864904165268
0.0,False,0.0,0.0,1.9999959468841553,6883,0.32285410165786743
0.0,False,0.0,0.0,1.9999957084655762,6884,0.0068482523784041405
0.0,False,0.0,0.0,1.9999961853027344,6885,0.04672598838806152
0.0,False,0.0,0.0,1.9999957084655762,6886,0.016832085326313972
0.0,False,0.0,0.0,1.9999947547912598,6887,0.07455452531576157
0.0,False,0.0,0.0,1.9999960660934448,6888,0.04168467968702316
0.0,False,0.0,0.0,1.9999961853027344,6889,0.009084981866180897
0.0,False,0.0,0.0,1.9999964237213135,6890,0.057902585715055466
0.0,False,0.0,0.0,1.9999953508377075,6891,0.20313714444637299
0.0,False,0.0,0.0,1.9999959468841553,6892,0.22959153354167938
0.0,False,0.0,0.0,1.9999957084655762,6893,0.17937861382961273
0.9075756669044495,True,0.9075741767883301,0.0,1.0924222469329834,6894,0.734557032585144
0.0,False,0.0,0.0,1.999995231628418,6895,0.12392265349626541
0.0,False,0.0,0.0,1.999995231628418,6896,0.3239609897136688
0.0,False,0.0,0.0,1.9999959468841553,6897,0.2395291030406952
0.0,False,0.0,0.0,1.9999964237213135,6898,0.0035872275475412607
0.0,False,0.0,0.0,1.9999959468841553,6899,0.16488303244113922
0.0,False,0.0,0.0,1.9999953508377075,6900,0.111275315284729
0.0,False,0.0,0.0,0.999998152256012,6901,0.006674002856016159
0.0,False,0.0,0.0,1.999996542930603,6902,0.007574409246444702
0.0,False,0.0,0.0,1.9999957084655762,6903,0.02030341885983944
0.0,False,0.0,0.0,1.9999959468841553,6904,0.3713262975215912
0.0,False,0.0,0.0,1.9999961853027344,6905,0.002161414595320821
0.0,False,0.0,0.0,1.9999960660934448,6906,0.2541731595993042
0.0,False,0.0,0.0,1.9999949932098389,6907,0.26622214913368225
0.0,False,0.0,0.0,1.9999961853027344,6908,0.0019166067941114306
0.0,False,0.0,0.0,1.9999961853027344,6909,0.12612920999526978
0.0,False,0.0,0.0,1.9999960660934448,6910,0.18621529638767242
0.0,False,0.0,0.0,1.9999961853027344,6911,0.047162316739559174
0.0,False,0.0,0.0,1.9999955892562866,6912,0.12892554700374603
0.0,False,0.0,0.0,1.999995470046997,6913,0.2778007984161377
0.0,False,0.0,0.0,1.9999957084655762,6914,0.2537364959716797
0.0,False,0.0,0.0,1.9999960660934448,6915,0.24285493791103363
0.0,False,0.0,0.0,1.999996542930603,6916,0.1053452119231224
0.0,False,0.0,0.0,1.9999959468841553,6917,0.21695370972156525
0.0,False,0.0,0.0,1.999995231628418,6918,0.19929488003253937
0.0,False,0.0,0.0,1.9999961853027344,6919,0.04117337614297867
0.0,False,0.0,0.0,1.9999960660934448,6920,0.46978336572647095
0.0,False,0.0,0.0,1.999996542930603,6921,0.3237529397010803
0.0,False,0.0,0.0,1.9999964237213135,6922,0.23856283724308014
0.0,False,0.0,0.0,1.9999960660934448,6923,0.20078878104686737
0.0,False,0.0,0.0,1.9999957084655762,6924,0.27297529578208923
0.0,False,0.0,0.0,1.999995470046997,6925,0.11284592002630234
0.0,False,0.0,0.0,1.9999959468841553,6926,0.09196069836616516
0.0,False,0.0,0.0,1.9999964237213135,6927,0.16180147230625153
0.0,False,0.0,0.0,1.9999958276748657,6928,0.07892285287380219
0.0,False,0.0,0.0,1.9999958276748657,6929,0.029978333041071892
0.0,False,0.0,0.0,1.9999947547912598,6930,0.00941289123147726
0.0,False,0.0,0.0,1.9999951124191284,6931,0.10957174748182297
0.0,False,0.0,0.0,1.9999961853027344,6932,0.012378863990306854
0.0,False,0.0,0.0,1.9999951124191284,6933,0.11945410072803497
0.0,False,0.0,0.0,1.9999961853027344,6934,0.032733574509620667
0.0,False,0.0,0.0,1.9999957084655762,6935,0.018944082781672478
0.0,False,0.0,0.0,1.9999957084655762,6936,0.05697448179125786
0.0,False,0.0,0.0,1.9999957084655762,6937,0.006125213578343391
0.0,False,0.0,0.0,1.9999961853027344,6938,0.005689593497663736
0.0,False,0.0,0.0,1.9999958276748657,6939,0.011242673732340336
0.0,False,0.0,0.0,1.9999960660934448,6940,0.07036988437175751
0.0,False,0.0,0.0,1.999995231628418,6941,0.6623921990394592
0.0,False,0.0,0.0,1.999995470046997,6942,0.1565198302268982
0.0,False,0.0,0.0,1.9999957084655762,6943,0.48396244645118713
0.0,False,0.0,0.0,1.999995470046997,6944,0.008879940956830978
0.0,False,0.0,0.0,1.9999959468841553,6945,0.3988439440727234
0.0,False,0.0,0.0,1.9999959468841553,6946,0.48645082116127014
0.0,False,0.0,0.0,1.9999960660934448,6947,0.04402017593383789
0.0,False,0.0,0.0,1.999995470046997,6948,0.2842101752758026
0.0,False,0.0,0.0,1.9999961853027344,6949,0.006851768586784601
0.0,False,0.0,0.0,1.9999959468841553,6950,0.05494625121355057
0.0,False,0.0,0.0,1.9999953508377075,6951,0.022840790450572968
0.0,False,0.0,0.0,1.9999938011169434,6952,0.3260359764099121
0.0,False,0.0,0.0,1.9999961853027344,6953,0.08646516501903534
0.0,False,0.0,0.0,1.9999961853027344,6954,0.7036914825439453
0.0,False,0.0,0.0,1.9999960660934448,6955,0.3527376055717468
0.0,False,0.0,0.0,1.9999961853027344,6956,0.057494375854730606
0.0,False,0.0,0.0,1.999995231628418,6957,0.05815674364566803
0.0,False,0.0,0.0,1.9999960660934448,6958,0.0016203592531383038
0.0,False,0.0,0.0,1.9999957084655762,6959,0.08730541914701462
0.0,False,0.0,0.0,1.9999966621398926,6960,0.05217302218079567
0.0,False,0.0,0.0,1.999995231628418,6961,0.04716525226831436
0.0,False,0.0,0.0,1.9999958276748657,6962,0.10404113680124283
0.0,False,0.0,0.0,1.9999957084655762,6963,0.012834831140935421
0.0,False,0.0,0.0,1.999996304512024,6964,0.010823061689734459
0.0,False,0.0,0.0,1.9999947547912598,6965,0.09627316892147064
0.0,False,0.0,0.0,1.9999964237213135,6966,0.06099716201424599
1.9481983184814453,True,1.9481950998306274,0.0,0.051801521331071854,6967,0.21626043319702148
0.0,False,0.0,0.0,1.9999964237213135,6968,0.1404261291027069
0.0,False,0.0,0.0,1.999996304512024,6969,0.008020794950425625
0.0,False,0.0,0.0,1.9999959468841553,6970,0.013262475840747356
0.9999996423721313,True,0.9999980330467224,0.0,0.9999985098838806,6971,0.8139432072639465
0.0,False,0.0,0.0,1.9999961853027344,6972,0.013480477035045624
0.0,False,0.0,0.0,1.9999961853027344,6973,0.022020278498530388
0.0,False,0.0,0.0,1.9999960660934448,6974,0.12030022591352463
0.0,False,0.0,0.0,1.9999961853027344,6975,0.05737796425819397
0.0,False,0.0,0.0,1.9999959468841553,6976,0.1296704113483429
0.0,False,0.0,0.0,1.9999958276748657,6977,0.049739811569452286
0.0,False,0.0,0.0,1.9999961853027344,6978,0.02840278670191765
0.0,False,0.0,0.0,1.9999957084655762,6979,0.01393833290785551
0.0,False,0.0,0.0,1.9999961853027344,6980,0.008059077896177769
0.0,False,0.0,0.0,1.999995470046997,6981,0.03316423296928406
0.0,False,0.0,0.0,1.9999938011169434,6982,0.004505534656345844
0.0,False,0.0,0.0,1.9999957084655762,6983,0.09979789704084396
0.9996758103370667,True,0.9996742010116577,0.0,1.0003221035003662,6984,0.5002632737159729
0.0,False,0.0,0.0,1.999996304512024,6985,0.13290752470493317
0.0,False,0.0,0.0,1.9999961853027344,6986,0.010567317716777325
0.0,False,0.0,0.0,1.9999957084655762,6987,0.20562203228473663
0.0,False,0.0,0.0,1.9999959468841553,6988,0.054086096584796906
0.9999969601631165,True,0.999995231628418,0.0,1.0000011920928955,6989,0.8952595591545105
0.0,False,0.0,0.0,1.9999945163726807,6990,0.010550439357757568
0.0,False,0.0,0.0,1.9999961853027344,6991,0.1272743046283722
0.0,False,0.0,0.0,1.9999959468841553,6992,0.006398017052561045
0.0,False,0.0,0.0,1.9999964237213135,6993,0.003627637168392539
0.0,False,0.0,0.0,1.9999961853027344,6994,0.2824023962020874
0.0,False,0.0,0.0,1.9999958276748657,6995,0.036358658224344254
0.0,False,0.0,0.0,1.9999964237213135,6996,0.37606167793273926
0.0,False,0.0,0.0,1.9999959468841553,6997,0.2775663435459137
0.0,False,0.0,0.0,1.999995470046997,6998,0.43211326003074646
0.0,False,0.0,0.0,1.9999964237213135,6999,0.06449202448129654
0.0,False,0.0,0.0,1.999995470046997,7000,0.18009373545646667
0.0,False,0.0,0.0,1.9999957084655762,7001,0.006952728144824505
0.0,False,0.0,0.0,1.9999961853027344,7002,0.29967793822288513
0.0,False,0.0,0.0,1.9999960660934448,7003,0.08580759912729263
0.0,False,0.0,0.0,1.9999951124191284,7004,0.006687378976494074
0.0,False,0.0,0.0,1.999995231628418,7005,0.6770294904708862
0.0,False,0.0,0.0,1.9999961853027344,7006,0.01434627827256918
0.0,False,0.0,0.0,0.9999979734420776,7007,0.005653948988765478
0.0,False,0.0,0.0,1.9999961853027344,7008,0.2549554705619812
0.0,False,0.0,0.0,1.999995470046997,7009,0.4061132073402405
0.0,False,0.0,0.0,1.9999951124191284,7010,0.6340678334236145
0.0,False,0.0,0.0,1.9999949932098389,7011,0.14642633497714996
0.0,False,0.0,0.0,1.9999959468841553,7012,0.5143186450004578
0.0,False,0.0,0.0,1.9999949932098389,7013,0.27378013730049133
0.0,False,0.0,0.0,1.9999957084655762,7014,0.586247444152832
0.0,False,0.0,0.0,1.999995231628418,7015,0.24522392451763153
0.0,False,0.0,0.0,1.999996304512024,7016,0.010686642490327358
0.0,False,0.0,0.0,1.9999961853027344,7017,0.11807318776845932
0.0,False,0.0,0.0,1.9999964237213135,7018,0.3850683867931366
0.0,False,0.0,0.0,1.9999958276748657,7019,0.039705272763967514
0.0,False,0.0,0.0,1.9999953508377075,7020,0.5558966398239136
0.0,False,0.0,0.0,1.9999959468841553,7021,0.1453251987695694
0.0,False,0.0,0.0,1.999996304512024,7022,0.03243057057261467
0.0,False,0.0,0.0,1.9999961853027344,7023,0.05862616002559662
0.0,False,0.0,0.0,1.999995470046997,7024,0.2656038999557495
0.0,False,0.0,0.0,1.9999961853027344,7025,0.06049751117825508
0.0,False,0.0,0.0,1.9999961853027344,7026,0.3559808135032654
0.0,False,0.0,0.0,1.9999960660934448,7027,0.055740777403116226
0.0,False,0.0,0.0,1.9999961853027344,7028,0.23676086962223053
0.0,False,0.0,0.0,1.9999947547912598,7029,0.039572738111019135
0.0,False,0.0,0.0,1.999995470046997,7030,0.283734530210495
0.0,False,0.0,0.0,1.9999961853027344,7031,0.017494233325123787
0.0,False,0.0,0.0,1.9999964237213135,7032,0.019656674936413765
0.0,False,0.0,0.0,1.9999959468841553,7033,0.1957537829875946
0.0,False,0.0,0.0,1.9999955892562866,7034,0.08508582413196564
0.0,False,0.0,0.0,1.9999953508377075,7035,0.13298599421977997
0.0,False,0.0,0.0,1.9999957084655762,7036,0.12782864272594452
0.0,False,0.0,0.0,1.9999959468841553,7037,0.08870288729667664
0.0,False,0.0,0.0,1.9999957084655762,7038,0.18184353411197662
0.0,False,0.0,0.0,1.9999964237213135,7039,0.020004289224743843
0.0,False,0.0,0.0,1.9999959468841553,7040,0.14087796211242676
0.0,False,0.0,0.0,1.999995470046997,7041,0.010096737183630466
0.0,False,0.0,0.0,1.9999959468841553,7042,0.31366124749183655
0.0,False,0.0,0.0,1.9999957084655762,7043,0.26016321778297424
0.0,False,0.0,0.0,1.9999947547912598,7044,0.04634104296565056
0.0,False,0.0,0.0,1.999995231628418,7045,0.007595327217131853
0.0,False,0.0,0.0,1.9999961853027344,7046,0.1015806794166565
0.0,False,0.0,0.0,0.9999979734420776,7047,0.07120709121227264
0.0,False,0.0,0.0,1.9999959468841553,7048,0.05965697020292282
0.0,False,0.0,0.0,1.9999961853027344,7049,0.10190378874540329
0.0,False,0.0,0.0,1.9999957084655762,7050,0.2992859184741974
0.0,False,0.0,0.0,1.9999961853027344,7051,0.1456388384103775
0.0,False,0.0,0.0,1.9999949932098389,7052,0.1895947903394699
0.0,False,0.0,0.0,1.9999961853027344,7053,0.2948252260684967
0.0,False,0.0,0.0,1.999996542930603,7054,0.11002112179994583
0.0,False,0.0,0.0,1.9999955892562866,7055,0.435077428817749
0.0,False,0.0,0.0,1.9999964237213135,7056,0.018411697819828987
0.0,False,0.0,0.0,1.9999957084655762,7057,0.6423928737640381
0.0,False,0.0,0.0,1.9999961853027344,7058,0.1477172076702118
0.0,False,0.0,0.0,1.9999959468841553,7059,0.25889384746551514
0.0,False,0.0,0.0,1.9999960660934448,7060,0.04885456711053848
0.0,False,0.0,0.0,1.9999946355819702,7061,0.2766580283641815
0.0,False,0.0,0.0,1.9999961853027344,7062,0.37124398350715637
0.0,False,0.0,0.0,1.9999959468841553,7063,0.4213382303714752
0.0,False,0.0,0.0,1.999995231628418,7064,0.4479132890701294
0.0,False,0.0,0.0,1.9999953508377075,7065,0.012414954602718353
0.0,False,0.0,0.0,1.9999957084655762,7066,0.050961267203092575
0.0,False,0.0,0.0,0.999998152256012,7067,0.19160045683383942
0.0,False,0.0,0.0,1.9999959468841553,7068,0.11944003403186798
0.0,False,0.0,0.0,1.9999960660934448,7069,0.2782277762889862
0.0,False,0.0,0.0,1.9999958276748657,7070,0.3345473110675812
0.8280847668647766,True,0.8280833959579468,0.0,1.171912431716919,7071,0.8422285318374634
0.0,False,0.0,0.0,1.9999953508377075,7072,0.5004976987838745
0.0,False,0.0,0.0,1.9999949932098389,7073,0.24940620362758636
0.0,False,0.0,0.0,1.9999959468841553,7074,0.19873550534248352
0.0,False,0.0,0.0,1.9999959468841553,7075,0.13081493973731995
0.0,False,0.0,0.0,1.999995231628418,7076,0.3940201699733734
1.9389522075653076,True,1.9389489889144897,0.0,0.061047475785017014,7077,0.9300832748413086
0.0,False,0.0,0.0,1.9999953508377075,7078,0.18126225471496582
0.0,False,0.0,0.0,1.9999960660934448,7079,0.20285192131996155
0.0,False,0.0,0.0,1.9999961853027344,7080,0.17268818616867065
0.0,False,0.0,0.0,1.999995470046997,7081,0.08274322003126144
0.0,False,0.0,0.0,1.9999957084655762,7082,0.5169559121131897
0.0,False,0.0,0.0,1.9999959468841553,7083,0.07067617028951645
0.0,False,0.0,0.0,1.9999957084655762,7084,0.03185649588704109
0.0,False,0.0,0.0,1.9999961853027344,7085,0.08314287662506104
0.0,False,0.0,0.0,1.999995470046997,7086,0.011101511307060719
0.0,False,0.0,0.0,1.9999960660934448,7087,0.12975627183914185
0.0,False,0.0,0.0,1.9999953508377075,7088,0.2418409138917923
0.0,False,0.0,0.0,1.9999959468841553,7089,0.38735437393188477
0.0,False,0.0,0.0,1.999995470046997,7090,0.024779342114925385
0.0,False,0.0,0.0,1.9999959468841553,7091,0.17589226365089417
0.0,False,0.0,0.0,1.9999947547912598,7092,0.17757770419120789
0.985647439956665,True,0.9856456518173218,0.0,1.0143505334854126,7093,0.7589817643165588
0.0,False,0.0,0.0,1.9999960660934448,7094,0.14730599522590637
0.0,False,0.0,0.0,1.9999960660934448,7095,0.2111150622367859
0.0,False,0.0,0.0,1.9999960660934448,7096,0.24122180044651031
0.0,False,0.0,0.0,1.9999961853027344,7097,0.19184516370296478
0.0,False,0.0,0.0,1.9999953508377075,7098,0.2236570417881012
0.0,False,0.0,0.0,1.9999959468841553,7099,0.18734599649906158
0.0,False,0.0,0.0,1.999995470046997,7100,0.2952970862388611
0.0,False,0.0,0.0,1.9999951124191284,7101,0.0468350350856781
0.0,False,0.0,0.0,1.999996304512024,7102,0.22352628409862518
0.0,False,0.0,0.0,1.9999947547912598,7103,0.8287150263786316
0.0,False,0.0,0.0,1.9999955892562866,7104,0.03420581296086311
0.0,False,0.0,0.0,1.9999953508377075,7105,0.2193937599658966
0.0,False,0.0,0.0,1.9999959468841553,7106,0.3430793881416321
0.0,False,0.0,0.0,1.9999957084655762,7107,0.04750479757785797
0.0,False,0.0,0.0,1.9999957084655762,7108,0.24977299571037292
0.0,False,0.0,0.0,1.9999957084655762,7109,0.03103473410010338
0.0,False,0.0,0.0,1.9999947547912598,7110,0.036835625767707825
0.0,False,0.0,0.0,1.999995470046997,7111,0.026424124836921692
0.0,False,0.0,0.0,1.9999961853027344,7112,0.0949200987815857
0.9204452037811279,True,0.9204436540603638,0.0,1.079552412033081,7113,0.5316919684410095
0.0,False,0.0,0.0,1.999996304512024,7114,0.08262210339307785
0.0,False,0.0,0.0,1.9999957084655762,7115,0.008802850730717182
0.0,False,0.0,0.0,1.999995470046997,7116,0.5067988038063049
0.0,False,0.0,0.0,1.9999946355819702,7117,0.0048261042684316635
0.0,False,0.0,0.0,1.999996304512024,7118,0.0071804095059633255
0.0,False,0.0,0.0,1.9999951124191284,7119,0.17439159750938416
0.0,False,0.0,0.0,1.9999958276748657,7120,0.02037738636136055
0.0,False,0.0,0.0,1.9999959468841553,7121,0.029751019552350044
0.0,False,0.0,0.0,1.9999964237213135,7122,0.1974317729473114
0.0,False,0.0,0.0,1.9999961853027344,7123,0.06564347445964813
0.0,False,0.0,0.0,1.9999958276748657,7124,0.5359984636306763
0.0,False,0.0,0.0,1.9999957084655762,7125,0.160670667886734
0.0,False,0.0,0.0,1.9999959468841553,7126,0.2667642831802368
0.0,False,0.0,0.0,1.9999949932098389,7127,0.08605752140283585
0.0,False,0.0,0.0,1.9999955892562866,7128,0.6653665900230408
0.0,False,0.0,0.0,1.9999960660934448,7129,0.027216389775276184
0.0,False,0.0,0.0,1.9999948740005493,7130,0.7252716422080994
0.0,False,0.0,0.0,1.9999951124191284,7131,0.12800419330596924
0.0,False,0.0,0.0,1.9999964237213135,7132,0.2577347457408905
0.0,False,0.0,0.0,1.9999960660934448,7133,0.09256378561258316
0.0,False,0.0,0.0,1.9999953508377075,7134,0.15252582728862762
0.0,False,0.0,0.0,1.9999961853027344,7135,0.017139503732323647
0.0,False,0.0,0.0,1.9999955892562866,7136,0.023981139063835144
0.0,False,0.0,0.0,1.9999953508377075,7137,0.04897499829530716
0.0,False,0.0,0.0,1.9999964237213135,7138,0.021409515291452408
0.0,False,0.0,0.0,1.9999953508377075,7139,0.03734095022082329
0.0,False,0.0,0.0,1.9999958276748657,7140,0.15147916972637177
0.0,False,0.0,0.0,1.9999957084655762,7141,0.17934322357177734
0.0,False,0.0,0.0,1.9999953508377075,7142,0.11452179402112961
0.0,False,0.0,0.0,1.9999961853027344,7143,0.6609513759613037
0.0,False,0.0,0.0,1.9999959468841553,7144,0.09666343778371811
0.0,False,0.0,0.0,1.9999959468841553,7145,0.029748858883976936
0.0,False,0.0,0.0,1.999995231628418,7146,0.005436385981738567
0.0,False,0.0,0.0,1.999995470046997,7147,0.008206983096897602
0.0,False,0.0,0.0,1.9999957084655762,7148,0.03334423154592514
0.0,False,0.0,0.0,1.999995470046997,7149,0.005523231811821461
0.0,False,0.0,0.0,1.9999960660934448,7150,0.16435770690441132
0.0,False,0.0,0.0,1.9999960660934448,7151,0.025957025587558746
0.0,False,0.0,0.0,1.9999957084655762,7152,0.6271719932556152
0.0,False,0.0,0.0,1.9999961853027344,7153,0.05248986557126045
0.0,False,0.0,0.0,1.9999961853027344,7154,0.004591509234160185
0.0,False,0.0,0.0,1.9999960660934448,7155,0.13924312591552734
0.0,False,0.0,0.0,1.9999964237213135,7156,0.07285310328006744
0.0,False,0.0,0.0,0.9999982118606567,7157,0.19789305329322815
0.0,False,0.0,0.0,1.999995470046997,7158,0.04688352718949318
0.9949299097061157,True,0.9949283003807068,0.0,1.005068302154541,7159,0.6658386588096619
0.0,False,0.0,0.0,1.999995470046997,7160,0.018258046358823776
0.0,False,0.0,0.0,1.9999959468841553,7161,0.09787720441818237
0.0,False,0.0,0.0,1.9999959468841553,7162,0.12863337993621826
0.0,False,0.0,0.0,1.9999959468841553,7163,0.22628091275691986
0.0,False,0.0,0.0,1.9999959468841553,7164,0.007457677740603685
0.0,False,0.0,0.0,1.9999964237213135,7165,0.022161122411489487
0.0,False,0.0,0.0,1.9999960660934448,7166,0.05608772113919258
0.0,False,0.0,0.0,1.9999964237213135,7167,0.03457005321979523
0.0,False,0.0,0.0,1.9999959468841553,7168,0.24940156936645508
0.0,False,0.0,0.0,1.9999966621398926,7169,0.07102105021476746
0.0,False,0.0,0.0,1.9999951124191284,7170,0.45762157440185547
0.0,False,0.0,0.0,1.9999959468841553,7171,0.017256448045372963
0.0,False,0.0,0.0,1.9999959468841553,7172,0.026868371292948723
0.0,False,0.0,0.0,1.9999964237213135,7173,0.16116903722286224
0.0,False,0.0,0.0,1.9999966621398926,7174,0.21430431306362152
0.0,False,0.0,0.0,1.999996542930603,7175,0.046894825994968414
0.0,False,0.0,0.0,1.9999959468841553,7176,0.06204378604888916
0.0,False,0.0,0.0,1.9999959468841553,7177,0.03534141182899475
0.0,False,0.0,0.0,1.999995231628418,7178,0.0024936313275247812
0.0,False,0.0,0.0,1.9999960660934448,7179,0.41876599192619324
0.0,False,0.0,0.0,1.9999959468841553,7180,0.1776849776506424
0.0,False,0.0,0.0,1.9999959468841553,7181,0.05495360493659973
0.0,False,0.0,0.0,1.9999961853027344,7182,0.12449386715888977
0.7270148396492004,True,0.7270137071609497,0.0,1.2729822397232056,7183,0.6093121767044067
0.0,False,0.0,0.0,1.9999961853027344,7184,0.621221661567688
0.0,False,0.0,0.0,1.9999953508377075,7185,0.03464921936392784
0.0,False,0.0,0.0,1.9999958276748657,7186,0.15024755895137787
0.0,False,0.0,0.0,1.9999957084655762,7187,0.06172878295183182
0.0,False,0.0,0.0,1.999995470046997,7188,0.056704021990299225
0.0,False,0.0,0.0,1.9999960660934448,7189,0.1895613819360733
0.0,False,0.0,0.0,1.9999964237213135,7190,0.09553080052137375
0.0,False,0.0,0.0,1.9999960660934448,7191,0.015647107735276222
0.0,False,0.0,0.0,1.9999955892562866,7192,0.6314188838005066
0.0,False,0.0,0.0,1.9999961853027344,7193,0.03627755865454674
0.0,False,0.0,0.0,1.999995470046997,7194,0.12182142585515976
0.0,False,0.0,0.0,1.9999947547912598,7195,0.13998189568519592
0.0,False,0.0,0.0,1.9999964237213135,7196,0.08625839650630951
0.0,False,0.0,0.0,1.9999964237213135,7197,0.27707964181900024
0.0,False,0.0,0.0,1.9999957084655762,7198,0.10582923889160156
0.8940939903259277,True,0.8940924406051636,0.0,1.1059037446975708,7199,0.8804395794868469
0.0,False,0.0,0.0,1.9999957084655762,7200,0.034576211124658585
0.0,False,0.0,0.0,1.9999961853027344,7201,0.1427885740995407
0.0,False,0.0,0.0,1.9999959468841553,7202,0.0620751678943634
0.0,False,0.0,0.0,1.9999957084655762,7203,0.021376298740506172
0.0,False,0.0,0.0,1.9999955892562866,7204,0.10269930958747864
0.9080714583396912,True,0.9080700874328613,0.0,1.0919264554977417,7205,0.8386343717575073
0.0,False,0.0,0.0,1.9999964237213135,7206,0.468351274728775
0.0,False,0.0,0.0,1.999996304512024,7207,0.01941697858273983
0.9929152727127075,True,0.9929137825965881,0.0,1.0070827007293701,7208,0.813888430595398
0.0,False,0.0,0.0,1.9999961853027344,7209,0.09060276299715042
0.0,False,0.0,0.0,1.9999961853027344,7210,0.07465413957834244
0.0,False,0.0,0.0,1.9999960660934448,7211,0.03293897956609726
0.0,False,0.0,0.0,1.999995470046997,7212,0.2945471405982971
0.0,False,0.0,0.0,1.9999955892562866,7213,0.11822845786809921
0.0,False,0.0,0.0,1.9999959468841553,7214,0.03360133245587349
0.0,False,0.0,0.0,1.9999957084655762,7215,0.350885808467865
0.0,False,0.0,0.0,1.9999959468841553,7216,0.215841144323349
0.0,False,0.0,0.0,1.9999961853027344,7217,0.06932730972766876
0.0,False,0.0,0.0,1.9999953508377075,7218,0.21394672989845276
0.0,False,0.0,0.0,1.9999953508377075,7219,0.21843931078910828
0.0,False,0.0,0.0,1.999995470046997,7220,0.1800997257232666
0.0,False,0.0,0.0,1.9999957084655762,7221,0.4170360565185547
0.0,False,0.0,0.0,1.9999959468841553,7222,0.17384576797485352
0.0,False,0.0,0.0,1.9999959468841553,7223,0.49497681856155396
0.0,False,0.0,0.0,1.9999957084655762,7224,0.032025087624788284
0.0,False,0.0,0.0,1.9999955892562866,7225,0.39148232340812683
0.0,False,0.0,0.0,1.9999959468841553,7226,0.456445574760437
0.0,False,0.0,0.0,1.9999961853027344,7227,0.1842222958803177
0.0,False,0.0,0.0,1.9999959468841553,7228,0.012805363163352013
0.0,False,0.0,0.0,1.9999946355819702,7229,0.23256751894950867
0.0,False,0.0,0.0,1.999996304512024,7230,0.016334978863596916
0.0,False,0.0,0.0,1.9999959468841553,7231,0.20293261110782623
0.0,False,0.0,0.0,1.9999957084655762,7232,0.28600385785102844
0.0,False,0.0,0.0,1.9999964237213135,7233,0.07983236759901047
0.0,False,0.0,0.0,1.9999964237213135,7234,0.012482521124184132
0.0,False,0.0,0.0,1.9999959468841553,7235,0.0026522406842559576
0.0,False,0.0,0.0,1.9999947547912598,7236,0.17376646399497986
0.0,False,0.0,0.0,1.9999957084655762,7237,0.08457345515489578
0.0,False,0.0,0.0,1.999995470046997,7238,0.09358382225036621
0.0,False,0.0,0.0,1.9999949932098389,7239,0.4830101430416107
0.0,False,0.0,0.0,1.9999957084655762,7240,0.4378926455974579
0.0,False,0.0,0.0,1.9999959468841553,7241,0.12593787908554077
0.0,False,0.0,0.0,1.999995231628418,7242,0.3090301752090454
0.0,False,0.0,0.0,1.9999959468841553,7243,0.6230787038803101
0.0,False,0.0,0.0,1.9999951124191284,7244,0.06990957260131836
0.0,False,0.0,0.0,1.999995231628418,7245,0.1916084736585617
0.0,False,0.0,0.0,1.9999960660934448,7246,0.2274896502494812
0.0,False,0.0,0.0,1.9999957084655762,7247,0.42595353722572327
0.0,False,0.0,0.0,1.999995470046997,7248,0.0834963321685791
0.0,False,0.0,0.0,1.9999959468841553,7249,0.24520181119441986
0.0,False,0.0,0.0,1.9999955892562866,7250,0.1506570279598236
0.0,False,0.0,0.0,1.9999961853027344,7251,0.009148746728897095
1.3844321966171265,True,1.3844300508499146,0.0,0.6155665516853333,7252,0.3995622396469116
0.0,False,0.0,0.0,1.999996304512024,7253,0.017476676031947136
0.0,False,0.0,0.0,1.9999964237213135,7254,0.0207719337195158
0.0,False,0.0,0.0,1.999995231628418,7255,0.15365763008594513
0.3672521412372589,True,0.3672513961791992,0.0,1.6327428817749023,7256,0.3455544114112854
0.0,False,0.0,0.0,1.9999949932098389,7257,0.07221692055463791
0.0,False,0.0,0.0,1.9999957084655762,7258,0.5974016189575195
0.0,False,0.0,0.0,1.9999951124191284,7259,0.41322728991508484
0.0,False,0.0,0.0,1.9999958276748657,7260,0.21466228365898132
0.0,False,0.0,0.0,1.9999959468841553,7261,0.1300039142370224
0.0,False,0.0,0.0,1.9999951124191284,7262,0.3461960256099701
0.0,False,0.0,0.0,1.9999960660934448,7263,0.0014870698796585202
0.0,False,0.0,0.0,1.9999957084655762,7264,0.4561035931110382
0.0,False,0.0,0.0,1.9999953508377075,7265,0.10758329927921295
0.0,False,0.0,0.0,1.9999957084655762,7266,0.0811937004327774
0.0,False,0.0,0.0,1.9999955892562866,7267,0.009649142622947693
0.0,False,0.0,0.0,1.9999949932098389,7268,0.31239065527915955
0.0,False,0.0,0.0,1.9999949932098389,7269,0.27539923787117004
0.0,False,0.0,0.0,1.9999940395355225,7270,0.41914957761764526
0.0,False,0.0,0.0,1.9999948740005493,7271,0.4695996046066284
0.0,False,0.0,0.0,1.9999961853027344,7272,0.09141717106103897
0.0,False,0.0,0.0,1.999995231628418,7273,0.6682834625244141
0.0,False,0.0,0.0,1.9999958276748657,7274,0.06586762517690659
0.0,False,0.0,0.0,1.9999949932098389,7275,0.17379634082317352
0.0,False,0.0,0.0,1.9999948740005493,7276,0.2145736664533615
0.0,False,0.0,0.0,1.9999960660934448,7277,0.16418646275997162
0.0,False,0.0,0.0,1.9999935626983643,7278,0.1583428680896759
0.0,False,0.0,0.0,1.9999957084655762,7279,0.2995634973049164
0.0,False,0.0,0.0,1.9999959468841553,7280,0.2006559520959854
0.0,False,0.0,0.0,1.9999959468841553,7281,0.30060675740242004
0.0,False,0.0,0.0,1.9999951124191284,7282,0.5272098779678345
0.0,False,0.0,0.0,1.9999959468841553,7283,0.013253853656351566
0.0,False,0.0,0.0,1.9999951124191284,7284,0.5500677227973938
0.0,False,0.0,0.0,1.999995470046997,7285,0.14518247544765472
0.0,False,0.0,0.0,1.9999940395355225,7286,0.22462968528270721
0.0,False,0.0,0.0,1.999995470046997,7287,0.11923111230134964
0.0,False,0.0,0.0,1.9999961853027344,7288,0.11832762509584427
0.0,False,0.0,0.0,1.9999961853027344,7289,0.2070922553539276
0.0,False,0.0,0.0,1.999993085861206,7290,0.17076635360717773
0.0,False,0.0,0.0,1.9999959468841553,7291,0.018269896507263184
0.0,False,0.0,0.0,1.999995470046997,7292,0.07644716650247574
0.0,False,0.0,0.0,1.9999957084655762,7293,0.04138428717851639
0.0,False,0.0,0.0,1.9999955892562866,7294,0.19040802121162415
0.0,False,0.0,0.0,1.9999955892562866,7295,0.03476570174098015
0.0,False,0.0,0.0,1.9999961853027344,7296,0.005140216089785099
0.0,False,0.0,0.0,1.9999957084655762,7297,0.039917152374982834
0.0,False,0.0,0.0,1.9999959468841553,7298,0.0055710868909955025
0.0,False,0.0,0.0,1.9999959468841553,7299,0.17158739268779755
0.0,False,0.0,0.0,1.9999958276748657,7300,0.021130753681063652
0.0,False,0.0,0.0,1.9999964237213135,7301,0.02348470874130726
0.0,False,0.0,0.0,1.9999953508377075,7302,0.3983376920223236
0.0,False,0.0,0.0,1.9999959468841553,7303,0.02874068357050419
0.0,False,0.0,0.0,1.9999964237213135,7304,0.05742066726088524
0.0,False,0.0,0.0,1.9999959468841553,7305,0.625792920589447
0.0,False,0.0,0.0,1.9999959468841553,7306,0.6391856670379639
0.0,False,0.0,0.0,1.9999953508377075,7307,0.15385933220386505
0.8398836851119995,True,0.8398823142051697,0.0,1.1601139307022095,7308,0.6635096669197083
0.0,False,0.0,0.0,1.999995470046997,7309,0.012073800899088383
0.0,False,0.0,0.0,1.9999959468841553,7310,0.029686423018574715
0.0,False,0.0,0.0,1.9999959468841553,7311,0.004657191690057516
0.0,False,0.0,0.0,1.9999958276748657,7312,0.02056034468114376
0.0,False,0.0,0.0,1.9999953508377075,7313,0.013153128325939178
0.0,False,0.0,0.0,1.999995231628418,7314,0.015693791210651398
0.0,False,0.0,0.0,1.9999957084655762,7315,0.4040451645851135
0.0,False,0.0,0.0,1.9999959468841553,7316,0.08498604595661163
1.3965907096862793,True,1.3965883255004883,0.0,0.60340815782547,7317,0.8192336559295654
0.0,False,0.0,0.0,1.9999949932098389,7318,0.18463504314422607
0.0,False,0.0,0.0,1.9999959468841553,7319,0.05133151635527611
0.0,False,0.0,0.0,1.999996304512024,7320,0.008310330100357533
0.0,False,0.0,0.0,1.999995231628418,7321,0.021888019517064095
1.7196636199951172,True,1.7196598052978516,0.0,0.2803356945514679,7322,0.9334617257118225
0.0,False,0.0,0.0,1.9999955892562866,7323,0.1360507309436798
0.0,False,0.0,0.0,1.9999961853027344,7324,0.19796240329742432
0.0,False,0.0,0.0,1.9999958276748657,7325,0.14215238392353058
0.0,False,0.0,0.0,1.9999951124191284,7326,0.6671795845031738
0.0,False,0.0,0.0,1.9999964237213135,7327,0.07644273340702057
0.0,False,0.0,0.0,0.9999979734420776,7328,0.0875190868973732
0.0,False,0.0,0.0,1.9999957084655762,7329,0.023622632026672363
0.0,False,0.0,0.0,1.999995231628418,7330,0.3684653639793396
0.0,False,0.0,0.0,1.999995231628418,7331,0.26910167932510376
0.0,False,0.0,0.0,1.999995470046997,7332,0.12005318701267242
0.0,False,0.0,0.0,1.9999959468841553,7333,0.3433048725128174
0.0,False,0.0,0.0,1.9999961853027344,7334,0.1328098475933075
0.0,False,0.0,0.0,1.999995231628418,7335,0.22682659327983856
0.0,False,0.0,0.0,1.9999957084655762,7336,0.08107224106788635
0.0,False,0.0,0.0,1.9999943971633911,7337,0.3432113826274872
0.0,False,0.0,0.0,1.9999953508377075,7338,0.013668742030858994
0.0,False,0.0,0.0,1.999995470046997,7339,0.19066496193408966
0.0,False,0.0,0.0,1.9999961853027344,7340,0.022366391494870186
0.0,False,0.0,0.0,1.9999957084655762,7341,0.01523473672568798
0.0,False,0.0,0.0,1.9999951124191284,7342,0.6468230485916138
0.0,False,0.0,0.0,1.9999960660934448,7343,0.04454270750284195
0.0,False,0.0,0.0,1.9999957084655762,7344,0.020894194021821022
0.0,False,0.0,0.0,1.999995231628418,7345,0.004597824532538652
0.0,False,0.0,0.0,1.9999961853027344,7346,0.010109590366482735
0.9999700784683228,True,0.999968409538269,0.0,1.0000280141830444,7347,0.9301427006721497
1.99008309841156,True,1.9900801181793213,0.0,0.009916768409311771,7348,0.9936793446540833
0.0,False,0.0,0.0,1.9999961853027344,7349,0.28694015741348267
0.0,False,0.0,0.0,1.9999958276748657,7350,0.004354149103164673
0.0,False,0.0,0.0,1.9999957084655762,7351,0.1656176745891571
0.0,False,0.0,0.0,1.9999959468841553,7352,0.03988112136721611
0.0,False,0.0,0.0,1.9999961853027344,7353,0.0180808175355196
0.0,False,0.0,0.0,1.999995231628418,7354,0.33553406596183777
0.0,False,0.0,0.0,1.9999960660934448,7355,0.5879814028739929
0.0,False,0.0,0.0,1.9999957084655762,7356,0.7826206684112549
0.0,False,0.0,0.0,1.9999961853027344,7357,0.012519805692136288
0.0,False,0.0,0.0,1.9999960660934448,7358,0.6023237109184265
0.0,False,0.0,0.0,1.9999958276748657,7359,0.13954322040081024
0.0,False,0.0,0.0,1.999996304512024,7360,0.02200455591082573
0.0,False,0.0,0.0,1.999995470046997,7361,0.049842625856399536
0.0,False,0.0,0.0,1.9999961853027344,7362,0.10752788186073303
0.0,False,0.0,0.0,1.9999957084655762,7363,0.04515422508120537
0.0,False,0.0,0.0,1.999996304512024,7364,0.12730997800827026
0.0,False,0.0,0.0,1.9999964237213135,7365,0.2507236897945404
0.0,False,0.0,0.0,1.9999964237213135,7366,0.13149188458919525
0.0,False,0.0,0.0,1.9999953508377075,7367,0.018414847552776337
0.0,False,0.0,0.0,1.999996542930603,7368,0.010370862670242786
0.0,False,0.0,0.0,1.999996304512024,7369,0.004036251921206713
0.0,False,0.0,0.0,1.9999959468841553,7370,0.020849108695983887
0.0,False,0.0,0.0,1.9999960660934448,7371,0.01859426684677601
0.9314379096031189,True,0.9314363598823547,0.0,1.0685598850250244,7372,0.6291388869285583
0.0,False,0.0,0.0,1.9999961853027344,7373,0.14722852408885956
0.0,False,0.0,0.0,1.9999959468841553,7374,0.004721034783869982
0.0,False,0.0,0.0,1.9999961853027344,7375,0.006853335537016392
0.0,False,0.0,0.0,1.9999961853027344,7376,0.0033569547813385725
0.0,False,0.0,0.0,1.9999964237213135,7377,0.011345149949193
0.0,False,0.0,0.0,1.9999961853027344,7378,0.010331847704946995
0.0,False,0.0,0.0,1.9999961853027344,7379,0.10297726839780807
0.0,False,0.0,0.0,1.9999953508377075,7380,0.2614346444606781
0.999017596244812,True,0.9990154504776001,0.0,1.0009799003601074,7381,0.6858972311019897
0.0,False,0.0,0.0,1.9999936819076538,7382,0.12624748051166534
0.0,False,0.0,0.0,1.9999960660934448,7383,0.15040072798728943
0.0,False,0.0,0.0,1.9999908208847046,7384,0.040541909635066986
0.0,False,0.0,0.0,1.9999958276748657,7385,0.021410180255770683
0.0,False,0.0,0.0,1.9999945163726807,7386,0.2720206081867218
0.0,False,0.0,0.0,1.9999938011169434,7387,0.2821733355522156
0.0,False,0.0,0.0,1.9999942779541016,7388,0.32278844714164734
0.0,False,0.0,0.0,1.9999957084655762,7389,0.03322358429431915
0.0,False,0.0,0.0,1.9999961853027344,7390,0.02495260164141655
0.0,False,0.0,0.0,1.9999958276748657,7391,0.014347047545015812
0.0,False,0.0,0.0,1.9999961853027344,7392,0.023109406232833862
0.0,False,0.0,0.0,1.9999947547912598,7393,0.14699210226535797
0.0,False,0.0,0.0,1.999995470046997,7394,0.007211477030068636
0.0,False,0.0,0.0,1.9999958276748657,7395,0.1894916594028473
0.0,False,0.0,0.0,1.9999959468841553,7396,0.07954640686511993
0.0,False,0.0,0.0,1.9999961853027344,7397,0.08908163011074066
0.0,False,0.0,0.0,1.9999964237213135,7398,0.04781375080347061
0.0,False,0.0,0.0,1.9999964237213135,7399,0.04541521891951561
0.0,False,0.0,0.0,1.9999960660934448,7400,0.11781902611255646
0.0,False,0.0,0.0,1.9999961853027344,7401,0.20112526416778564
0.0,False,0.0,0.0,1.9999949932098389,7402,0.2222737967967987
0.0,False,0.0,0.0,1.9999961853027344,7403,0.14298704266548157
0.0,False,0.0,0.0,1.9999966621398926,7404,0.02589946798980236
0.0,False,0.0,0.0,1.999995231628418,7405,0.08099367469549179
0.0,False,0.0,0.0,1.9999945163726807,7406,0.14620310068130493
0.0,False,0.0,0.0,1.999996304512024,7407,0.5305202007293701
1.2879924774169922,True,1.2879900932312012,0.0,0.7120058536529541,7408,0.8719856142997742
0.0,False,0.0,0.0,1.9999940395355225,7409,0.10730677098035812
0.0,False,0.0,0.0,1.9999961853027344,7410,0.08370345830917358
0.0,False,0.0,0.0,1.9999959468841553,7411,0.01499235164374113
0.0,False,0.0,0.0,1.9999957084655762,7412,0.005573425441980362
0.0,False,0.0,0.0,1.9999959468841553,7413,0.0036720503121614456
0.0,False,0.0,0.0,1.9999959468841553,7414,0.02006586641073227
0.0,False,0.0,0.0,1.9999961853027344,7415,0.05667620524764061
0.0,False,0.0,0.0,1.9999957084655762,7416,0.12633125483989716
0.0,False,0.0,0.0,1.9999964237213135,7417,0.002488634781911969
0.0,False,0.0,0.0,1.9999961853027344,7418,0.17987897992134094
0.0,False,0.0,0.0,1.9999960660934448,7419,0.06570497900247574
0.9996470212936401,True,0.9996448755264282,0.0,1.0003505945205688,7420,0.8747053742408752
0.0,False,0.0,0.0,1.999995470046997,7421,0.052931275218725204
0.0,False,0.0,0.0,1.9999953508377075,7422,0.05066228657960892
0.0,False,0.0,0.0,1.9999961853027344,7423,0.0697183758020401
0.0,False,0.0,0.0,1.999995470046997,7424,0.17379973828792572
0.0,False,0.0,0.0,1.9999949932098389,7425,0.02137848176062107
0.0,False,0.0,0.0,1.9999960660934448,7426,0.015777399763464928
0.0,False,0.0,0.0,1.999995470046997,7427,0.017480436712503433
0.0,False,0.0,0.0,1.9999966621398926,7428,0.4861508011817932
0.0,False,0.0,0.0,1.9999959468841553,7429,0.033754248172044754
0.0,False,0.0,0.0,1.9999960660934448,7430,0.031146205961704254
0.0,False,0.0,0.0,1.999996304512024,7431,0.05021720752120018
0.0,False,0.0,0.0,1.9999958276748657,7432,0.016678158193826675
0.0,False,0.0,0.0,1.9999940395355225,7433,0.1398105025291443
0.0,False,0.0,0.0,1.9999957084655762,7434,0.05231297016143799
0.0,False,0.0,0.0,1.999996304512024,7435,0.5198866128921509
0.0,False,0.0,0.0,1.9999949932098389,7436,0.22316856682300568
0.0,False,0.0,0.0,1.999995231628418,7437,0.058457713574171066
0.0,False,0.0,0.0,1.9999964237213135,7438,0.14594602584838867
0.0,False,0.0,0.0,1.9999961853027344,7439,0.14450548589229584
0.0,False,0.0,0.0,1.9999957084655762,7440,0.3441525399684906
0.0,False,0.0,0.0,1.9999957084655762,7441,0.01226404681801796
0.0,False,0.0,0.0,1.9999953508377075,7442,0.33355122804641724
0.0,False,0.0,0.0,1.9999959468841553,7443,0.12517030537128448
0.9999761581420898,True,0.9999743700027466,0.0,1.0000214576721191,7444,0.9190467000007629
0.0,False,0.0,0.0,1.9999959468841553,7445,0.003572226269170642
0.0,False,0.0,0.0,1.9999945163726807,7446,0.01999371312558651
0.0,False,0.0,0.0,1.9999955892562866,7447,0.017840256914496422
0.0,False,0.0,0.0,1.9999945163726807,7448,0.1372881978750229
0.0,False,0.0,0.0,1.9999964237213135,7449,0.3520893454551697
0.0,False,0.0,0.0,1.9999959468841553,7450,0.06930140405893326
0.0,False,0.0,0.0,1.9999961853027344,7451,0.4249335527420044
0.0,False,0.0,0.0,1.9999955892562866,7452,0.014651135541498661
0.0,False,0.0,0.0,1.9999961853027344,7453,0.05203385651111603
0.0,False,0.0,0.0,1.9999949932098389,7454,0.04256603121757507
0.0,False,0.0,0.0,1.9999957084655762,7455,0.005718668457120657
0.0,False,0.0,0.0,1.9999957084655762,7456,0.3194718658924103
0.0,False,0.0,0.0,1.999996304512024,7457,0.37144550681114197
0.0,False,0.0,0.0,1.9999957084655762,7458,0.04702425375580788
0.0,False,0.0,0.0,1.9999957084655762,7459,0.020623333752155304
0.0,False,0.0,0.0,1.9999964237213135,7460,0.03471038490533829
0.0,False,0.0,0.0,1.9999959468841553,7461,0.0886634886264801
0.0,False,0.0,0.0,1.9999958276748657,7462,0.017829740419983864
0.0,False,0.0,0.0,1.9999957084655762,7463,0.858181893825531
0.0,False,0.0,0.0,1.9999964237213135,7464,0.009465492330491543
0.0,False,0.0,0.0,1.9999961853027344,7465,0.05183632671833038
0.0,False,0.0,0.0,1.9999953508377075,7466,0.3572479784488678
0.0,False,0.0,0.0,1.999996542930603,7467,0.28224053978919983
0.0,False,0.0,0.0,1.999996542930603,7468,0.011842196807265282
0.0,False,0.0,0.0,1.999996542930603,7469,0.016222814098000526
0.0,False,0.0,0.0,1.9999953508377075,7470,0.13696877658367157
0.0,False,0.0,0.0,1.999996304512024,7471,0.014633817598223686
0.0,False,0.0,0.0,1.9999959468841553,7472,0.5487131476402283
0.0,False,0.0,0.0,1.9999964237213135,7473,0.011353789828717709
0.0,False,0.0,0.0,1.9999961853027344,7474,0.0011261421022936702
0.0,False,0.0,0.0,1.9999959468841553,7475,0.011073078960180283
0.0,False,0.0,0.0,1.9999957084655762,7476,0.04093834385275841
0.0,False,0.0,0.0,1.999996304512024,7477,0.1356368511915207
0.0,False,0.0,0.0,1.999996304512024,7478,0.04502662643790245
0.0,False,0.0,0.0,1.9999959468841553,7479,0.13984115421772003
0.0,False,0.0,0.0,1.999996542930603,7480,0.022116897627711296
0.0,False,0.0,0.0,1.9999955892562866,7481,0.02579728700220585
0.0,False,0.0,0.0,1.9999959468841553,7482,0.036914706230163574
0.0,False,0.0,0.0,1.9999964237213135,7483,0.527726948261261
0.0,False,0.0,0.0,1.9999959468841553,7484,0.023538928478956223
0.0,False,0.0,0.0,1.999995470046997,7485,0.14930060505867004
0.0,False,0.0,0.0,1.9999964237213135,7486,0.5552657246589661
0.0,False,0.0,0.0,1.999996304512024,7487,0.053043536841869354
0.0,False,0.0,0.0,1.9999960660934448,7488,0.19194276630878448
0.0,False,0.0,0.0,1.999996304512024,7489,0.024880805984139442
0.0,False,0.0,0.0,1.999995470046997,7490,0.082707978785038
0.0,False,0.0,0.0,1.9999957084655762,7491,0.04131525754928589
0.0,False,0.0,0.0,1.9999958276748657,7492,0.02938500978052616
0.0,False,0.0,0.0,1.9999957084655762,7493,0.10967902094125748
0.0,False,0.0,0.0,1.9999959468841553,7494,0.2563028037548065
0.0,False,0.0,0.0,1.9999958276748657,7495,0.014394448138773441
0.0,False,0.0,0.0,1.9999960660934448,7496,0.5164194107055664
0.0,False,0.0,0.0,1.9999959468841553,7497,0.18282005190849304
0.0,False,0.0,0.0,1.9999957084655762,7498,0.3038006126880646
0.0,False,0.0,0.0,1.9999945163726807,7499,0.04769625514745712
0.0,False,0.0,0.0,1.9999951124191284,7500,0.013030567206442356
0.0,False,0.0,0.0,1.9999964237213135,7501,0.1392875760793686
0.0,False,0.0,0.0,1.9999961853027344,7502,0.10075534880161285
0.0,False,0.0,0.0,1.9999964237213135,7503,0.08728840202093124
0.0,False,0.0,0.0,1.9999961853027344,7504,0.12782087922096252
0.0,False,0.0,0.0,1.9999958276748657,7505,0.004598078317940235
0.0,False,0.0,0.0,1.999995470046997,7506,0.0033005503937602043
0.0,False,0.0,0.0,1.999995231628418,7507,0.0750795528292656
0.0,False,0.0,0.0,1.9999953508377075,7508,0.009715447202324867
0.0,False,0.0,0.0,1.9999955892562866,7509,0.041619203984737396
0.0,False,0.0,0.0,1.9999957084655762,7510,0.4295811057090759
0.0,False,0.0,0.0,1.999996304512024,7511,0.029971323907375336
0.0,False,0.0,0.0,1.999995470046997,7512,0.003552995389327407
0.0,False,0.0,0.0,1.9999964237213135,7513,0.00649227574467659
0.9906332492828369,True,0.9906315803527832,0.0,1.0093650817871094,7514,0.9414064288139343
0.0,False,0.0,0.0,1.9999957084655762,7515,0.5091007351875305
0.0,False,0.0,0.0,1.9999961853027344,7516,0.019755735993385315
0.0,False,0.0,0.0,1.9999948740005493,7517,0.01495181955397129
0.0,False,0.0,0.0,1.999996542930603,7518,0.04993768408894539
0.0,False,0.0,0.0,1.9999953508377075,7519,0.5828079581260681
1.3793991804122925,True,1.3793967962265015,0.0,0.6205993294715881,7520,0.981484055519104
0.0,False,0.0,0.0,1.9999964237213135,7521,0.1479172259569168
0.0,False,0.0,0.0,1.999995231628418,7522,0.21403321623802185
0.0,False,0.0,0.0,1.9999964237213135,7523,0.005287414416670799
1.9609570503234863,True,1.960953950881958,0.0,0.03904280439019203,7524,0.9906446933746338
0.0,False,0.0,0.0,1.9999964237213135,7525,0.2652663588523865
0.0,False,0.0,0.0,1.9999964237213135,7526,0.14711222052574158
0.0,False,0.0,0.0,1.999996304512024,7527,0.02602689154446125
0.0,False,0.0,0.0,1.9999961853027344,7528,0.22526907920837402
0.9999691843986511,True,0.9999675750732422,0.0,1.0000288486480713,7529,0.9196416735649109
1.8720982074737549,True,1.8720951080322266,0.0,0.12790141999721527,7530,0.9758549332618713
1.7029106616973877,True,1.702907919883728,0.0,0.29708871245384216,7531,0.9637022614479065
0.0,False,0.0,0.0,1.999995470046997,7532,0.8313544988632202
0.0,False,0.0,0.0,1.9999961853027344,7533,0.024780627340078354
0.0,False,0.0,0.0,1.9999964237213135,7534,0.07083559036254883
0.0,False,0.0,0.0,1.9999959468841553,7535,0.08065379410982132
0.0,False,0.0,0.0,1.9999960660934448,7536,0.1595415323972702
0.0,False,0.0,0.0,1.999995470046997,7537,0.045271191745996475
0.0,False,0.0,0.0,1.999996542930603,7538,0.027793489396572113
0.0,False,0.0,0.0,1.999995470046997,7539,0.3726358413696289
0.0,False,0.0,0.0,1.9999949932098389,7540,0.04530392587184906
0.0,False,0.0,0.0,1.9999964237213135,7541,0.03147540241479874
0.0,False,0.0,0.0,1.999996304512024,7542,0.008872625418007374
0.0,False,0.0,0.0,1.9999957084655762,7543,0.13208167254924774
0.0,False,0.0,0.0,1.9999960660934448,7544,0.43572765588760376
0.0,False,0.0,0.0,1.9999960660934448,7545,0.25493142008781433
0.0,False,0.0,0.0,1.9999955892562866,7546,0.016665907576680183
0.0,False,0.0,0.0,1.999995231628418,7547,0.013452679850161076
0.0,False,0.0,0.0,1.9999957084655762,7548,0.32252418994903564
0.0,False,0.0,0.0,1.9999957084655762,7549,0.3389522135257721
0.0,False,0.0,0.0,1.999995470046997,7550,0.12514713406562805
0.0,False,0.0,0.0,1.9999947547912598,7551,0.1440611630678177
0.0,False,0.0,0.0,1.9999957084655762,7552,0.0084602739661932
1.787739634513855,True,1.787736177444458,0.0,0.21226005256175995,7553,0.9642791748046875
0.0,False,0.0,0.0,1.999995231628418,7554,0.2056768238544464
0.0,False,0.0,0.0,1.9999959468841553,7555,0.0856829583644867
0.0,False,0.0,0.0,1.9999957084655762,7556,0.2717173099517822
0.0,False,0.0,0.0,1.9999957084655762,7557,0.28605571389198303
0.0,False,0.0,0.0,1.9999959468841553,7558,0.4232197403907776
0.0,False,0.0,0.0,1.9999961853027344,7559,0.3061695098876953
0.0,False,0.0,0.0,1.9999953508377075,7560,0.04371516406536102
0.0,False,0.0,0.0,1.9999958276748657,7561,0.12959104776382446
0.0,False,0.0,0.0,1.9999947547912598,7562,0.2859576940536499
0.0,False,0.0,0.0,1.9999958276748657,7563,0.446069598197937
0.0,False,0.0,0.0,1.9999964237213135,7564,0.12034015357494354
0.0,False,0.0,0.0,1.9999959468841553,7565,0.030323445796966553
0.0,False,0.0,0.0,1.9999949932098389,7566,0.12254289537668228
0.0,False,0.0,0.0,1.999995231628418,7567,0.11274700611829758
0.0,False,0.0,0.0,1.9999949932098389,7568,0.06899676471948624
0.0,False,0.0,0.0,1.999996542930603,7569,0.05334954336285591
0.0,False,0.0,0.0,1.9999961853027344,7570,0.027386806905269623
0.0,False,0.0,0.0,1.9999958276748657,7571,0.0954822525382042
0.0,False,0.0,0.0,1.9999959468841553,7572,0.2089800089597702
0.0,False,0.0,0.0,1.9999957084655762,7573,0.006888688541948795
0.0,False,0.0,0.0,1.9999961853027344,7574,0.2271968573331833
0.0,False,0.0,0.0,1.9999953508377075,7575,0.4035520851612091
0.0,False,0.0,0.0,1.9999958276748657,7576,0.3202848732471466
0.0,False,0.0,1.0,1.9999957084655762,7577,0.12343456596136093
0.0,False,0.0,1.0,1.9999955892562866,7578,0.13083234429359436
0.0,False,0.0,1.0,1.9999957084655762,7579,0.38142821192741394
0.0,False,0.0,1.0,1.9999945163726807,7580,0.3902584910392761
0.0,False,0.0,1.0,1.9999949932098389,7581,0.19514234364032745
1.8692243099212646,True,1.8692209720611572,1.0,0.13077543675899506,7582,0.9593168497085571
1.8161180019378662,True,1.8161150217056274,1.0,0.18388132750988007,7583,0.9112529158592224
1.7804778814315796,True,1.7804746627807617,1.0,0.21952153742313385,7584,0.8880878686904907
1.8878467082977295,True,1.887843370437622,1.0,0.11215312778949738,7585,0.9901019334793091
0.0,False,0.0,1.0,1.999995231628418,7586,0.09144147485494614
1.9268263578414917,True,1.9268231391906738,1.0,0.07317356020212173,7587,0.99583899974823
0.9995792508125305,True,0.9995776414871216,1.0,1.0004186630249023,7588,0.8336890935897827
1.9536397457122803,True,1.9536364078521729,1.0,0.046360112726688385,7589,0.9604122042655945
0.0,False,0.0,1.0,1.9999948740005493,7590,0.275748610496521
1.974656343460083,True,1.9746530055999756,1.0,0.025343652814626694,7591,0.8509206175804138
1.9972960948944092,True,1.9972927570343018,1.0,0.002703817095607519,7592,0.9285151362419128
0.998096764087677,True,0.9980946183204651,1.0,1.0019006729125977,7593,0.6305737495422363
0.0,False,0.0,1.0,1.9999961853027344,7594,0.07427692413330078
0.9995438456535339,True,0.9995415806770325,1.0,1.0004538297653198,7595,0.7203299403190613
1.994262456893921,True,1.9942591190338135,1.0,0.00573747418820858,7596,0.8494971990585327
1.9997870922088623,True,1.9997830390930176,1.0,0.00021282013040035963,7597,0.9603250026702881
0.9998908638954163,True,0.9998890161514282,1.0,1.000106692314148,7598,0.8527319431304932
1.991452693939209,True,1.9914493560791016,1.0,0.008547242730855942,7599,0.8483197093009949
0.9968723654747009,True,0.9968705773353577,1.0,1.0031250715255737,7600,0.8461071848869324
0.9998481273651123,True,0.999846339225769,1.0,1.0001494884490967,7601,0.8382033109664917
0.9999415874481201,True,0.9999399185180664,1.0,1.0000561475753784,7602,0.917180597782135
0.9988803267478943,True,0.9988784193992615,1.0,1.0011169910430908,7603,0.8705600500106812
1.7150871753692627,True,1.715084433555603,1.0,0.28491222858428955,7604,0.9607871770858765
1.8181298971176147,True,1.8181260824203491,1.0,0.18186961114406586,7605,0.9223582148551941
0.9998310804367065,True,0.9998291730880737,1.0,1.000166654586792,7606,0.8496543765068054
1.25626540184021,True,1.2562618255615234,1.0,0.743732213973999,7607,0.9251976609230042
1.0986766815185547,True,1.098675012588501,1.0,0.9013214111328125,7608,0.7641101479530334
0.0,False,0.0,1.0,1.9999957084655762,7609,0.5035771727561951
0.0,False,0.0,1.0,1.999996304512024,7610,0.7535632848739624
0.0,False,0.0,1.0,1.999995231628418,7611,0.27697962522506714
0.0,False,0.0,1.0,1.9999959468841553,7612,0.06645728647708893
1.9586880207061768,True,1.9586849212646484,1.0,0.041311878710985184,7613,0.9653006196022034
1.7577745914459229,True,1.7577717304229736,1.0,0.24222497642040253,7614,0.9737080931663513
0.0,False,0.0,1.0,1.9999957084655762,7615,0.2551117241382599
1.9591741561889648,True,1.9591708183288574,1.0,0.04082586243748665,7616,0.9644290804862976
1.6353816986083984,True,1.6353790760040283,1.0,0.3646174967288971,7617,0.9758514165878296
0.9996525049209595,True,0.999650239944458,1.0,1.00034499168396,7618,0.921724796295166
0.9971306920051575,True,0.9971283674240112,1.0,1.002866506576538,7619,0.6355286836624146
0.9905103445053101,True,0.9905086159706116,1.0,1.009487509727478,7620,0.8791015148162842
1.6994513273239136,True,1.6994467973709106,1.0,0.3005478084087372,7621,0.947428822517395
0.9815166592597961,True,0.9815150499343872,1.0,1.0184812545776367,7622,0.9192461371421814
0.9722829461097717,True,0.972281277179718,1.0,1.0277148485183716,7623,0.7317975163459778
1.1093990802764893,True,1.1093963384628296,1.0,0.8905983567237854,7624,0.7922004461288452
1.9547815322875977,True,1.9547781944274902,1.0,0.04521835595369339,7625,0.9222912788391113
1.1943682432174683,True,1.1943658590316772,1.0,0.8056296706199646,7626,0.8030645251274109
0.8405598998069763,True,0.8405584692955017,1.0,1.159437894821167,7627,0.4081335961818695
0.9814532995223999,True,0.9814505577087402,1.0,1.0185433626174927,7628,0.9392239451408386
0.0,False,0.0,1.0,1.9999959468841553,7629,0.15550114214420319
1.995223045349121,True,1.9952197074890137,1.0,0.004776820540428162,7630,0.9506308436393738
1.9101130962371826,True,1.9101097583770752,1.0,0.08988677710294724,7631,0.8954136967658997
1.9973907470703125,True,1.9973872900009155,1.0,0.002609319519251585,7632,0.9539045691490173
1.4173256158828735,True,1.417323350906372,1.0,0.5826728940010071,7633,0.8886278867721558
1.860152006149292,True,1.8601489067077637,1.0,0.13984757661819458,7634,0.7957850098609924
1.6606237888336182,True,1.6606206893920898,1.0,0.33937540650367737,7635,0.9520033597946167
1.7412548065185547,True,1.741251826286316,1.0,0.2587445378303528,7636,0.809570848941803
1.2752960920333862,True,1.2752931118011475,1.0,0.7247018814086914,7637,0.8564344644546509
1.2115062475204468,True,1.2115039825439453,1.0,0.7884914875030518,7638,0.9453985095024109
0.9907515048980713,True,0.9907500743865967,1.0,1.0092464685440063,7639,0.8967539668083191
0.0,False,0.0,1.0,0.9999971389770508,7640,0.3455795347690582
1.0,True,0.9999983906745911,1.0,0.9999977350234985,7641,0.7864310145378113
0.9991177916526794,True,0.9991161823272705,1.0,1.0008801221847534,7642,0.8202984929084778
1.9854583740234375,True,1.9854552745819092,1.0,0.01454172097146511,7643,0.9705238342285156
0.0,False,0.0,1.0,1.9999960660934448,7644,0.47782576084136963
0.9790185689926147,True,0.9790169596672058,1.0,1.0209790468215942,7645,0.9142600893974304
0.9935518503189087,True,0.9935504198074341,1.0,1.006446123123169,7646,0.8624507188796997
1.6201205253601074,True,1.6201177835464478,1.0,0.3798786997795105,7647,0.9570525884628296
0.9880497455596924,True,0.988048255443573,1.0,1.0119483470916748,7648,0.9650717377662659
0.9961482286453247,True,0.9961462020874023,1.0,1.0038490295410156,7649,0.8265302181243896
0.9896847009658813,True,0.989683210849762,1.0,1.0103130340576172,7650,0.6351761817932129
1.584878921508789,True,1.584876298904419,1.0,0.415120005607605,7651,0.9178934693336487
1.9207557439804077,True,1.9207525253295898,1.0,0.07924414426088333,7652,0.903314471244812
1.9071470499038696,True,1.9071435928344727,1.0,0.0928526371717453,7653,0.9703568816184998
0.9503745436668396,True,0.9503729343414307,1.0,1.0496234893798828,7654,0.9021226167678833
1.5423619747161865,True,1.542359471321106,1.0,0.45763710141181946,7655,0.9305755496025085
1.8547444343566895,True,1.8547413349151611,1.0,0.14525514841079712,7656,0.826667845249176
0.9911237359046936,True,0.9911214113235474,1.0,1.0088735818862915,7657,0.9105916619300842
1.8139138221740723,True,1.813910961151123,1.0,0.18608596920967102,7658,0.9226313829421997
1.9390239715576172,True,1.9390206336975098,1.0,0.0609758123755455,7659,0.9918085932731628
1.977883219718933,True,1.9778801202774048,1.0,0.022116832435131073,7660,0.9942609071731567
1.9813804626464844,True,1.9813772439956665,1.0,0.018619658425450325,7661,0.9847112894058228
1.9284366369247437,True,1.9284336566925049,1.0,0.07156325876712799,7662,0.989150881767273
1.1806411743164062,True,1.1806384325027466,1.0,0.8193565607070923,7663,0.6202532052993774
1.968170404434204,True,1.9681673049926758,1.0,0.031829528510570526,7664,0.9857707023620605
1.5771818161010742,True,1.577179193496704,1.0,0.42281749844551086,7665,0.9934675097465515
1.7358570098876953,True,1.735853910446167,1.0,0.26414239406585693,7666,0.9088563919067383
0.9989286065101624,True,0.9989261627197266,1.0,1.0010685920715332,7667,0.8432234525680542
1.8343619108200073,True,1.8343584537506104,1.0,0.16563771665096283,7668,0.8445544242858887
0.9999974966049194,True,0.9999951720237732,1.0,0.9999997615814209,7669,0.7825970649719238
1.9884482622146606,True,1.9884451627731323,1.0,0.01155170053243637,7670,0.9914661645889282
0.9506092667579651,True,0.9506076574325562,1.0,1.0493890047073364,7671,0.5463307499885559
0.9640581607818604,True,0.964056134223938,1.0,1.0359386205673218,7672,0.9409009218215942
1.5560779571533203,True,1.5560754537582397,1.0,0.44392114877700806,7673,0.9854549169540405
1.9927266836166382,True,1.9927234649658203,1.0,0.007273305673152208,7674,0.9926548004150391
0.9958952069282532,True,0.995893120765686,1.0,1.0041019916534424,7675,0.9473841190338135
1.903953194618225,True,1.9039502143859863,1.0,0.09604661911725998,7676,0.937239944934845
0.9204871654510498,True,0.9204851388931274,1.0,1.0795093774795532,7677,0.4142303168773651
0.9995180368423462,True,0.9995160102844238,1.0,1.000479817390442,7678,0.8948646783828735
1.9950711727142334,True,1.995067834854126,1.0,0.004928904119879007,7679,0.9933972358703613
0.991084098815918,True,0.991081714630127,1.0,1.0089130401611328,7680,0.8234586119651794
1.8959368467330933,True,1.8959338665008545,1.0,0.10406297445297241,7681,0.983396589756012
1.5895206928253174,True,1.5895180702209473,1.0,0.41047853231430054,7682,0.9960877895355225
0.9995540380477905,True,0.9995522499084473,1.0,1.0004435777664185,7683,0.8618113398551941
0.9266180396080017,True,0.9266165494918823,1.0,1.0733795166015625,7684,0.8626393675804138
0.0,False,0.0,1.0,1.9999955892562866,7685,0.33652347326278687
1.9720091819763184,True,1.97200608253479,1.0,0.027990560978651047,7686,0.964821994304657
1.8644347190856934,True,1.864431619644165,1.0,0.13556498289108276,7687,0.9750962853431702
1.9762017726898193,True,1.976198673248291,1.0,0.02379804104566574,7688,0.9778186082839966
0.9712188243865967,True,0.9712165594100952,1.0,1.0287781953811646,7689,0.6407845616340637
1.2740168571472168,True,1.2740145921707153,1.0,0.7259813547134399,7690,0.8720254302024841
0.0,False,0.0,1.0,1.9999958276748657,7691,0.5604897141456604
0.9492113590240479,True,0.9492087364196777,1.0,1.0507850646972656,7692,0.9377379417419434
0.9908220767974854,True,0.9908198118209839,1.0,1.0091750621795654,7693,0.8071227073669434
0.0,False,0.0,1.0,1.999996304512024,7694,0.6286442875862122
1.928309679031372,True,1.9283064603805542,1.0,0.07169006764888763,7695,0.9707111120223999
0.0,False,0.0,1.0,0.9999980330467224,7696,0.38363832235336304
1.5000662803649902,True,1.5000636577606201,1.0,0.49993249773979187,7697,0.862639307975769
1.1386895179748535,True,1.1386867761611938,1.0,0.8613078594207764,7698,0.8644794821739197
0.0,False,0.0,1.0,1.999995470046997,7699,0.22070814669132233
0.997906506061554,True,0.9979043006896973,1.0,1.0020906925201416,7700,0.9225534796714783
1.4713643789291382,True,1.471360206604004,1.0,0.5286335945129395,7701,0.9295358061790466
0.9971113801002502,True,0.9971091151237488,1.0,1.0028855800628662,7702,0.9734261631965637
0.0,False,0.0,1.0,1.9999959468841553,7703,0.4051723778247833
0.9952182769775391,True,0.9952160120010376,1.0,1.0047789812088013,7704,0.8715764880180359
0.0,False,0.0,1.0,1.9999959468841553,7705,0.10235674679279327
0.0,False,0.0,1.0,1.9999942779541016,7706,0.6306855082511902
0.0,False,0.0,1.0,1.999995470046997,7707,0.1882724165916443
0.0,False,0.0,1.0,1.9999961853027344,7708,0.2016587257385254
0.0,False,0.0,1.0,1.9999959468841553,7709,0.11484875530004501
0.0,False,0.0,1.0,1.9999959468841553,7710,0.0838288739323616
0.0,False,0.0,1.0,1.9999957084655762,7711,0.310164213180542
0.9999251365661621,True,0.9999228119850159,1.0,1.0000717639923096,7712,0.791358232498169
0.0,False,0.0,1.0,1.9999958276748657,7713,0.17151853442192078
0.0,False,0.0,1.0,1.9999957084655762,7714,0.07574115693569183
0.0,False,0.0,1.0,0.9999977350234985,7715,0.21846111118793488
0.0,False,0.0,1.0,1.9999957084655762,7716,0.279367595911026
0.0,False,0.0,1.0,1.9999955892562866,7717,0.03916044533252716
1.9372528791427612,True,1.9372496604919434,1.0,0.06274695694446564,7718,0.7788015604019165
0.9969366192817688,True,0.9969346523284912,1.0,1.0030608177185059,7719,0.8951678276062012
1.9844305515289307,True,1.9844274520874023,1.0,0.015569239854812622,7720,0.9696247577667236
1.7665001153945923,True,1.7664974927902222,1.0,0.2334994673728943,7721,0.9300608038902283
0.0,False,0.0,1.0,1.9999949932098389,7722,0.22111806273460388
0.0,False,0.0,1.0,1.9999957084655762,7723,0.7075716257095337
0.9995757341384888,True,0.9995736479759216,1.0,1.0004218816757202,7724,0.8431316614151001
1.9680463075637817,True,1.968043327331543,1.0,0.031953513622283936,7725,0.9785553216934204
0.9962506890296936,True,0.9962483644485474,1.0,1.0037463903427124,7726,0.9264029264450073
0.0,False,0.0,1.0,1.9999953508377075,7727,0.127305805683136
0.0,False,0.0,1.0,1.9999960660934448,7728,0.23532120883464813
1.6028540134429932,True,1.602851390838623,1.0,0.3971450626850128,7729,0.8425850868225098
0.9965007901191711,True,0.9964985251426697,1.0,1.0034961700439453,7730,0.8328885436058044
0.0,False,0.0,1.0,1.999995470046997,7731,0.30555030703544617
0.0,False,0.0,1.0,1.9999959468841553,7732,0.2711331248283386
0.0,False,0.0,1.0,1.9999959468841553,7733,0.20898465812206268
1.6427112817764282,True,1.6427085399627686,1.0,0.35728806257247925,7734,0.9907591342926025
1.2392773628234863,True,1.2392750978469849,1.0,0.7607208490371704,7735,0.9324376583099365
0.9974000453948975,True,0.9973976612091064,1.0,1.0025969743728638,7736,0.7848048806190491
1.4083845615386963,True,1.4083821773529053,1.0,0.5916140079498291,7737,0.9038137197494507
1.9810147285461426,True,1.9810106754302979,1.0,0.018985219299793243,7738,0.9866423606872559
0.0,False,0.0,1.0,1.9999961853027344,7739,0.16054598987102509
0.9967912435531616,True,0.9967895746231079,1.0,1.0032069683074951,7740,0.9084559679031372
1.9838786125183105,True,1.9838755130767822,1.0,0.0161212719976902,7741,0.9943232536315918
1.6615681648254395,True,1.6615655422210693,1.0,0.33843111991882324,7742,0.9628623723983765
1.9358608722686768,True,1.9358580112457275,1.0,0.06413892656564713,7743,0.9890384674072266
0.0,False,0.0,1.0,1.999995231628418,7744,0.273323655128479
1.9580166339874268,True,1.9580135345458984,1.0,0.04198329523205757,7745,0.9925406575202942
1.950083613395691,True,1.950080394744873,1.0,0.049916382879018784,7746,0.9898636937141418
0.0,False,0.0,1.0,1.9999957084655762,7747,0.7026457190513611
1.8203046321868896,True,1.8203015327453613,1.0,0.1796949952840805,7748,0.9923272728919983
1.2721445560455322,True,1.2721425294876099,1.0,0.7278541922569275,7749,0.7841187119483948
0.9215101003646851,True,0.9215084314346313,1.0,1.0784871578216553,7750,0.9115513563156128
1.7813746929168701,True,1.7813714742660522,1.0,0.21862472593784332,7751,0.9320526719093323
0.997888445854187,True,0.9978861212730408,1.0,1.0021089315414429,7752,0.8686527013778687
1.9919099807739258,True,1.991906762123108,1.0,0.008089970797300339,7753,0.9475743174552917
1.8832910060882568,True,1.8832879066467285,1.0,0.11670859903097153,7754,0.9719461798667908
1.8895587921142578,True,1.8895559310913086,1.0,0.11044105887413025,7755,0.9101381897926331
1.9298787117004395,True,1.929875373840332,1.0,0.07012103497982025,7756,0.9640535712242126
0.0,False,0.0,1.0,1.9999947547912598,7757,0.6911525130271912
0.0,False,0.0,1.0,1.9999957084655762,7758,0.8863434791564941
1.861736536026001,True,1.8617334365844727,1.0,0.13826292753219604,7759,0.9828107357025146
0.0,False,0.0,1.0,1.999995231628418,7760,0.20859217643737793
0.0,False,0.0,1.0,1.9999961853027344,7761,0.26938098669052124
0.997628390789032,True,0.9976266026496887,1.0,1.0023691654205322,7762,0.6756763458251953
0.0,False,0.0,1.0,1.9999960660934448,7763,0.1514325886964798
1.9793280363082886,True,1.9793248176574707,1.0,0.02067193016409874,7764,0.9509157538414001
1.0876673460006714,True,1.08766508102417,1.0,0.9123300909996033,7765,0.8246933221817017
1.6262565851211548,True,1.6262537240982056,1.0,0.37374258041381836,7766,0.9541119933128357
1.997674584388733,True,1.997671127319336,1.0,0.0023253471590578556,7767,0.9749978184700012
1.9366546869277954,True,1.9366512298583984,1.0,0.0633450523018837,7768,0.9699137806892395
1.991915225982666,True,1.9919118881225586,1.0,0.008084726519882679,7769,0.9373330473899841
1.9944320917129517,True,1.9944287538528442,1.0,0.005567845888435841,7770,0.9290554523468018
0.0,False,0.0,1.0,1.9999959468841553,7771,0.15529800951480865
0.9992368221282959,True,0.9992347955703735,1.0,1.0007604360580444,7772,0.7040838599205017
0.9918402433395386,True,0.9918385744094849,1.0,1.0081578493118286,7773,0.9536522030830383
1.99869704246521,True,1.998693585395813,1.0,0.0013029940892010927,7774,0.9768948554992676
1.7371761798858643,True,1.7371734380722046,1.0,0.2628234326839447,7775,0.9945105314254761
0.9986757636070251,True,0.9986738562583923,1.0,1.0013219118118286,7776,0.7264991402626038
0.0,False,0.0,1.0,1.9999961853027344,7777,0.6300110816955566
1.6397583484649658,True,1.6397547721862793,1.0,0.3602406084537506,7778,0.923414945602417
1.8743908405303955,True,1.8743878602981567,1.0,0.12560880184173584,7779,0.9047642946243286
0.9999630451202393,True,0.9999610781669617,1.0,1.0000345706939697,7780,0.8669359087944031
1.244437575340271,True,1.2444350719451904,1.0,0.7555607557296753,7781,0.8864320516586304
0.9837174415588379,True,0.9837157726287842,1.0,1.0162808895111084,7782,0.9275855422019958
0.9828917980194092,True,0.9828900694847107,1.0,1.017106056213379,7783,0.9183435440063477
0.0,False,0.0,1.0,1.9999958276748657,7784,0.3392122685909271
0.9892882108688354,True,0.989285945892334,1.0,1.010708212852478,7785,0.7901883721351624
0.0,False,0.0,1.0,1.9999948740005493,7786,0.4589104652404785
1.0985932350158691,True,1.098590612411499,1.0,0.901404082775116,7787,0.819048285484314
0.9973489046096802,True,0.9973472356796265,1.0,1.0026490688323975,7788,0.7364320755004883
1.9666118621826172,True,1.9666086435317993,1.0,0.03338811174035072,7789,0.9426363110542297
1.0,True,0.999997615814209,1.0,0.9999969601631165,7790,0.625066339969635
0.9947727918624878,True,0.9947707653045654,1.0,1.0052244663238525,7791,0.8992779850959778
0.9988141655921936,True,0.9988121390342712,1.0,1.0011831521987915,7792,0.6871366500854492
0.0,False,0.0,1.0,1.9999948740005493,7793,0.15347376465797424
0.0,False,0.0,1.0,1.9999959468841553,7794,0.47742030024528503
0.8768598437309265,True,0.8768576979637146,1.0,1.1231366395950317,7795,0.8290130496025085
1.7308592796325684,True,1.7308566570281982,1.0,0.26914021372795105,7796,0.9627770185470581
0.9779561758041382,True,0.9779547452926636,1.0,1.022041916847229,7797,0.7841907143592834
1.799008846282959,True,1.7990059852600098,1.0,0.20099061727523804,7798,0.9962677359580994
0.9991630911827087,True,0.9991610050201416,1.0,1.0008342266082764,7799,0.8210679292678833
0.9877132177352905,True,0.9877116084098816,1.0,1.012284755706787,7800,0.7011291980743408
0.9994895458221436,True,0.9994875192642212,1.0,1.0005075931549072,7801,0.7225413918495178
0.9999890327453613,True,0.9999873638153076,1.0,1.0000090599060059,7802,0.7125588655471802
1.993678092956543,True,1.993674874305725,1.0,0.006321846041828394,7803,0.8210170865058899
1.2053778171539307,True,1.20537531375885,1.0,0.7946204543113708,7804,0.8934001326560974
0.9780597686767578,True,0.9780574440956116,1.0,1.0219365358352661,7805,0.6417374610900879
0.9980627298355103,True,0.9980603456497192,1.0,1.0019341707229614,7806,0.8784526586532593
1.9785981178283691,True,1.9785948991775513,1.0,0.021401768550276756,7807,0.9783568978309631
1.9848198890686035,True,1.9848167896270752,1.0,0.015180191956460476,7808,0.9942428469657898
1.9374802112579346,True,1.9374773502349854,1.0,0.06251955032348633,7809,0.9894075989723206
1.599403977394104,True,1.5994012355804443,1.0,0.4005952775478363,7810,0.9867318272590637
1.9270538091659546,True,1.9270508289337158,1.0,0.07294587045907974,7811,0.9811104536056519
1.961141586303711,True,1.9611382484436035,1.0,0.038858331739902496,7812,0.8327568769454956
1.9710850715637207,True,1.9710819721221924,1.0,0.028914805501699448,7813,0.9933235049247742
1.6835405826568604,True,1.6835370063781738,1.0,0.31645849347114563,7814,0.9297858476638794
1.986905574798584,True,1.9869019985198975,1.0,0.013094242662191391,7815,0.9537485837936401
1.9627435207366943,True,1.962740421295166,1.0,0.03725641220808029,7816,0.9901934266090393
1.3235644102096558,True,1.3235623836517334,1.0,0.676434338092804,7817,0.9641315937042236
1.9892398118972778,True,1.989236831665039,1.0,0.010760233737528324,7818,0.9064732789993286
1.1250314712524414,True,1.1250295639038086,1.0,0.874966561794281,7819,0.7592080235481262
0.8711935877799988,True,0.8711915016174316,1.0,1.1288034915924072,7820,0.9632788896560669
1.8404653072357178,True,1.8404622077941895,1.0,0.15953433513641357,7821,0.9931655526161194
1.8756906986236572,True,1.875687837600708,1.0,0.12430904060602188,7822,0.9563854336738586
1.215223789215088,True,1.2152211666107178,1.0,0.7847740650177002,7823,0.9341563582420349
1.9530909061431885,True,1.9530874490737915,1.0,0.046908918768167496,7824,0.9661457538604736
0.0,False,0.0,1.0,1.9999957084655762,7825,0.6473546624183655
1.4250400066375732,True,1.4250373840332031,1.0,0.5749588012695312,7826,0.9734724760055542
0.9966495633125305,True,0.9966474175453186,1.0,1.0033478736877441,7827,0.701280951499939
1.5491223335266113,True,1.5491193532943726,1.0,0.4508765637874603,7828,0.9352697134017944
1.2641254663467407,True,1.2641232013702393,1.0,0.7358726859092712,7829,0.8802322149276733
0.0,False,0.0,1.0,1.9999957084655762,7830,0.2848673164844513
1.9383580684661865,True,1.938354730606079,1.0,0.06164185330271721,7831,0.9039422273635864
0.0,False,0.0,1.0,1.9999957084655762,7832,0.4083115756511688
0.8700951337814331,True,0.8700933456420898,1.0,1.1299023628234863,7833,0.9288744926452637
0.9919537305831909,True,0.9919513463973999,1.0,1.0080431699752808,7834,0.9329955577850342
0.0,False,0.0,1.0,1.999995470046997,7835,0.4996137022972107
1.3939881324768066,True,1.3939852714538574,1.0,0.6060101985931396,7836,0.9386156797409058
0.9446840286254883,True,0.944682240486145,1.0,1.055314064025879,7837,0.9602554440498352
0.9995076060295105,True,0.9995055794715881,1.0,1.0004899501800537,7838,0.723894476890564
1.752221941947937,True,1.7522188425064087,1.0,0.2477775514125824,7839,0.9637425541877747
0.0,False,0.0,1.0,1.9999964237213135,7840,0.5099126696586609
0.9986554384231567,True,0.9986528158187866,1.0,1.0013412237167358,7841,0.8596532344818115
1.9953320026397705,True,1.9953285455703735,1.0,0.004668067675083876,7842,0.9479511380195618
1.742873191833496,True,1.7428698539733887,1.0,0.25712642073631287,7843,0.7861493825912476
1.9923582077026367,True,1.9923548698425293,1.0,0.0076418425887823105,7844,0.9815334677696228
1.9989707469940186,True,1.9989676475524902,1.0,0.0010292739607393742,7845,0.991730272769928
1.9507415294647217,True,1.9507384300231934,1.0,0.04925835505127907,7846,0.9778149724006653
1.998369812965393,True,1.9983664751052856,1.0,0.0016301310388371348,7847,0.9875232577323914
0.0,False,0.0,1.0,1.9999958276748657,7848,0.3175235986709595
1.9734587669372559,True,1.9734559059143066,1.0,0.026541035622358322,7849,0.9728174805641174
0.0,False,0.0,1.0,1.9999957084655762,7850,0.4201846420764923
0.5592876672744751,True,0.5592864751815796,1.0,1.440709114074707,7851,0.7734957933425903
0.9955044984817505,True,0.9955021142959595,1.0,1.0044924020767212,7852,0.9314842224121094
0.6584135890007019,True,0.6584121584892273,1.0,1.3415833711624146,7853,0.8519383072853088
1.9886741638183594,True,1.9886707067489624,1.0,0.01132582500576973,7854,0.9814015030860901
1.6196781396865845,True,1.619675636291504,1.0,0.3803211748600006,7855,0.9731595516204834
1.9435193538665771,True,1.9435162544250488,1.0,0.05648057162761688,7856,0.9683171510696411
1.9674053192138672,True,1.967402458190918,1.0,0.032594580203294754,7857,0.9442917108535767
1.9927923679351807,True,1.9927891492843628,1.0,0.007207679096609354,7858,0.9745134711265564
1.9873127937316895,True,1.9873093366622925,1.0,0.01268724724650383,7859,0.9634027481079102
1.871746301651001,True,1.8717434406280518,1.0,0.12825341522693634,7860,0.913544237613678
1.8718490600585938,True,1.8718459606170654,1.0,0.12815070152282715,7861,0.926010012626648
1.5092899799346924,True,1.5092873573303223,1.0,0.49070852994918823,7862,0.8709896802902222
1.9871180057525635,True,1.9871149063110352,1.0,0.012881908565759659,7863,0.9638152122497559
1.9508546590805054,True,1.9508516788482666,1.0,0.04914509877562523,7864,0.9529392719268799
1.8628872632980347,True,1.862884283065796,1.0,0.1371123492717743,7865,0.8740299940109253
1.8899680376052856,True,1.8899649381637573,1.0,0.11003172397613525,7866,0.9710855484008789
1.475341558456421,True,1.4753391742706299,1.0,0.5246574282646179,7867,0.9690161347389221
1.2298609018325806,True,1.2298591136932373,1.0,0.7701377272605896,7868,0.868591845035553
1.4568735361099243,True,1.4568710327148438,1.0,0.5431252717971802,7869,0.9524444937705994
1.3564248085021973,True,1.356422781944275,1.0,0.6435737609863281,7870,0.8937849402427673
1.8204290866851807,True,1.8204259872436523,1.0,0.1795704960823059,7871,0.8442780375480652
1.1668046712875366,True,1.166803002357483,1.0,0.8331937789916992,7872,0.9284298419952393
1.9915175437927246,True,1.9915144443511963,1.0,0.008482339791953564,7873,0.9638396501541138
1.0349451303482056,True,1.0349434614181519,1.0,0.9650527238845825,7874,0.8361915349960327
1.9921592473983765,True,1.9921560287475586,1.0,0.00784060824662447,7875,0.9885468482971191
1.997097134590149,True,1.997093677520752,1.0,0.002902848646044731,7876,0.9757609367370605
1.9928200244903564,True,1.9928168058395386,1.0,0.007180029526352882,7877,0.8157724738121033
1.9897596836090088,True,1.9897568225860596,1.0,0.01024026982486248,7878,0.9738986492156982
1.8343300819396973,True,1.834327220916748,1.0,0.1656695008277893,7879,0.6907800436019897
1.9821994304656982,True,1.98219633102417,1.0,0.01780042238533497,7880,0.9211382269859314
0.7152834534645081,True,0.7152823209762573,1.0,1.2847139835357666,7881,0.437374472618103
1.217020869255066,True,1.2170188426971436,1.0,0.782977283000946,7882,0.8081767559051514
0.8840494155883789,True,0.8840479850769043,1.0,1.1159483194351196,7883,0.11568545550107956
1.9544636011123657,True,1.9544599056243896,1.0,0.04553632065653801,7884,0.9447622299194336
1.5292186737060547,True,1.5292162895202637,1.0,0.4707804024219513,7885,0.9386060833930969
0.7821981906890869,True,0.7821967601776123,1.0,1.2177989482879639,7886,0.4076237380504608
0.0,False,0.0,1.0,1.9999957084655762,7887,0.06313198059797287
0.0,False,0.0,1.0,1.9999959468841553,7888,0.15947499871253967
1.4384338855743408,True,1.4384313821792603,1.0,0.5615648627281189,7889,0.6266128420829773
0.8107794523239136,True,0.8107779026031494,1.0,1.1892178058624268,7890,0.5740177035331726
1.5839972496032715,True,1.5839943885803223,1.0,0.41600173711776733,7891,0.9471268653869629
0.0,False,0.0,1.0,0.9999980926513672,7892,0.14438201487064362
0.9839812517166138,True,0.9839795231819153,1.0,1.0160164833068848,7893,0.8482821583747864
0.8738806247711182,True,0.873879075050354,1.0,1.1261165142059326,7894,0.7081703543663025
0.5771136283874512,True,0.57711261510849,1.0,1.4228829145431519,7895,0.6502406001091003
0.0,False,0.0,1.0,1.9999958276748657,7896,0.3306729793548584
0.0,False,0.0,1.0,1.9999951124191284,7897,0.21945767104625702
0.0,False,0.0,1.0,1.9999959468841553,7898,0.17450113594532013
1.9542949199676514,True,1.9542914628982544,1.0,0.04570484533905983,7899,0.9699515104293823
1.9736651182174683,True,1.9736621379852295,1.0,0.026334712281823158,7900,0.981423020362854
1.9856173992156982,True,1.9856138229370117,1.0,0.014382525347173214,7901,0.9626742005348206
1.9940893650054932,True,1.9940860271453857,1.0,0.005910440813750029,7902,0.989203155040741
0.0,False,0.0,1.0,1.9999948740005493,7903,0.5712677836418152
1.8431423902511597,True,1.8431389331817627,1.0,0.15685725212097168,7904,0.9088929891586304
1.437894582748413,True,1.4378920793533325,1.0,0.5621042251586914,7905,0.8968920707702637
1.9793190956115723,True,1.9793157577514648,1.0,0.020680900663137436,7906,0.9561259150505066
1.9835104942321777,True,1.9835069179534912,1.0,0.016489557921886444,7907,0.9578339457511902
0.0,False,0.0,1.0,1.9999958276748657,7908,0.40912383794784546
0.0,False,0.0,1.0,1.9999957084655762,7909,0.2241128534078598
1.9905600547790527,True,1.9905564785003662,1.0,0.00943995825946331,7910,0.9626564979553223
1.556820034980774,True,1.5568175315856934,1.0,0.44317907094955444,7911,0.956812858581543
1.1499028205871582,True,1.1499009132385254,1.0,0.8500953316688538,7912,0.9143639206886292
1.7325756549835205,True,1.7325729131698608,1.0,0.2674238085746765,7913,0.9607657194137573
1.8429081439971924,True,1.8429051637649536,1.0,0.15709158778190613,7914,0.9776757955551147
1.8842612504959106,True,1.8842582702636719,1.0,0.11573845148086548,7915,0.8825383186340332
1.8998180627822876,True,1.8998149633407593,1.0,0.1001816838979721,7916,0.8317782878875732
1.4172682762145996,True,1.4172658920288086,1.0,0.5827303528785706,7917,0.9459757208824158
1.2964446544647217,True,1.2964425086975098,1.0,0.7035536766052246,7918,0.9788385033607483
0.0,False,0.0,1.0,1.9999946355819702,7919,0.32891523838043213
0.0,False,0.0,1.0,1.9999935626983643,7920,0.1698455661535263
0.0,False,0.0,1.0,1.9999957084655762,7921,0.5761700868606567
0.0,False,0.0,1.0,1.9999957084655762,7922,0.4200625419616699
0.0,False,0.0,1.0,1.9999955892562866,7923,0.2557990550994873
1.8831994533538818,True,1.8831963539123535,1.0,0.11680032312870026,7924,0.8966653347015381
1.9800851345062256,True,1.980081558227539,1.0,0.01991492137312889,7925,0.9784016013145447
1.9245842695236206,True,1.9245811700820923,1.0,0.0754154771566391,7926,0.9741507768630981
1.9874885082244873,True,1.9874849319458008,1.0,0.012511620298027992,7927,0.9628227949142456
0.9725134372711182,True,0.9725115299224854,1.0,1.0274837017059326,7928,0.915469765663147
1.3014134168624878,True,1.3014111518859863,1.0,0.6985852122306824,7929,0.7260434031486511
0.0,False,0.0,1.0,1.999995231628418,7930,0.46089500188827515
1.9985432624816895,True,1.9985401630401611,1.0,0.0014566433383151889,7931,0.9787872433662415
0.9134997725486755,True,0.9134981632232666,1.0,1.0864976644515991,7932,0.34806981682777405
0.0,False,0.0,1.0,1.9999957084655762,7933,0.08707264065742493
1.9983165264129639,True,1.9983129501342773,1.0,0.0016832384280860424,7934,0.9789202213287354
1.0,True,0.9999977350234985,1.0,0.9999975562095642,7935,0.6567443013191223
0.0,False,0.0,1.0,1.9999960660934448,7936,0.33992069959640503
0.0,False,0.0,1.0,1.999995470046997,7937,0.17656871676445007
1.9901814460754395,True,1.990177869796753,1.0,0.009818377904593945,7938,0.9611676335334778
0.0,False,0.0,1.0,1.999995470046997,7939,0.16962213814258575
0.0,False,0.0,1.0,1.9999959468841553,7940,0.2746574878692627
1.395193099975586,True,1.395189881324768,1.0,0.6048049330711365,7941,0.6322618126869202
0.0,False,0.0,1.0,1.9999960660934448,7942,0.6598994135856628
0.9513110518455505,True,0.9513087868690491,1.0,1.0486855506896973,7943,0.6055510640144348
1.976441740989685,True,1.9764385223388672,1.0,0.023558037355542183,7944,0.5020057559013367
1.273978590965271,True,1.2739763259887695,1.0,0.7260195016860962,7945,0.7934460639953613
1.983106255531311,True,1.9831030368804932,1.0,0.016893602907657623,7946,0.9727660417556763
1.9924843311309814,True,1.9924811124801636,1.0,0.007515572011470795,7947,0.9668829441070557
0.0,False,0.0,1.0,1.9999957084655762,7948,0.13326293230056763
0.0,False,0.0,1.0,1.9999951124191284,7949,0.603007972240448
1.9879461526870728,True,1.9879429340362549,1.0,0.012053687125444412,7950,0.9642411470413208
0.5794897079467773,True,0.5794886946678162,1.0,1.4205070734024048,7951,0.3829839527606964
1.9501917362213135,True,1.9501886367797852,1.0,0.04980810731649399,7952,0.9840197563171387
0.0,False,0.0,1.0,1.9999957084655762,7953,0.2603572905063629
1.9930987358093262,True,1.9930951595306396,1.0,0.006901290733367205,7954,0.9946660995483398
1.7832446098327637,True,1.7832417488098145,1.0,0.2167549431324005,7955,0.7376919388771057
1.9964368343353271,True,1.9964336156845093,1.0,0.003563147271052003,7956,0.9950923919677734
0.0,False,0.0,1.0,1.9999958276748657,7957,0.18891391158103943
0.0,False,0.0,1.0,1.999995231628418,7958,0.5119433999061584
0.0,False,0.0,1.0,1.9999953508377075,7959,0.6368390321731567
0.9730148315429688,True,0.9730133414268494,1.0,1.0269830226898193,7960,0.8018083572387695
1.9746310710906982,True,1.9746274948120117,1.0,0.025368761271238327,7961,0.9866694211959839
0.0,False,0.0,1.0,1.999995470046997,7962,0.2865910530090332
0.0,False,0.0,1.0,1.9999961853027344,7963,0.24324050545692444
0.0,False,0.0,1.0,1.9999961853027344,7964,0.7036168575286865
1.9985475540161133,True,1.9985442161560059,1.0,0.0014524798607453704,7965,0.9933227896690369
0.8876478672027588,True,0.8876461982727051,1.0,1.1123499870300293,7966,0.9296911358833313
0.7226993441581726,True,0.7226974964141846,1.0,1.2772973775863647,7967,0.908159077167511
1.998319149017334,True,1.9983158111572266,1.0,0.0016808401560410857,7968,0.9222946166992188
1.9617923498153687,True,1.9617890119552612,1.0,0.03820764645934105,7969,0.9918667674064636
0.0,False,0.0,1.0,1.999995470046997,7970,0.04715745523571968
1.9980084896087646,True,1.9980052709579468,1.0,0.0019914645235985518,7971,0.9921613335609436
0.0,False,0.0,1.0,1.999995470046997,7972,0.11764056235551834
1.98616623878479,True,1.9861626625061035,1.0,0.013833773322403431,7973,0.9599788188934326
1.9843039512634277,True,1.9843008518218994,1.0,0.015695959329605103,7974,0.8576796054840088
0.9683538675308228,True,0.9683522582054138,1.0,1.0316441059112549,7975,0.7887776494026184
0.907995879650116,True,0.9079940319061279,1.0,1.0920019149780273,7976,0.914179801940918
0.8264255523681641,True,0.8264241814613342,1.0,1.173572063446045,7977,0.7095389366149902
1.7703973054885864,True,1.7703944444656372,1.0,0.2296021282672882,7978,0.962904691696167
1.9939727783203125,True,1.993969202041626,1.0,0.00602720445021987,7979,0.9659882187843323
0.932210385799408,True,0.9322085976600647,1.0,1.0677871704101562,7980,0.8655498623847961
1.980169415473938,True,1.9801663160324097,1.0,0.01983046717941761,7981,0.9887166023254395
1.9955493211746216,True,1.9955461025238037,1.0,0.004450545180588961,7982,0.9948638081550598
0.0,False,0.0,1.0,1.999995470046997,7983,0.18680159747600555
0.46423768997192383,True,0.4642367362976074,1.0,1.5357584953308105,7984,0.7552481293678284
0.8736164569854736,True,0.8736146688461304,1.0,1.1263809204101562,7985,0.979966938495636
1.9327638149261475,True,1.9327607154846191,1.0,0.06723589450120926,7986,0.9799423217773438
1.4969478845596313,True,1.4969453811645508,1.0,0.5030510425567627,7987,0.879817008972168
1.4801127910614014,True,1.4801102876663208,1.0,0.519885778427124,7988,0.8689044713973999
0.0,False,0.0,1.0,1.9999961853027344,7989,0.10022003203630447
1.9484424591064453,True,1.948439359664917,1.0,0.05155742168426514,7990,0.9386035799980164
1.9528884887695312,True,1.952885389328003,1.0,0.04711133614182472,7991,0.9837895035743713
0.0,False,0.0,1.0,1.9999948740005493,7992,0.5435812473297119
1.5892362594604492,True,1.589233636856079,1.0,0.41076287627220154,7993,0.9885213375091553
1.9956278800964355,True,1.9956246614456177,1.0,0.004371886607259512,7994,0.9896562099456787
1.9970999956130981,True,1.9970967769622803,1.0,0.002900006715208292,7995,0.9742699861526489
1.9996118545532227,True,1.9996085166931152,1.0,0.00038807603414170444,7996,0.9798021912574768
1.7646467685699463,True,1.7646441459655762,1.0,0.2353527694940567,7997,0.9364219307899475
1.0,True,0.9999980926513672,1.0,0.9999972581863403,7998,0.5779476761817932
0.9950992465019226,True,0.9950974583625793,1.0,1.004898190498352,7999,0.4177328050136566
0.9964932799339294,True,0.9964916110038757,1.0,1.0035043954849243,8000,0.6053047776222229
0.9825733304023743,True,0.9825713634490967,1.0,1.0174236297607422,8001,0.7236434817314148
0.9956804513931274,True,0.9956785440444946,1.0,1.0043166875839233,8002,0.4213522672653198
1.0688599348068237,True,1.0688581466674805,1.0,0.9311381578445435,8003,0.8680049180984497
0.9777347445487976,True,0.9777330160140991,1.0,1.0222623348236084,8004,0.5021286606788635
1.0,True,0.9999980926513672,1.0,0.9999970197677612,8005,0.6738386154174805
0.9980605840682983,True,0.9980586171150208,1.0,1.0019367933273315,8006,0.7733379602432251
1.9098563194274902,True,1.9098529815673828,1.0,0.09014350175857544,8007,0.9531707763671875
1.9191689491271973,True,1.9191656112670898,1.0,0.08083093911409378,8008,0.9797323942184448
1.9171812534332275,True,1.9171781539916992,1.0,0.08281858265399933,8009,0.9181631803512573
0.0,False,0.0,1.0,1.9999959468841553,8010,0.3224562406539917
0.0,False,0.0,1.0,1.9999959468841553,8011,0.37383580207824707
0.0,False,0.0,1.0,1.9999957084655762,8012,0.23165777325630188
0.0,False,0.0,1.0,1.9999959468841553,8013,0.5730932354927063
1.3916029930114746,True,1.3916009664535522,1.0,0.6083956360816956,8014,0.8861857652664185
0.9848787188529968,True,0.9848769307136536,1.0,1.0151193141937256,8015,0.747122585773468
0.0,False,0.0,1.0,1.9999957084655762,8016,0.19107136130332947
0.0,False,0.0,1.0,1.9999957084655762,8017,0.32628747820854187
0.0,False,0.0,1.0,1.9999949932098389,8018,0.06255654245615005
1.3316173553466797,True,1.3316149711608887,1.0,0.6683810949325562,8019,0.8447561860084534
0.0,False,0.0,1.0,1.999996542930603,8020,0.3675103187561035
1.9784795045852661,True,1.9784762859344482,1.0,0.021520424634218216,8021,0.9879946112632751
1.6656831502914429,True,1.6656804084777832,1.0,0.33431610465049744,8022,0.8604186773300171
1.9958066940307617,True,1.9958033561706543,1.0,0.00419328548014164,8023,0.9952168464660645
1.9925789833068848,True,1.9925756454467773,1.0,0.007421189919114113,8024,0.9936707019805908
0.7949321866035461,True,0.7949309349060059,1.0,1.2050656080245972,8025,0.9019607305526733
0.0,False,0.0,1.0,1.999995470046997,8026,0.48995456099510193
0.0,False,0.0,1.0,1.9999959468841553,8027,0.03184092417359352
1.9860358238220215,True,1.986032247543335,1.0,0.013964111916720867,8028,0.9577041268348694
0.9902580380439758,True,0.9902564287185669,1.0,1.0097399950027466,8029,0.768621027469635
0.0,False,0.0,1.0,1.9999957084655762,8030,0.515209436416626
1.997098684310913,True,1.9970953464508057,1.0,0.002901205327361822,8031,0.9742134213447571
1.9996331930160522,True,1.9996298551559448,1.0,0.00036693643778562546,8032,0.980080246925354
0.9984102249145508,True,0.9984079599380493,1.0,1.001587152481079,8033,0.8675914406776428
1.9997177124023438,True,1.9997143745422363,1.0,0.0002821756643243134,8034,0.9815822839736938
1.998413324356079,True,1.9984101057052612,1.0,0.0015865948516875505,8035,0.9304134845733643
0.9861800074577332,True,0.986177921295166,1.0,1.013817310333252,8036,0.5745418667793274
1.9663851261138916,True,1.9663816690444946,1.0,0.033614855259656906,8037,0.9913734793663025
0.9885162115097046,True,0.9885144829750061,1.0,1.0114811658859253,8038,0.6753926277160645
1.9892561435699463,True,1.9892528057098389,1.0,0.01074379775673151,8039,0.5841503143310547
1.9823884963989258,True,1.9823853969573975,1.0,0.017611337825655937,8040,0.848884105682373
0.9973070025444031,True,0.9973053932189941,1.0,1.0026910305023193,8041,0.8211444616317749
1.7465013265609741,True,1.7464983463287354,1.0,0.2534981667995453,8042,0.9646015167236328
1.9994966983795166,True,1.9994933605194092,1.0,0.0005032062181271613,8043,0.977959930896759
1.9996775388717651,True,1.9996740818023682,1.0,0.0003225239925086498,8044,0.9805193543434143
0.0,False,0.0,1.0,1.9999958276748657,8045,0.516212522983551
1.8560800552368164,True,1.8560764789581299,1.0,0.14391951262950897,8046,0.8622813820838928
0.9995021820068359,True,0.9994997382164001,1.0,1.0004950761795044,8047,0.7876256108283997
1.9997155666351318,True,1.9997122287750244,1.0,0.00028432425460778177,8048,0.9776361584663391
0.9984722137451172,True,0.9984701871871948,1.0,1.0015252828598022,8049,0.9168992042541504
1.7042754888534546,True,1.7042722702026367,1.0,0.29572367668151855,8050,0.9288066029548645
0.9971081018447876,True,0.9971058368682861,1.0,1.0028893947601318,8051,0.8593282699584961
1.9994317293167114,True,1.9994282722473145,1.0,0.000568330055102706,8052,0.9756016135215759
0.4690912067890167,True,0.46909043192863464,1.0,1.5309052467346191,8053,0.5472109913825989
1.9997293949127197,True,1.9997260570526123,1.0,0.0002705003134906292,8054,0.9747220277786255
0.9619936943054199,True,0.9619913101196289,1.0,1.0380035638809204,8055,0.8696544170379639
1.9998058080673218,True,1.9998022317886353,1.0,0.00019427375809755176,8056,0.9800733923912048
1.9988443851470947,True,1.9988410472869873,1.0,0.0011554795783013105,8057,0.9567667245864868
0.9725961685180664,True,0.9725938439369202,1.0,1.0274008512496948,8058,0.8674650192260742
1.9694279432296753,True,1.9694244861602783,1.0,0.03057202883064747,8059,0.994347870349884
1.9566175937652588,True,1.9566144943237305,1.0,0.043382201343774796,8060,0.9574440717697144
0.9999955892562866,True,0.9999935626983643,1.0,1.0000020265579224,8061,0.5903637409210205
1.1093047857284546,True,1.1093029975891113,1.0,0.8906933665275574,8062,0.6414797902107239
1.3944066762924194,True,1.3944036960601807,1.0,0.6055917739868164,8063,0.885628342628479
1.9852526187896729,True,1.9852495193481445,1.0,0.014747333712875843,8064,0.8913788795471191
1.7595514059066772,True,1.7595484256744385,1.0,0.24044805765151978,8065,0.9715374708175659
1.9776251316070557,True,1.9776219129562378,1.0,0.02237490378320217,8066,0.9878831505775452
1.486487865447998,True,1.4864851236343384,1.0,0.5135108828544617,8067,0.8159690499305725
0.0,False,0.0,1.0,1.9999961853027344,8068,0.33834436535835266
0.9993425011634827,True,0.9993405342102051,1.0,1.0006548166275024,8069,0.6593227386474609
0.0,False,0.0,1.0,1.999996304512024,8070,0.28341713547706604
0.0,False,0.0,1.0,1.9999961853027344,8071,0.008251125924289227
0.0,False,0.0,1.0,1.9999961853027344,8072,0.022785864770412445
0.0,False,0.0,1.0,1.9999961853027344,8073,0.13892759382724762
0.0,False,0.0,1.0,1.9999960660934448,8074,0.00990151334553957
0.0,False,0.0,1.0,1.9999964237213135,8075,0.02521757036447525
0.0,False,0.0,1.0,1.9999961853027344,8076,0.08213621377944946
0.7046300768852234,True,0.7046288847923279,1.0,1.295366644859314,8077,0.6583203673362732
0.9734542965888977,True,0.9734526872634888,1.0,1.0265436172485352,8078,0.4034087657928467
0.9800516366958618,True,0.980049729347229,1.0,1.0199451446533203,8079,0.8694683313369751
1.8598958253860474,True,1.8598930835723877,1.0,0.1401037871837616,8080,0.9561918377876282
1.570756196975708,True,1.5707530975341797,1.0,0.42924225330352783,8081,0.9257457256317139
1.978386640548706,True,1.9783834218978882,1.0,0.02161312662065029,8082,0.9366892576217651
0.0,False,0.0,1.0,0.9999979734420776,8083,0.19421477615833282
0.0,False,0.0,1.0,1.9999951124191284,8084,0.08055145293474197
1.6455669403076172,True,1.6455636024475098,1.0,0.35443195700645447,8085,0.9277311563491821
1.9971880912780762,True,1.9971849918365479,1.0,0.0028118551708757877,8086,0.9777829051017761
1.9891471862792969,True,1.9891438484191895,1.0,0.01085295993834734,8087,0.5592665076255798
0.0,False,0.0,1.0,1.9999946355819702,8088,0.5069887638092041
0.0,False,0.0,1.0,1.9999957084655762,8089,0.3357577621936798
0.0,False,0.0,1.0,1.9999959468841553,8090,0.3512246608734131
0.0,False,0.0,1.0,1.999995231628418,8091,0.707572340965271
0.0,False,0.0,1.0,1.9999949932098389,8092,0.3266393840312958
0.0,False,0.0,1.0,1.9999959468841553,8093,0.3785772919654846
0.0,False,0.0,1.0,0.9999977350234985,8094,0.40687981247901917
1.3956562280654907,True,1.3956538438796997,1.0,0.6043424606323242,8095,0.919416069984436
1.8104441165924072,True,1.8104404211044312,1.0,0.1895553320646286,8096,0.9178627133369446
1.9983713626861572,True,1.9983680248260498,1.0,0.001628487603738904,8097,0.9814825654029846
1.8317430019378662,True,1.831739902496338,1.0,0.1682567000389099,8098,0.9257566928863525
1.2488409280776978,True,1.248839020729065,1.0,0.751157283782959,8099,0.8658574819564819
1.844117522239685,True,1.8441145420074463,1.0,0.15588217973709106,8100,0.8757869601249695
0.0,False,0.0,1.0,1.9999959468841553,8101,0.300265908241272
0.0,False,0.0,1.0,1.9999945163726807,8102,0.3624266982078552
0.9985585808753967,True,0.9985567927360535,1.0,1.0014389753341675,8103,0.8596921563148499
0.9984579682350159,True,0.9984562397003174,1.0,1.001539707183838,8104,0.7867859601974487
1.0,True,0.9999982714653015,1.0,0.9999973773956299,8105,0.8106912970542908
0.9909859895706177,True,0.990984320640564,1.0,1.0090117454528809,8106,0.6846179962158203
1.0,True,0.9999983310699463,1.0,0.9999977946281433,8107,0.7020708322525024
1.0,True,0.9999983310699463,1.0,0.9999974370002747,8108,0.745460033416748
0.9844100475311279,True,0.9844081997871399,1.0,1.0155869722366333,8109,0.6553817391395569
1.9718050956726074,True,1.971801996231079,1.0,0.028194881975650787,8110,0.9327404499053955
0.9995197057723999,True,0.9995179176330566,1.0,1.0004777908325195,8111,0.8275517225265503
0.9997669458389282,True,0.999765157699585,1.0,1.0002306699752808,8112,0.8665998578071594
0.9975225925445557,True,0.997520923614502,1.0,1.0024750232696533,8113,0.9117684364318848
1.9668132066726685,True,1.966809868812561,1.0,0.033186692744493484,8114,0.9684826135635376
1.9480206966400146,True,1.9480174779891968,1.0,0.05197905749082565,8115,0.8566398620605469
0.0,False,0.0,1.0,1.999995231628418,8116,0.026999691501259804
1.8483896255493164,True,1.8483866453170776,1.0,0.15161000192165375,8117,0.9188298583030701
0.0,False,0.0,1.0,1.9999949932098389,8118,0.27549317479133606
0.0,False,0.0,1.0,1.9999955892562866,8119,0.29182642698287964
1.9573832750320435,True,1.9573800563812256,1.0,0.042616408318281174,8120,0.9581414461135864
1.994832992553711,True,1.9948296546936035,1.0,0.005166835151612759,8121,0.9603778719902039
0.5272088050842285,True,0.5272079706192017,1.0,1.4727882146835327,8122,0.8925071954727173
0.0,False,0.0,1.0,1.9999947547912598,8123,0.4980168640613556
0.0,False,0.0,1.0,1.9999935626983643,8124,0.0828639566898346
1.022754192352295,True,1.022751808166504,1.0,0.9772432446479797,8125,0.7457562685012817
1.8496513366699219,True,1.8496482372283936,1.0,0.15034814178943634,8126,0.9418738484382629
1.5250842571258545,True,1.5250813961029053,1.0,0.47491487860679626,8127,0.9172677397727966
1.9969738721847534,True,1.9969706535339355,1.0,0.0030261948704719543,8128,0.975704550743103
0.0,False,0.0,1.0,1.9999948740005493,8129,0.10586493462324142
0.8289294242858887,True,0.8289279937744141,1.0,1.171067714691162,8130,0.4604012668132782
1.9970974922180176,True,1.9970941543579102,1.0,0.0029024542309343815,8131,0.9769670963287354
1.9995800256729126,True,1.9995765686035156,1.0,0.00041989865712821484,8132,0.9822854995727539
1.999718427658081,True,1.9997150897979736,1.0,0.00028156154439784586,8133,0.9840577244758606
1.9998756647109985,True,1.9998723268508911,1.0,0.00012426348985172808,8134,0.9847303032875061
1.9998844861984253,True,1.9998811483383179,1.0,0.00011550205090316013,8135,0.9850021004676819
0.0,False,0.0,1.0,1.9999938011169434,8136,0.1679999828338623
1.99992835521698,True,1.999924898147583,1.0,7.165194256231189e-05,8137,0.9847559332847595
1.9999337196350098,True,1.9999303817749023,1.0,6.619756459258497e-05,8138,0.986016571521759
1.999953269958496,True,1.9999499320983887,1.0,4.665053711505607e-05,8139,0.9856681823730469
1.9999568462371826,True,1.999953269958496,1.0,4.3191786971874535e-05,8140,0.9858810901641846
1.9999654293060303,True,1.9999619722366333,1.0,3.4563323424663395e-05,8141,0.9855572581291199
1.9999661445617676,True,1.9999626874923706,1.0,3.375373489689082e-05,8142,0.9853166937828064
1.9999732971191406,True,1.9999699592590332,1.0,2.6616875402396545e-05,8143,0.9860395193099976
1.999974250793457,True,1.9999709129333496,1.0,2.5713616196298972e-05,8144,0.9859133362770081
1.9999748468399048,True,1.9999715089797974,1.0,2.502624920452945e-05,8145,0.9847633242607117
1.4611611366271973,True,1.4611589908599854,1.0,0.5388380289077759,8146,0.9015437960624695
1.9172191619873047,True,1.9172160625457764,1.0,0.08278052508831024,8147,0.8797866106033325
0.0,False,0.0,1.0,1.9999949932098389,8148,0.12698131799697876
1.999741554260254,True,1.9997382164001465,1.0,0.0002582204469945282,8149,0.9843159317970276
1.9913296699523926,True,1.9913265705108643,1.0,0.008670211769640446,8150,0.46180376410484314
0.0,False,0.0,1.0,1.9999957084655762,8151,0.35675084590911865
1.932664394378662,True,1.9326612949371338,1.0,0.06733553856611252,8152,0.9602590799331665
1.7120705842971802,True,1.7120678424835205,1.0,0.28792890906333923,8153,0.9681118726730347
1.9668505191802979,True,1.9668471813201904,1.0,0.03314938023686409,8154,0.9662491679191589
1.61177659034729,True,1.61177396774292,1.0,0.3882226347923279,8155,0.9725516438484192
0.0,False,0.0,1.0,1.9999957084655762,8156,0.5707791447639465
1.9929699897766113,True,1.992966890335083,1.0,0.0070300353690981865,8157,0.970014214515686
1.9999783039093018,True,1.999975323677063,1.0,2.1623913198709488e-05,8158,0.9903818964958191
1.9999852180480957,True,1.999982237815857,1.0,1.4758263205294497e-05,8159,0.9906434416770935
1.9834465980529785,True,1.9834425449371338,1.0,0.016553353518247604,8160,0.9874458312988281
0.9995455741882324,True,0.9995433688163757,1.0,1.0004521608352661,8161,0.835509717464447
0.9929013848304749,True,0.9928990006446838,1.0,1.0070960521697998,8162,0.8654607534408569
0.9847733378410339,True,0.9847712516784668,1.0,1.0152239799499512,8163,0.8586789965629578
1.74725341796875,True,1.7472501993179321,1.0,0.2527458667755127,8164,0.9467811584472656
1.5212708711624146,True,1.5212676525115967,1.0,0.47872790694236755,8165,0.8111509680747986
1.375403881072998,True,1.3754007816314697,1.0,0.6245944499969482,8166,0.9497787952423096
0.99959397315979,True,0.9995919466018677,1.0,1.0004032850265503,8167,0.8352952599525452
0.9960508942604065,True,0.9960487484931946,1.0,1.0039467811584473,8168,0.7466521263122559
0.0,False,0.0,1.0,1.999993920326233,8169,0.299701064825058
1.9491709470748901,True,1.949167013168335,1.0,0.05082885921001434,8170,0.8820219039916992
1.849768042564392,True,1.8497645854949951,1.0,0.15023165941238403,8171,0.9206901788711548
0.9978042840957642,True,0.9978022575378418,1.0,1.0021930932998657,8172,0.7543226480484009
0.9982740879058838,True,0.9982717037200928,1.0,1.0017235279083252,8173,0.9115422368049622
0.9987616539001465,True,0.9987592101097107,1.0,1.0012357234954834,8174,0.7474926710128784
1.321448564529419,True,1.321446180343628,1.0,0.6785500645637512,8175,0.9055309891700745
0.0,False,0.0,1.0,0.9999970197677612,8176,0.1718333512544632
1.4024850130081177,True,1.402482509613037,1.0,0.5975135564804077,8177,0.9651257991790771
0.9956619143486023,True,0.995659589767456,1.0,1.0043351650238037,8178,0.9514532089233398
0.9997289776802063,True,0.9997271299362183,1.0,1.000268816947937,8179,0.8566638231277466
0.9955535531044006,True,0.995551586151123,1.0,1.0044443607330322,8180,0.9064661264419556
1.0,True,0.9999978542327881,1.0,0.9999971985816956,8181,0.642218828201294
0.9997824430465698,True,0.9997801780700684,1.0,1.0002152919769287,8182,0.8589651584625244
1.2326289415359497,True,1.23262619972229,1.0,0.767368733882904,8183,0.9015514254570007
0.9998451471328735,True,0.9998432397842407,1.0,1.000152587890625,8184,0.7765071988105774
0.9955025911331177,True,0.9955004453659058,1.0,1.0044949054718018,8185,0.7507285475730896
0.0,False,0.0,1.0,1.9999936819076538,8186,0.09238780289888382
1.63081693649292,True,1.6308138370513916,1.0,0.36918213963508606,8187,0.902348518371582
0.9999606609344482,True,0.9999582767486572,1.0,1.0000364780426025,8188,0.8209810853004456
0.9974051713943481,True,0.9974031448364258,1.0,1.0025922060012817,8189,0.8531419634819031
1.0,True,0.999997615814209,1.0,0.9999973177909851,8190,0.7695296406745911
0.999121904373169,True,0.9991198182106018,1.0,1.0008753538131714,8191,0.8786958456039429
0.0,False,0.0,0.0,1.999995231628418,7577,0.26924577355384827
1.2804300785064697,True,1.2804276943206787,0.0,0.7195680737495422,7578,0.9302552938461304
0.0,False,0.0,0.0,1.999995470046997,7579,0.06164177879691124
0.0,False,0.0,0.0,1.9999949932098389,7580,0.0678805485367775
0.0,False,0.0,0.0,1.9999959468841553,7581,0.21329137682914734
0.0,False,0.0,0.0,1.999995470046997,7582,0.04200199246406555
0.0,False,0.0,0.0,1.9999957084655762,7583,0.06710360199213028
0.0,False,0.0,0.0,1.999995231628418,7584,0.5561770796775818
0.0,False,0.0,0.0,1.9999961853027344,7585,0.055007606744766235
0.0,False,0.0,0.0,1.9999946355819702,7586,0.35634076595306396
0.0,False,0.0,0.0,1.999995470046997,7587,0.22963689267635345
0.0,False,0.0,0.0,1.9999957084655762,7588,0.00707780197262764
0.0,False,0.0,0.0,1.9999961853027344,7589,0.4840744137763977
0.0,False,0.0,0.0,1.9999957084655762,7590,0.20045271515846252
0.0,False,0.0,0.0,1.9999942779541016,7591,0.6004021167755127
0.0,False,0.0,0.0,1.9999959468841553,7592,0.14095763862133026
1.6347758769989014,True,1.6347723007202148,0.0,0.36522313952445984,7593,0.9296448826789856
0.0,False,0.0,0.0,1.9999959468841553,7594,0.1972615271806717
0.0,False,0.0,0.0,1.9999946355819702,7595,0.166683629155159
0.0,False,0.0,0.0,1.999996542930603,7596,0.16624391078948975
0.0,False,0.0,0.0,1.9999961853027344,7597,0.4114868938922882
0.0,False,0.0,0.0,1.9999935626983643,7598,0.30082350969314575
0.0,False,0.0,0.0,1.9999959468841553,7599,0.09596805274486542
0.0,False,0.0,0.0,1.999994158744812,7600,0.06343767046928406
0.0,False,0.0,0.0,1.9999957084655762,7601,0.0734681785106659
0.0,False,0.0,0.0,1.999995231628418,7602,0.22270376980304718
0.9987199306488037,True,0.9987176656723022,0.0,1.0012773275375366,7603,0.7871202826499939
0.0,False,0.0,0.0,1.9999959468841553,7604,0.010601473972201347
0.0,False,0.0,0.0,1.9999942779541016,7605,0.1033443808555603
0.0,False,0.0,0.0,1.999995231628418,7606,0.2910049557685852
0.0,False,0.0,0.0,1.9999940395355225,7607,0.11105140298604965
0.0,False,0.0,0.0,1.9999957084655762,7608,0.6409235000610352
0.0,False,0.0,0.0,1.9999959468841553,7609,0.31596657633781433
0.0,False,0.0,0.0,0.9999982118606567,7610,0.028614457696676254
0.0,False,0.0,0.0,1.9999957084655762,7611,0.3397104740142822
0.0,False,0.0,0.0,1.9999964237213135,7612,0.09283196181058884
0.0,False,0.0,0.0,1.9999959468841553,7613,0.5416989922523499
0.9966629147529602,True,0.9966613054275513,0.0,1.0033352375030518,7614,0.9477387070655823
0.0,False,0.0,0.0,1.9999958276748657,7615,0.08680514246225357
0.0,False,0.0,0.0,1.9999959468841553,7616,0.042327068746089935
0.0,False,0.0,0.0,1.9999958276748657,7617,0.3308505415916443
1.5125765800476074,True,1.5125735998153687,0.0,0.4874221384525299,7618,0.9432256817817688
0.0,False,0.0,0.0,1.9999946355819702,7619,0.03563699498772621
0.0,False,0.0,0.0,1.9999959468841553,7620,0.43440309166908264
0.0,False,0.0,0.0,1.9999942779541016,7621,0.05555697903037071
0.0,False,0.0,0.0,1.9999960660934448,7622,0.062265269458293915
0.0,False,0.0,0.0,1.999995470046997,7623,0.11260271817445755
0.0,False,0.0,0.0,1.999992847442627,7624,0.28951069712638855
0.0,False,0.0,0.0,1.9999959468841553,7625,0.007873409427702427
0.9997794032096863,True,0.9997771978378296,0.0,1.0002177953720093,7626,0.7687008380889893
0.0,False,0.0,0.0,1.9999961853027344,7627,0.13764268159866333
0.0,False,0.0,0.0,1.9999945163726807,7628,0.069970041513443
0.0,False,0.0,0.0,1.9999957084655762,7629,0.535221517086029
0.0,False,0.0,0.0,1.9999959468841553,7630,0.028850721195340157
0.0,False,0.0,0.0,1.999995470046997,7631,0.030467791482806206
0.0,False,0.0,0.0,1.9999957084655762,7632,0.03227055445313454
0.0,False,0.0,0.0,1.9999953508377075,7633,0.3218063414096832
0.0,False,0.0,0.0,1.9999957084655762,7634,0.01158621720969677
0.0,False,0.0,0.0,1.9999957084655762,7635,0.3657083511352539
0.0,False,0.0,0.0,1.9999964237213135,7636,0.11042094975709915
0.0,False,0.0,0.0,1.9999936819076538,7637,0.1478032022714615
0.0,False,0.0,0.0,1.999994158744812,7638,0.2426403909921646
0.0,False,0.0,0.0,1.9999957084655762,7639,0.029750023037195206
0.0,False,0.0,0.0,1.9999945163726807,7640,0.37535354495048523
0.0,False,0.0,0.0,1.9999960660934448,7641,0.25050175189971924
0.0,False,0.0,0.0,1.999995231628418,7642,0.17783114314079285
0.0,False,0.0,0.0,1.9999959468841553,7643,0.3050732910633087
0.0,False,0.0,0.0,1.9999957084655762,7644,0.48653799295425415
0.0,False,0.0,0.0,1.9999959468841553,7645,0.1863006204366684
0.0,False,0.0,0.0,1.9999949932098389,7646,0.3165396451950073
0.0,False,0.0,0.0,1.999996304512024,7647,0.06581250578165054
0.0,False,0.0,0.0,1.9999964237213135,7648,0.2093818634748459
0.0,False,0.0,0.0,1.9999935626983643,7649,0.19946199655532837
0.0,False,0.0,0.0,1.9999958276748657,7650,0.02920602820813656
0.0,False,0.0,0.0,1.9999958276748657,7651,0.09115223586559296
0.0,False,0.0,0.0,1.9999959468841553,7652,0.12595944106578827
0.0,False,0.0,0.0,1.9999959468841553,7653,0.3101362884044647
0.0,False,0.0,0.0,1.999995470046997,7654,0.22258636355400085
0.0,False,0.0,0.0,1.999996542930603,7655,0.03899313136935234
0.0,False,0.0,0.0,1.9999964237213135,7656,0.1767134964466095
0.0,False,0.0,0.0,1.9999945163726807,7657,0.04258725792169571
0.0,False,0.0,0.0,1.9999959468841553,7658,0.2328963726758957
0.9994056820869446,True,0.9994040131568909,0.0,1.0005922317504883,7659,0.7176836133003235
0.0,False,0.0,0.0,1.9999960660934448,7660,0.018206480890512466
0.0,False,0.0,0.0,1.9999964237213135,7661,0.015363949351012707
0.0,False,0.0,0.0,1.999995470046997,7662,0.00963516253978014
0.0,False,0.0,0.0,1.9999955892562866,7663,0.032597705721855164
1.9508837461471558,True,1.950880527496338,0.0,0.04911632463335991,7664,0.9838957786560059
0.0,False,0.0,0.0,1.9999957084655762,7665,0.03918883949518204
0.0,False,0.0,0.0,1.999995231628418,7666,0.16103188693523407
0.0,False,0.0,0.0,1.9999942779541016,7667,0.0904504731297493
0.0,False,0.0,0.0,1.9999953508377075,7668,0.36634010076522827
0.0,False,0.0,0.0,1.9999935626983643,7669,0.10382575541734695
0.0,False,0.0,0.0,1.9999959468841553,7670,0.07800140231847763
0.0,False,0.0,0.0,1.9999961853027344,7671,0.10401751101016998
0.0,False,0.0,0.0,1.9999933242797852,7672,0.1623142510652542
0.0,False,0.0,0.0,1.9999964237213135,7673,0.1727025806903839
0.0,False,0.0,0.0,1.9999966621398926,7674,0.00867574755102396
0.0,False,0.0,0.0,1.9999948740005493,7675,0.02900414727628231
0.0,False,0.0,0.0,1.9999964237213135,7676,0.1503162980079651
0.0,False,0.0,0.0,1.999993085861206,7677,0.10729450732469559
0.0,False,0.0,0.0,1.9999945163726807,7678,0.05908584967255592
0.0,False,0.0,0.0,1.9999959468841553,7679,0.19744181632995605
1.3139458894729614,True,1.313942551612854,0.0,0.6860517859458923,7680,0.9138001799583435
0.0,False,0.0,0.0,1.9999960660934448,7681,0.01742650754749775
0.0,False,0.0,0.0,1.9999964237213135,7682,0.010625316761434078
0.0,False,0.0,0.0,1.9999938011169434,7683,0.05453592538833618
0.0,False,0.0,0.0,1.9999949932098389,7684,0.8010475039482117
0.0,False,0.0,0.0,1.9999953508377075,7685,0.4576980769634247
0.0,False,0.0,0.0,1.9999964237213135,7686,0.17444762587547302
0.9999884963035583,True,0.9999868869781494,0.0,1.000009536743164,7687,0.7826772332191467
0.0,False,0.0,0.0,1.9999961853027344,7688,0.13676701486110687
1.0,True,0.9999974966049194,0.0,0.9999966621398926,7689,0.7857005596160889
0.0,False,0.0,0.0,1.9999951124191284,7690,0.020129192620515823
0.0,False,0.0,0.0,1.9999958276748657,7691,0.34543097019195557
1.351100206375122,True,1.351097583770752,0.0,0.6488980054855347,7692,0.9520310163497925
0.0,False,0.0,0.0,1.9999934434890747,7693,0.09341999143362045
0.0,False,0.0,0.0,1.9999961853027344,7694,0.1827140897512436
0.0,False,0.0,0.0,1.999995231628418,7695,0.2463291436433792
0.0,False,0.0,0.0,1.9999961853027344,7696,0.35654911398887634
0.0,False,0.0,0.0,1.9999938011169434,7697,0.26535674929618835
0.0,False,0.0,0.0,1.999991774559021,7698,0.23111379146575928
0.0,False,0.0,0.0,1.999995470046997,7699,0.7011566162109375
0.9963743090629578,True,0.9963720440864563,0.0,1.0036227703094482,7700,0.7149280309677124
1.1465119123458862,True,1.1465094089508057,0.0,0.8534852862358093,7701,0.8832136988639832
0.9979163408279419,True,0.9979141354560852,0.0,1.0020807981491089,7702,0.8824383616447449
0.0,False,0.0,0.0,1.9999964237213135,7703,0.023406414315104485
0.0,False,0.0,0.0,1.9999923706054688,7704,0.03433353081345558
0.0,False,0.0,0.0,1.9999961853027344,7705,0.08552279323339462
0.0,False,0.0,0.0,1.9999961853027344,7706,0.2460000067949295
0.0,False,0.0,0.0,1.9999957084655762,7707,0.04671032726764679
0.0,False,0.0,0.0,1.9999957084655762,7708,0.07619263231754303
0.0,False,0.0,0.0,1.9999961853027344,7709,0.060698460787534714
0.0,False,0.0,0.0,1.9999959468841553,7710,0.1843743622303009
0.0,False,0.0,0.0,1.999995470046997,7711,0.06082054600119591
1.2997969388961792,True,1.299794316291809,0.0,0.7002010941505432,7712,0.9525889754295349
0.0,False,0.0,0.0,1.9999961853027344,7713,0.050879232585430145
0.0,False,0.0,0.0,1.999995231628418,7714,0.335732638835907
0.0,False,0.0,0.0,1.9999957084655762,7715,0.3244935870170593
0.0,False,0.0,0.0,1.999995231628418,7716,0.05838201940059662
0.0,False,0.0,0.0,1.9999960660934448,7717,0.0629897341132164
0.0,False,0.0,0.0,1.9999957084655762,7718,0.014055060222744942
0.0,False,0.0,0.0,1.9999945163726807,7719,0.0697718933224678
0.0,False,0.0,0.0,1.9999958276748657,7720,0.07912928611040115
0.0,False,0.0,0.0,1.9999957084655762,7721,0.6548669338226318
0.0,False,0.0,0.0,1.9999946355819702,7722,0.1838415563106537
0.0,False,0.0,0.0,1.999995231628418,7723,0.31501615047454834
0.0,False,0.0,0.0,1.9999949932098389,7724,0.09455554932355881
0.0,False,0.0,0.0,1.9999953508377075,7725,0.17760320007801056
0.0,False,0.0,0.0,1.9999947547912598,7726,0.1457643359899521
0.0,False,0.0,0.0,1.999995470046997,7727,0.41121214628219604
0.0,False,0.0,0.0,1.9999961853027344,7728,0.16026824712753296
0.0,False,0.0,0.0,1.9999953508377075,7729,0.09035547077655792
0.0,False,0.0,0.0,1.9999947547912598,7730,0.03179997578263283
0.0,False,0.0,0.0,1.9999959468841553,7731,0.11031156033277512
0.0,False,0.0,0.0,1.999996542930603,7732,0.09422795474529266
0.0,False,0.0,0.0,1.9999957084655762,7733,0.12148202955722809
0.0,False,0.0,0.0,1.9999960660934448,7734,0.1840774118900299
0.0,False,0.0,0.0,1.9999955892562866,7735,0.012652559205889702
0.0,False,0.0,0.0,1.9999945163726807,7736,0.07670990377664566
1.9890553951263428,True,1.9890522956848145,0.0,0.010944513604044914,7737,0.9938274025917053
0.0,False,0.0,0.0,1.999995231628418,7738,0.05646722391247749
0.0,False,0.0,0.0,1.9999957084655762,7739,0.27012401819229126
0.0,False,0.0,0.0,1.999995231628418,7740,0.15986941754817963
0.0,False,0.0,0.0,1.9999964237213135,7741,0.0014377273619174957
0.0,False,0.0,0.0,1.999996542930603,7742,0.003783372463658452
0.0,False,0.0,0.0,1.9999959468841553,7743,0.09503568708896637
0.0,False,0.0,0.0,1.9999959468841553,7744,0.2051479071378708
0.0,False,0.0,0.0,1.9999961853027344,7745,0.07019811123609543
0.0,False,0.0,0.0,1.999995470046997,7746,0.04467368498444557
1.9076576232910156,True,1.9076545238494873,0.0,0.09234213829040527,7747,0.9126021862030029
1.891456127166748,True,1.8914530277252197,0.0,0.10854367911815643,7748,0.8970572352409363
1.5534074306488037,True,1.5534050464630127,0.0,0.44659146666526794,7749,0.9337621331214905
0.0,False,0.0,0.0,1.9999948740005493,7750,0.22159211337566376
0.0,False,0.0,0.0,1.9999953508377075,7751,0.2121472954750061
0.0,False,0.0,0.0,1.999995470046997,7752,0.06145154684782028
0.0,False,0.0,0.0,1.9999966621398926,7753,0.04034172371029854
0.0,False,0.0,0.0,1.9999957084655762,7754,0.015781035646796227
0.0,False,0.0,0.0,1.9999961853027344,7755,0.0185692235827446
0.0,False,0.0,0.0,1.9999959468841553,7756,0.02031835727393627
0.0,False,0.0,0.0,1.9999964237213135,7757,0.44640642404556274
0.0,False,0.0,0.0,1.9999953508377075,7758,0.3706093728542328
0.0,False,0.0,0.0,1.9999953508377075,7759,0.017664989456534386
0.0,False,0.0,0.0,1.9999943971633911,7760,0.04178760200738907
0.0,False,0.0,0.0,0.9999978542327881,7761,0.09283577650785446
0.0,False,0.0,0.0,1.9999923706054688,7762,0.22454002499580383
0.0,False,0.0,0.0,1.9999958276748657,7763,0.14211347699165344
0.0,False,0.0,0.0,1.9999959468841553,7764,0.0649740993976593
0.0,False,0.0,0.0,1.9999924898147583,7765,0.051736436784267426
0.8935443758964539,True,0.8935427665710449,0.0,1.1064534187316895,7766,0.6404238343238831
0.0,False,0.0,0.0,1.9999957084655762,7767,0.03774489834904671
0.0,False,0.0,0.0,1.9999961853027344,7768,0.2386215180158615
0.0,False,0.0,0.0,1.9999958276748657,7769,0.08605246245861053
0.0,False,0.0,0.0,1.9999957084655762,7770,0.030619649216532707
0.0,False,0.0,0.0,1.9999957084655762,7771,0.2856309711933136
0.0,False,0.0,0.0,1.999993920326233,7772,0.1289530098438263
0.0,False,0.0,0.0,1.999996304512024,7773,0.09439922124147415
0.0,False,0.0,0.0,1.9999961853027344,7774,0.01737854816019535
0.0,False,0.0,0.0,1.9999964237213135,7775,0.020755859091877937
0.0,False,0.0,0.0,1.9999959468841553,7776,0.0007717214757576585
0.0,False,0.0,0.0,1.9999969005584717,7777,0.012767154723405838
0.0,False,0.0,0.0,1.9999935626983643,7778,0.03597945347428322
0.0,False,0.0,0.0,1.9999957084655762,7779,0.0887230709195137
0.0,False,0.0,0.0,1.999995470046997,7780,0.07361654192209244
0.0,False,0.0,0.0,1.999995231628418,7781,0.22862555086612701
0.0,False,0.0,0.0,1.9999960660934448,7782,0.23178723454475403
0.0,False,0.0,0.0,1.9999964237213135,7783,0.2559296786785126
0.0,False,0.0,0.0,1.999995470046997,7784,0.2016834169626236
0.0,False,0.0,0.0,1.9999935626983643,7785,0.05305074527859688
0.0,False,0.0,0.0,1.9999942779541016,7786,0.4305880665779114
0.0,False,0.0,0.0,1.9999947547912598,7787,0.1588486135005951
0.0,False,0.0,0.0,1.9999957084655762,7788,0.3163020610809326
0.0,False,0.0,0.0,1.9999966621398926,7789,0.05614811182022095
0.0,False,0.0,0.0,1.999993920326233,7790,0.10308011621236801
1.1555216312408447,True,1.1555190086364746,0.0,0.8444758653640747,7791,0.6899468898773193
0.0,False,0.0,0.0,1.9999923706054688,7792,0.2686079442501068
0.0,False,0.0,0.0,1.999994158744812,7793,0.04652494192123413
0.0,False,0.0,0.0,1.9999964237213135,7794,0.10575374960899353
1.823384165763855,True,1.823380708694458,0.0,0.1766154021024704,7795,0.9577114582061768
0.0,False,0.0,0.0,1.999996304512024,7796,0.018326908349990845
0.0,False,0.0,0.0,1.9999964237213135,7797,0.09157160669565201
0.0,False,0.0,0.0,1.9999964237213135,7798,0.032868362963199615
1.2144423723220825,True,1.2144395112991333,0.0,0.7855553030967712,7799,0.805203378200531
0.9765366911888123,True,0.9765350222587585,0.0,1.0234612226486206,7800,0.8491469621658325
0.0,False,0.0,0.0,1.9999946355819702,7801,0.12391020357608795
0.0,False,0.0,0.0,1.9999959468841553,7802,0.14106522500514984
0.0,False,0.0,0.0,1.9999960660934448,7803,0.04705774784088135
0.0,False,0.0,0.0,1.9999942779541016,7804,0.07999658584594727
0.0,False,0.0,0.0,1.9999933242797852,7805,0.04735567048192024
0.0,False,0.0,0.0,1.9999945163726807,7806,0.5049225091934204
0.0,False,0.0,0.0,1.9999964237213135,7807,0.04446382075548172
0.0,False,0.0,0.0,1.999995470046997,7808,0.006717380601912737
0.0,False,0.0,0.0,1.999996304512024,7809,0.016208361834287643
0.578044593334198,True,0.5780436396598816,0.0,1.421952724456787,7810,0.5075711607933044
0.0,False,0.0,0.0,1.9999964237213135,7811,0.05122986063361168
1.9983761310577393,True,1.9983729124069214,0.0,0.0016238761600106955,7812,0.9765583872795105
0.0,False,0.0,0.0,1.9999964237213135,7813,0.05225309729576111
0.9956676959991455,True,0.9956655502319336,0.0,1.004329800605774,7814,0.7335289716720581
0.0,False,0.0,0.0,1.9999955892562866,7815,0.11112771183252335
0.0,False,0.0,0.0,1.9999960660934448,7816,0.07652950286865234
0.0,False,0.0,0.0,1.9999959468841553,7817,0.010351574048399925
0.0,False,0.0,0.0,1.9999959468841553,7818,0.23977091908454895
0.0,False,0.0,0.0,1.9999960660934448,7819,0.019679652526974678
0.0,False,0.0,0.0,1.9999951124191284,7820,0.20280957221984863
0.0,False,0.0,0.0,1.9999958276748657,7821,0.07323448359966278
0.0,False,0.0,0.0,1.9999960660934448,7822,0.018373284488916397
0.9999191761016846,True,0.9999173879623413,0.0,1.0000784397125244,7823,0.8890260457992554
0.0,False,0.0,0.0,1.9999945163726807,7824,0.16805614531040192
0.0,False,0.0,0.0,1.9999961853027344,7825,0.5966910719871521
0.9998461604118347,True,0.9998443126678467,0.0,1.0001510381698608,7826,0.8539547920227051
0.0,False,0.0,0.0,1.9999940395355225,7827,0.09795085340738297
0.0,False,0.0,0.0,1.999995231628418,7828,0.3483734726905823
0.0,False,0.0,0.0,1.9999951124191284,7829,0.16469623148441315
0.0,False,0.0,0.0,1.999995231628418,7830,0.05599658191204071
0.0,False,0.0,0.0,1.9999958276748657,7831,0.01790689304471016
0.0,False,0.0,0.0,1.9999959468841553,7832,0.23238320648670197
0.0,False,0.0,0.0,1.999995231628418,7833,0.1700570434331894
0.0,False,0.0,0.0,1.9999942779541016,7834,0.02986401505768299
0.0,False,0.0,0.0,1.9999959468841553,7835,0.3472147285938263
0.0,False,0.0,0.0,1.9999940395355225,7836,0.15631446242332458
0.0,False,0.0,0.0,1.9999949932098389,7837,0.07475230097770691
0.9925113916397095,True,0.9925094842910767,0.0,1.0074857473373413,7838,0.6303772330284119
0.7744129300117493,True,0.7744114995002747,0.0,1.2255843877792358,7839,0.8075283169746399
0.0,False,0.0,0.0,1.9999959468841553,7840,0.3569890856742859
0.0,False,0.0,0.0,1.9999949932098389,7841,0.04236607626080513
0.0,False,0.0,0.0,1.9999961853027344,7842,0.12884485721588135
0.0,False,0.0,0.0,1.999995470046997,7843,0.1825992614030838
0.0,False,0.0,0.0,1.9999961853027344,7844,0.10976894944906235
0.0,False,0.0,0.0,1.9999966621398926,7845,0.013855279423296452
0.0,False,0.0,0.0,1.999996304512024,7846,0.10538528859615326
0.0,False,0.0,0.0,1.9999961853027344,7847,0.05213560163974762
0.0,False,0.0,0.0,1.999995470046997,7848,0.15942685306072235
0.0,False,0.0,0.0,1.9999964237213135,7849,0.10361804813146591
0.0,False,0.0,0.0,1.9999955892562866,7850,0.34045881032943726
0.0,False,0.0,0.0,1.9999947547912598,7851,0.19406938552856445
0.0,False,0.0,0.0,1.9999940395355225,7852,0.2624034285545349
0.0,False,0.0,0.0,1.9999949932098389,7853,0.3112189471721649
0.0,False,0.0,0.0,1.9999957084655762,7854,0.08587316423654556
0.0,False,0.0,0.0,1.9999964237213135,7855,0.0862419530749321
0.0,False,0.0,0.0,1.9999961853027344,7856,0.01713399402797222
0.0,False,0.0,0.0,1.999996542930603,7857,0.03522483631968498
0.0,False,0.0,0.0,1.9999964237213135,7858,0.10945756733417511
0.0,False,0.0,0.0,1.9999964237213135,7859,0.05616316199302673
0.9962337613105774,True,0.996232271194458,0.0,1.0037643909454346,7860,0.889275312423706
0.0,False,0.0,0.0,1.9999955892562866,7861,0.24493539333343506
0.0,False,0.0,0.0,1.9999959468841553,7862,0.05284714698791504
0.0,False,0.0,0.0,1.9999959468841553,7863,0.3050967752933502
0.0,False,0.0,0.0,1.999995231628418,7864,0.12198583781719208
0.0,False,0.0,0.0,1.999995231628418,7865,0.23299017548561096
0.0,False,0.0,0.0,1.999995231628418,7866,0.14974285662174225
0.0,False,0.0,0.0,1.9999945163726807,7867,0.21003706753253937
0.0,False,0.0,0.0,1.9999959468841553,7868,0.12381735444068909
0.0,False,0.0,0.0,1.9999959468841553,7869,0.1529531031847
0.0,False,0.0,0.0,1.9999942779541016,7870,0.04226861521601677
0.0,False,0.0,0.0,1.9999964237213135,7871,0.0093257836997509
0.0,False,0.0,0.0,1.999995231628418,7872,0.4123081862926483
0.0,False,0.0,0.0,1.999995470046997,7873,0.15033146739006042
0.0,False,0.0,0.0,1.9999959468841553,7874,0.3336583375930786
0.0,False,0.0,0.0,1.999995231628418,7875,0.34186404943466187
0.0,False,0.0,0.0,1.9999955892562866,7876,0.15277452766895294
0.0,False,0.0,0.0,1.9999960660934448,7877,0.07508976757526398
0.0,False,0.0,0.0,1.9999955892562866,7878,0.1448490023612976
0.0,False,0.0,0.0,1.9999959468841553,7879,0.26411932706832886
0.0,False,0.0,0.0,1.999995470046997,7880,0.03946203738451004
1.7062323093414307,True,1.7062294483184814,0.0,0.2937670946121216,7881,0.927047073841095
0.0,False,0.0,0.0,1.9999961853027344,7882,0.23982693254947662
0.0,False,0.0,0.0,1.9999959468841553,7883,0.13121381402015686
0.0,False,0.0,0.0,1.999995470046997,7884,0.2665726840496063
0.0,False,0.0,0.0,1.999995231628418,7885,0.02845991961658001
0.0,False,0.0,0.0,1.999995231628418,7886,0.1758202314376831
0.0,False,0.0,0.0,1.999995231628418,7887,0.20807905495166779
0.0,False,0.0,0.0,1.9999955892562866,7888,0.06939457356929779
0.0,False,0.0,0.0,1.9999960660934448,7889,0.05334171652793884
0.0,False,0.0,0.0,1.9999947547912598,7890,0.734795868396759
0.0,False,0.0,0.0,1.9999960660934448,7891,0.09591329097747803
0.0,False,0.0,0.0,0.999998152256012,7892,0.07092779129743576
0.0,False,0.0,0.0,1.9999945163726807,7893,0.12045049667358398
0.0,False,0.0,0.0,1.999995470046997,7894,0.5387492775917053
0.0,False,0.0,0.0,1.9999947547912598,7895,0.4260360896587372
0.0,False,0.0,0.0,1.9999958276748657,7896,0.02544725500047207
0.0,False,0.0,0.0,1.999995470046997,7897,0.23864063620567322
0.0,False,0.0,0.0,1.9999957084655762,7898,0.5167349576950073
1.835339069366455,True,1.8353359699249268,0.0,0.1646604686975479,7899,0.9847758412361145
0.0,False,0.0,0.0,1.9999964237213135,7900,0.06981365382671356
0.0,False,0.0,0.0,1.999995470046997,7901,0.02566332370042801
0.0,False,0.0,0.0,1.9999959468841553,7902,0.009355372749269009
0.0,False,0.0,0.0,1.9999959468841553,7903,0.118235282599926
0.0,False,0.0,0.0,1.999995470046997,7904,0.04238857328891754
0.0,False,0.0,0.0,1.999996304512024,7905,0.04456677660346031
0.0,False,0.0,0.0,1.9999957084655762,7906,0.016073400154709816
0.0,False,0.0,0.0,1.9999959468841553,7907,0.009592694230377674
0.0,False,0.0,0.0,1.999996304512024,7908,0.03193032369017601
0.0,False,0.0,0.0,1.9999957084655762,7909,0.11190754920244217
0.0,False,0.0,0.0,1.9999958276748657,7910,0.020894963294267654
0.0,False,0.0,0.0,1.9999957084655762,7911,0.010535288602113724
0.0,False,0.0,0.0,1.9999961853027344,7912,0.014324420131742954
0.0,False,0.0,0.0,1.9999964237213135,7913,0.02520117163658142
0.0,False,0.0,0.0,1.999996304512024,7914,0.125543013215065
0.0,False,0.0,0.0,1.9999959468841553,7915,0.06373240798711777
0.0,False,0.0,0.0,1.9999960660934448,7916,0.01915263570845127
0.0,False,0.0,0.0,1.9999957084655762,7917,0.5206906199455261
0.0,False,0.0,0.0,1.9999958276748657,7918,0.16527529060840607
0.0,False,0.0,0.0,1.999994158744812,7919,0.7019370198249817
0.0,False,0.0,0.0,1.9999943971633911,7920,0.22157076001167297
0.0,False,0.0,0.0,1.9999958276748657,7921,0.28503096103668213
0.0,False,0.0,0.0,1.9999953508377075,7922,0.08576766401529312
0.0,False,0.0,0.0,1.9999946355819702,7923,0.2649149000644684
0.0,False,0.0,0.0,1.9999947547912598,7924,0.29929548501968384
0.0,False,0.0,0.0,1.9999949932098389,7925,0.19441309571266174
0.0,False,0.0,0.0,1.999996304512024,7926,0.030765410512685776
0.0,False,0.0,0.0,1.999995470046997,7927,0.031226644292473793
0.0,False,0.0,0.0,1.9999957084655762,7928,0.26990485191345215
0.0,False,0.0,0.0,1.9999964237213135,7929,0.48481428623199463
0.0,False,0.0,0.0,1.9999947547912598,7930,0.05307285860180855
0.0,False,0.0,0.0,1.9999959468841553,7931,0.008014184422791004
0.0,False,0.0,0.0,1.9999940395355225,7932,0.09035178273916245
0.0,False,0.0,0.0,1.9999960660934448,7933,0.22483636438846588
0.0,False,0.0,0.0,1.9999949932098389,7934,0.11769980192184448
0.0,False,0.0,0.0,1.9999953508377075,7935,0.05690307915210724
0.0,False,0.0,0.0,1.9999945163726807,7936,0.07182107865810394
0.0,False,0.0,0.0,1.999995470046997,7937,0.04193304106593132
0.0,False,0.0,0.0,1.999995470046997,7938,0.02045341767370701
0.0,False,0.0,0.0,1.9999961853027344,7939,0.30523166060447693
0.0,False,0.0,0.0,1.9999957084655762,7940,0.48595213890075684
0.0,False,0.0,0.0,1.9999936819076538,7941,0.7799354791641235
0.0,False,0.0,0.0,1.999996304512024,7942,0.36764612793922424
0.0,False,0.0,0.0,1.9999947547912598,7943,0.2815639078617096
0.0,False,0.0,0.0,1.9999966621398926,7944,0.05337896570563316
0.0,False,0.0,0.0,1.999995231628418,7945,0.16715462505817413
0.0,False,0.0,0.0,1.9999957084655762,7946,0.14905071258544922
0.0,False,0.0,0.0,1.9999964237213135,7947,0.4231024980545044
0.0,False,0.0,0.0,1.9999959468841553,7948,0.2016722857952118
0.0,False,0.0,0.0,1.9999959468841553,7949,0.016976704820990562
0.0,False,0.0,0.0,1.9999961853027344,7950,0.3105570077896118
0.0,False,0.0,0.0,1.9999947547912598,7951,0.056853391230106354
0.0,False,0.0,0.0,1.9999961853027344,7952,0.11143521964550018
0.0,False,0.0,0.0,1.9999959468841553,7953,0.26233533024787903
0.0,False,0.0,0.0,1.9999961853027344,7954,0.0353243462741375
0.0,False,0.0,0.0,1.9999960660934448,7955,0.28103432059288025
0.0,False,0.0,0.0,1.9999959468841553,7956,0.07050170749425888
0.0,False,0.0,0.0,1.9999958276748657,7957,0.011770002543926239
0.0,False,0.0,0.0,1.9999959468841553,7958,0.10546154528856277
0.0,False,0.0,0.0,1.9999953508377075,7959,0.10743261128664017
0.0,False,0.0,0.0,1.9999961853027344,7960,0.24747851490974426
0.0,False,0.0,0.0,1.999994158744812,7961,0.2136620581150055
0.0,False,0.0,0.0,1.9999959468841553,7962,0.21173301339149475
0.0,False,0.0,0.0,1.9999955892562866,7963,0.1925700157880783
0.0,False,0.0,0.0,1.9999958276748657,7964,0.09743796288967133
0.0,False,0.0,0.0,1.9999966621398926,7965,0.09348539263010025
0.0,False,0.0,0.0,1.9999957084655762,7966,0.17212587594985962
0.0,False,0.0,0.0,1.9999947547912598,7967,0.18715812265872955
0.0,False,0.0,0.0,1.9999964237213135,7968,0.049730461090803146
0.0,False,0.0,0.0,1.9999957084655762,7969,0.04752977564930916
0.0,False,0.0,0.0,1.9999957084655762,7970,0.07705803960561752
0.0,False,0.0,0.0,1.9999964237213135,7971,0.14463070034980774
0.0,False,0.0,0.0,1.9999957084655762,7972,0.043118178844451904
0.0,False,0.0,0.0,1.9999957084655762,7973,0.06362436711788177
0.0,False,0.0,0.0,1.9999959468841553,7974,0.03019268810749054
0.0,False,0.0,0.0,1.9999947547912598,7975,0.23381516337394714
0.0,False,0.0,0.0,1.9999961853027344,7976,0.014615463092923164
0.0,False,0.0,0.0,1.9999961853027344,7977,0.3129313588142395
0.0,False,0.0,0.0,1.999996304512024,7978,0.010087219998240471
0.0,False,0.0,0.0,1.9999960660934448,7979,0.12989889085292816
0.0,False,0.0,0.0,1.9999957084655762,7980,0.27843767404556274
0.0,False,0.0,0.0,1.9999957084655762,7981,0.004512222949415445
0.0,False,0.0,0.0,1.9999967813491821,7982,0.01054643839597702
0.0,False,0.0,0.0,1.9999959468841553,7983,0.04331107810139656
0.0,False,0.0,0.0,1.999995470046997,7984,0.04161464050412178
1.3651292324066162,True,1.365126609802246,0.0,0.6348692178726196,7985,0.8520872592926025
1.3252935409545898,True,1.3252904415130615,0.0,0.6747047305107117,7986,0.9396442174911499
0.0,False,0.0,0.0,1.9999942779541016,7987,0.7014661431312561
0.0,False,0.0,0.0,1.999994158744812,7988,0.18251579999923706
0.0,False,0.0,0.0,1.9999959468841553,7989,0.15751338005065918
0.0,False,0.0,0.0,1.9999957084655762,7990,0.12323024123907089
0.0,False,0.0,0.0,1.9999964237213135,7991,0.08067218959331512
0.0,False,0.0,0.0,1.9999955892562866,7992,0.14094038307666779
0.0,False,0.0,0.0,1.9999964237213135,7993,0.0509624220430851
0.0,False,0.0,0.0,1.9999960660934448,7994,0.020485375076532364
0.0,False,0.0,0.0,1.9999961853027344,7995,0.11292403191328049
0.0,False,0.0,0.0,1.9999964237213135,7996,0.07367096096277237
0.8631106019020081,True,0.8631090521812439,0.0,1.1368871927261353,7997,0.25272223353385925
0.0,False,0.0,0.0,1.9999933242797852,7998,0.21628226339817047
0.0,False,0.0,0.0,1.9999947547912598,7999,0.17574262619018555
0.0,False,0.0,0.0,1.999994158744812,8000,0.14047062397003174
0.0,False,0.0,0.0,1.9999945163726807,8001,0.3082268536090851
0.9736637473106384,True,0.9736621379852295,0.0,1.0263336896896362,8002,0.7418246269226074
0.0,False,0.0,0.0,1.9999959468841553,8003,0.06814481317996979
0.0,False,0.0,0.0,1.9999947547912598,8004,0.13813793659210205
0.0,False,0.0,0.0,1.9999942779541016,8005,0.3203192353248596
0.0,False,0.0,0.0,1.9999935626983643,8006,0.15179885923862457
0.0,False,0.0,0.0,1.9999957084655762,8007,0.09017837792634964
0.0,False,0.0,0.0,1.9999953508377075,8008,0.10974658280611038
0.0,False,0.0,0.0,1.9999961853027344,8009,0.048698414117097855
0.0,False,0.0,0.0,1.9999961853027344,8010,0.1078697070479393
0.0,False,0.0,0.0,1.9999959468841553,8011,0.18137724697589874
0.0,False,0.0,0.0,1.9999942779541016,8012,0.35542669892311096
0.0,False,0.0,0.0,1.9999958276748657,8013,0.08932910859584808
0.0,False,0.0,0.0,1.9999959468841553,8014,0.35171106457710266
0.0,False,0.0,0.0,1.9999961853027344,8015,0.2386397123336792
0.0,False,0.0,0.0,1.9999945163726807,8016,0.18733328580856323
0.0,False,0.0,0.0,1.9999961853027344,8017,0.34357866644859314
0.0,False,0.0,0.0,1.9999945163726807,8018,0.33368703722953796
0.0,False,0.0,0.0,1.999995470046997,8019,0.13570289313793182
0.0,False,0.0,0.0,1.9999961853027344,8020,0.07162114977836609
0.0,False,0.0,0.0,1.999996304512024,8021,0.2705361247062683
0.0,False,0.0,0.0,1.9999957084655762,8022,0.5247858166694641
0.0,False,0.0,0.0,1.9999959468841553,8023,0.03942284360527992
0.0,False,0.0,0.0,1.9999961853027344,8024,0.09214049577713013
0.0,False,0.0,0.0,1.9999958276748657,8025,0.2679155170917511
0.0,False,0.0,0.0,1.999995231628418,8026,0.025606993585824966
0.0,False,0.0,0.0,1.9999959468841553,8027,0.08951406925916672
0.0,False,0.0,0.0,1.9999966621398926,8028,0.04603412002325058
0.0,False,0.0,0.0,1.9999964237213135,8029,0.1168912798166275
0.0,False,0.0,0.0,1.999995470046997,8030,0.14021024107933044
0.0,False,0.0,0.0,1.9999957084655762,8031,0.04086967185139656
0.0,False,0.0,0.0,1.9999961853027344,8032,0.058435071259737015
0.0,False,0.0,0.0,1.999992847442627,8033,0.492783784866333
0.0,False,0.0,0.0,1.999995470046997,8034,0.47610482573509216
0.0,False,0.0,0.0,1.999996542930603,8035,0.012066170573234558
0.0,False,0.0,0.0,1.9999935626983643,8036,0.21536186337471008
0.0,False,0.0,0.0,1.9999960660934448,8037,0.0031860843300819397
0.0,False,0.0,0.0,1.9999955892562866,8038,0.18447144329547882
0.0,False,0.0,0.0,1.9999961853027344,8039,0.08723025768995285
0.0,False,0.0,0.0,1.9999959468841553,8040,0.06305881589651108
0.0,False,0.0,0.0,1.9999966621398926,8041,0.05077943950891495
0.0,False,0.0,0.0,1.9999957084655762,8042,0.0381491482257843
0.0,False,0.0,0.0,1.9999957084655762,8043,0.19204500317573547
0.0,False,0.0,0.0,1.9999961853027344,8044,0.06365060806274414
0.0,False,0.0,0.0,1.9999964237213135,8045,0.2334851622581482
0.0,False,0.0,0.0,1.9999936819076538,8046,0.11096682399511337
0.0,False,0.0,0.0,1.9999922513961792,8047,0.15616312623023987
0.0,False,0.0,0.0,1.9999961853027344,8048,0.032647792249917984
0.9999985098838806,True,0.9999964237213135,0.0,0.9999988675117493,8049,0.7289374470710754
0.0,False,0.0,0.0,1.999995231628418,8050,0.06985528767108917
0.0,False,0.0,0.0,1.9999926090240479,8051,0.02140211872756481
0.0,False,0.0,0.0,1.999996304512024,8052,0.08717332780361176
0.0,False,0.0,0.0,1.9999945163726807,8053,0.1740136444568634
0.0,False,0.0,0.0,1.9999961853027344,8054,0.038494307547807693
0.0,False,0.0,0.0,1.9999938011169434,8055,0.1211065948009491
0.0,False,0.0,0.0,1.9999960660934448,8056,0.03854658082127571
0.0,False,0.0,0.0,1.9999959468841553,8057,0.033705323934555054
0.0,False,0.0,0.0,1.9999953508377075,8058,0.05405162274837494
0.0,False,0.0,0.0,1.9999949932098389,8059,0.011430428363382816
0.0,False,0.0,0.0,1.9999960660934448,8060,0.16293570399284363
0.0,False,0.0,0.0,1.9999933242797852,8061,0.1354552060365677
0.0,False,0.0,0.0,1.999996304512024,8062,0.6318649649620056
0.0,False,0.0,0.0,1.999995231628418,8063,0.01885204017162323
0.0,False,0.0,0.0,1.9999958276748657,8064,0.012236940674483776
0.0,False,0.0,0.0,1.999995470046997,8065,0.0005400391528382897
0.0,False,0.0,0.0,1.9999961853027344,8066,0.013864437118172646
0.0,False,0.0,0.0,1.9999938011169434,8067,0.19896303117275238
0.0,False,0.0,0.0,1.9999953508377075,8068,0.2667292654514313
0.0,False,0.0,0.0,1.9999953508377075,8069,0.13249237835407257
0.0,False,0.0,0.0,1.9999961853027344,8070,0.05401885509490967
0.0,False,0.0,0.0,1.9999961853027344,8071,0.08185527473688126
0.0,False,0.0,0.0,1.9999961853027344,8072,0.05386287719011307
0.0,False,0.0,0.0,1.9999964237213135,8073,0.0728803277015686
0.0,False,0.0,0.0,1.9999960660934448,8074,0.15003086626529694
0.0,False,0.0,0.0,1.9999960660934448,8075,0.006473378743976355
0.0,False,0.0,0.0,1.9999961853027344,8076,0.06134228780865669
0.0,False,0.0,0.0,1.9999955892562866,8077,0.5422269105911255
0.0,False,0.0,0.0,1.9999964237213135,8078,0.09424270689487457
0.0,False,0.0,0.0,1.9999947547912598,8079,0.06870834529399872
0.0,False,0.0,0.0,1.9999961853027344,8080,0.16571301221847534
0.0,False,0.0,0.0,1.9999938011169434,8081,0.06518013775348663
0.9977074861526489,True,0.9977058172225952,0.0,1.002289891242981,8082,0.660434365272522
0.0,False,0.0,0.0,1.9999958276748657,8083,0.13036051392555237
0.0,False,0.0,0.0,1.9999943971633911,8084,0.3336942195892334
0.0,False,0.0,0.0,1.9999935626983643,8085,0.18756797909736633
0.0,False,0.0,0.0,1.9999959468841553,8086,0.427703857421875
0.0,False,0.0,0.0,1.9999964237213135,8087,0.01783597096800804
0.0,False,0.0,0.0,1.9999936819076538,8088,0.4612399637699127
0.0,False,0.0,0.0,1.9999949932098389,8089,0.5988150238990784
0.0,False,0.0,0.0,1.999995231628418,8090,0.5727417469024658
0.0,False,0.0,0.0,1.9999959468841553,8091,0.29460465908050537
0.0,False,0.0,0.0,1.9999957084655762,8092,0.314180463552475
0.0,False,0.0,0.0,1.9999961853027344,8093,0.30532410740852356
0.0,False,0.0,0.0,1.9999955892562866,8094,0.3053964674472809
0.0,False,0.0,0.0,1.9999960660934448,8095,0.09285412728786469
0.0,False,0.0,0.0,1.9999964237213135,8096,0.06369377672672272
0.0,False,0.0,0.0,1.9999957084655762,8097,0.031464364379644394
0.0,False,0.0,0.0,1.9999942779541016,8098,0.24313917756080627
0.0,False,0.0,0.0,1.9999953508377075,8099,0.0867498368024826
0.0,False,0.0,0.0,1.9999953508377075,8100,0.2604457437992096
0.0,False,0.0,0.0,1.9999964237213135,8101,0.006741125136613846
0.0,False,0.0,0.0,1.9999957084655762,8102,0.6240654587745667
0.0,False,0.0,0.0,1.9999943971633911,8103,0.08577832579612732
0.0,False,0.0,0.0,1.9999947547912598,8104,0.1343352198600769
0.0,False,0.0,0.0,1.9999943971633911,8105,0.21550460159778595
0.0,False,0.0,0.0,1.9999946355819702,8106,0.40265777707099915
0.0,False,0.0,0.0,1.9999946355819702,8107,0.42406877875328064
0.0,False,0.0,0.0,1.9999942779541016,8108,0.3678646385669708
0.0,False,0.0,0.0,1.999995470046997,8109,0.4196856617927551
0.0,False,0.0,0.0,1.9999960660934448,8110,0.02753104828298092
0.0,False,0.0,0.0,1.999994158744812,8111,0.11455034464597702
0.9742814302444458,True,0.9742791056632996,0.0,1.0257149934768677,8112,0.6101887822151184
0.0,False,0.0,0.0,1.9999949932098389,8113,0.552361011505127
0.0,False,0.0,0.0,1.9999957084655762,8114,0.3524983525276184
0.0,False,0.0,0.0,1.999996304512024,8115,0.18417081236839294
0.0,False,0.0,0.0,1.9999955892562866,8116,0.08261805772781372
0.0,False,0.0,0.0,1.999996304512024,8117,0.08740892261266708
0.0,False,0.0,0.0,1.9999948740005493,8118,0.07047572731971741
0.0,False,0.0,0.0,1.9999947547912598,8119,0.1869981735944748
0.0,False,0.0,0.0,1.9999957084655762,8120,0.027294086292386055
0.0,False,0.0,0.0,1.9999961853027344,8121,0.30165034532546997
0.0,False,0.0,0.0,1.999996542930603,8122,0.021830277517437935
0.0,False,0.0,0.0,1.9999961853027344,8123,0.40608546137809753
0.0,False,0.0,0.0,1.9999947547912598,8124,0.0811227485537529
0.0,False,0.0,0.0,1.999995470046997,8125,0.10122693330049515
0.0,False,0.0,0.0,1.9999957084655762,8126,0.5800292491912842
0.0,False,0.0,0.0,1.9999961853027344,8127,0.5268375873565674
0.0,False,0.0,0.0,1.9999959468841553,8128,0.4236443042755127
1.0470657348632812,True,1.0470633506774902,0.0,0.9529315829277039,8129,0.8440343141555786
0.0,False,0.0,0.0,1.9999961853027344,8130,0.1216941848397255
0.0,False,0.0,0.0,1.9999961853027344,8131,0.32866743206977844
0.0,False,0.0,0.0,1.9999960660934448,8132,0.08472057431936264
0.0,False,0.0,0.0,1.9999958276748657,8133,0.12492897361516953
0.0,False,0.0,0.0,1.9999964237213135,8134,0.13128365576267242
0.0,False,0.0,0.0,1.9999945163726807,8135,0.042379725724458694
0.0,False,0.0,0.0,1.999995470046997,8136,0.06023063138127327
0.0,False,0.0,0.0,1.999996542930603,8137,0.030608272179961205
0.0,False,0.0,0.0,1.999996542930603,8138,0.19573350250720978
0.0,False,0.0,0.0,1.999996304512024,8139,0.16178609430789948
0.0,False,0.0,0.0,1.9999964237213135,8140,0.21666915714740753
0.0,False,0.0,0.0,1.9999949932098389,8141,0.046908825635910034
0.0,False,0.0,0.0,1.999996304512024,8142,0.06163531541824341
0.0,False,0.0,0.0,1.9999961853027344,8143,0.02045789733529091
0.0,False,0.0,0.0,1.9999959468841553,8144,0.03876538947224617
0.0,False,0.0,0.0,1.9999964237213135,8145,0.012593377381563187
0.0,False,0.0,0.0,1.9999959468841553,8146,0.05603058636188507
0.0,False,0.0,0.0,1.9999960660934448,8147,0.26851585507392883
0.0,False,0.0,0.0,1.9999961853027344,8148,0.6118524074554443
0.0,False,0.0,0.0,1.9999961853027344,8149,0.2905453145503998
0.0,False,0.0,0.0,1.9999961853027344,8150,0.0502537339925766
0.0,False,0.0,0.0,1.999995231628418,8151,0.06521144509315491
0.0,False,0.0,0.0,1.9999964237213135,8152,0.05768885090947151
0.0,False,0.0,0.0,1.9999964237213135,8153,0.0572860948741436
0.0,False,0.0,0.0,1.9999961853027344,8154,0.25000685453414917
0.0,False,0.0,0.0,1.9999961853027344,8155,0.14291687309741974
0.0,False,0.0,0.0,1.9999961853027344,8156,0.2375536859035492
0.0,False,0.0,0.0,1.9999964237213135,8157,0.024080723524093628
0.0,False,0.0,0.0,1.999996304512024,8158,0.09500792622566223
0.0,False,0.0,0.0,1.9999961853027344,8159,0.3312917649745941
0.0,False,0.0,0.0,1.999995470046997,8160,0.14740464091300964
0.9889221787452698,True,0.988919734954834,0.0,1.0110752582550049,8161,0.8785457015037537
0.9860408902168274,True,0.9860388040542603,0.0,1.0139567852020264,8162,0.6914921998977661
0.0,False,0.0,0.0,1.9999948740005493,8163,0.16146168112754822
0.0,False,0.0,0.0,1.9999942779541016,8164,0.10866416245698929
0.0,False,0.0,0.0,1.9999929666519165,8165,0.219231516122818
1.0,True,0.999997615814209,0.0,0.9999968409538269,8166,0.32338348031044006
0.0,False,0.0,0.0,1.9999949932098389,8167,0.22229081392288208
1.5786588191986084,True,1.57865571975708,0.0,0.4213400185108185,8168,0.8990631699562073
0.0,False,0.0,0.0,1.9999921321868896,8169,0.17670100927352905
0.0,False,0.0,0.0,1.9999947547912598,8170,0.16448374092578888
0.0,False,0.0,0.0,1.9999951124191284,8171,0.12870392203330994
1.187386393547058,True,1.187384009361267,0.0,0.8126117587089539,8172,0.8233081102371216
0.0,False,0.0,0.0,1.9999947547912598,8173,0.19807542860507965
0.0,False,0.0,0.0,1.9999942779541016,8174,0.299235999584198
0.0,False,0.0,0.0,1.9999949932098389,8175,0.2070985734462738
0.0,False,0.0,0.0,1.9999951124191284,8176,0.20903457701206207
0.0,False,0.0,0.0,1.9999953508377075,8177,0.18351441621780396
0.0,False,0.0,0.0,1.9999945163726807,8178,0.2244531512260437
0.0,False,0.0,0.0,1.9999949932098389,8179,0.3519240617752075
0.0,False,0.0,0.0,1.9999947547912598,8180,0.1957140564918518
0.0,False,0.0,0.0,1.999994158744812,8181,0.2854015529155731
0.0,False,0.0,0.0,1.999995231628418,8182,0.06681755930185318
0.0,False,0.0,0.0,1.9999940395355225,8183,0.18543294072151184
0.9997985363006592,True,0.9997963905334473,0.0,1.0001990795135498,8184,0.6918755769729614
0.0,False,0.0,0.0,1.9999933242797852,8185,0.08904435485601425
0.0,False,0.0,0.0,1.999995231628418,8186,0.18938197195529938
0.0,False,0.0,0.0,1.9999938011169434,8187,0.02403324283659458
0.0,False,0.0,0.0,1.9999943971633911,8188,0.3762829303741455
0.0,False,0.0,0.0,1.9999932050704956,8189,0.25466984510421753
0.0,False,0.0,0.0,1.9999943971633911,8190,0.39620158076286316
0.0,False,0.0,0.0,1.9999945163726807,8191,0.05045085772871971
