distractor_warrant_mass,sample_id,support_attention_mass,support_present,support_warrant_mass
0.7860714197158813,6553,0.1695166677236557,True,0.1554989367723465
0.7207716703414917,6554,0.2319963574409485,True,0.222853884100914
0.6460115313529968,6555,0.19351992011070251,True,0.16188445687294006
0.7257281541824341,6556,0.20053721964359283,True,0.17767901718616486
0.7668024301528931,6557,0.19033876061439514,True,0.18268316984176636
0.7605453729629517,6558,0.17455706000328064,True,0.16752482950687408
0.5154416561126709,6559,0.4442442059516907,True,0.4326207637786865
0.6324960589408875,6560,0.32970163226127625,True,0.31263720989227295
0.8240126371383667,6561,0.12600404024124146,True,0.11462415009737015
0.6063503623008728,6562,0.3562920093536377,True,0.32681724429130554
0.5972750186920166,6563,0.3450041115283966,True,0.33267468214035034
0.8022360801696777,6564,0.14865157008171082,True,0.14321568608283997
0.8041818141937256,6565,0.16417649388313293,True,0.1567048281431198
0.7335132360458374,6566,0.19130143523216248,True,0.17366275191307068
0.6408407688140869,6567,0.3085256814956665,True,0.2955775260925293
0.7744503617286682,6568,0.13132768869400024,True,0.11923094838857651
0.7829059362411499,6569,0.1732756793498993,True,0.16716516017913818
0.4190030097961426,6570,0.535514235496521,True,0.5196362137794495
0.7271691560745239,6571,0.22742994129657745,True,0.22008827328681946
0.7658042311668396,6572,0.17023654282093048,True,0.14997458457946777
0.7502334117889404,6573,0.17499685287475586,True,0.16554734110832214
0.7710046768188477,6574,0.1479097306728363,True,0.11488014459609985
0.21718746423721313,6575,0.7700111865997314,True,0.7052203416824341
0.7559914588928223,6576,0.19095678627490997,True,0.18215987086296082
0.7983707189559937,6577,0.16689114272594452,True,0.15939725935459137
0.8164191246032715,6578,0.14315710961818695,True,0.13686372339725494
0.670042872428894,6579,0.2847523093223572,True,0.27600008249282837
0.6453635692596436,6580,0.32201674580574036,True,0.2884669601917267
0.6996382474899292,6581,0.2146424651145935,True,0.19495251774787903
0.5778670907020569,6582,0.37426596879959106,True,0.3338984251022339
0.8276157379150391,6583,0.11562047153711319,True,0.09600377827882767
0.8179911971092224,6584,0.14193736016750336,True,0.1241622269153595
0.4215317964553833,6585,0.5501495599746704,True,0.528827965259552
0.6425403952598572,6586,0.31946974992752075,True,0.2929784655570984
0.7907764315605164,6587,0.12309586256742477,True,0.10360787808895111
0.6907836198806763,6588,0.24874097108840942,True,0.23733529448509216
0.3248785436153412,6589,0.6636157035827637,True,0.616836667060852
0.7317531108856201,6590,0.20680241286754608,True,0.1879834681749344
0.5020439028739929,6591,0.4573257565498352,True,0.4161609411239624
0.6974332332611084,6592,0.2752944231033325,True,0.26119840145111084
0.5383827686309814,6593,0.39305180311203003,True,0.37401023507118225
0.7091001272201538,6594,0.2446363866329193,True,0.2372995764017105
0.7738518118858337,6595,0.17181642353534698,True,0.1635279506444931
0.7308931350708008,6596,0.21340301632881165,True,0.1998894065618515
0.6759796142578125,6597,0.09807900339365005,True,0.08142461627721786
0.6836183667182922,6598,0.23943071067333221,True,0.2277756929397583
0.5513754487037659,6599,0.3976934850215912,True,0.35250145196914673
0.5933689475059509,6600,0.353815495967865,True,0.34452497959136963
0.4987921416759491,6601,0.46350914239883423,True,0.44413724541664124
0.6620908379554749,6602,0.26387742161750793,True,0.25199249386787415
0.5255491137504578,6603,0.4339402914047241,True,0.41712552309036255
0.7403229475021362,6604,0.18991950154304504,True,0.1682177633047104
0.6744126677513123,6605,0.21813392639160156,True,0.2029714733362198
0.6492875814437866,6606,0.27129650115966797,True,0.2526519298553467
0.7575383186340332,6607,0.20727555453777313,True,0.18970654904842377
0.6768249273300171,6608,0.25551432371139526,True,0.24665196239948273
0.7245686650276184,6609,0.18730078637599945,True,0.16415025293827057
0.6033033728599548,6610,0.37212902307510376,True,0.3499477505683899
0.7960599660873413,6611,0.1551942229270935,True,0.1490052491426468
0.542234480381012,6612,0.42744818329811096,True,0.40407633781433105
0.8568127155303955,6613,0.08685112744569778,True,0.08105774223804474
0.7152920961380005,6614,0.23251764476299286,True,0.21255402266979218
0.7700608968734741,6615,0.19011545181274414,True,0.1738205850124359
0.7016685009002686,6616,0.24746482074260712,True,0.2351151555776596
0.709764301776886,6617,0.2014656513929367,True,0.18471947312355042
0.8632001280784607,6618,0.09407298266887665,True,0.0854131281375885
0.8006420731544495,6619,0.14583246409893036,True,0.12169808149337769
0.84722900390625,6620,0.11591482162475586,True,0.0989421084523201
0.5259963274002075,6621,0.45256373286247253,True,0.43381041288375854
0.6763828992843628,6622,0.26207253336906433,True,0.24733920395374298
0.5794307589530945,6623,0.38771340250968933,True,0.3608816862106323
0.7179334163665771,6624,0.2519732415676117,True,0.24501566588878632
0.0,6625,1.0,True,0.9559834003448486
0.5055195689201355,6626,0.46641236543655396,True,0.4506489634513855
0.875072717666626,6627,0.09371829032897949,True,0.07369356602430344
0.8206826448440552,6628,0.14001472294330597,True,0.1307719349861145
0.784557580947876,6629,0.16338685154914856,True,0.14923521876335144
0.7881460189819336,6630,0.15704752504825592,True,0.15215536952018738
0.5811512470245361,6631,0.3810037672519684,True,0.3638438284397125
0.7629961371421814,6632,0.19826696813106537,True,0.18795301020145416
0.6011055111885071,6633,0.34267374873161316,True,0.3347986936569214
0.6141510009765625,6634,0.34870269894599915,True,0.33580318093299866
0.7958548665046692,6635,0.15640361607074738,True,0.12209321558475494
0.5324506759643555,6636,0.425324022769928,True,0.4061128497123718
0.6823969483375549,6637,0.1996447741985321,True,0.18477550148963928
0.8645319938659668,6638,0.09348729997873306,True,0.07656712085008621
0.5728641748428345,6639,0.38024258613586426,True,0.36601585149765015
0.6964054107666016,6640,0.26135942339897156,True,0.252469003200531
0.7956185340881348,6641,0.15873943269252777,True,0.14186647534370422
0.6359478235244751,6642,0.301801472902298,True,0.29109954833984375
0.7311657071113586,6643,0.2007862776517868,True,0.19598370790481567
0.7357298135757446,6644,0.23794417083263397,True,0.21702352166175842
0.6136165261268616,6645,0.3376199007034302,True,0.3053499460220337
0.6985920667648315,6646,0.23420803248882294,True,0.22114022076129913
0.8077352046966553,6647,0.1275343894958496,True,0.1064644530415535
0.7289341688156128,6648,0.23403452336788177,True,0.22609655559062958
0.7544667720794678,6649,0.18172845244407654,True,0.16701769828796387
0.47870808839797974,6650,0.4894893169403076,True,0.46959495544433594
0.720267117023468,6651,0.21008820831775665,True,0.19535674154758453
0.7683011889457703,6652,0.1709941327571869,True,0.14664368331432343
0.7294113636016846,6653,0.20086254179477692,True,0.18966031074523926
0.4490419626235962,6654,0.5037826895713806,True,0.4814624786376953
0.7765639424324036,6655,0.1698738932609558,True,0.1532617062330246
0.49625155329704285,6656,0.4514580965042114,True,0.4213099479675293
0.701884925365448,6657,0.2380247861146927,True,0.21956047415733337
0.7230640649795532,6658,0.18634603917598724,True,0.17419490218162537
0.5259853601455688,6659,0.3185473382472992,True,0.2523687481880188
0.6859872341156006,6660,0.21739329397678375,True,0.1926790028810501
0.5156610012054443,6661,0.4303871989250183,True,0.40050560235977173
0.6825621724128723,6662,0.23301465809345245,True,0.2106328159570694
0.7882088422775269,6663,0.150610089302063,True,0.14412327110767365
0.8558896780014038,6664,0.1128898561000824,True,0.10702787339687347
0.7700552940368652,6665,0.16617543995380402,True,0.14172513782978058
0.799319326877594,6666,0.1434468775987625,True,0.13603368401527405
0.714484453201294,6667,0.26696258783340454,True,0.24342964589595795
0.5774291753768921,6668,0.3789418935775757,True,0.32573163509368896
0.7457427978515625,6669,0.19676870107650757,True,0.18431012332439423
0.6850427389144897,6670,0.2654903531074524,True,0.2574690878391266
0.7558786869049072,6671,0.19748900830745697,True,0.19050154089927673
0.644458532333374,6672,0.3173590302467346,True,0.30797967314720154
0.8095484375953674,6673,0.159896582365036,True,0.153808131814003
0.6415121555328369,6674,0.3160286247730255,True,0.30571940541267395
0.5928145051002502,6675,0.3265535831451416,True,0.3152865171432495
0.6269621849060059,6676,0.3207120895385742,True,0.30934059619903564
0.6056655645370483,6677,0.28891998529434204,True,0.2394089251756668
0.6332085132598877,6678,0.3149252235889435,True,0.2997632622718811
0.7908784747123718,6679,0.17418505251407623,True,0.1629299521446228
0.6094517111778259,6680,0.3509482145309448,True,0.3325735926628113
0.6367206573486328,6681,0.27582991123199463,True,0.22183530032634735
0.6407052278518677,6682,0.31222912669181824,True,0.30134454369544983
0.7737115025520325,6683,0.15919189155101776,True,0.14894090592861176
0.8001564741134644,6684,0.15829980373382568,True,0.1468619555234909
0.5038222670555115,6685,0.4237622320652008,True,0.340998113155365
0.8419402241706848,6686,0.11403798311948776,True,0.10909389704465866
0.7415966391563416,6687,0.17437675595283508,True,0.14822696149349213
0.48079806566238403,6688,0.4501515030860901,True,0.4208120107650757
0.7552077770233154,6689,0.18826411664485931,True,0.16776104271411896
0.8424960970878601,6690,0.12126792967319489,True,0.1165466234087944
0.604857861995697,6691,0.30038976669311523,True,0.2911582589149475
0.819940984249115,6692,0.12555350363254547,True,0.11916233599185944
0.5944050550460815,6693,0.3476991057395935,True,0.3181660771369934
0.6637738943099976,6694,0.25128239393234253,True,0.2327771931886673
0.7754936218261719,6695,0.16030727326869965,True,0.15046590566635132
0.7289479970932007,6696,0.21828077733516693,True,0.21058769524097443
0.7436643242835999,6697,0.15180501341819763,True,0.14181044697761536
0.786481499671936,6698,0.10098786652088165,True,0.09353695809841156
0.8340570330619812,6699,0.12529721856117249,True,0.11791276186704636
0.6639531254768372,6700,0.2683618366718292,True,0.2563483417034149
0.6099623441696167,6701,0.3305078148841858,True,0.31498757004737854
0.5283547043800354,6702,0.3963913321495056,True,0.35735851526260376
0.7296980619430542,6703,0.23798547685146332,True,0.23245024681091309
0.6888912916183472,6704,0.1978970766067505,True,0.15281039476394653
0.5939831137657166,6705,0.3377014398574829,True,0.30020296573638916
0.6032260656356812,6706,0.35731133818626404,True,0.3248986601829529
0.6546100378036499,6707,0.30316221714019775,True,0.29633188247680664
0.6846418380737305,6708,0.2763839066028595,True,0.2715868651866913
0.7450572848320007,6709,0.11488077044487,True,0.1045341044664383
0.6371704339981079,6710,0.2567518651485443,True,0.18861913681030273
0.8265876770019531,6711,0.13248887658119202,True,0.12602397799491882
0.6728910207748413,6712,0.29630380868911743,True,0.269105464220047
0.8362101316452026,6713,0.11420251429080963,True,0.10349605977535248
0.7149696946144104,6714,0.2543565034866333,True,0.2433813512325287
0.5167235136032104,6715,0.4461103677749634,True,0.4343680143356323
0.41599857807159424,6716,0.5353043675422668,True,0.5140713453292847
0.7658914923667908,6717,0.18650588393211365,True,0.17008709907531738
0.6691917181015015,6718,0.30049026012420654,True,0.2738996744155884
0.6463231444358826,6719,0.26742836833000183,True,0.25706586241722107
0.8121486902236938,6720,0.15629051625728607,True,0.1386958360671997
0.6808794736862183,6721,0.28513476252555847,True,0.272300124168396
0.7184459567070007,6722,0.21124333143234253,True,0.2012123316526413
0.8322456479072571,6723,0.11440358310937881,True,0.10997792333364487
0.5647439360618591,6724,0.4029630422592163,True,0.3825039565563202
0.6861742734909058,6725,0.2096535861492157,True,0.19644016027450562
0.7965039610862732,6726,0.15400256216526031,True,0.14749908447265625
0.6826877593994141,6727,0.26845782995224,True,0.24189825356006622
0.5953927636146545,6728,0.36375224590301514,True,0.3240033984184265
0.8072855472564697,6729,0.14361001551151276,True,0.11668973416090012
0.209029421210289,6730,0.7741925716400146,True,0.6760001182556152
0.8223623037338257,6731,0.12948015332221985,True,0.11851076781749725
0.7809708118438721,6732,0.178849995136261,True,0.14844422042369843
0.6739521622657776,6733,0.19758707284927368,True,0.156220480799675
0.5829559564590454,6734,0.35269588232040405,True,0.2888046205043793
0.6238147616386414,6735,0.3137681782245636,True,0.305090993642807
0.5715086460113525,6736,0.37399494647979736,True,0.3534141778945923
0.6776416301727295,6737,0.2393658608198166,True,0.22907230257987976
0.8033779859542847,6738,0.14687906205654144,True,0.13431686162948608
0.7576018571853638,6739,0.15956787765026093,True,0.15185494720935822
0.7306138873100281,6740,0.17769134044647217,True,0.17103049159049988
0.7475529313087463,6741,0.22099381685256958,True,0.18669310212135315
0.7655813694000244,6742,0.175311878323555,True,0.1583813577890396
0.8078941702842712,6743,0.1407056301832199,True,0.11620130389928818
0.5483448505401611,6744,0.40095657110214233,True,0.3539552390575409
0.7990920543670654,6745,0.16501115262508392,True,0.14547286927700043
0.7381922006607056,6746,0.1593395620584488,True,0.13968728482723236
0.5482123494148254,6747,0.37361782789230347,True,0.3498331606388092
0.7502238154411316,6748,0.2069709300994873,True,0.1926448941230774
0.8041732311248779,6749,0.1374414563179016,True,0.12344466149806976
0.7276802062988281,6750,0.22470103204250336,True,0.20219877362251282
0.7010499238967896,6751,0.23996922373771667,True,0.2319290190935135
0.7242527604103088,6752,0.23234088718891144,True,0.22137069702148438
0.684027373790741,6753,0.27208858728408813,True,0.26170432567596436
0.7135655879974365,6754,0.23903796076774597,True,0.22624225914478302
0.7049927115440369,6755,0.26586198806762695,True,0.2587674558162689
0.7380069494247437,6756,0.20597290992736816,True,0.1917169690132141
0.6242245435714722,6757,0.32934582233428955,True,0.3072323203086853
0.6153751611709595,6758,0.3286338746547699,True,0.3224330544471741
0.7804745435714722,6759,0.17925620079040527,True,0.1611512005329132
0.7914023399353027,6760,0.1616324931383133,True,0.14759503304958344
0.5677733421325684,6761,0.40049365162849426,True,0.3734719753265381
0.8158379793167114,6762,0.14409364759922028,True,0.13022401928901672
0.7400950193405151,6763,0.20902638137340546,True,0.19208857417106628
0.23662835359573364,6764,0.7437012195587158,True,0.7103707790374756
0.6139527559280396,6765,0.3456340730190277,True,0.3191593289375305
0.7339202165603638,6766,0.21331007778644562,True,0.20466439425945282
0.8156431317329407,6767,0.14683642983436584,True,0.12732048332691193
0.5752708315849304,6768,0.38820791244506836,True,0.34989044070243835
0.73698890209198,6769,0.2103431224822998,True,0.18669237196445465
0.6720305681228638,6770,0.28148457407951355,True,0.25355827808380127
0.7966088056564331,6771,0.15228796005249023,True,0.1289534866809845
0.7588629126548767,6772,0.17840483784675598,True,0.16010934114456177
0.48814016580581665,6773,0.45234736800193787,True,0.4269458055496216
0.5056586861610413,6774,0.4068344831466675,True,0.38974446058273315
0.7694440484046936,6775,0.1829603910446167,True,0.17345421016216278
0.7628288269042969,6776,0.20578104257583618,True,0.19848757982254028
0.7836626172065735,6777,0.1612234115600586,True,0.1472167670726776
0.7964130640029907,6778,0.15792761743068695,True,0.1438325047492981
0.610271692276001,6779,0.33069661259651184,True,0.300614595413208
0.6312317848205566,6780,0.3201148808002472,True,0.3107747435569763
0.17679530382156372,6781,0.805160641670227,True,0.7461349964141846
0.763421893119812,6782,0.19545097649097443,True,0.18762600421905518
0.6942906379699707,6783,0.1442369669675827,True,0.11947068572044373
0.7427208423614502,6784,0.1942918598651886,True,0.1809242218732834
0.7878879904747009,6785,0.1521637886762619,True,0.14660806953907013
0.7605679631233215,6786,0.1544855833053589,True,0.12983134388923645
0.8234290480613708,6787,0.12706585228443146,True,0.12130037695169449
0.6926750540733337,6788,0.27747756242752075,True,0.268264502286911
0.5281596183776855,6789,0.4352937340736389,True,0.4275626540184021
0.6810895800590515,6790,0.27342453598976135,True,0.26371702551841736
0.7296807765960693,6791,0.17212408781051636,True,0.13125260174274445
0.7399089336395264,6792,0.20770534873008728,True,0.19608214497566223
0.5115959644317627,6793,0.44661012291908264,True,0.4158617854118347
0.6336185932159424,6794,0.31958410143852234,True,0.31230777502059937
0.5457025766372681,6795,0.418019562959671,True,0.39642560482025146
0.656354546546936,6796,0.24142538011074066,True,0.23197557032108307
0.841301679611206,6797,0.13470329344272614,True,0.12568257749080658
0.7685260772705078,6798,0.1575121134519577,True,0.13973385095596313
0.8675730228424072,6799,0.09317927062511444,True,0.0822666585445404
0.5388625860214233,6800,0.4235808253288269,True,0.39685994386672974
0.7176945209503174,6801,0.24695809185504913,True,0.23450832068920135
0.8096126914024353,6802,0.13534970581531525,True,0.11684634536504745
0.8011318445205688,6803,0.15664084255695343,True,0.14384236931800842
0.6419853568077087,6804,0.3031720221042633,True,0.2742593586444855
0.687437891960144,6805,0.28037500381469727,True,0.2703380882740021
0.7872185111045837,6806,0.14012600481510162,True,0.12985171377658844
0.6853947639465332,6807,0.24678462743759155,True,0.23369315266609192
0.8029911518096924,6808,0.1599559634923935,True,0.15327072143554688
0.7705219388008118,6809,0.1713326871395111,True,0.14695051312446594
0.700468122959137,6810,0.2384265959262848,True,0.2293395847082138
0.7512944936752319,6811,0.18550042808055878,True,0.16335277259349823
0.70085209608078,6812,0.19520500302314758,True,0.16347523033618927
0.7204012274742126,6813,0.24906125664710999,True,0.2216806411743164
0.7549914121627808,6814,0.20063577592372894,True,0.19048276543617249
0.6643568277359009,6815,0.29066672921180725,True,0.2782052159309387
0.5687936544418335,6816,0.3664248585700989,True,0.3494296073913574
0.5697004795074463,6817,0.38948917388916016,True,0.37113654613494873
0.7328348159790039,6818,0.15711402893066406,True,0.1498812884092331
0.6493083238601685,6819,0.3315761387348175,True,0.3042892515659332
0.7284401655197144,6820,0.2052868753671646,True,0.19265222549438477
0.6798375844955444,6821,0.2254396378993988,True,0.19955779612064362
0.5093778967857361,6822,0.452178031206131,True,0.43021082878112793
0.7011027336120605,6823,0.2339468002319336,True,0.21147578954696655
0.7164185643196106,6824,0.23006339371204376,True,0.21475563943386078
0.572083592414856,6825,0.3508293032646179,True,0.3029981851577759
0.44059956073760986,6826,0.5316668152809143,True,0.5136576890945435
0.5995716452598572,6827,0.33863502740859985,True,0.3258393108844757
0.6126487851142883,6828,0.3631936311721802,True,0.3422487676143646
0.8267092704772949,6829,0.12511619925498962,True,0.11331111937761307
0.6794602870941162,6830,0.254064679145813,True,0.24566419422626495
0.7498754262924194,6831,0.19540652632713318,True,0.18511301279067993
0.6048200130462646,6832,0.35187041759490967,True,0.33721742033958435
0.8059660196304321,6833,0.1606111228466034,True,0.1434015929698944
0.6090211868286133,6834,0.3506842851638794,True,0.31646522879600525
0.8328189849853516,6835,0.13331638276576996,True,0.12075356394052505
0.8208956122398376,6836,0.1321999430656433,True,0.1273767054080963
0.7219142317771912,6837,0.24666395783424377,True,0.236707866191864
0.633737325668335,6838,0.2763783931732178,True,0.26584571599960327
0.7619543075561523,6839,0.19002902507781982,True,0.15698158740997314
0.8290752172470093,6840,0.11082764714956284,True,0.09165055304765701
0.6950839161872864,6841,0.21389532089233398,True,0.19687823951244354
0.8003511428833008,6842,0.14518043398857117,True,0.13882897794246674
0.7248468399047852,6843,0.21690209209918976,True,0.20018747448921204
0.8013490438461304,6844,0.16171763837337494,True,0.14631310105323792
0.7303471565246582,6845,0.22146642208099365,True,0.20088057219982147
0.6233329772949219,6846,0.3278072476387024,True,0.32080668210983276
0.8431832194328308,6847,0.10993441194295883,True,0.09443475306034088
0.6940307021141052,6848,0.2513403594493866,True,0.24469098448753357
0.7750731706619263,6849,0.18780004978179932,True,0.17086857557296753
0.6306285858154297,6850,0.3345516622066498,True,0.30005893111228943
0.5406656861305237,6851,0.4184279441833496,True,0.3619077205657959
0.8491482734680176,6852,0.1242646798491478,True,0.1126735582947731
0.8218117952346802,6853,0.13652411103248596,True,0.13108843564987183
0.7382029294967651,6854,0.22788037359714508,True,0.21999064087867737
0.743979811668396,6855,0.21416190266609192,True,0.1879974752664566
0.682266891002655,6856,0.2834962010383606,True,0.27386772632598877
0.49546632170677185,6857,0.4626275599002838,True,0.44812095165252686
0.7014057636260986,6858,0.2262890636920929,True,0.21875178813934326
0.8036826848983765,6859,0.15341271460056305,True,0.1285994052886963
0.6999715566635132,6860,0.2360425591468811,True,0.22586385905742645
0.8422077894210815,6861,0.11409953236579895,True,0.10771995782852173
0.6993894577026367,6862,0.15364208817481995,True,0.12679286301136017
0.43522071838378906,6863,0.5400406122207642,True,0.522719144821167
0.7895997762680054,6864,0.17339637875556946,True,0.16448275744915009
0.6570625305175781,6865,0.2943706810474396,True,0.26183855533599854
0.8224102258682251,6866,0.13001689314842224,True,0.11381791532039642
0.584658145904541,6867,0.37896937131881714,True,0.37137672305107117
0.5178219079971313,6868,0.4454929530620575,True,0.4284927248954773
0.8570200204849243,6869,0.10432718694210052,True,0.10008882731199265
0.6032270789146423,6870,0.36445122957229614,True,0.336786150932312
0.6464822888374329,6871,0.2917485535144806,True,0.2718144357204437
0.8210267424583435,6872,0.1221916601061821,True,0.11437517404556274
0.7607331275939941,6873,0.1817472279071808,True,0.16234388947486877
0.6610516905784607,6874,0.23020760715007782,True,0.1824490875005722
0.7962175607681274,6875,0.17182980477809906,True,0.16599072515964508
0.6838889122009277,6876,0.26565179228782654,True,0.2494179606437683
0.8017174601554871,6877,0.13911676406860352,True,0.1286689043045044
0.7965619564056396,6878,0.16578172147274017,True,0.16041070222854614
0.7758976221084595,6879,0.19088853895664215,True,0.1843712031841278
0.71634441614151,6880,0.2503528892993927,True,0.23743024468421936
0.7717686295509338,6881,0.15689125657081604,True,0.1443326771259308
0.6736552119255066,6882,0.291669636964798,True,0.27879735827445984
0.519494891166687,6883,0.4347150921821594,True,0.41359803080558777
0.7333946824073792,6884,0.1834593117237091,True,0.16546985507011414
0.7383238673210144,6885,0.2076716423034668,True,0.19665472209453583
0.7339507937431335,6886,0.21819257736206055,True,0.20869866013526917
0.7422940731048584,6887,0.2079472690820694,True,0.1896907240152359
0.5574378967285156,6888,0.40713489055633545,True,0.38384079933166504
0.7038974165916443,6889,0.14920569956302643,True,0.12367083877325058
0.7104690670967102,6890,0.23430602252483368,True,0.22882701456546783
0.7933729887008667,6891,0.15961015224456787,True,0.12946629524230957
0.6997707486152649,6892,0.25376319885253906,True,0.2139548361301422
0.5662212371826172,6893,0.3752358853816986,True,0.3548254370689392
0.6337027549743652,6894,0.3180294632911682,True,0.26791995763778687
0.13043363392353058,6895,0.8440355062484741,True,0.812180757522583
0.5863460302352905,6896,0.38169512152671814,True,0.3629216253757477
0.8197537064552307,6897,0.14334210753440857,True,0.12448624521493912
0.5295580625534058,6898,0.4067228436470032,True,0.3606758713722229
0.6499962210655212,6899,0.2973823547363281,True,0.2900087535381317
0.0,6900,1.0,True,0.9004073143005371
0.6791518330574036,6901,0.2790495455265045,True,0.26096639037132263
0.6946883201599121,6902,0.24767208099365234,True,0.23849551379680634
0.7793461084365845,6903,0.18114326894283295,True,0.17225059866905212
0.6620284914970398,6904,0.27666106820106506,True,0.2684159278869629
0.80137699842453,6905,0.14020699262619019,True,0.13366150856018066
0.5667650699615479,6906,0.39579683542251587,True,0.3838217258453369
0.5454133749008179,6907,0.3970661461353302,True,0.3649681806564331
0.7223225235939026,6908,0.23789557814598083,True,0.23232463002204895
0.8543155193328857,6909,0.10527660697698593,True,0.09881697595119476
0.7750102281570435,6910,0.15810196101665497,True,0.12522858381271362
0.6455401182174683,6911,0.21782901883125305,True,0.1628435105085373
0.44917038083076477,6912,0.5058478713035583,True,0.48399871587753296
0.7540098428726196,6913,0.17126145958900452,True,0.16083559393882751
0.6559334993362427,6914,0.32215616106987,True,0.30236512422561646
0.8437623977661133,6915,0.1323322057723999,True,0.1266825795173645
0.6080652475357056,6916,0.34474071860313416,True,0.32298099994659424
0.6638575792312622,6917,0.2778050899505615,True,0.26364678144454956
0.24449852108955383,6918,0.7342395782470703,True,0.706332802772522
0.6963138580322266,6919,0.27269622683525085,True,0.2530089020729065
0.8451159000396729,6920,0.12216721475124359,True,0.09916988760232925
0.6117047071456909,6921,0.2978779375553131,True,0.2811715006828308
0.6973353028297424,6922,0.249602809548378,True,0.2428235113620758
0.7157623171806335,6923,0.18033356964588165,True,0.1732090413570404
0.7357449531555176,6924,0.2265075296163559,True,0.21968965232372284
0.8486416935920715,6925,0.11713262647390366,True,0.11037535220384598
0.7597805261611938,6926,0.17969287931919098,True,0.15995429456233978
0.6455659866333008,6927,0.30229026079177856,True,0.2925211787223816
0.7921631336212158,6928,0.14946500957012177,True,0.13140645623207092
0.5715060830116272,6929,0.3892521858215332,True,0.3761368989944458
0.3228074610233307,6930,0.641292929649353,True,0.604408860206604
0.6722265481948853,6931,0.2686367928981781,True,0.2585550844669342
0.7657696604728699,6932,0.18030956387519836,True,0.17002837359905243
0.7367715835571289,6933,0.18483176827430725,True,0.17330031096935272
0.6382499933242798,6934,0.3006358742713928,True,0.2900066077709198
0.3910773992538452,6935,0.5710524916648865,True,0.5352628231048584
0.7563279867172241,6936,0.19999168813228607,True,0.18753398954868317
0.6776319742202759,6937,0.17659905552864075,True,0.1481635570526123
0.6845407485961914,6938,0.2729491591453552,True,0.25147542357444763
0.7135531902313232,6939,0.25294172763824463,True,0.24006670713424683
0.5812174081802368,6940,0.3300105929374695,True,0.3166542649269104
0.8272026777267456,6941,0.1265166848897934,True,0.12014392018318176
0.74151611328125,6942,0.19368642568588257,True,0.18552649021148682
0.7819526195526123,6943,0.15610608458518982,True,0.12841227650642395
0.4811704754829407,6944,0.45598161220550537,True,0.41960760951042175
0.7762300968170166,6945,0.16485853493213654,True,0.1535528600215912
0.7849313616752625,6946,0.18046939373016357,True,0.174476757645607
0.7172043919563293,6947,0.2620123624801636,True,0.2367374300956726
0.580696702003479,6948,0.2966996729373932,True,0.2841292917728424
0.5699843168258667,6949,0.39881083369255066,True,0.3737647533416748
0.6721413731575012,6950,0.23239648342132568,True,0.1863781064748764
0.5667656660079956,6951,0.3855307400226593,True,0.3743996024131775
0.6647360324859619,6952,0.19847474992275238,True,0.16837406158447266
0.6205018758773804,6953,0.3201488256454468,True,0.3080427944660187
0.549627423286438,6954,0.4140496253967285,True,0.39280712604522705
0.7859430909156799,6955,0.1446380913257599,True,0.13874466717243195
0.6173906326293945,6956,0.3080579936504364,True,0.2942497134208679
0.7224267721176147,6957,0.24739481508731842,True,0.2397274374961853
0.7606863975524902,6958,0.19563601911067963,True,0.18298977613449097
0.7448635697364807,6959,0.180782288312912,True,0.172715425491333
0.7549384236335754,6960,0.189361110329628,True,0.1790049970149994
0.743168830871582,6961,0.19390937685966492,True,0.172163724899292
0.5256979465484619,6962,0.396619588136673,True,0.341322124004364
0.5115657448768616,6963,0.46117183566093445,True,0.44484543800354004
0.7346814870834351,6964,0.22823776304721832,True,0.22051717340946198
0.7846683263778687,6965,0.17095407843589783,True,0.15581585466861725
0.3892306685447693,6966,0.5656546354293823,True,0.5371698141098022
0.793448805809021,6967,0.13245949149131775,True,0.12677578628063202
0.6145679950714111,6968,0.310316264629364,True,0.29170146584510803
0.5486675500869751,6969,0.3784317672252655,True,0.3603183627128601
0.6881330609321594,6970,0.2772214114665985,True,0.26142236590385437
0.7812423706054688,6971,0.17706196010112762,True,0.1641230285167694
0.6257110834121704,6972,0.32375800609588623,True,0.29611915349960327
0.7149590253829956,6973,0.21077609062194824,True,0.20255106687545776
0.7190115451812744,6974,0.211184561252594,True,0.1963321715593338
0.7293057441711426,6975,0.19129623472690582,True,0.16631095111370087
0.6411538124084473,6976,0.3088296353816986,True,0.3032990097999573
0.5844475626945496,6977,0.37658852338790894,True,0.35588884353637695
0.722894549369812,6978,0.2157026082277298,True,0.1997099369764328
0.534935712814331,6979,0.42284440994262695,True,0.39980441331863403
0.8258562088012695,6980,0.11712541431188583,True,0.09614644199609756
0.7333469390869141,6981,0.2309626340866089,True,0.22554022073745728
0.7767795920372009,6982,0.15145176649093628,True,0.13283753395080566
0.5961303114891052,6983,0.3471972346305847,True,0.3266719579696655
0.6497824788093567,6984,0.29488468170166016,True,0.2870132625102997
0.7430424690246582,6985,0.2094251811504364,True,0.19169427454471588
0.8460944294929504,6986,0.12628723680973053,True,0.12176679074764252
0.8422278165817261,6987,0.11490214616060257,True,0.10937735438346863
0.7650318741798401,6988,0.17181085050106049,True,0.162780299782753
0.5916121006011963,6989,0.3577527403831482,True,0.3329261541366577
0.6480144262313843,6990,0.23845545947551727,True,0.22021527588367462
0.6172823905944824,6991,0.3204965591430664,True,0.31118083000183105
0.407442569732666,6992,0.5370294451713562,True,0.5074769854545593
0.44254377484321594,6993,0.5202646255493164,True,0.47766441106796265
0.7873535752296448,6994,0.14303164184093475,True,0.132533997297287
0.6523227691650391,6995,0.31369125843048096,True,0.30207958817481995
0.774175763130188,6996,0.1526387333869934,True,0.1472340226173401
0.7539844512939453,6997,0.18781083822250366,True,0.15727360546588898
0.858346700668335,6998,0.11343194544315338,True,0.10937312245368958
0.7330718040466309,6999,0.2322033792734146,True,0.2106698751449585
0.7055976986885071,7000,0.259163498878479,True,0.24907663464546204
0.7102003693580627,7001,0.2506292760372162,True,0.24034838378429413
0.7490213513374329,7002,0.20594502985477448,True,0.18948881328105927
0.6345188021659851,7003,0.2948051393032074,True,0.2869257926940918
0.5454943776130676,7004,0.42165806889533997,True,0.39669111371040344
0.5548691749572754,7005,0.42442554235458374,True,0.4116150736808777
0.5918748378753662,7006,0.24654129147529602,True,0.19954141974449158
0.7803769111633301,7007,0.1412385255098343,True,0.1309071183204651
0.5795801281929016,7008,0.3588457405567169,True,0.34976544976234436
0.776686429977417,7009,0.1860904097557068,True,0.1769658923149109
0.5746515989303589,7010,0.3993980884552002,True,0.37881553173065186
0.7147004008293152,7011,0.22868698835372925,True,0.21576689183712006
0.0,7012,1.0,True,0.9163447618484497
0.7840842008590698,7013,0.17393749952316284,True,0.14689110219478607
0.7152607440948486,7014,0.26003777980804443,True,0.2514507472515106
0.6807731986045837,7015,0.2631167769432068,True,0.24905389547348022
0.6549190282821655,7016,0.31434017419815063,True,0.28606468439102173
0.8435572981834412,7017,0.12143688648939133,True,0.11548549681901932
0.5358961224555969,7018,0.40987470746040344,True,0.39499640464782715
0.7966940402984619,7019,0.14227932691574097,True,0.1159035861492157
0.8558250665664673,7020,0.11192221194505692,True,0.10220997780561447
0.7099648118019104,7021,0.20782539248466492,True,0.1860383301973343
0.830199122428894,7022,0.13366927206516266,True,0.12758994102478027
0.6065411567687988,7023,0.32026785612106323,True,0.2762851119041443
0.5719867944717407,7024,0.38864296674728394,True,0.36833250522613525
0.7883843779563904,7025,0.14975979924201965,True,0.12263459712266922
0.7414876222610474,7026,0.19621261954307556,True,0.17949846386909485
0.8216878175735474,7027,0.13749061524868011,True,0.1323491483926773
0.7714486122131348,7028,0.1900079995393753,True,0.17989188432693481
0.8001819252967834,7029,0.13915623724460602,True,0.13313549757003784
0.8192316293716431,7030,0.1456569880247116,True,0.13924822211265564
0.7637538909912109,7031,0.1925928145647049,True,0.18219342827796936
0.6713864803314209,7032,0.3003290891647339,True,0.2904530167579651
0.6961066722869873,7033,0.24773849546909332,True,0.22843468189239502
0.7897196412086487,7034,0.148897185921669,True,0.14171618223190308
0.6822131872177124,7035,0.2674710154533386,True,0.2567436993122101
0.8235205411911011,7036,0.12957097589969635,True,0.10787571221590042
0.7353899478912354,7037,0.18716742098331451,True,0.16808775067329407
0.561984658241272,7038,0.23406517505645752,True,0.1876605600118637
0.5389075875282288,7039,0.4126851558685303,True,0.4019005298614502
0.7124143838882446,7040,0.2395714521408081,True,0.2285808026790619
0.7749536037445068,7041,0.1815982311964035,True,0.1741996556520462
0.7598744630813599,7042,0.19772066175937653,True,0.18352282047271729
0.6465644836425781,7043,0.3014258146286011,True,0.29488155245780945
0.7174324989318848,7044,0.2167942225933075,True,0.20789293944835663
0.8260904550552368,7045,0.13620208203792572,True,0.11597127467393875
0.847610354423523,7046,0.12693890929222107,True,0.11612362414598465
0.7525421380996704,7047,0.17758822441101074,True,0.17044831812381744
0.47523441910743713,7048,0.4208282232284546,True,0.31434524059295654
0.6330174207687378,7049,0.3285064101219177,True,0.3203170895576477
0.7658378481864929,7050,0.16252565383911133,True,0.13567222654819489
0.4684200882911682,7051,0.5107234716415405,True,0.49010545015335083
0.7517398595809937,7052,0.1697656363248825,True,0.14604945480823517
0.5428438186645508,7053,0.3882465064525604,True,0.37230029702186584
0.7441725134849548,7054,0.19647811353206635,True,0.17163902521133423
0.4785507917404175,7055,0.4564211964607239,True,0.4171964228153229
0.820755124092102,7056,0.1381864696741104,True,0.13000494241714478
0.7416401505470276,7057,0.21973691880702972,True,0.20967870950698853
0.8008978366851807,7058,0.13611644506454468,True,0.12723971903324127
0.7736254334449768,7059,0.14993789792060852,True,0.1416701376438141
0.7297921776771545,7060,0.2442108690738678,True,0.23734313249588013
0.791469156742096,7061,0.17781312763690948,True,0.16596513986587524
0.5659248232841492,7062,0.41048330068588257,True,0.38710641860961914
0.7726455926895142,7063,0.19893072545528412,True,0.1899811029434204
0.8204746246337891,7064,0.11781692504882812,True,0.11186952143907547
0.8309271335601807,7065,0.12495583295822144,True,0.10078101605176926
0.4800373315811157,7066,0.4171978831291199,True,0.37625652551651
0.5402534008026123,7067,0.3851839005947113,True,0.37028035521507263
0.7952412962913513,7068,0.15662488341331482,True,0.1434655487537384
0.5378074645996094,7069,0.4016920030117035,True,0.369360089302063
0.7307814359664917,7070,0.17652305960655212,True,0.15656183660030365
0.7638471126556396,7071,0.15286998450756073,True,0.14606639742851257
0.7331488132476807,7072,0.1978309154510498,True,0.18057556450366974
0.7342232465744019,7073,0.23886559903621674,True,0.22252336144447327
0.7590428590774536,7074,0.19117242097854614,True,0.17710815370082855
0.8108648657798767,7075,0.15880459547042847,True,0.15123982727527618
0.8658972382545471,7076,0.09608126431703568,True,0.0816841721534729
0.6622111797332764,7077,0.26326465606689453,True,0.2557845413684845
0.7672107219696045,7078,0.17225775122642517,True,0.16239188611507416
0.7595670223236084,7079,0.19784832000732422,True,0.18847623467445374
0.5577644109725952,7080,0.41192853450775146,True,0.3906603455543518
0.8497734069824219,7081,0.11750277876853943,True,0.11194446682929993
0.7794253826141357,7082,0.1798492968082428,True,0.16891907155513763
0.7399600744247437,7083,0.21109256148338318,True,0.20224842429161072
0.8509955406188965,7084,0.11907294392585754,True,0.10404425114393234
0.601631760597229,7085,0.3732586205005646,True,0.3570846915245056
0.7697281837463379,7086,0.17536264657974243,True,0.16854332387447357
0.7766423225402832,7087,0.168171688914299,True,0.14609777927398682
0.8381124138832092,7088,0.1246253177523613,True,0.10882455855607986
0.6028658151626587,7089,0.368084192276001,True,0.34615474939346313
0.672604501247406,7090,0.21435481309890747,True,0.19993293285369873
0.7220497131347656,7091,0.23093990981578827,True,0.22233091294765472
0.6619614362716675,7092,0.2853187918663025,True,0.2767704725265503
0.7370602488517761,7093,0.21937520802021027,True,0.2055538147687912
0.6638718247413635,7094,0.21262410283088684,True,0.20132912695407867
0.5676110982894897,7095,0.39021196961402893,True,0.36513668298721313
0.805321455001831,7096,0.13955406844615936,True,0.10998077690601349
0.625766396522522,7097,0.3023329973220825,True,0.27334919571876526
0.7689605951309204,7098,0.14190736413002014,True,0.11578402668237686
0.7537738680839539,7099,0.17798364162445068,True,0.16760876774787903
0.8184624910354614,7100,0.1414356827735901,True,0.13341937959194183
0.7887918949127197,7101,0.1687432825565338,True,0.1484103947877884
0.5622985363006592,7102,0.39488765597343445,True,0.3867269456386566
0.7287525534629822,7103,0.20993177592754364,True,0.196449875831604
0.7870845794677734,7104,0.1714688390493393,True,0.15637831389904022
0.789592981338501,7105,0.14241833984851837,True,0.12212274968624115
0.49304133653640747,7106,0.44820380210876465,True,0.417855441570282
0.5906226634979248,7107,0.39007067680358887,True,0.36533284187316895
0.5895865559577942,7108,0.36676108837127686,True,0.3531363010406494
0.8327364921569824,7109,0.14279448986053467,True,0.13153842091560364
0.7344548106193542,7110,0.2318560928106308,True,0.22213885188102722
0.7371476292610168,7111,0.20805543661117554,True,0.19811135530471802
0.6556020379066467,7112,0.3001368045806885,True,0.27928876876831055
0.8424217700958252,7113,0.12060987204313278,True,0.11047175526618958
0.6856326460838318,7114,0.26979318261146545,True,0.26230910420417786
0.6412726640701294,7115,0.32003575563430786,True,0.2972055971622467
0.7632238864898682,7116,0.1708115190267563,True,0.15413682162761688
0.8051198124885559,7117,0.14507430791854858,True,0.1363253891468048
0.7715131044387817,7118,0.15707257390022278,True,0.14858554303646088
0.8242558836936951,7119,0.12716582417488098,True,0.1212230995297432
0.7321298122406006,7120,0.19801411032676697,True,0.18815220892429352
0.587872326374054,7121,0.38024675846099854,True,0.3658876419067383
0.626557469367981,7122,0.3167244791984558,True,0.300561785697937
0.82177734375,7123,0.12793615460395813,True,0.12278616428375244
0.7300652265548706,7124,0.22316375374794006,True,0.21079561114311218
0.7883762121200562,7125,0.1505952626466751,True,0.144571453332901
0.7020938992500305,7126,0.2548942565917969,True,0.24907168745994568
0.7644983530044556,7127,0.16531775891780853,True,0.14292307198047638
0.7600994110107422,7128,0.20347782969474792,True,0.19512739777565002
0.6492429971694946,7129,0.29436588287353516,True,0.25876137614250183
0.7509610652923584,7130,0.2007465660572052,True,0.1845846027135849
0.7136964201927185,7131,0.2435990869998932,True,0.23594370484352112
0.7030516862869263,7132,0.22690938413143158,True,0.21052324771881104
0.5917714834213257,7133,0.3620673418045044,True,0.3459397256374359
0.5472776293754578,7134,0.4199634790420532,True,0.3859957754611969
0.7753193378448486,7135,0.18761883676052094,True,0.17801907658576965
0.7822064161300659,7136,0.18318068981170654,True,0.1746557652950287
0.5161247849464417,7137,0.44118732213974,True,0.422193706035614
0.8492603302001953,7138,0.11935554444789886,True,0.10035037994384766
0.8134375810623169,7139,0.15182624757289886,True,0.1444406360387802
0.6243581771850586,7140,0.21550896763801575,True,0.15836340188980103
0.6258004903793335,7141,0.29880490899086,True,0.284771203994751
0.8071571588516235,7142,0.15568579733371735,True,0.14932413399219513
0.7465404272079468,7143,0.19794753193855286,True,0.18617956340312958
0.5474058985710144,7144,0.42196524143218994,True,0.4077571928501129
0.5184730291366577,7145,0.42996010184288025,True,0.37298548221588135
0.6420943737030029,7146,0.2862464487552643,True,0.2787148058414459
0.5123274326324463,7147,0.411737322807312,True,0.36714857816696167
0.702261745929718,7148,0.1463107019662857,True,0.13147158920764923
0.7860333323478699,7149,0.17012299597263336,True,0.16083194315433502
0.7393767237663269,7150,0.20033074915409088,True,0.18753616511821747
0.6982300281524658,7151,0.2560946047306061,True,0.24226640164852142
0.5567567944526672,7152,0.4174457788467407,True,0.39930248260498047
0.6572726964950562,7153,0.3001902997493744,True,0.29184502363204956
0.6476806402206421,7154,0.29044315218925476,True,0.2739577889442444
0.8014654517173767,7155,0.16765771806240082,True,0.14775919914245605
0.8491809368133545,7156,0.11581067740917206,True,0.11141244322061539
0.4321569800376892,7157,0.5194035172462463,True,0.49136340618133545
0.13325126469135284,7158,0.8387109041213989,True,0.7790501117706299
0.7837899327278137,7159,0.1865645945072174,True,0.17670944333076477
0.8119896054267883,7160,0.1254061758518219,True,0.10260031372308731
0.807716965675354,7161,0.1552189588546753,True,0.14314238727092743
0.5609928965568542,7162,0.33256903290748596,True,0.2809089720249176
0.6027781367301941,7163,0.3476463556289673,True,0.33640316128730774
0.6395469903945923,7164,0.30803972482681274,True,0.298490971326828
0.4684186577796936,7165,0.487946093082428,True,0.4666755795478821
0.7446200847625732,7166,0.20618435740470886,True,0.18762892484664917
0.8038671016693115,7167,0.12825511395931244,True,0.12260754406452179
0.4560774564743042,7168,0.5177286863327026,True,0.4816908836364746
0.7902199625968933,7169,0.13979586958885193,True,0.13173221051692963
0.7678343057632446,7170,0.17567849159240723,True,0.17076554894447327
0.801911473274231,7171,0.16854655742645264,True,0.15868405997753143
0.53242027759552,7172,0.41966646909713745,True,0.3900621235370636
0.8330420255661011,7173,0.1362091302871704,True,0.12270636856555939
0.5831324458122253,7174,0.37468868494033813,True,0.35803282260894775
0.5739014744758606,7175,0.362771600484848,True,0.35585078597068787
0.5882490873336792,7176,0.36803582310676575,True,0.35801661014556885
0.8382854461669922,7177,0.10355965048074722,True,0.09577631205320358
0.7348452210426331,7178,0.20998848974704742,True,0.1956665813922882
0.750415563583374,7179,0.19417642056941986,True,0.1697133630514145
0.8234606981277466,7180,0.13657113909721375,True,0.11540012806653976
0.58028244972229,7181,0.36940234899520874,True,0.33506065607070923
0.7457249164581299,7182,0.19640646874904633,True,0.19008426368236542
0.7945443391799927,7183,0.14123965799808502,True,0.13525600731372833
0.4814411997795105,7184,0.46651920676231384,True,0.4487498998641968
0.667250394821167,7185,0.2804837226867676,True,0.2552952766418457
0.6383288502693176,7186,0.3150360584259033,True,0.2710839509963989
0.8290994167327881,7187,0.11502328515052795,True,0.10944397747516632
0.7111471891403198,7188,0.21637406945228577,True,0.1951211839914322
0.6207031011581421,7189,0.22349980473518372,True,0.19100436568260193
0.7774081230163574,7190,0.17855441570281982,True,0.16840516030788422
0.6894638538360596,7191,0.25313282012939453,True,0.23671194911003113
0.6502383351325989,7192,0.3038794994354248,True,0.2916715741157532
0.7685547471046448,7193,0.1583028882741928,True,0.1524120569229126
0.7056843042373657,7194,0.2399001568555832,True,0.22898732125759125
0.7624619603157043,7195,0.1500726342201233,True,0.1444558948278427
0.7524979710578918,7196,0.19905315339565277,True,0.18073570728302002
0.7801647186279297,7197,0.1532643735408783,True,0.14559507369995117
0.8490023612976074,7198,0.12852606177330017,True,0.11825224757194519
0.7560909986495972,7199,0.1634964495897293,True,0.14129860699176788
0.548129677772522,7200,0.4200180172920227,True,0.39946332573890686
0.8264316320419312,7201,0.13117234408855438,True,0.12076789885759354
0.7704453468322754,7202,0.18952174484729767,True,0.174618199467659
0.6065544486045837,7203,0.3543795943260193,True,0.33256107568740845
0.5097099542617798,7204,0.44818446040153503,True,0.4044422209262848
0.6680262684822083,7205,0.2667769491672516,True,0.2595183253288269
0.7215821743011475,7206,0.22146670520305634,True,0.20423170924186707
0.0,7207,1.0,True,0.9601818919181824
0.7341369390487671,7208,0.22628237307071686,True,0.2188117802143097
0.7285975217819214,7209,0.2155529260635376,True,0.19568182528018951
0.802122175693512,7210,0.15831837058067322,True,0.13846562802791595
0.649699330329895,7211,0.2717019021511078,True,0.2608669400215149
0.732757568359375,7212,0.22379668056964874,True,0.2077004313468933
0.6504912376403809,7213,0.296359658241272,True,0.2906382977962494
0.4505036473274231,7214,0.39617693424224854,True,0.3015691637992859
0.7656257748603821,7215,0.17476321756839752,True,0.14617185294628143
0.11110786348581314,7216,0.8820289373397827,True,0.8207533955574036
0.3511083126068115,7217,0.5314135551452637,True,0.4147227704524994
0.8061854839324951,7218,0.13308840990066528,True,0.11002980917692184
0.738735556602478,7219,0.17900873720645905,True,0.16767022013664246
0.668656587600708,7220,0.2675028145313263,True,0.25209173560142517
0.6595736742019653,7221,0.31342613697052,True,0.29629260301589966
0.5387358665466309,7222,0.4134554862976074,True,0.3877095580101013
0.575407087802887,7223,0.4002315104007721,True,0.38365042209625244
0.7969065308570862,7224,0.13077421486377716,True,0.12375794351100922
0.5113153457641602,7225,0.42008233070373535,True,0.38210752606391907
0.7586573362350464,7226,0.19559578597545624,True,0.1812284141778946
0.57999587059021,7227,0.39295274019241333,True,0.35354623198509216
0.826621413230896,7228,0.13271915912628174,True,0.11548135429620743
0.5757922530174255,7229,0.38272905349731445,True,0.3665744662284851
0.6355646848678589,7230,0.3192613124847412,True,0.305905818939209
0.7531079649925232,7231,0.20502011477947235,True,0.19863764941692352
0.7347305417060852,7232,0.2179686576128006,True,0.2020493745803833
0.7321310043334961,7233,0.1516886055469513,True,0.14282794296741486
0.7028234004974365,7234,0.20560666918754578,True,0.18445250391960144
0.549981951713562,7235,0.3274383544921875,True,0.28215712308883667
0.7094539403915405,7236,0.2563529908657074,True,0.25070902705192566
0.7948834896087646,7237,0.14248943328857422,True,0.12251751124858856
0.7370107173919678,7238,0.1987132877111435,True,0.19020600616931915
0.6636136770248413,7239,0.27699747681617737,True,0.27009519934654236
0.6177093982696533,7240,0.29403841495513916,True,0.27607840299606323
0.6514798402786255,7241,0.29450541734695435,True,0.2791345715522766
0.783493161201477,7242,0.15130658447742462,True,0.14485731720924377
0.7734378576278687,7243,0.15955328941345215,True,0.14215761423110962
0.678335428237915,7244,0.2704007923603058,True,0.2600806653499603
0.668563961982727,7245,0.28149527311325073,True,0.2739621102809906
0.7357295751571655,7246,0.22026249766349792,True,0.21220991015434265
0.6892372965812683,7247,0.25765490531921387,True,0.24638183414936066
0.8380738496780396,7248,0.12334289401769638,True,0.10628953576087952
0.7175363302230835,7249,0.2503558397293091,True,0.243001788854599
0.5574543476104736,7250,0.3971855640411377,True,0.36974674463272095
0.6979616284370422,7251,0.2288447916507721,True,0.21865949034690857
0.68505859375,7252,0.256266713142395,True,0.24420620501041412
0.7494598627090454,7253,0.16988298296928406,True,0.1624344140291214
0.6369297504425049,7254,0.32122811675071716,True,0.3140309154987335
0.8803279995918274,7255,0.08540990948677063,True,0.07050729542970657
0.7986910343170166,7256,0.16168689727783203,True,0.15579940378665924
0.7080683708190918,7257,0.2470283806324005,True,0.21678268909454346
0.718177080154419,7258,0.2470555603504181,True,0.21725469827651978
0.6746832132339478,7259,0.26177236437797546,True,0.2438320815563202
0.6194670796394348,7260,0.3222018778324127,True,0.31017372012138367
0.5370704531669617,7261,0.42142200469970703,True,0.38960450887680054
0.7876794934272766,7262,0.15303131937980652,True,0.13095232844352722
0.6779402494430542,7263,0.2279128134250641,True,0.1958451271057129
0.7833505868911743,7264,0.15100407600402832,True,0.1448834240436554
0.6151936054229736,7265,0.19915331900119781,True,0.16963477432727814
0.7576491236686707,7266,0.1733701527118683,True,0.1566823273897171
0.804367184638977,7267,0.12606127560138702,True,0.11804907768964767
0.6898161172866821,7268,0.2536005973815918,True,0.23414775729179382
0.6416709423065186,7269,0.3275352418422699,True,0.29745936393737793
0.8312474489212036,7270,0.11716252565383911,True,0.09971435368061066
0.743040144443512,7271,0.22031526267528534,True,0.21180826425552368
0.6925749182701111,7272,0.2258293628692627,True,0.20787180960178375
0.48481324315071106,7273,0.4694109857082367,True,0.4438861608505249
0.6637546420097351,7274,0.27894461154937744,True,0.2714642286300659
0.8206891417503357,7275,0.15044642984867096,True,0.14434076845645905
0.8184717297554016,7276,0.14042478799819946,True,0.13374820351600647
0.6380735635757446,7277,0.3346758484840393,True,0.3152766227722168
0.7481650114059448,7278,0.1907959133386612,True,0.18539057672023773
0.6939518451690674,7279,0.24283455312252045,True,0.2337532639503479
0.7360684871673584,7280,0.1729988306760788,True,0.16542860865592957
0.4831826686859131,7281,0.4693453907966614,True,0.4332578778266907
0.8682307004928589,7282,0.09232219308614731,True,0.08650673925876617
0.823980987071991,7283,0.14472194015979767,True,0.13813720643520355
0.787854790687561,7284,0.16137844324111938,True,0.15211354196071625
0.7899826169013977,7285,0.1424330472946167,True,0.1170516312122345
0.6750882863998413,7286,0.25215068459510803,True,0.24092547595500946
0.5069699287414551,7287,0.47008129954338074,True,0.43597620725631714
0.8405333161354065,7288,0.1269681751728058,True,0.10995353013277054
0.7475142478942871,7289,0.207084521651268,True,0.19226984679698944
0.6925599575042725,7290,0.23951365053653717,True,0.22774049639701843
0.7347531318664551,7291,0.20885302126407623,True,0.1867467612028122
0.6536111831665039,7292,0.3068190813064575,True,0.2648845613002777
0.6632487773895264,7293,0.2950575053691864,True,0.2872646152973175
0.6075255870819092,7294,0.31489089131355286,True,0.2882617712020874
0.7296990156173706,7295,0.18769164383411407,True,0.16756919026374817
0.7178806066513062,7296,0.2106294184923172,True,0.17439961433410645
0.7997689247131348,7297,0.15338751673698425,True,0.138802632689476
0.8219802975654602,7298,0.11924213916063309,True,0.11065305769443512
0.7848399877548218,7299,0.17692801356315613,True,0.1598002016544342
0.8222750425338745,7300,0.12153520435094833,True,0.10638986527919769
0.6710028648376465,7301,0.19891348481178284,True,0.1630851775407791
0.5727928876876831,7302,0.4000449478626251,True,0.3878132700920105
0.8373284935951233,7303,0.12820541858673096,True,0.12363117933273315
0.6630791425704956,7304,0.2770852744579315,True,0.26334795355796814
0.7982077598571777,7305,0.16002923250198364,True,0.15292298793792725
0.7224011421203613,7306,0.21103346347808838,True,0.198361337184906
0.4173118472099304,7307,0.551436722278595,True,0.5237876176834106
0.6076533794403076,7308,0.3794528543949127,True,0.3711734116077423
0.7692949771881104,7309,0.1847270429134369,True,0.16234391927719116
0.7755950689315796,7310,0.15787944197654724,True,0.15230074524879456
0.554845929145813,7311,0.4044729471206665,True,0.38051897287368774
0.7546142935752869,7312,0.2075481116771698,True,0.19770757853984833
0.6504803895950317,7313,0.26185569167137146,True,0.2513405382633209
0.5874370336532593,7314,0.3789253234863281,True,0.36826565861701965
0.6659601926803589,7315,0.28140780329704285,True,0.2731090188026428
0.5823438763618469,7316,0.38534802198410034,True,0.3683289587497711
0.6473074555397034,7317,0.3177851736545563,True,0.30900412797927856
0.7301754951477051,7318,0.23916883766651154,True,0.23021596670150757
0.8152358531951904,7319,0.13079728186130524,True,0.1047721728682518
0.578465461730957,7320,0.3643897473812103,True,0.3498176336288452
0.7947039008140564,7321,0.14393450319766998,True,0.13531260192394257
0.6463590264320374,7322,0.3146023154258728,True,0.30738329887390137
0.6882215738296509,7323,0.24701139330863953,True,0.2339095026254654
0.6263986229896545,7324,0.32664453983306885,True,0.2929733395576477
0.8370859622955322,7325,0.1282532513141632,True,0.12326280027627945
0.7111754417419434,7326,0.24177806079387665,True,0.2272181659936905
0.5268056988716125,7327,0.4523029923439026,True,0.43079888820648193
0.5525872707366943,7328,0.37431180477142334,True,0.3223259747028351
0.7068746089935303,7329,0.21700401604175568,True,0.16742822527885437
0.7895970344543457,7330,0.17742004990577698,True,0.162378191947937
0.666496992111206,7331,0.28914183378219604,True,0.2598124146461487
0.7627317905426025,7332,0.17046260833740234,True,0.1638856679201126
0.7229980826377869,7333,0.1900463104248047,True,0.1825016736984253
0.7766527533531189,7334,0.17065607011318207,True,0.1634683609008789
0.30915653705596924,7335,0.6793666481971741,True,0.6627110838890076
0.710847020149231,7336,0.18956206738948822,True,0.16320063173770905
0.8242899179458618,7337,0.13992029428482056,True,0.11519815027713776
0.6875616908073425,7338,0.2507985234260559,True,0.23083150386810303
0.7941492795944214,7339,0.16208046674728394,True,0.1411466896533966
0.8346612453460693,7340,0.12639963626861572,True,0.12063050270080566
0.6361619234085083,7341,0.3102092742919922,True,0.2886735200881958
0.7532205581665039,7342,0.17298321425914764,True,0.1598740667104721
0.8037666082382202,7343,0.1410393863916397,True,0.1335890293121338
0.8347509503364563,7344,0.12583959102630615,True,0.11703643947839737
0.6800326108932495,7345,0.22344723343849182,True,0.21074867248535156
0.5732864141464233,7346,0.3731275796890259,True,0.3502991497516632
0.7204074859619141,7347,0.23644866049289703,True,0.22548425197601318
0.594353199005127,7348,0.36153772473335266,True,0.35296446084976196
0.7633727192878723,7349,0.1966288834810257,True,0.1881260722875595
0.8511155843734741,7350,0.11844184249639511,True,0.10982400178909302
0.7387357950210571,7351,0.20106075704097748,True,0.193568617105484
0.3141457736492157,7352,0.6691295504570007,True,0.6367478370666504
0.7705780863761902,7353,0.18982622027397156,True,0.1652592420578003
0.8338183760643005,7354,0.12826238572597504,True,0.10423135757446289
0.7236573696136475,7355,0.22091495990753174,True,0.2112119048833847
0.5603969097137451,7356,0.40775150060653687,True,0.3923843502998352
0.6532756090164185,7357,0.31437137722969055,True,0.2931399643421173
0.6031266450881958,7358,0.3602770268917084,True,0.32275110483169556
0.7569084167480469,7359,0.19077758491039276,True,0.1722702533006668
0.6777868270874023,7360,0.2710475027561188,True,0.2651980519294739
0.7948455810546875,7361,0.14601851999759674,True,0.14014151692390442
0.8490088582038879,7362,0.12057504057884216,True,0.11452291905879974
0.7144533395767212,7363,0.2252814620733261,True,0.21155120432376862
0.6016837954521179,7364,0.3464236259460449,True,0.32939472794532776
0.7719029784202576,7365,0.14856091141700745,True,0.14174434542655945
0.5091134309768677,7366,0.43922728300094604,True,0.4078521430492401
0.7549014091491699,7367,0.1974695771932602,True,0.1838812679052353
0.6630209684371948,7368,0.300226092338562,True,0.2898128628730774
0.8620404005050659,7369,0.09919498860836029,True,0.08484519273042679
0.740246057510376,7370,0.22170279920101166,True,0.20717136561870575
0.7645351886749268,7371,0.16639550030231476,True,0.1474306583404541
0.8655451536178589,7372,0.09198148548603058,True,0.07754446566104889
0.7869343757629395,7373,0.1763748824596405,True,0.17068488895893097
0.8093645572662354,7374,0.14155788719654083,True,0.12510225176811218
0.7377502918243408,7375,0.22873635590076447,True,0.22374150156974792
0.8136762380599976,7376,0.15143652260303497,True,0.1447642594575882
0.6512786746025085,7377,0.2885270118713379,True,0.2825058698654175
0.763812780380249,7378,0.19147440791130066,True,0.17723940312862396
0.8797565698623657,7379,0.08833251148462296,True,0.0766734704375267
0.7177145481109619,7380,0.2477758824825287,True,0.23011478781700134
0.6705030798912048,7381,0.26875370740890503,True,0.2568782866001129
0.40900495648384094,7382,0.5538532733917236,True,0.5355925559997559
0.7364261746406555,7383,0.18435002863407135,True,0.16521701216697693
0.6976158022880554,7384,0.24380987882614136,True,0.23058487474918365
0.7012617588043213,7385,0.23254714906215668,True,0.21155913174152374
0.6976730823516846,7386,0.27101024985313416,True,0.2617107033729553
0.5220907926559448,7387,0.4192012846469879,True,0.3951095938682556
0.7919782400131226,7388,0.15454743802547455,True,0.13508808612823486
0.7651378512382507,7389,0.16852547228336334,True,0.14382429420948029
0.8007081747055054,7390,0.148259237408638,True,0.14352872967720032
0.7680448293685913,7391,0.1707841455936432,True,0.15613146126270294
0.7310196161270142,7392,0.18090885877609253,True,0.17131592333316803
0.7158156633377075,7393,0.24610741436481476,True,0.2362295240163803
0.731281578540802,7394,0.20887209475040436,True,0.18820056319236755
0.6831690669059753,7395,0.27103114128112793,True,0.25365516543388367
0.5857082605361938,7396,0.3512325882911682,True,0.32255321741104126
0.7845590114593506,7397,0.14615274965763092,True,0.13897235691547394
0.7591289281845093,7398,0.1887061595916748,True,0.17732053995132446
0.7170891761779785,7399,0.2403164803981781,True,0.2211472988128662
0.7328707575798035,7400,0.20361335575580597,True,0.18482019007205963
0.7664310336112976,7401,0.18126918375492096,True,0.16790816187858582
0.7812327146530151,7402,0.17985208332538605,True,0.16140666604042053
0.773600697517395,7403,0.1486455500125885,True,0.13857844471931458
0.8245609402656555,7404,0.11722981929779053,True,0.10977796465158463
0.6717009544372559,7405,0.28047800064086914,True,0.26930296421051025
0.7030636668205261,7406,0.2520502209663391,True,0.22641721367835999
0.6265528202056885,7407,0.33181387186050415,True,0.3169769048690796
0.20228815078735352,7408,0.7821542024612427,True,0.725408673286438
0.7384207248687744,7409,0.17623120546340942,True,0.1633676439523697
0.6492953300476074,7410,0.26842811703681946,True,0.2552204728126526
0.7555966377258301,7411,0.20738451182842255,True,0.20196855068206787
0.6894571781158447,7412,0.2690882086753845,True,0.26162755489349365
0.4788387417793274,7413,0.4584720730781555,True,0.4285493791103363
0.7463768124580383,7414,0.2256750613451004,True,0.21865485608577728
0.7112454175949097,7415,0.24293775856494904,True,0.2349647432565689
0.6025012135505676,7416,0.361217737197876,True,0.323999285697937
0.8544095754623413,7417,0.09890724718570709,True,0.08339797705411911
0.6450481414794922,7418,0.2688085436820984,True,0.2603062093257904
0.7271913290023804,7419,0.20191174745559692,True,0.19506265223026276
0.8086600303649902,7420,0.14512032270431519,True,0.12987522780895233
0.6685981750488281,7421,0.29490217566490173,True,0.2845343351364136
0.8166146874427795,7422,0.1429222822189331,True,0.13608074188232422
0.770574688911438,7423,0.1932779848575592,True,0.1792016625404358
0.7634267210960388,7424,0.2022147923707962,True,0.19428934156894684
0.7052546739578247,7425,0.23391181230545044,True,0.22368276119232178
0.4712089002132416,7426,0.47089284658432007,True,0.4494044780731201
0.8147187829017639,7427,0.13775084912776947,True,0.13198238611221313
0.5571134686470032,7428,0.41109052300453186,True,0.3967089056968689
0.7220420837402344,7429,0.24399328231811523,True,0.23384049534797668
0.7456617951393127,7430,0.18801283836364746,True,0.1632133275270462
0.6374590396881104,7431,0.29434704780578613,True,0.2876723110675812
0.7566516995429993,7432,0.19144880771636963,True,0.182913675904274
0.46462517976760864,7433,0.42226749658584595,True,0.33358195424079895
0.771698534488678,7434,0.15645469725131989,True,0.15064123272895813
0.6317028999328613,7435,0.31500279903411865,True,0.2996329367160797
0.7757378816604614,7436,0.18652427196502686,True,0.18196049332618713
0.8172570466995239,7437,0.11003552377223969,True,0.09058819711208344
0.7455908060073853,7438,0.17083275318145752,True,0.16307318210601807
0.8467912077903748,7439,0.1181265264749527,True,0.11307964473962784
0.710525393486023,7440,0.21342454850673676,True,0.1950358748435974
0.6713390946388245,7441,0.24154245853424072,True,0.21219319105148315
0.5766587257385254,7442,0.3938034474849701,True,0.37452232837677
0.7476516962051392,7443,0.16070789098739624,True,0.13352593779563904
0.6655570268630981,7444,0.2153300642967224,True,0.19335462152957916
0.0,7445,1.0,True,0.9426746368408203
0.583051860332489,7446,0.36355525255203247,True,0.3414370119571686
0.663771390914917,7447,0.22010990977287292,True,0.17342112958431244
0.6858478784561157,7448,0.28061527013778687,True,0.27288275957107544
0.7411368489265442,7449,0.1586756855249405,True,0.14923617243766785
0.6548600196838379,7450,0.3124675750732422,True,0.3059099614620209
0.533668041229248,7451,0.42252618074417114,True,0.39676329493522644
0.6441052556037903,7452,0.30910351872444153,True,0.3013462722301483
0.8314877152442932,7453,0.12283073365688324,True,0.10504578053951263
0.6940874457359314,7454,0.2438340187072754,True,0.22944708168506622
0.7761058807373047,7455,0.1627381294965744,True,0.14541999995708466
0.5025362372398376,7456,0.4755929112434387,True,0.44673824310302734
0.7327019572257996,7457,0.22246716916561127,True,0.21581529080867767
0.672002911567688,7458,0.27435609698295593,True,0.2668994069099426
0.8040722608566284,7459,0.13779979944229126,True,0.11248382925987244
0.7111247777938843,7460,0.24409236013889313,True,0.2346845418214798
0.6827787160873413,7461,0.26185524463653564,True,0.24570874869823456
0.7453387379646301,7462,0.15966111421585083,True,0.15243761241436005
0.8266229033470154,7463,0.13708335161209106,True,0.13288068771362305
0.7274839878082275,7464,0.215888112783432,True,0.20402956008911133
0.6243219375610352,7465,0.3057081699371338,True,0.29676857590675354
0.8418546319007874,7466,0.0957159548997879,True,0.0755646824836731
0.6259527206420898,7467,0.30561867356300354,True,0.288595974445343
0.7314085960388184,7468,0.21782754361629486,True,0.20996180176734924
0.742414116859436,7469,0.18693208694458008,True,0.17785301804542542
0.5711286664009094,7470,0.40193140506744385,True,0.3778735101222992
0.644889771938324,7471,0.3028837740421295,True,0.2590618133544922
0.7627739310264587,7472,0.1614724099636078,True,0.15316760540008545
0.6412265300750732,7473,0.32627832889556885,True,0.31738075613975525
0.7799667716026306,7474,0.16881632804870605,True,0.15675553679466248
0.7239292860031128,7475,0.17366178333759308,True,0.1467738300561905
0.5323569178581238,7476,0.3739936947822571,True,0.36206886172294617
0.6259154081344604,7477,0.32037317752838135,True,0.31085577607154846
0.8025095462799072,7478,0.16755828261375427,True,0.16036851704120636
0.0,7479,1.0,True,0.7464702129364014
0.6284223794937134,7480,0.3282744288444519,True,0.3071134388446808
0.5386275053024292,7481,0.3949134945869446,True,0.3778287172317505
0.7107305526733398,7482,0.2205944061279297,True,0.20582081377506256
0.8076005578041077,7483,0.1372908502817154,True,0.12346605211496353
0.6277151107788086,7484,0.32786113023757935,True,0.32241031527519226
0.7294527888298035,7485,0.20353783667087555,True,0.18973076343536377
0.7077486515045166,7486,0.2556762099266052,True,0.2470696121454239
0.7014908790588379,7487,0.1530429869890213,True,0.13112294673919678
0.7594429850578308,7488,0.18288582563400269,True,0.17293976247310638
0.6358639001846313,7489,0.31848737597465515,True,0.3109305202960968
0.7611738443374634,7490,0.1643635332584381,True,0.15741728246212006
0.7489220499992371,7491,0.21772119402885437,True,0.19869911670684814
0.8105003833770752,7492,0.15355709195137024,True,0.1261424720287323
0.7897997498512268,7493,0.14570435881614685,True,0.13942669332027435
0.4302912950515747,7494,0.5157313346862793,True,0.4816216230392456
0.6126130223274231,7495,0.33312445878982544,True,0.30904421210289
0.6272428631782532,7496,0.3242154121398926,True,0.31300848722457886
0.7144935131072998,7497,0.22293560206890106,True,0.21641960740089417
0.8642748594284058,7498,0.10766459256410599,True,0.09092361479997635
0.8155964612960815,7499,0.13511507213115692,True,0.129856139421463
0.6897895336151123,7500,0.2829921841621399,True,0.25751447677612305
0.5124958157539368,7501,0.450729638338089,True,0.42147523164749146
0.6754228472709656,7502,0.2829459309577942,True,0.27165526151657104
0.7953157424926758,7503,0.1601431965827942,True,0.14147381484508514
0.8094759583473206,7504,0.14144399762153625,True,0.11514261364936829
0.790715217590332,7505,0.14240418374538422,True,0.11940301209688187
0.7796433568000793,7506,0.16059909760951996,True,0.14287924766540527
0.7950131893157959,7507,0.15024295449256897,True,0.14436358213424683
0.7379810810089111,7508,0.18857398629188538,True,0.1720215529203415
0.5042327642440796,7509,0.4408784508705139,True,0.39904728531837463
0.7123237252235413,7510,0.23950453102588654,True,0.22436675429344177
0.8086729645729065,7511,0.1532413810491562,True,0.14737935364246368
0.6960877180099487,7512,0.2261061668395996,True,0.2207007259130478
0.7560861110687256,7513,0.19956782460212708,True,0.1840013712644577
0.5361202359199524,7514,0.42535722255706787,True,0.3994866907596588
0.6619890928268433,7515,0.3147030174732208,True,0.29394322633743286
0.6544958353042603,7516,0.31545692682266235,True,0.3043102025985718
0.7902474403381348,7517,0.17815418541431427,True,0.16767925024032593
0.6916159987449646,7518,0.2679910361766815,True,0.2527746856212616
0.6445484757423401,7519,0.20556117594242096,True,0.15293459594249725
0.5483043193817139,7520,0.409974068403244,True,0.39416834712028503
0.7111164927482605,7521,0.2081778645515442,True,0.19727185368537903
0.6646959781646729,7522,0.18296588957309723,True,0.16280759871006012
0.6058438420295715,7523,0.33351340889930725,True,0.31805381178855896
0.8030108213424683,7524,0.12254728376865387,True,0.10298660397529602
0.8167780637741089,7525,0.13129185140132904,True,0.12647336721420288
0.8441826105117798,7526,0.10320428758859634,True,0.09802520275115967
0.2616194188594818,7527,0.7162591218948364,True,0.6395325064659119
0.6015939712524414,7528,0.3144925832748413,True,0.2678755819797516
0.7227874994277954,7529,0.23208582401275635,True,0.21153058111667633
0.5349656343460083,7530,0.4319528341293335,True,0.380124032497406
0.8117126226425171,7531,0.12347807735204697,True,0.1173953264951706
0.7401570081710815,7532,0.21680915355682373,True,0.20186562836170197
0.7921510338783264,7533,0.12524819374084473,True,0.0969037115573883
0.44059351086616516,7534,0.5345654487609863,True,0.4983765482902527
0.7853140830993652,7535,0.16327768564224243,True,0.147885262966156
0.6374731659889221,7536,0.2920001745223999,True,0.2783423960208893
0.2160048484802246,7537,0.7794837355613708,True,0.7401680946350098
0.801228404045105,7538,0.1394016146659851,True,0.13267222046852112
0.721744179725647,7539,0.24334651231765747,True,0.23627325892448425
0.5531204342842102,7540,0.41614675521850586,True,0.4016163945198059
0.8231505155563354,7541,0.14158278703689575,True,0.1240323856472969
0.6973767280578613,7542,0.24399498105049133,True,0.22316573560237885
0.7748973369598389,7543,0.16739106178283691,True,0.15757761895656586
0.8319504261016846,7544,0.13575471937656403,True,0.11871928721666336
0.7895606756210327,7545,0.156547412276268,True,0.1506636142730713
0.7463847398757935,7546,0.18557775020599365,True,0.16206277906894684
0.5979508757591248,7547,0.36578378081321716,True,0.33971548080444336
0.7664534449577332,7548,0.1903727650642395,True,0.18034517765045166
0.7393926382064819,7549,0.19622471928596497,True,0.18790192902088165
0.6459577679634094,7550,0.2785290777683258,True,0.2646578848361969
0.6194994449615479,7551,0.3552229404449463,True,0.32857298851013184
0.8483705520629883,7552,0.12163707613945007,True,0.11408759653568268
0.6757669448852539,7553,0.2304234504699707,True,0.18131181597709656
0.6301586627960205,7554,0.3288287818431854,True,0.2980313301086426
0.6493682861328125,7555,0.3252226710319519,True,0.3025706708431244
0.8353093266487122,7556,0.11815541982650757,True,0.11117274314165115
0.681448757648468,7557,0.27606773376464844,True,0.23743638396263123
0.5032224655151367,7558,0.45573094487190247,True,0.39410698413848877
0.671197772026062,7559,0.29442712664604187,True,0.27645793557167053
0.767966628074646,7560,0.19453716278076172,True,0.17967742681503296
0.7578297853469849,7561,0.2073664367198944,True,0.1881830394268036
0.7955187559127808,7562,0.15130655467510223,True,0.12867599725723267
0.6615918874740601,7563,0.2397427260875702,True,0.22134371101856232
0.7571305632591248,7564,0.20173104107379913,True,0.19495369493961334
0.7444684505462646,7565,0.20451559126377106,True,0.197541281580925
0.5861150026321411,7566,0.3760470151901245,True,0.3547173738479614
0.8163808584213257,7567,0.14118286967277527,True,0.13463521003723145
0.6696893572807312,7568,0.28178393840789795,True,0.26772481203079224
0.6516997814178467,7569,0.27720746397972107,True,0.26990407705307007
0.6863362193107605,7570,0.2576788663864136,True,0.2500298321247101
0.6812015771865845,7571,0.24385035037994385,True,0.22059352695941925
0.6754047274589539,7572,0.24458813667297363,True,0.23394325375556946
0.7525941133499146,7573,0.16945993900299072,True,0.1463308036327362
0.6190924644470215,7574,0.34437382221221924,True,0.3176862299442291
0.6704447269439697,7575,0.30253368616104126,True,0.2874600291252136
0.7174046039581299,7576,0.23572714626789093,True,0.2211138755083084
0.7550910711288452,7577,0.1857818067073822,True,0.16942736506462097
0.6246623396873474,7578,0.3161837160587311,True,0.305761456489563
0.5265685319900513,7579,0.4220089614391327,True,0.3803998827934265
0.7989863753318787,7580,0.13517436385154724,True,0.1077432706952095
0.6526359915733337,7581,0.22514155507087708,True,0.1797022670507431
0.7240761518478394,7582,0.2051023244857788,True,0.19375070929527283
0.7929982542991638,7583,0.15930505096912384,True,0.13600832223892212
0.4728018641471863,7584,0.49041685461997986,True,0.47775769233703613
0.5569485425949097,7585,0.39773207902908325,True,0.3831620514392853
0.7754763960838318,7586,0.17903195321559906,True,0.17006047070026398
0.7615306377410889,7587,0.1596519947052002,True,0.13411928713321686
0.7119961977005005,7588,0.2576476037502289,True,0.23855379223823547
0.7916900515556335,7589,0.15300549566745758,True,0.13864809274673462
0.7971602082252502,7590,0.15393756330013275,True,0.14554694294929504
0.6863858103752136,7591,0.27603405714035034,True,0.2429957091808319
0.5820791125297546,7592,0.35472679138183594,True,0.3154304623603821
0.7291059494018555,7593,0.21438582241535187,True,0.20435568690299988
0.6940604448318481,7594,0.2782842814922333,True,0.25648316740989685
0.8417224287986755,7595,0.11918061226606369,True,0.1054978147149086
0.7799562215805054,7596,0.16273990273475647,True,0.15475249290466309
0.7394399642944336,7597,0.2361757606267929,True,0.2293250560760498
0.4419437646865845,7598,0.5293872952461243,True,0.5100428462028503
0.7579675912857056,7599,0.17182445526123047,True,0.15059290826320648
0.7296222448348999,7600,0.23209406435489655,True,0.22311373054981232
0.6393347978591919,7601,0.3013290464878082,True,0.2879328727722168
0.8468478322029114,7602,0.12032699584960938,True,0.09845631569623947
0.7347469329833984,7603,0.21609742939472198,True,0.19628967344760895
0.7170699238777161,7604,0.23761270940303802,True,0.23086079955101013
0.5616000890731812,7605,0.4073111116886139,True,0.38263386487960815
0.6294656991958618,7606,0.33038076758384705,True,0.2927893400192261
0.41186147928237915,7607,0.5430160164833069,True,0.5098307132720947
0.8357769846916199,7608,0.11637671291828156,True,0.09606358408927917
0.6797441244125366,7609,0.27043914794921875,True,0.2616692781448364
0.770767092704773,7610,0.13041305541992188,True,0.11988803744316101
0.48242631554603577,7611,0.4561064541339874,True,0.440133273601532
0.6005276441574097,7612,0.20490218698978424,True,0.14745375514030457
0.852709174156189,7613,0.10414094477891922,True,0.09958098828792572
0.7869772911071777,7614,0.14912404119968414,True,0.14379388093948364
0.7266452312469482,7615,0.2206706404685974,True,0.21169227361679077
0.7752547264099121,7616,0.18536123633384705,True,0.17264977097511292
0.6322304010391235,7617,0.31016114354133606,True,0.2939622104167938
0.8257852792739868,7618,0.13829554617404938,True,0.12877926230430603
0.7361878156661987,7619,0.2151896208524704,True,0.20735609531402588
0.680907130241394,7620,0.26870197057724,True,0.2597868740558624
0.8298486471176147,7621,0.11108647286891937,True,0.10535348206758499
0.6458910703659058,7622,0.30639371275901794,True,0.30050021409988403
0.8251543045043945,7623,0.1266430914402008,True,0.1212339922785759
0.7946550846099854,7624,0.16650070250034332,True,0.15820425748825073
0.8101512789726257,7625,0.1552942991256714,True,0.1460125744342804
0.7643424272537231,7626,0.18245773017406464,True,0.16180840134620667
0.7120065093040466,7627,0.22835730016231537,True,0.21695029735565186
0.8673217296600342,7628,0.09111413359642029,True,0.08669669181108475
0.45985859632492065,7629,0.5047483444213867,True,0.48873716592788696
0.7539818286895752,7630,0.1903981864452362,True,0.1810356229543686
0.7064669132232666,7631,0.22316128015518188,True,0.20952345430850983
0.6870014667510986,7632,0.25469350814819336,True,0.24705137312412262
0.7762805819511414,7633,0.18359385430812836,True,0.17298129200935364
0.796724796295166,7634,0.160618856549263,True,0.1491132229566574
0.7676584720611572,7635,0.18935097754001617,True,0.17843610048294067
0.7744272351264954,7636,0.13729286193847656,True,0.1179809421300888
0.795805037021637,7637,0.13443028926849365,True,0.11585733294487
0.7566685080528259,7638,0.19414301216602325,True,0.17674440145492554
0.6138098835945129,7639,0.3326597511768341,True,0.3250788450241089
0.0,7640,1.0,True,0.8928062319755554
0.7785831689834595,7641,0.1559331715106964,True,0.14950822293758392
0.763777494430542,7642,0.17465856671333313,True,0.14798496663570404
0.7364101409912109,7643,0.19046854972839355,True,0.17081372439861298
0.5287137031555176,7644,0.4263480603694916,True,0.3881528377532959
0.8024964332580566,7645,0.14705227315425873,True,0.13250824809074402
0.7570022344589233,7646,0.17760823667049408,True,0.145743265748024
0.6681268215179443,7647,0.29683035612106323,True,0.2903844714164734
0.615409255027771,7648,0.35366305708885193,True,0.33692389726638794
0.4611680805683136,7649,0.5056453347206116,True,0.47171109914779663
0.6035529375076294,7650,0.2535525858402252,True,0.1962531954050064
0.5899257659912109,7651,0.38604819774627686,True,0.37476032972335815
0.8465056419372559,7652,0.11092476546764374,True,0.0909913182258606
0.7361319065093994,7653,0.20647428929805756,True,0.19708968698978424
0.6867300271987915,7654,0.2948734760284424,True,0.2718583643436432
0.7396756410598755,7655,0.21259979903697968,True,0.20404987037181854
0.7281628847122192,7656,0.20473481714725494,True,0.1988494098186493
0.14741601049900055,7657,0.8466726541519165,True,0.798883318901062
0.793784499168396,7658,0.16096337139606476,True,0.15571200847625732
0.2824925482273102,7659,0.6574000120162964,True,0.6288504600524902
0.7523558139801025,7660,0.17207926511764526,True,0.14908280968666077
0.5455487966537476,7661,0.42037373781204224,True,0.39731526374816895
0.5556061267852783,7662,0.3964375853538513,True,0.3737311363220215
0.5866672396659851,7663,0.3426722288131714,True,0.31294605135917664
0.7222284078598022,7664,0.20596130192279816,True,0.1836378276348114
0.5192859768867493,7665,0.3603666126728058,True,0.34259897470474243
0.7888505458831787,7666,0.15618079900741577,True,0.13923631608486176
0.6838407516479492,7667,0.2526535093784332,True,0.22857065498828888
0.0,7668,1.0,True,0.9492835998535156
0.6924360990524292,7669,0.18781660497188568,True,0.16468726098537445
0.8169665336608887,7670,0.12493395060300827,True,0.11319940537214279
0.7793238162994385,7671,0.16530823707580566,True,0.15883274376392365
0.696763813495636,7672,0.26452767848968506,True,0.25904491543769836
0.5598059892654419,7673,0.3843016028404236,True,0.34900203347206116
0.7129943370819092,7674,0.23031432926654816,True,0.21921665966510773
0.6820414066314697,7675,0.29432475566864014,True,0.2673874497413635
0.7122530341148376,7676,0.17940115928649902,True,0.17189380526542664
0.8429979085922241,7677,0.10625098645687103,True,0.09713468700647354
0.6883790493011475,7678,0.13840383291244507,True,0.12760135531425476
0.6956456303596497,7679,0.21726271510124207,True,0.2050878256559372
0.7578549385070801,7680,0.20101627707481384,True,0.19302025437355042
0.6230390071868896,7681,0.3474883437156677,True,0.3317059874534607
0.7461812496185303,7682,0.18143779039382935,True,0.1750086545944214
0.7516648173332214,7683,0.1749950647354126,True,0.1596830040216446
0.8152250647544861,7684,0.13917014002799988,True,0.1234850063920021
0.7947427034378052,7685,0.1622203290462494,True,0.15474502742290497
0.6876842975616455,7686,0.22653687000274658,True,0.21444563567638397
0.8068459630012512,7687,0.13452759385108948,True,0.12890133261680603
0.6759927868843079,7688,0.2972506582736969,True,0.2781924605369568
0.74183189868927,7689,0.19185303151607513,True,0.16576462984085083
0.8382903933525085,7690,0.11887548118829727,True,0.10602372884750366
0.4542334973812103,7691,0.5039259195327759,True,0.4847053289413452
0.8174077868461609,7692,0.13098092377185822,True,0.12140784412622452
0.7040723562240601,7693,0.26721328496932983,True,0.24640347063541412
0.8062964677810669,7694,0.14397989213466644,True,0.1380564272403717
0.7512495517730713,7695,0.20668435096740723,True,0.19756726920604706
0.6105297803878784,7696,0.35045450925827026,True,0.32152220606803894
0.6560495495796204,7697,0.3089282810688019,True,0.29499316215515137
0.5452249050140381,7698,0.4012027084827423,True,0.375918447971344
0.6405107975006104,7699,0.31614166498184204,True,0.29915308952331543
0.7458035945892334,7700,0.21764512360095978,True,0.19166326522827148
0.6873281002044678,7701,0.2544981837272644,True,0.2483181357383728
0.713986337184906,7702,0.16738946735858917,True,0.15518413484096527
0.8081777095794678,7703,0.12837012112140656,True,0.11664074659347534
0.6088039875030518,7704,0.3196518123149872,True,0.3057311773300171
0.6157006621360779,7705,0.3542099595069885,True,0.33198732137680054
0.6835912466049194,7706,0.14445026218891144,True,0.1319628208875656
0.7953683137893677,7707,0.15106262266635895,True,0.1354375183582306
0.49620819091796875,7708,0.3806842565536499,True,0.3393037021160126
0.7553449869155884,7709,0.18756598234176636,True,0.1823645383119583
0.6804802417755127,7710,0.2689313590526581,True,0.25529590249061584
0.7781015634536743,7711,0.15336973965168,True,0.1392519772052765
0.4613717198371887,7712,0.5139114260673523,True,0.49481481313705444
0.8311842083930969,7713,0.12286653369665146,True,0.11732646822929382
0.5759896039962769,7714,0.28154483437538147,True,0.2431671917438507
0.7916288375854492,7715,0.16010554134845734,True,0.15154880285263062
0.6687008142471313,7716,0.26970240473747253,True,0.24303926527500153
0.8076493740081787,7717,0.15009523928165436,True,0.14330795407295227
0.7630278468132019,7718,0.14757226407527924,True,0.14156891405582428
0.6635419726371765,7719,0.297181636095047,True,0.2655820846557617
0.7347016334533691,7720,0.22067095339298248,True,0.20347897708415985
0.0,7721,1.0,True,0.9582871794700623
0.48753124475479126,7722,0.47310206294059753,True,0.44869518280029297
0.650779664516449,7723,0.26717865467071533,True,0.25994762778282166
0.4433096647262573,7724,0.4774460196495056,True,0.43457716703414917
0.7824102640151978,7725,0.15864722430706024,True,0.13591261208057404
0.578495979309082,7726,0.38386765122413635,True,0.33641111850738525
0.5465360879898071,7727,0.42319488525390625,True,0.39275744557380676
0.6279748678207397,7728,0.33802706003189087,True,0.32608315348625183
0.855158269405365,7729,0.09994985163211823,True,0.08695292472839355
0.8391046524047852,7730,0.1064428985118866,True,0.10190462321043015
0.8525277376174927,7731,0.11061687767505646,True,0.09143147617578506
0.5210226774215698,7732,0.44937628507614136,True,0.42644748091697693
0.5390773415565491,7733,0.44098061323165894,True,0.41908836364746094
0.7196277379989624,7734,0.24193595349788666,True,0.23164145648479462
0.7843227982521057,7735,0.16348586976528168,True,0.14490118622779846
0.7782483696937561,7736,0.19042304158210754,True,0.1812647134065628
0.8041337728500366,7737,0.1433987319469452,True,0.11889563500881195
0.686296284198761,7738,0.2623501718044281,True,0.25420767068862915
0.7409439086914062,7739,0.1785573959350586,True,0.15785957872867584
0.7026674747467041,7740,0.18680515885353088,True,0.15917927026748657
0.7008346915245056,7741,0.24173212051391602,True,0.23208318650722504
0.7609291076660156,7742,0.15355820953845978,True,0.140387624502182
0.6868736147880554,7743,0.27215999364852905,True,0.2593803405761719
0.7685000896453857,7744,0.18615534901618958,True,0.1756974309682846
0.8043062090873718,7745,0.15008509159088135,True,0.144868403673172
0.8107588291168213,7746,0.12619003653526306,True,0.10485395789146423
0.5150133371353149,7747,0.4250022768974304,True,0.39719438552856445
0.8259178400039673,7748,0.1287282109260559,True,0.12309298664331436
0.7305855751037598,7749,0.22575008869171143,True,0.21533384919166565
0.7013243436813354,7750,0.21146094799041748,True,0.19910365343093872
0.7936428785324097,7751,0.1645175665616989,True,0.15592652559280396
0.7492687702178955,7752,0.18837608397006989,True,0.17319819331169128
0.630832314491272,7753,0.31624293327331543,True,0.30242881178855896
0.8585052490234375,7754,0.11598575860261917,True,0.09618515521287918
0.7916803359985352,7755,0.1554398387670517,True,0.1375938355922699
0.53989177942276,7756,0.43718716502189636,True,0.42334508895874023
0.7010420560836792,7757,0.247633695602417,True,0.2325199544429779
0.7639803290367126,7758,0.19097571074962616,True,0.18462935090065002
0.634886622428894,7759,0.336534321308136,True,0.3139949440956116
0.7438690662384033,7760,0.2255239486694336,True,0.21905025839805603
0.6344164609909058,7761,0.3002959191799164,True,0.2861393690109253
0.7195265889167786,7762,0.23680102825164795,True,0.22672031819820404
0.7539037466049194,7763,0.11937577277421951,True,0.11246273666620255
0.38890910148620605,7764,0.5844288468360901,True,0.5485919713973999
0.7371755838394165,7765,0.21581481397151947,True,0.19982703030109406
0.6302719116210938,7766,0.32783517241477966,True,0.31467461585998535
0.7384725213050842,7767,0.22209446132183075,True,0.21311341226100922
0.6367782354354858,7768,0.32133567333221436,True,0.309115469455719
0.7864224910736084,7769,0.1618718057870865,True,0.15452617406845093
0.538159191608429,7770,0.429895281791687,True,0.40926840901374817
0.6203830242156982,7771,0.3171776831150055,True,0.3057956099510193
0.47946518659591675,7772,0.4949946403503418,True,0.4763224124908447
0.8382689952850342,7773,0.11832967400550842,True,0.11244378238916397
0.6797932386398315,7774,0.25130465626716614,True,0.2282826006412506
0.6961385011672974,7775,0.264867901802063,True,0.2551378011703491
0.5525672435760498,7776,0.40013402700424194,True,0.39433401823043823
0.7465095520019531,7777,0.15975679457187653,True,0.1391116976737976
0.5506240129470825,7778,0.37517619132995605,True,0.32114776968955994
0.7018716335296631,7779,0.23474104702472687,True,0.22213557362556458
0.6561233401298523,7780,0.2981688678264618,True,0.2896648347377777
0.7984016537666321,7781,0.1519557535648346,True,0.14363528788089752
0.7280178070068359,7782,0.1775202602148056,True,0.17008189857006073
0.7610036730766296,7783,0.18188737332820892,True,0.1661171317100525
0.6542797088623047,7784,0.15988585352897644,True,0.14048084616661072
0.8100571036338806,7785,0.15294507145881653,True,0.13566119968891144
0.7732779383659363,7786,0.196570485830307,True,0.1755499243736267
0.7559041976928711,7787,0.20439405739307404,True,0.18737834692001343
0.8115981221199036,7788,0.12445323914289474,True,0.11859206110239029
0.7922693490982056,7789,0.15459662675857544,True,0.14537465572357178
0.7800469398498535,7790,0.17444109916687012,True,0.15628062188625336
0.6744208931922913,7791,0.26355329155921936,True,0.2515333294868469
0.8297125101089478,7792,0.11752088367938995,True,0.09723551571369171
0.824871301651001,7793,0.141391322016716,True,0.13592402637004852
0.7513718008995056,7794,0.18480077385902405,True,0.17724105715751648
0.8053737878799438,7795,0.15314441919326782,True,0.1462124139070511
0.2386137843132019,7796,0.7395370602607727,True,0.7112125158309937
0.8017561435699463,7797,0.1636541187763214,True,0.15916237235069275
0.504055917263031,7798,0.4602525532245636,True,0.42021992802619934
0.7199733853340149,7799,0.23669441044330597,True,0.2270968109369278
0.7805701494216919,7800,0.18600702285766602,True,0.17638662457466125
0.703040361404419,7801,0.2572062015533447,True,0.2506960928440094
0.7527458667755127,7802,0.19087523221969604,True,0.17769937217235565
0.7616441249847412,7803,0.19103670120239258,True,0.17335686087608337
0.0,7804,1.0,True,0.9503411054611206
0.5085108280181885,7805,0.45959359407424927,True,0.42846354842185974
0.43892771005630493,7806,0.5070286989212036,True,0.4736256003379822
0.7871794700622559,7807,0.16636773943901062,True,0.1532006859779358
0.7287114858627319,7808,0.2179054170846939,True,0.20940935611724854
0.5800294876098633,7809,0.3740971088409424,True,0.35523319244384766
0.7034642696380615,7810,0.23029382526874542,True,0.21807615458965302
0.793153703212738,7811,0.1714743822813034,True,0.14835302531719208
0.5739850401878357,7812,0.359658420085907,True,0.34702152013778687
0.6728274822235107,7813,0.27600109577178955,True,0.2636871337890625
0.5650357007980347,7814,0.3793262839317322,True,0.34898579120635986
0.6322978734970093,7815,0.26661619544029236,True,0.24068398773670197
0.8558529615402222,7816,0.11665096133947372,True,0.11128479987382889
0.7052597999572754,7817,0.22628553211688995,True,0.20482172071933746
0.7031787633895874,7818,0.26209762692451477,True,0.2445322573184967
0.7403711080551147,7819,0.2063281387090683,True,0.186615452170372
0.4687379002571106,7820,0.3921195864677429,True,0.31577157974243164
0.8052455186843872,7821,0.14923499524593353,True,0.14358507096767426
0.7428981065750122,7822,0.18523021042346954,True,0.17135430872440338
0.824608564376831,7823,0.14008203148841858,True,0.13442018628120422
0.6703283190727234,7824,0.28913095593452454,True,0.2780110538005829
0.8352435827255249,7825,0.11989147216081619,True,0.11382915824651718
0.49874019622802734,7826,0.4484052062034607,True,0.3701789677143097
0.7753055691719055,7827,0.17057551443576813,True,0.16431346535682678
0.7905977964401245,7828,0.17278523743152618,True,0.16463615000247955
0.626510500907898,7829,0.3415817618370056,True,0.3066391348838806
0.7198504209518433,7830,0.23152059316635132,True,0.22175593674182892
0.7338792681694031,7831,0.22121629118919373,True,0.20565065741539001
0.6262096762657166,7832,0.28675922751426697,True,0.25832274556159973
0.7006844282150269,7833,0.26689401268959045,True,0.256156861782074
0.6259908080101013,7834,0.33504971861839294,True,0.3143671154975891
0.698845386505127,7835,0.23275986313819885,True,0.2236212193965912
0.7775300741195679,7836,0.17369356751441956,True,0.15614892542362213
0.6746092438697815,7837,0.10737670958042145,True,0.08622682839632034
0.6147240400314331,7838,0.3605661988258362,True,0.32951658964157104
0.776491105556488,7839,0.1936745047569275,True,0.17960752546787262
0.6559301614761353,7840,0.28636765480041504,True,0.2759624123573303
0.24972160160541534,7841,0.7109354734420776,True,0.657231867313385
0.7441865801811218,7842,0.22025835514068604,True,0.18918141722679138
0.406780481338501,7843,0.5747246742248535,True,0.5458157062530518
0.6527221202850342,7844,0.25661197304725647,True,0.2174747884273529
0.5614144802093506,7845,0.37734144926071167,True,0.3487169146537781
0.7657192945480347,7846,0.19620859622955322,True,0.1846989095211029
0.4800931513309479,7847,0.4823964238166809,True,0.45719534158706665
0.7791178822517395,7848,0.17998461425304413,True,0.16555187106132507
0.7507885694503784,7849,0.17566004395484924,True,0.16674771904945374
0.7591933012008667,7850,0.201246440410614,True,0.19154153764247894
0.7545220851898193,7851,0.18728937208652496,True,0.17467652261257172
0.7935157418251038,7852,0.1787603348493576,True,0.17266540229320526
0.6956924796104431,7853,0.2667514979839325,True,0.25569790601730347
0.6234529614448547,7854,0.3038868010044098,True,0.29498234391212463
0.5580796599388123,7855,0.39702239632606506,True,0.3624303340911865
0.756682276725769,7856,0.14155884087085724,True,0.12385506182909012
0.7500026226043701,7857,0.19907383620738983,True,0.18855030834674835
0.8051380515098572,7858,0.14319831132888794,True,0.13685326278209686
0.8138030767440796,7859,0.13619162142276764,True,0.11422993242740631
0.5521237254142761,7860,0.4143652319908142,True,0.40066075325012207
0.589483380317688,7861,0.3648144602775574,True,0.3381214737892151
0.8175566792488098,7862,0.11967797577381134,True,0.10075494647026062
0.6912616491317749,7863,0.25420406460762024,True,0.24324190616607666
0.5855332612991333,7864,0.3317059874534607,True,0.3045124113559723
0.5987024307250977,7865,0.36157912015914917,True,0.3462243378162384
0.509604275226593,7866,0.45739179849624634,True,0.4354463815689087
0.6599432229995728,7867,0.3033570647239685,True,0.2805471420288086
0.8236582279205322,7868,0.12937268614768982,True,0.12421898543834686
0.7081410884857178,7869,0.2402617186307907,True,0.22190460562705994
0.7142931818962097,7870,0.2573178708553314,True,0.22164881229400635
0.7203651666641235,7871,0.22501301765441895,True,0.20145222544670105
0.2565358877182007,7872,0.6945492029190063,True,0.6603063941001892
0.8400473594665527,7873,0.12014755606651306,True,0.11435528844594955
0.7626728415489197,7874,0.17870476841926575,True,0.15574748814105988
0.7259749174118042,7875,0.2224757969379425,True,0.20318138599395752
0.25714245438575745,7876,0.7261099815368652,True,0.6989413499832153
0.7275696992874146,7877,0.2107912003993988,True,0.1918579638004303
0.6078236103057861,7878,0.3376550078392029,True,0.3239462375640869
0.7454417943954468,7879,0.19444365799427032,True,0.17767514288425446
0.6588579416275024,7880,0.27106645703315735,True,0.26091721653938293
0.6742196083068848,7881,0.23548638820648193,True,0.18549847602844238
0.7542006373405457,7882,0.1866685152053833,True,0.17830801010131836
0.6584120392799377,7883,0.29133230447769165,True,0.2849504053592682
0.7913453578948975,7884,0.16974052786827087,True,0.1593482494354248
0.7680343389511108,7885,0.18359459936618805,True,0.1616765856742859
0.6929351687431335,7886,0.2549269497394562,True,0.24301844835281372
0.8668825626373291,7887,0.08957688510417938,True,0.07374826073646545
0.7443026304244995,7888,0.2053987979888916,True,0.19486430287361145
0.5207784175872803,7889,0.4514625668525696,True,0.4331999719142914
0.5328308939933777,7890,0.43204739689826965,True,0.41112369298934937
0.7797881364822388,7891,0.18561559915542603,True,0.1577090322971344
0.614018440246582,7892,0.21284429728984833,True,0.16583344340324402
0.7985586524009705,7893,0.16512133181095123,True,0.15850929915905
0.8138098120689392,7894,0.1507602334022522,True,0.12773911654949188
0.7880799174308777,7895,0.17389127612113953,True,0.15542876720428467
0.7720893025398254,7896,0.15126697719097137,True,0.14291934669017792
0.7759444713592529,7897,0.13537585735321045,True,0.11514894664287567
0.7460722327232361,7898,0.21013353765010834,True,0.19707340002059937
0.5570313930511475,7899,0.4200187623500824,True,0.4006069302558899
0.7668200731277466,7900,0.16796031594276428,True,0.15423952043056488
0.5310994982719421,7901,0.4331012964248657,True,0.4147742688655853
0.776565670967102,7902,0.16924603283405304,True,0.1590070128440857
0.8202405571937561,7903,0.1438918113708496,True,0.1369306445121765
0.7343799471855164,7904,0.21974796056747437,True,0.21165604889392853
0.6892435550689697,7905,0.229828879237175,True,0.2169879674911499
0.8699326515197754,7906,0.07772044837474823,True,0.061266910284757614
0.865253210067749,7907,0.09249681979417801,True,0.08767726272344589
0.7796577215194702,7908,0.1768323928117752,True,0.16263747215270996
0.8050189018249512,7909,0.14521025121212006,True,0.13961099088191986
0.5992897748947144,7910,0.34831109642982483,True,0.32902607321739197
0.6850759983062744,7911,0.2797892987728119,True,0.2617330551147461
0.6903542876243591,7912,0.24656781554222107,True,0.23323945701122284
0.7222835421562195,7913,0.18701311945915222,True,0.1718355268239975
0.6572401523590088,7914,0.30433788895606995,True,0.291932076215744
0.7099478840827942,7915,0.2457093447446823,True,0.23819103837013245
0.7063151001930237,7916,0.260162889957428,True,0.2539937496185303
0.7309855222702026,7917,0.21106302738189697,True,0.2004387080669403
0.7922181487083435,7918,0.16694876551628113,True,0.15135891735553741
0.679416835308075,7919,0.2794800400733948,True,0.2740805745124817
0.7914423942565918,7920,0.1527247428894043,True,0.14663206040859222
0.5192157030105591,7921,0.4319395422935486,True,0.41781988739967346
0.735499382019043,7922,0.1706218421459198,True,0.14038188755512238
0.7747750878334045,7923,0.1842651516199112,True,0.1562369167804718
0.5754762887954712,7924,0.3855486512184143,True,0.34081560373306274
0.7538521885871887,7925,0.1884295791387558,True,0.17866486310958862
0.6391103267669678,7926,0.17677661776542664,True,0.1511526256799698
0.7614673972129822,7927,0.20306994020938873,True,0.19285811483860016
0.5665585994720459,7928,0.40159812569618225,True,0.373951256275177
0.6020271182060242,7929,0.3554293215274811,True,0.33744877576828003
0.5701637268066406,7930,0.3989037871360779,True,0.3800032138824463
0.7502232789993286,7931,0.16973909735679626,True,0.15073302388191223
0.799445629119873,7932,0.13883309066295624,True,0.11987707763910294
0.6746819615364075,7933,0.24432995915412903,True,0.23350849747657776
0.7623229622840881,7934,0.19636613130569458,True,0.17772135138511658
0.7000221610069275,7935,0.2210402935743332,True,0.20809897780418396
0.784197211265564,7936,0.1777266561985016,True,0.162107914686203
0.6829063892364502,7937,0.2671450078487396,True,0.253704309463501
0.7925035953521729,7938,0.14952927827835083,True,0.1442815363407135
0.6228679418563843,7939,0.27777349948883057,True,0.213340625166893
0.8420456647872925,7940,0.11190968006849289,True,0.09630577266216278
0.8531978130340576,7941,0.09667494893074036,True,0.0910995602607727
0.679448127746582,7942,0.2717129588127136,True,0.2652018666267395
0.5363209843635559,7943,0.4276343584060669,True,0.40430963039398193
0.6508544683456421,7944,0.31551969051361084,True,0.2826070785522461
0.7300512790679932,7945,0.23886552453041077,True,0.22527295351028442
0.8106862306594849,7946,0.14469218254089355,True,0.13521994650363922
0.767623245716095,7947,0.1751224845647812,True,0.16615383327007294
0.7333812713623047,7948,0.20381799340248108,True,0.19068500399589539
0.5755488276481628,7949,0.37687596678733826,True,0.36562106013298035
0.7692578434944153,7950,0.17887674272060394,True,0.16902711987495422
0.5824593305587769,7951,0.36980998516082764,True,0.33245423436164856
0.8084750771522522,7952,0.15203897655010223,True,0.14401641488075256
0.659988522529602,7953,0.27101466059684753,True,0.2580299973487854
0.7184535264968872,7954,0.24258175492286682,True,0.23549430072307587
0.5834815502166748,7955,0.3648640513420105,True,0.3236510753631592
0.7730741500854492,7956,0.13033434748649597,True,0.11400730162858963
0.7314674258232117,7957,0.21510423719882965,True,0.20404267311096191
0.5658249855041504,7958,0.400685578584671,True,0.3827228248119354
0.807140588760376,7959,0.15290658175945282,True,0.1354304850101471
0.5989682674407959,7960,0.3597232699394226,True,0.34684687852859497
0.7844451665878296,7961,0.14580108225345612,True,0.13326483964920044
0.5287818908691406,7962,0.4134209156036377,True,0.38342195749282837
0.6098827719688416,7963,0.33667874336242676,True,0.3130289912223816
0.7391228079795837,7964,0.20340794324874878,True,0.18823634088039398
0.8284095525741577,7965,0.1323200911283493,True,0.11874290555715561
0.5875795483589172,7966,0.3697962760925293,True,0.3536260724067688
0.7071250081062317,7967,0.19261685013771057,True,0.1849803328514099
0.5326871871948242,7968,0.4319668412208557,True,0.41416794061660767
0.7835896015167236,7969,0.17179939150810242,True,0.15564687550067902
0.82819664478302,7970,0.12937001883983612,True,0.11589027941226959
0.597489058971405,7971,0.34555932879447937,True,0.30378738045692444
0.7224882245063782,7972,0.2416027933359146,True,0.23527467250823975
0.8203300833702087,7973,0.13772082328796387,True,0.132799431681633
0.7448808550834656,7974,0.23187991976737976,True,0.22433379292488098
0.7899439334869385,7975,0.14854539930820465,True,0.13628701865673065
0.5755887031555176,7976,0.33663198351860046,True,0.2780835032463074
0.7917439341545105,7977,0.1547883152961731,True,0.13722963631153107
0.7197531461715698,7978,0.23180700838565826,True,0.22653107345104218
0.5888657569885254,7979,0.3930686414241791,True,0.3780916929244995
0.7087490558624268,7980,0.22707243263721466,True,0.21667486429214478
0.7720800638198853,7981,0.18579423427581787,True,0.17766480147838593
0.5212493538856506,7982,0.40994447469711304,True,0.39622727036476135
0.5059688687324524,7983,0.4711572825908661,True,0.45348021388053894
0.8353803157806396,7984,0.1295962780714035,True,0.1251758635044098
0.5120314955711365,7985,0.44130411744117737,True,0.41051432490348816
0.687674880027771,7986,0.15582138299942017,True,0.11854957044124603
0.6734493970870972,7987,0.2560677230358124,True,0.24191950261592865
0.7572943568229675,7988,0.19443535804748535,True,0.18454453349113464
0.7458032965660095,7989,0.21124707162380219,True,0.20213302969932556
0.7343041300773621,7990,0.21799735724925995,True,0.20705153048038483
0.698650062084198,7991,0.2702528238296509,True,0.2597505748271942
0.6687383055686951,7992,0.29723256826400757,True,0.2742452323436737
0.6109389066696167,7993,0.3479388952255249,True,0.33646124601364136
0.0,7994,1.0,True,0.8888573050498962
0.8196460008621216,7995,0.08034627139568329,True,0.06821748614311218
0.759037971496582,7996,0.21031439304351807,True,0.2012275755405426
0.7023131847381592,7997,0.2495844066143036,True,0.2382013499736786
0.7080355882644653,7998,0.2390473186969757,True,0.2277805358171463
0.47702616453170776,7999,0.4897400438785553,True,0.47851747274398804
0.7420634627342224,8000,0.21645191311836243,True,0.20379392802715302
0.7011111378669739,8001,0.22760413587093353,True,0.21936431527137756
0.6962469816207886,8002,0.23489335179328918,True,0.22222299873828888
0.7117904424667358,8003,0.24154461920261383,True,0.23330900073051453
0.6925766468048096,8004,0.23606246709823608,True,0.22621916234493256
0.6654074192047119,8005,0.25112858414649963,True,0.24064260721206665
0.7526625394821167,8006,0.18873022496700287,True,0.1803981214761734
0.7163704633712769,8007,0.10638304054737091,True,0.0979965329170227
0.8815945386886597,8008,0.08178139477968216,True,0.07314925640821457
0.7651787996292114,8009,0.17199793457984924,True,0.16541211307048798
0.5454366207122803,8010,0.4279772937297821,True,0.4114089608192444
0.6992189884185791,8011,0.25878578424453735,True,0.25303685665130615
0.5898584127426147,8012,0.333715558052063,True,0.32499104738235474
0.8473330736160278,8013,0.1200435683131218,True,0.11454810947179794
0.595863938331604,8014,0.3419138789176941,True,0.32975950837135315
0.6367616653442383,8015,0.31844764947891235,True,0.27164769172668457
0.0,8016,0.9999998807907104,True,0.9493904113769531
0.5794745683670044,8017,0.3310220241546631,True,0.32248061895370483
0.7167996764183044,8018,0.17656759917736053,True,0.15786829590797424
0.8139965534210205,8019,0.15266573429107666,True,0.14746591448783875
0.6715799570083618,8020,0.2878740131855011,True,0.2828212082386017
0.7369259595870972,8021,0.1631828248500824,True,0.14441640675067902
0.8116180896759033,8022,0.13655363023281097,True,0.11493675410747528
0.6776779294013977,8023,0.262947142124176,True,0.2552700638771057
0.6384890079498291,8024,0.3161642551422119,True,0.3111100494861603
0.5805727243423462,8025,0.3669867515563965,True,0.3545859754085541
0.6055170297622681,8026,0.2357584685087204,True,0.20401275157928467
0.7553119659423828,8027,0.1893346905708313,True,0.1799633949995041
0.4715943932533264,8028,0.48756033182144165,True,0.47421330213546753
0.8430429100990295,8029,0.10424759984016418,True,0.08628106862306595
0.7194221019744873,8030,0.20728708803653717,True,0.19935789704322815
0.6679016351699829,8031,0.2706318199634552,True,0.25616100430488586
0.7981510758399963,8032,0.15683414041996002,True,0.13969239592552185
0.6375858187675476,8033,0.3033197224140167,True,0.29467153549194336
0.6345937252044678,8034,0.3213348388671875,True,0.3132615089416504
0.6420851945877075,8035,0.30342039465904236,True,0.2938399612903595
0.7519149780273438,8036,0.18491128087043762,True,0.16631567478179932
0.6230379343032837,8037,0.31887975335121155,True,0.3119465708732605
0.7054570913314819,8038,0.25161847472190857,True,0.24414236843585968
0.8151540160179138,8039,0.1508316695690155,True,0.1352575421333313
0.752468466758728,8040,0.1849355697631836,True,0.16624605655670166
0.48233431577682495,8041,0.4652554392814636,True,0.44373470544815063
0.7065081596374512,8042,0.23333333432674408,True,0.2205744981765747
0.8173581957817078,8043,0.1250479370355606,True,0.10473363101482391
0.7497215270996094,8044,0.21661856770515442,True,0.2099466472864151
0.6467767953872681,8045,0.284302681684494,True,0.2771126329898834
0.6710439324378967,8046,0.2857103943824768,True,0.2394130825996399
0.7316365242004395,8047,0.22919031977653503,True,0.21324999630451202
0.5995011329650879,8048,0.3488346338272095,True,0.318747341632843
0.8224080801010132,8049,0.13681204617023468,True,0.12254012376070023
0.8015952110290527,8050,0.13488486409187317,True,0.12877105176448822
0.5601221323013306,8051,0.3921971321105957,True,0.37570899724960327
0.6644818782806396,8052,0.25534865260124207,True,0.2326136827468872
0.79034423828125,8053,0.1409042477607727,True,0.11770358681678772
0.6154001951217651,8054,0.3526651859283447,True,0.3355939984321594
0.6426615715026855,8055,0.29783859848976135,True,0.2910938262939453
0.834522545337677,8056,0.12212291359901428,True,0.11654085665941238
0.7530377507209778,8057,0.20594751834869385,True,0.18895894289016724
0.638744592666626,8058,0.28694912791252136,True,0.27664071321487427
0.7384359240531921,8059,0.21738728880882263,True,0.19337767362594604
0.6590714454650879,8060,0.31071871519088745,True,0.27878639101982117
0.6862154006958008,8061,0.2488776445388794,True,0.22388392686843872
0.43089038133621216,8062,0.47010570764541626,True,0.431748628616333
0.6872314214706421,8063,0.2313874363899231,True,0.19704392552375793
0.5640329718589783,8064,0.40017926692962646,True,0.35684335231781006
0.6609562039375305,8065,0.2725662291049957,True,0.24903762340545654
0.7027298212051392,8066,0.2648952603340149,True,0.23542754352092743
0.7384443283081055,8067,0.21322327852249146,True,0.19634588062763214
0.5913147926330566,8068,0.34983527660369873,True,0.33377039432525635
0.7740491032600403,8069,0.1997520923614502,True,0.19006936252117157
0.6562899947166443,8070,0.2685307562351227,True,0.257009357213974
0.7092125415802002,8071,0.23439544439315796,True,0.212317556142807
0.6495394706726074,8072,0.23188887536525726,True,0.17950543761253357
0.5638881921768188,8073,0.41141486167907715,True,0.388982892036438
0.7430359125137329,8074,0.20517876744270325,True,0.1969410926103592
0.701190173625946,8075,0.25105851888656616,True,0.24444697797298431
0.7359578609466553,8076,0.22128555178642273,True,0.20624028146266937
0.6101831793785095,8077,0.305766761302948,True,0.29864612221717834
0.833550214767456,8078,0.1285981982946396,True,0.11738381534814835
0.8432771563529968,8079,0.10407845675945282,True,0.09672814607620239
0.6210336685180664,8080,0.3148343563079834,True,0.30613449215888977
0.650506317615509,8081,0.30130743980407715,True,0.27768898010253906
0.5362959504127502,8082,0.431527316570282,True,0.4059557318687439
0.7520047426223755,8083,0.2046675831079483,True,0.183819979429245
0.687363862991333,8084,0.2640381455421448,True,0.2535448372364044
0.7491410970687866,8085,0.17607584595680237,True,0.16014927625656128
0.5931330919265747,8086,0.36791369318962097,True,0.35383421182632446
0.5180420875549316,8087,0.4006718397140503,True,0.3419058322906494
0.7431653738021851,8088,0.1964673548936844,True,0.1866423338651657
0.7750014066696167,8089,0.19104550778865814,True,0.18235363066196442
0.6458247303962708,8090,0.3231406807899475,True,0.2953784167766571
0.5349512100219727,8091,0.4244137108325958,True,0.40199559926986694
0.0,8092,1.0,True,0.935771107673645
0.37429189682006836,8093,0.5665671825408936,True,0.5484265685081482
0.8130062818527222,8094,0.1354377716779709,True,0.12285096943378448
0.617631196975708,8095,0.3334013819694519,True,0.29896819591522217
0.807536780834198,8096,0.13364221155643463,True,0.12551957368850708
0.7664738297462463,8097,0.1856859028339386,True,0.17168134450912476
0.7319802045822144,8098,0.22801029682159424,True,0.19262509047985077
0.0,8099,1.0,True,0.9559505581855774
0.804235577583313,8100,0.1632341593503952,True,0.15641383826732635
0.7025490999221802,8101,0.24885974824428558,True,0.23955437541007996
0.7925199866294861,8102,0.1674923449754715,True,0.1547875851392746
0.5570847988128662,8103,0.4029960632324219,True,0.3473656475543976
0.6964280605316162,8104,0.23337824642658234,True,0.2141764611005783
0.5889962911605835,8105,0.3421705663204193,True,0.3254798352718353
0.6955020427703857,8106,0.20201988518238068,True,0.1904030591249466
0.8479832410812378,8107,0.1233292892575264,True,0.11448770761489868
0.7812432050704956,8108,0.16604912281036377,True,0.14993897080421448
0.7518904209136963,8109,0.16853313148021698,True,0.14046236872673035
0.7445512413978577,8110,0.15843147039413452,True,0.13540203869342804
0.7057459354400635,8111,0.263126015663147,True,0.25489968061447144
0.7900559306144714,8112,0.1716293841600418,True,0.16395354270935059
0.6999421119689941,8113,0.22489218413829803,True,0.19133010506629944
0.48155874013900757,8114,0.466841459274292,True,0.43814098834991455
0.5890277028083801,8115,0.3850289583206177,True,0.3662554621696472
0.5618825554847717,8116,0.41366076469421387,True,0.3931388854980469
0.5792403221130371,8117,0.35157397389411926,True,0.34303566813468933
0.745693564414978,8118,0.19162754714488983,True,0.17728212475776672
0.39990490674972534,8119,0.5001845359802246,True,0.3833717703819275
0.5743561387062073,8120,0.2818828523159027,True,0.2244795560836792
0.48292383551597595,8121,0.46495532989501953,True,0.4144575595855713
0.576959490776062,8122,0.3726205825805664,True,0.35885024070739746
0.8353859186172485,8123,0.11899270862340927,True,0.09656768292188644
0.5354183912277222,8124,0.41740089654922485,True,0.38183194398880005
0.7993101477622986,8125,0.1623680740594864,True,0.15386858582496643
0.7147855758666992,8126,0.25014248490333557,True,0.21660664677619934
0.7225135564804077,8127,0.22522802650928497,True,0.2154792994260788
0.7829236388206482,8128,0.14048898220062256,True,0.13018584251403809
0.7759372591972351,8129,0.19072948396205902,True,0.17969584465026855
0.5311765670776367,8130,0.43676450848579407,True,0.4140225052833557
0.7863719463348389,8131,0.15277810394763947,True,0.14413218200206757
0.7716195583343506,8132,0.1559806913137436,True,0.14883720874786377
0.7125290036201477,8133,0.2176685780286789,True,0.20789560675621033
0.5901884436607361,8134,0.38649263978004456,True,0.3578944802284241
0.7518223524093628,8135,0.19206731021404266,True,0.1833081841468811
0.7362021207809448,8136,0.22501453757286072,True,0.20919343829154968
0.664991021156311,8137,0.2755371034145355,True,0.268488347530365
0.5671446323394775,8138,0.3791080713272095,True,0.3485172688961029
0.644262433052063,8139,0.325043261051178,True,0.3064727187156677
0.8203068375587463,8140,0.15132199227809906,True,0.14420120418071747
0.6473813056945801,8141,0.2728046774864197,True,0.26362818479537964
0.6933623552322388,8142,0.224755197763443,True,0.20827774703502655
0.7866159081459045,8143,0.15450118482112885,True,0.14865107834339142
0.8367511630058289,8144,0.11599525809288025,True,0.09322170913219452
0.697081446647644,8145,0.2502724528312683,True,0.2417660653591156
0.8193107843399048,8146,0.13906650245189667,True,0.1325121968984604
0.8300552368164062,8147,0.1304509937763214,True,0.11702153086662292
0.6782708168029785,8148,0.28877297043800354,True,0.2750512361526489
0.7160438299179077,8149,0.19282259047031403,True,0.167765811085701
0.7795377969741821,8150,0.16433794796466827,True,0.14347687363624573
0.7857121229171753,8151,0.14398309588432312,True,0.1357237547636032
0.6856168508529663,8152,0.25662967562675476,True,0.23865462839603424
0.7496780753135681,8153,0.19547906517982483,True,0.18847230076789856
0.8326612710952759,8154,0.12644702196121216,True,0.11882265657186508
0.7329490184783936,8155,0.22260582447052002,True,0.21608401834964752
0.7635983228683472,8156,0.17843392491340637,True,0.1587674617767334
0.7346013784408569,8157,0.2178557962179184,True,0.20139440894126892
0.7675927877426147,8158,0.19016245007514954,True,0.1818934828042984
0.7211021780967712,8159,0.19958482682704926,True,0.19219563901424408
0.8562753796577454,8160,0.10281284153461456,True,0.08865584433078766
0.69305819272995,8161,0.22589439153671265,True,0.21728189289569855
0.7747383117675781,8162,0.18275617063045502,True,0.17673981189727783
0.773169994354248,8163,0.171500563621521,True,0.15195058286190033
0.704206645488739,8164,0.2113645225763321,True,0.18570102751255035
0.8311734199523926,8165,0.13171811401844025,True,0.12690603733062744
0.5282925367355347,8166,0.41209906339645386,True,0.3675282299518585
0.7635138034820557,8167,0.18128293752670288,True,0.17083778977394104
0.7482147216796875,8168,0.20892001688480377,True,0.19237427413463593
0.6989069581031799,8169,0.2205239236354828,True,0.17232468724250793
0.7221224904060364,8170,0.20435656607151031,True,0.1986331194639206
0.5630715489387512,8171,0.2966921329498291,True,0.27674275636672974
0.7117253541946411,8172,0.2563840448856354,True,0.24705195426940918
0.5892401933670044,8173,0.37766239047050476,True,0.3439343571662903
0.6017528772354126,8174,0.23800817131996155,True,0.18484996259212494
0.7035492062568665,8175,0.24864453077316284,True,0.24213257431983948
0.7039263248443604,8176,0.25691890716552734,True,0.23897767066955566
0.7641031742095947,8177,0.1647011786699295,True,0.14769363403320312
0.7019320726394653,8178,0.23079396784305573,True,0.2204105257987976
0.3250584602355957,8179,0.6580336093902588,True,0.631010115146637
0.47966405749320984,8180,0.45650094747543335,True,0.43400585651397705
0.5677488446235657,8181,0.4094935655593872,True,0.3965333104133606
0.5357192754745483,8182,0.43291810154914856,True,0.4171765148639679
0.5379166603088379,8183,0.4067843556404114,True,0.37569350004196167
0.6174927353858948,8184,0.31321433186531067,True,0.30668091773986816
0.7922354936599731,8185,0.14606823027133942,True,0.13958853483200073
0.530923068523407,8186,0.42696255445480347,True,0.3968271315097809
0.7089725732803345,8187,0.24351806938648224,True,0.2368146926164627
0.6818077564239502,8188,0.26883262395858765,True,0.25769996643066406
0.6515768766403198,8189,0.27307260036468506,True,0.26374396681785583
0.5510437488555908,8190,0.42361828684806824,True,0.38509225845336914
0.7455193996429443,8191,0.1769571602344513,True,0.15911519527435303
